question,answer,source_page
What are the two main data structures provided by pandas?,pandas provides two types of classes for handling data: Series and DataFrame.,https://pandas.pydata.org/docs/user_guide/10min.html
How is a Series created in this example?,"A Series is created by passing a list of values to the pd.Series() function, letting pandas create a default RangeIndex.",https://pandas.pydata.org/docs/user_guide/10min.html
What type of index is created when using date_range()?,"When using date_range(), a DatetimeIndex is created with the specified frequency and periods.",https://pandas.pydata.org/docs/user_guide/10min.html
How are labeled columns handled in the DataFrame creation example?,"Labeled columns are not explicitly mentioned in this example, but they can be passed as a dictionary to the pd.DataFrame() function.",https://pandas.pydata.org/docs/user_guide/10min.html
What library is imported and aliased as 'np' in this code snippet?,The numpy library is imported and aliased as 'np'.,https://pandas.pydata.org/docs/user_guide/10min.html
What method was used to create the first DataFrame?,"The `randn` function with parameters `(6, 4)` and specifying an index of `dates` and columns as a list.",https://pandas.pydata.org/docs/user_guide/10min.html
How many rows does the first DataFrame have?,6,https://pandas.pydata.org/docs/user_guide/10min.html
What is the data type of column 'B' in the second DataFrame?,datetime64[us],https://pandas.pydata.org/docs/user_guide/10min.html
Can you create a DataFrame with different data types for each column?,"Yes, by passing a dictionary where keys are column labels and values are column values.",https://pandas.pydata.org/docs/user_guide/10min.html
What is the data type of column 'E' in the second DataFrame?,category,https://pandas.pydata.org/docs/user_guide/10min.html
What is the purpose of using `df.head()` and `df.tail()`?,"The purpose of using `df.head()` and `df.tail()` is to view the top and bottom rows of a DataFrame, respectively.",https://pandas.pydata.org/docs/user_guide/10min.html
Which columns are automatically tab completed in the provided code snippet?,"The columns A, B, C, D, E, and F are automatically tab completed.",https://pandas.pydata.org/docs/user_guide/10min.html
What is the output of `df.head()` for the given DataFrame `df`?,"The output of `df.head()` shows the top rows of the DataFrame, including the date, values in columns A, B, C, and D.",https://pandas.pydata.org/docs/user_guide/10min.html
How many rows are displayed when using `df.tail(3)`?,"When using `df.tail(3)`, three rows from the bottom of the DataFrame are displayed.",https://pandas.pydata.org/docs/user_guide/10min.html
What is the purpose of the `.index` attribute in a pandas DataFrame?,"The `.index` attribute provides access to the index of the DataFrame, which can be used for various operations and manipulations.",https://pandas.pydata.org/docs/user_guide/10min.html
What is the data type of the index in the first DataFrame?,The data type of the index in the first DataFrame is 'datetime64[us]' with a frequency of 'D'.,https://pandas.pydata.org/docs/user_guide/10min.html
How does pandas determine the NumPy dtype when calling DataFrame.to_numpy()?,"pandas finds the NumPy dtype that can hold all of the dtypes in the DataFrame. If the common data type is object, it will require copying data.",https://pandas.pydata.org/docs/user_guide/10min.html
What is the output of df2.to_numpy()?,The output of df2.to_numpy() is a NumPy array where each element is a pandas Series with its own dtype. The resulting array has a single dtype of 'object'.,https://pandas.pydata.org/docs/user_guide/10min.html
How does the data type of a column affect the output of DataFrame.to_numpy()?,"If the common data type is object, DataFrame.to_numpy() will require copying data.",https://pandas.pydata.org/docs/user_guide/10min.html
What statistics are shown in the summary produced by df.describe()?,"The summary produced by df.describe() shows a quick statistic summary of the data, including count, mean, std, min, 25%, 50%, 75%, and max values for each column.",https://pandas.pydata.org/docs/user_guide/10min.html
What is the output of `describe()` on a DataFrame?,The output of `describe()` is a Series with summary statistics for each column in the DataFrame.,https://pandas.pydata.org/docs/user_guide/10min.html
How does transposing data using `.T` change the index and columns of a DataFrame?,"Transposing data swaps the rows and columns of the DataFrame, changing its index and columns. The original index becomes the new columns, and vice versa.",https://pandas.pydata.org/docs/user_guide/10min.html
What is the effect of `DataFrame.sort_index()` with `axis=1` and `ascending=False` on a DataFrame?,This operation sorts the DataFrame by its index (rows) in descending order. The result is a new DataFrame with the rows sorted in reverse chronological order.,https://pandas.pydata.org/docs/user_guide/10min.html
What is the purpose of `DataFrame.sort_values()`?,"`DataFrame.sort_values()` sorts the DataFrame by one or more columns, either in ascending or descending order, depending on the value of `ascending`. It returns a new sorted DataFrame.",https://pandas.pydata.org/docs/user_guide/10min.html
How do you access the summary statistics for each column in the original DataFrame?,"You can access these statistics using the output of the first cell, which is stored as a Series with column labels as its index.",https://pandas.pydata.org/docs/user_guide/10min.html
What is the purpose of using optimized pandas data access methods in production code?,The optimized methods are recommended for production code because they provide better performance compared to standard Python/NumPy expressions.,https://pandas.pydata.org/docs/user_guide/10min.html
How does selecting a single label from a DataFrame work?,Passing a single label selects a column and yields a Series. This can be done using either the square bracket notation or the dot notation with the column name attribute.,https://pandas.pydata.org/docs/user_guide/10min.html
What is the difference between passing a single label and a list of labels to a DataFrame?,"Passing a single label selects a column, while passing a list of labels selects multiple columns. The result will be a DataFrame containing all selected columns.",https://pandas.pydata.org/docs/user_guide/10min.html
How can you access a column by its name attribute in a DataFrame?,"You can use the dot notation with the column name attribute, e.g., df.column_name.",https://pandas.pydata.org/docs/user_guide/10min.html
What is the frequency of the index values in the given DataFrame?,The frequency of the index values is daily (Freq: D).,https://pandas.pydata.org/docs/user_guide/10min.html
What is the data type of the 'A' column in the DataFrame?,The data type of the 'A' column in the DataFrame is float64.,https://pandas.pydata.org/docs/user_guide/10min.html
How can you select multiple columns from a DataFrame by passing a list of column labels?,"You can pass a list of column labels to select multiple columns. For example, df[['B', 'A']] will return a new DataFrame with only the 'B' and 'A' columns.",https://pandas.pydata.org/docs/user_guide/10min.html
"What does passing a slice (e.g., 0:3) do in selecting rows from a DataFrame?","Passing a slice selects matching rows. For example, df[0:3] will return the first three rows of the DataFrame.",https://pandas.pydata.org/docs/user_guide/10min.html
How can you select all rows with a specific column label using DataFrame.loc()?,"You can use DataFrame.loc[] to select all rows with a specific column label. For example, df.loc[dates[0]] will return the row corresponding to the first date in the 'dates' list.",https://pandas.pydata.org/docs/user_guide/10min.html
What is the difference between selecting a slice of rows and using DataFrame.loc() to select a single row?,"Selecting a slice of rows returns multiple rows, while using DataFrame.loc[] to select a single row returns only that one row. For example, df[0:3] will return three rows, while df.loc[dates[0]] will return only one row.",https://pandas.pydata.org/docs/user_guide/10min.html
What is the purpose of using `loc` in pandas DataFrame?,"The `loc` method allows for label-based selection of rows and columns, enabling fast access to scalar values.",https://pandas.pydata.org/docs/user_guide/10min.html
How does the `loc` method handle endpoint inclusion when slicing labels?,Both endpoints are included when using `loc` for label slicing.,https://pandas.pydata.org/docs/user_guide/10min.html
What is the difference between using `loc` and `at` to access a scalar value in pandas DataFrame?,"Both methods return a scalar value, but `at` is equivalent to the prior method of accessing scalars directly.",https://pandas.pydata.org/docs/user_guide/10min.html
How does integer slicing work with `iloc` in pandas DataFrame?,Integer slices act similarly to NumPy/Python and can be used to select rows and columns by position.,https://pandas.pydata.org/docs/user_guide/10min.html
What is the purpose of using lists of integer positions with `iloc` for selecting multiple values?,Lists of integer position locations allow for selection of multiple values across both rows and columns.,https://pandas.pydata.org/docs/user_guide/10min.html
What is the purpose of using iloc for fast access to a scalar?,It is equivalent to the prior method of getting a value explicitly.,https://pandas.pydata.org/docs/user_guide/10min.html
How do you select rows where df.A is greater than 0?,You use boolean indexing with df[df['A'] > 0].,https://pandas.pydata.org/docs/user_guide/10min.html
"What does the output mean when using iloc to get a value explicitly at position [1, 1]?",It returns the value at row 1 and column 1 as a numpy float64.,https://pandas.pydata.org/docs/user_guide/10min.html
How do you select values from a DataFrame where a boolean condition is met?,You use boolean indexing with df[condition].,https://pandas.pydata.org/docs/user_guide/10min.html
What is the difference between using iloc and iat for getting fast access to a scalar?,"iat is equivalent to the prior method, while iloc is faster.",https://pandas.pydata.org/docs/user_guide/10min.html
What is the initial value of column E in df2?,The initial value of column E in df2 is 'one'. It appears six times.,https://pandas.pydata.org/docs/user_guide/10min.html
How does the isin() method affect the display of df2 when filtering by values in column E?,The isin() method filters df2 to only include rows where the value in column E is either 'two' or 'four'.,https://pandas.pydata.org/docs/user_guide/10min.html
What is the effect of setting a new column using the index as alignment?,"Setting a new column automatically aligns the data by the indexes, meaning it will match the existing index.",https://pandas.pydata.org/docs/user_guide/10min.html
How does the date_range() function affect the creation of s1?,The date_range() function creates a DatetimeIndex with dates from '20130102' to '20130107'.,https://pandas.pydata.org/docs/user_guide/10min.html
What is the difference between .at and .iat for setting values in df?,".at sets values by label, while .iat sets values by position.",https://pandas.pydata.org/docs/user_guide/10min.html
What is the purpose of using `df.copy()`?,"The purpose of using `df.copy()` is to create a copy of the original DataFrame, so that subsequent operations do not modify the original data.",https://pandas.pydata.org/docs/user_guide/10min.html
How does the `reindex` method change the index of a DataFrame?,The `reindex` method changes the index of a DataFrame by allowing you to specify new index values or delete existing ones. It returns a copy of the data with the new index.,https://pandas.pydata.org/docs/user_guide/10min.html
What is represented by `np.nan` in NumPy data types?,"In NumPy data types, `np.nan` represents missing data and is not included in computations by default.",https://pandas.pydata.org/docs/user_guide/10min.html
How does the operation `df2[df2 > 0] = -df2` affect the DataFrame?,The operation `df2[df2 > 0] = -df2` sets the values of columns where the value is greater than 0 to their negative counterpart.,https://pandas.pydata.org/docs/user_guide/10min.html
What does the `reindex` method return when used with a specified axis?,"The `reindex` method returns a copy of the data when used with a specified axis, allowing you to change/add/delete the index on that axis.",https://pandas.pydata.org/docs/user_guide/10min.html
What is the purpose of the loc function in this context?,"The loc function is used to label-based data selection, allowing you to access a group of rows and columns by their labels.",https://pandas.pydata.org/docs/user_guide/10min.html
How does the dropna method handle missing data in a DataFrame?,"The dropna method drops any rows that have missing data. By default, it will drop rows with at least one missing value (how='any').",https://pandas.pydata.org/docs/user_guide/10min.html
What is the effect of using fillna on the DataFrame df1?,"fillna fills missing data in the DataFrame df1 with a specified value (in this case, 5). All NaN values are replaced with the given value.",https://pandas.pydata.org/docs/user_guide/10min.html
How does the isna method work when applied to a DataFrame?,The isna method returns a boolean mask where values are NaN. It indicates which values in each column are missing.,https://pandas.pydata.org/docs/user_guide/10min.html
"What type of operations do Stats Operations perform on DataFrames, as mentioned in the code snippet?",Stats Operations exclude missing data and calculate statistical measures such as mean value for each column.,https://pandas.pydata.org/docs/user_guide/10min.html
What is the mean value for each row in the DataFrame?,"The mean value for each row is calculated using `df.mean(axis=1)`, resulting in a Series with dates as index and values as float64.",https://pandas.pydata.org/docs/user_guide/10min.html
How does pandas handle operations between DataFrames or Series with different indices or columns?,"Pandas aligns the result with the union of the index or column labels, automatically broadcasting along the specified dimension and filling unaligned labels with np.nan.",https://pandas.pydata.org/docs/user_guide/10min.html
What is the effect of using `shift(2)` on a Series?,"The `shift(2)` operation shifts the values in the Series two positions forward, replacing the first two values with NaN.",https://pandas.pydata.org/docs/user_guide/10min.html
How does pandas handle subtraction between a DataFrame and a Series with different indices?,"Pandas subtracts the Series from each row of the DataFrame along the specified axis (in this case 'index'), resulting in NaN values where alignment is not possible.",https://pandas.pydata.org/docs/user_guide/10min.html
What are `DataFrame.agg()` and `DataFrame.transform()` used for?,"`DataFrame.agg()` applies a user-defined function to reduce its result, while `DataFrame.transform()` broadcasts the result of a user-defined function along the specified dimension.",https://pandas.pydata.org/docs/user_guide/10min.html
What is the result of multiplying each value in column 'x' by 5.6?,"The result is a Series with values multiplied by 5.6, as shown in the output: A -0.025054, B -2.150294, C -3.851445, D 28.000000, F 16.800000.",https://pandas.pydata.org/docs/user_guide/10min.html
How do you transform each value in a Series using a lambda function?,"You can use the .transform() method with a lambda function to apply an operation to each value in the Series, as shown in In [69].",https://pandas.pydata.org/docs/user_guide/10min.html
What is the result of applying the value_counts() method to a Series of random integers?,"The result is a new Series showing the count of each unique value, as shown in Out[72]: 4    5, 2    2, 6    2, 1    1.",https://pandas.pydata.org/docs/user_guide/10min.html
How do you access string processing methods for a Series?,"You can use the .str attribute to access a set of string processing methods, as shown in In [73].",https://pandas.pydata.org/docs/user_guide/10min.html
What is the purpose of the value_counts() method?,The value_counts() method returns a new Series showing the count of each unique value in the original Series.,https://pandas.pydata.org/docs/user_guide/10min.html
What is the purpose of the pandas library?,pandas provides various facilities for easily combining together Series and DataFrame objects with various kinds of set logic for the indexes and relational algebra functionality in the case of join / merge-type operations.,https://pandas.pydata.org/docs/user_guide/10min.html
How can you concatenate pandas objects together row-wise?,You can use the concat() function to concatenate pandas objects together row-wise.,https://pandas.pydata.org/docs/user_guide/10min.html
"What is the result of creating a DataFrame with 10 rows and 4 columns using np.random.randn(10, 4)?",The resulting DataFrame will contain random numbers in each column.,https://pandas.pydata.org/docs/user_guide/10min.html
How can you break a DataFrame into pieces?,"You can use integer-based indexing to select specific rows from the DataFrame, such as df[:3], df[3:7], and df[7:]",https://pandas.pydata.org/docs/user_guide/10min.html
What is the output of the code in In [74]?,"The output is a Series with 9 elements, containing strings 'a', 'b', 'c', 'aaba', 'baca', NaN, 'caba', 'dog', and 'cat'.",https://pandas.pydata.org/docs/user_guide/10min.html
What is the time complexity of adding a row to a DataFrame?,"Adding a row requires a copy, which may be expensive.",https://pandas.pydata.org/docs/user_guide/10min.html
How can you efficiently add multiple rows to a DataFrame?,You should pass a pre-built list of records to the DataFrame constructor instead of building it iteratively.,https://pandas.pydata.org/docs/user_guide/10min.html
What is the result of merging two DataFrames on a non-unique key 'key'?,The merge will join all possible combinations of rows from both DataFrames based on the common key.,https://pandas.pydata.org/docs/user_guide/10min.html
How can you perform an SQL-style inner join between two DataFrames using pandas?,You can use the merge() function with the 'on' parameter specifying the common column(s) to join on.,https://pandas.pydata.org/docs/user_guide/10min.html
What is the effect of passing a list with duplicate keys to the DataFrame constructor?,It will result in duplicate rows being added to the resulting DataFrame.,https://pandas.pydata.org/docs/user_guide/10min.html
What is the output of merging two DataFrames on a common column?,"The merged DataFrame contains all columns from both DataFrames, with matching rows combined.",https://pandas.pydata.org/docs/user_guide/10min.html
How does grouping by 'group by' process involve splitting data into groups based on some criteria?,Grouping by involves selecting one or more columns to split the data into groups based on unique values in those columns.,https://pandas.pydata.org/docs/user_guide/10min.html
What is the output of applying the DataFrameGroupBy.sum() function to a group by 'A' and summing columns 'C' and 'D'?,The resulting DataFrame contains the sum of 'C' and 'D' for each group in 'A'.,https://pandas.pydata.org/docs/user_guide/10min.html
What is MultiIndex used for in grouping by multiple column labels?,"MultiIndex is used to create a hierarchical index with multiple levels, allowing for grouping by multiple columns.",https://pandas.pydata.org/docs/user_guide/10min.html
How are the values in the 'C' and 'D' columns generated in the DataFrame df?,The values in 'C' and 'D' are randomly generated using numpy's randn function.,https://pandas.pydata.org/docs/user_guide/10min.html
What is the result of grouping the DataFrame by columns 'A' and 'B'?,"The result is a new DataFrame with the sum of values for each combination of 'A' and 'B'. The resulting DataFrame has two columns: 'C' and 'D', which are the sums of 'A' and 'B' respectively.",https://pandas.pydata.org/docs/user_guide/10min.html
How many levels does the MultiIndex have in the index of the DataFrame created in In [94]?,"The MultiIndex has 2 levels, named 'first' and 'second'. This is because two arrays were passed to pd.MultiIndex.from_arrays() with names ['first', 'second'].",https://pandas.pydata.org/docs/user_guide/10min.html
What does the stack() method do when applied to a DataFrame or Series?,"The stack() method compresses a level in the DataFrame's columns, resulting in a new DataFrame or Series with a MultiIndex as its index. This operation is the inverse of unstack().",https://pandas.pydata.org/docs/user_guide/10min.html
How many rows does the stacked DataFrame have after applying the stack() method?,"The stacked DataFrame has 8 rows, which are the same as the original DataFrame but with an additional level in the columns.",https://pandas.pydata.org/docs/user_guide/10min.html
What is the default behavior of unstack() when applied to a stacked DataFrame or Series?,"By default, unstack() unstacks the last level of the MultiIndex, resulting in a new DataFrame or Series with the original index and column names restored.",https://pandas.pydata.org/docs/user_guide/10min.html
What is the output of unstack() on a stacked DataFrame?,The output will be an unstacked DataFrame with the specified index and columns.,https://pandas.pydata.org/docs/user_guide/10min.html
How does the pivot_table() function work in pandas?,"It pivots a DataFrame by specifying the values, index, and columns. It rearranges the data to have the specified values as the new index or column labels.",https://pandas.pydata.org/docs/user_guide/10min.html
What is the difference between unstack() and stack() in pandas?,"unstack() reshapes a DataFrame from long format to wide format, while stack() does the opposite, reshaping from wide format to long format.",https://pandas.pydata.org/docs/user_guide/10min.html
How can you create a pivot table using the pivot_table() function?,"You can specify the values, index, and columns as arguments to the pivot_table() function. The values argument is used to specify which column(s) should be aggregated, the index argument is used to specify the new index of the resulting DataFrame, and the columns argument is used to specify the new column labels.",https://pandas.pydata.org/docs/user_guide/10min.html
What type of data does the np.random.randn(12) function generate?,"It generates an array of 12 random numbers drawn from a standard normal distribution (mean=0, std dev=1).",https://pandas.pydata.org/docs/user_guide/10min.html
What is the purpose of the `pivot_table` function in pandas?,The `pivot_table` function is used to create a spreadsheet-style pivot table as a DataFrame.,https://pandas.pydata.org/docs/user_guide/10min.html
How does the `date_range` function from pandas handle date ranges?,"The `date_range` function generates a fixed frequency datetime index, allowing for easy creation of date ranges with specified frequencies (e.g., daily, hourly, etc.).",https://pandas.pydata.org/docs/user_guide/10min.html
What is the effect of using the `resample` method on a pandas Series?,"The `resample` method allows for resampling and frequency conversion of time series data, enabling operations such as aggregating values over specified intervals (e.g., summing values every 5 minutes).",https://pandas.pydata.org/docs/user_guide/10min.html
What is the purpose of localizing a pandas Series to a specific time zone?,"Localizing a pandas Series using `tz_localize` sets the timezone information for the Series, allowing for proper handling and analysis of time series data with specific time zones.",https://pandas.pydata.org/docs/user_guide/10min.html
How does the `randint` function from numpy generate random integers in pandas?,"The `randint` function generates random integers within a specified range (in this case, 0 to 500), allowing for creation of random data with specific integer values.",https://pandas.pydata.org/docs/user_guide/10min.html
What is the time zone of the time series ts_utc after localizing it?,The time zone of the time series ts_utc after localizing it is UTC.,https://pandas.pydata.org/docs/user_guide/10min.html
How does the tz_convert method change the time series ts_utc?,"The tz_convert method converts a timezone aware time series to another time zone, in this case from UTC to US/Eastern.",https://pandas.pydata.org/docs/user_guide/10min.html
What type of duration was added to the time series in In [115]?,"A non-fixed duration, specifically BusinessDay, was added to the time series.",https://pandas.pydata.org/docs/user_guide/10min.html
How does the categorical data type work in pandas?,"Pandas can include categorical data in a DataFrame, which can be converted from other data types using methods like df['raw_grade'].astype('category').",https://pandas.pydata.org/docs/user_guide/10min.html
What is the effect of adding BusinessDay(5) to the DatetimeIndex rng?,The effect is that the dates are shifted forward by 5 business days.,https://pandas.pydata.org/docs/user_guide/10min.html
What is the initial data type of the 'grade' column in the DataFrame?,The initial data type of the 'grade' column is category.,https://pandas.pydata.org/docs/user_guide/10min.html
How do you rename categories in a categorical Series?,"You can use the `rename_categories` method, passing a list of new category names.",https://pandas.pydata.org/docs/user_guide/10min.html
What happens when you reorder categories and add missing ones using the `set_categories` method?,It returns a new Series with the reordered and updated categories.,https://pandas.pydata.org/docs/user_guide/10min.html
"When sorting by a categorical column, what order is used?","The order is per order in the categories, not lexical order.",https://pandas.pydata.org/docs/user_guide/10min.html
What happens when grouping by a categorical column with `observed=False`?,It also shows empty categories in the grouped result.,https://pandas.pydata.org/docs/user_guide/10min.html
What is the purpose of the `plt.close('all')` method?,The `plt.close('all')` method is used to close a figure window.,https://pandas.pydata.org/docs/user_guide/10min.html
How do you plot a pandas Series object using matplotlib?,"You can use the `plot()` function on the Series object, and it will automatically display the plot in Jupyter. Otherwise, use `matplotlib.pyplot.show()` or `matplotlib.pyplot.savefig()` to show or write the plot to a file.",https://pandas.pydata.org/docs/user_guide/10min.html
What is the difference between `df.plot()` and `plt.figure(); df.plot()`?,"`df.plot()` will plot all columns of the DataFrame, while `plt.figure(); df.plot()` requires specifying which column(s) to plot.",https://pandas.pydata.org/docs/user_guide/10min.html
How do you write a pandas DataFrame to a CSV file?,"You can use the `to_csv()` method on the DataFrame object, passing in the filename as an argument.",https://pandas.pydata.org/docs/user_guide/10min.html
What is the output of reading a CSV file created by `df.to_csv('foo.csv')` using `pd.read_csv('foo.csv')`?,"The output will be a DataFrame with 10 rows and 5 columns, containing random integers between 0 and 5.",https://pandas.pydata.org/docs/user_guide/10min.html
What is the function used to read a Parquet file in pandas?,The function used to read a Parquet file in pandas is `read_parquet()`.,https://pandas.pydata.org/docs/user_guide/10min.html
How do you specify the sheet name when reading an Excel file with pandas?,"You can specify the sheet name using the `sheet_name` parameter, as shown in the code snippet: `pd.read_excel('foo.xlsx', 'Sheet1')`.",https://pandas.pydata.org/docs/user_guide/10min.html
What is the default behavior for the index column when reading an Excel file with pandas?,"The default behavior for the index column is to use the first column as the index, unless you specify `index_col=None`, as shown in the code snippet: `pd.read_excel('foo.xlsx', 'Sheet1', index_col=None)`.",https://pandas.pydata.org/docs/user_guide/10min.html
What type of exception might occur when performing a boolean operation on a Series or DataFrame?,"A `ValueError` exception might occur when performing a boolean operation on a Series or DataFrame, as shown in the code snippet.",https://pandas.pydata.org/docs/user_guide/10min.html
How do you write a pandas DataFrame to an Excel file with a specific sheet name?,"You can use the `to_excel()` method and specify the sheet name using the `sheet_name` parameter, as shown in the code snippet: `df.to_excel('foo.xlsx', sheet_name='Sheet1')`.",https://pandas.pydata.org/docs/user_guide/10min.html
What happens when you try to use the boolean operator on a pandas Series?,It raises a ValueError with the message 'The truth value of a Series is ambiguous'.,https://pandas.pydata.org/docs/user_guide/10min.html
Why does the boolean operator fail for a pandas Series?,"Because the truth value of a Series is ambiguous, meaning it's not clear what should be considered True or False.",https://pandas.pydata.org/docs/user_guide/10min.html
What alternative methods can you use to determine if a pandas Series is empty?,"You can use a.empty, which checks if the Series has no elements.",https://pandas.pydata.org/docs/user_guide/10min.html
Where can you find more information about using boolean operators with pandas Series?,You can see Comparisons and Gotchas for an explanation and what to do.,https://pandas.pydata.org/docs/user_guide/10min.html
What is the recommended way to determine if a pandas Series has any elements?,"You can use a.any(), which returns True if at least one element of the Series is non-zero.",https://pandas.pydata.org/docs/user_guide/10min.html
What section of the pandas library documentation covers general indexing?,The Indexing and Selecting Data section.,https://pandas.pydata.org/docs/user_guide/advanced.html
What type of data analysis and manipulation does hierarchical indexing enable?,"Hierarchical indexing enables sophisticated data analysis and manipulation, especially for working with higher dimensional data.",https://pandas.pydata.org/docs/user_guide/advanced.html
How is a MultiIndex object similar to the standard Index object in pandas objects?,A MultiIndex object is the hierarchical analogue of the standard Index object which typically stores the axis labels in pandas objects.,https://pandas.pydata.org/docs/user_guide/advanced.html
What type of data structure can store and manipulate data with an arbitrary number of dimensions using lower dimensional data structures like Series and DataFrame?,Hierarchical indexing enables storing and manipulating data with an arbitrary number of dimensions in lower dimensional data structures like Series (1d) and DataFrame (2d).,https://pandas.pydata.org/docs/user_guide/advanced.html
"What type of object is a MultiIndex, according to the text?",A MultiIndex object is an array of tuples where each tuple is unique.,https://pandas.pydata.org/docs/user_guide/advanced.html
What is the purpose of the MultiIndex.from_arrays() method?,The MultiIndex.from_arrays() method creates a MultiIndex from a list of arrays.,https://pandas.pydata.org/docs/user_guide/advanced.html
How can you create a MultiIndex from an array of tuples?,You can use the MultiIndex.from_tuples() method to create a MultiIndex from an array of tuples.,https://pandas.pydata.org/docs/user_guide/advanced.html
What is the result when passing a list of tuples to the Index constructor?,The Index constructor will attempt to return a MultiIndex when it is passed a list of tuples.,https://pandas.pydata.org/docs/user_guide/advanced.html
How do you specify column names for a MultiIndex created from an array of tuples?,"You can pass a list of column names as the 'names' argument to the MultiIndex.from_tuples() method, like in In [4]:",https://pandas.pydata.org/docs/user_guide/advanced.html
What is the purpose of using zip(*arrays) to create an array of tuples?,"The zip(*arrays) function is used to transpose the arrays and create an array of tuples, which can then be passed to MultiIndex.from_tuples().",https://pandas.pydata.org/docs/user_guide/advanced.html
What is the purpose of using `MultiIndex.from_product()`?,It allows you to easily create every pairing of elements from two iterables.,https://pandas.pydata.org/docs/user_guide/advanced.html
How do you construct a `MultiIndex` from a list of arrays directly into `Series` or `DataFrame`?,You can pass the list of arrays directly into `Series` or `DataFrame` to construct a `MultiIndex` automatically.,https://pandas.pydata.org/docs/user_guide/advanced.html
What is the difference between using `MultiIndex.from_product()` and `MultiIndex.from_frame()`?,"`MultiIndex.from_product()` creates every pairing of elements from two iterables, while `MultiIndex.from_frame()` constructs a `MultiIndex` directly from a DataFrame.",https://pandas.pydata.org/docs/user_guide/advanced.html
"What is the output of `pd.MultiIndex.from_product([iterables], names=['first', 'second'])`?","A MultiIndex with 8 combinations of elements from the two iterables, with column names 'first' and 'second'.",https://pandas.pydata.org/docs/user_guide/advanced.html
How can you create a DataFrame to pass to `MultiIndex.from_frame()`?,You can use the `pd.DataFrame` constructor with a list of lists as data and specify the column names.,https://pandas.pydata.org/docs/user_guide/advanced.html
What is the data type of the 's' Series?,The 's' Series has a float64 data type.,https://pandas.pydata.org/docs/user_guide/advanced.html
How many levels are in the index of the DataFrame created in In [18]?,"There are 2 levels in the index of the DataFrame, which correspond to the 'first' and 'second' labels.",https://pandas.pydata.org/docs/user_guide/advanced.html
What is the default assignment for names when creating a MultiIndex constructor without providing any names?,None will be assigned as the names for the levels themselves.,https://pandas.pydata.org/docs/user_guide/advanced.html
How many rows are in the DataFrame created in In [15]?,"The DataFrame has 8 rows, which correspond to the 'bar', 'baz', 'foo', and 'qux' labels.",https://pandas.pydata.org/docs/user_guide/advanced.html
"What is the shape of the array passed to np.random.randn(8, 4) in In [15]?","The array has a shape of (8, 4), indicating that it will generate 8 rows and 4 columns of random numbers.",https://pandas.pydata.org/docs/user_guide/advanced.html
"What is the data type of the values generated by `np.random.randn(6, 6)`?","The data type of the values generated by `np.random.randn(6, 6)` is float64.",https://pandas.pydata.org/docs/user_guide/advanced.html
How can you control how the index is displayed in a pandas DataFrame?,"You can use the `multi_sparse` option in `pandas.set_options()` to control how the index is displayed. By default, it's set to `True`, but you can set it to `False` using `with pd.option_context('display.multi_sparse', False):`. This will display all levels of the index.",https://pandas.pydata.org/docs/user_guide/advanced.html
What type of labels can be used on an axis in a pandas DataFrame?,"You can use tuples as atomic labels on an axis. This is demonstrated in In [22], where `pd.Series(np.random.rand(6), index=[('a', 1), ('b', 2), ...])` creates a Series with tuple-based labels.",https://pandas.pydata.org/docs/user_guide/advanced.html
What does 'sparsifying' the higher levels of the indexes mean?,Sparsifying the higher levels of the indexes means removing some of the intermediate index levels to make the console output easier to read. This is done by default in the provided code snippet.,https://pandas.pydata.org/docs/user_guide/advanced.html
What method was used to create a DataFrame with random values?,"The `pd.DataFrame(np.random.randn(6, 6), index=index[:6], columns=index[:6])` line of code created a DataFrame with random values using the `np.random.randn()` function.",https://pandas.pydata.org/docs/user_guide/advanced.html
What is the purpose of using a MultiIndex?,"A MultiIndex allows for grouping, selection, and reshaping operations, which will be described later in the documentation.",https://pandas.pydata.org/docs/user_guide/advanced.html
How does get_level_values() method work?,The get_level_values() method returns a vector of labels for each location at a particular level. It can be called with an integer (0-indexed) or a string representing the level name.,https://pandas.pydata.org/docs/user_guide/advanced.html
What is the output of index.get_level_values(0)?,"The output is an Index object containing the labels 'bar', 'bar', 'baz', 'baz', 'foo', 'foo', 'qux', 'qux' with a name 'first'.",https://pandas.pydata.org/docs/user_guide/advanced.html
How can you select data by a partial label in hierarchical indexing?,You can select data by a ‘partial’ label identifying a subgroup in the data using basic indexing on axis with MultiIndex.,https://pandas.pydata.org/docs/user_guide/advanced.html
"Can a MultiIndex be created explicitly, or is it always generated automatically?","A MultiIndex can be created explicitly when loading data from a file. However, it may also be generated automatically when working with hierarchically-indexed data.",https://pandas.pydata.org/docs/user_guide/advanced.html
What happens when you select a column in a DataFrame with a hierarchical index?,"The levels of the hierarchical index are dropped in the result, analogous to selecting a column in a regular DataFrame.",https://pandas.pydata.org/docs/user_guide/advanced.html
How does slicing an index affect the MultiIndex?,"Slicing an index keeps all defined levels of the index, even if they are not actually used, to avoid recomputation and improve performance.",https://pandas.pydata.org/docs/user_guide/advanced.html
What is the purpose of using get_level_values() method on a sliced index?,"To see only the used levels of the hierarchical index, rather than all defined levels.",https://pandas.pydata.org/docs/user_guide/advanced.html
How do you access the actual values in a column with a hierarchical index after slicing it?,You can use the to_numpy() method on the sliced columns attribute.,https://pandas.pydata.org/docs/user_guide/advanced.html
What is the difference between selecting a single level and multiple levels of a hierarchical index?,"Selecting multiple levels returns a DataFrame with the specified levels, while selecting a single level returns a Series.",https://pandas.pydata.org/docs/user_guide/advanced.html
What is the purpose of the `remove_unused_levels()` method?,The `remove_unused_levels()` method can be used to reconstruct a MultiIndex with only the used levels.,https://pandas.pydata.org/docs/user_guide/advanced.html
How does data alignment work when performing operations between differently-indexed objects with MultiIndex on the axes?,"Data alignment works as you would expect, similar to an Index of tuples.",https://pandas.pydata.org/docs/user_guide/advanced.html
"What is the result of adding two Series `s` and `s[:-2]`, where `s` has a MultiIndex?","The resulting Series will have NaN values for the 'qux' level in the first column, as there are no corresponding values in `s[:-2].",https://pandas.pydata.org/docs/user_guide/advanced.html
How can you use the `reindex()` method to align the index of a Series with another MultiIndex?,"You can call the `reindex()` method with another MultiIndex, or even a list or array of tuples.",https://pandas.pydata.org/docs/user_guide/advanced.html
What is the output of calling `s.reindex(index[:3])` on a Series `s` with a MultiIndex?,"The resulting Series will have a new index with only three levels, and the corresponding values from `s`.",https://pandas.pydata.org/docs/user_guide/advanced.html
What is the output data type when reindexing with a MultiIndex?,The output data type remains float64.,https://pandas.pydata.org/docs/user_guide/advanced.html
How do you access a specific row in a DataFrame using loc with a MultiIndex?,"You can use df.loc[('bar', 'two')] or df.loc['bar', 'two'].",https://pandas.pydata.org/docs/user_guide/advanced.html
What is the correct way to index a specific column when using loc with a MultiIndex?,"You must use a tuple like this: df.loc[(('bar', 'two'), 'A')].",https://pandas.pydata.org/docs/user_guide/advanced.html
Can you skip specifying all levels of the MultiIndex when accessing rows?,"Yes, you can pass only the first elements of the tuple.",https://pandas.pydata.org/docs/user_guide/advanced.html
"What is a potential issue with using df.loc['bar', 'two'] instead of df.loc[('bar', 'two')]?",It can lead to ambiguity in general.,https://pandas.pydata.org/docs/user_guide/advanced.html
What is the shortcut notation for getting all elements with 'bar' in the first level?,The shortcut notation is df.loc['bar'].,https://pandas.pydata.org/docs/user_guide/advanced.html
How does partial slicing work when using loc[]?,"Partial slicing works by providing a tuple with a single value, such as ('bar',), or a range of values, like (('baz','two'),('qux','one')), to get the corresponding rows.",https://pandas.pydata.org/docs/user_guide/advanced.html
What is the purpose of passing a list of labels or tuples when using loc[]?,Passing a list of labels or tuples works similar to reindexing and allows you to select specific rows based on their labels.,https://pandas.pydata.org/docs/user_guide/advanced.html
"How does the notation df.loc['bar',] differ from df.loc[('bar',)]?","The notation df.loc['bar',] is equivalent to df.loc[('bar',)], but it uses a comma instead of parentheses.",https://pandas.pydata.org/docs/user_guide/advanced.html
"What happens when using loc[] with a range of values, like ('baz','two'):('qux','one')?","Using loc[] with a range of values returns all rows between 'baz' and 'two' up to 'qux' and 'one', inclusive.",https://pandas.pydata.org/docs/user_guide/advanced.html
What happens when a tuple is used to index a pandas DataFrame?,"A tuple is interpreted as one multi-level key, traversing levels horizontally.",https://pandas.pydata.org/docs/user_guide/advanced.html
How do lists and tuples differ in their treatment by pandas indexing?,"Lists are used to specify several keys, whereas tuples go horizontally (traversing levels).",https://pandas.pydata.org/docs/user_guide/advanced.html
What is the effect of using a list of tuples as an index in pandas?,It indexes several complete MultiIndex keys.,https://pandas.pydata.org/docs/user_guide/advanced.html
How does a tuple of lists differ from a list of tuples when used as an index in pandas?,"A tuple of lists refer to several values within a level, whereas a list of tuples indexes several complete MultiIndex keys.",https://pandas.pydata.org/docs/user_guide/advanced.html
What is the effect of using slice(None) as an indexer in pandas?,It selects all the contents of that level.,https://pandas.pydata.org/docs/user_guide/advanced.html
What is the purpose of specifying all axes in the .loc specifier?,"To avoid ambiguous cases where the passed indexer could be misinterpreted as indexing both axes, rather than into say the MultiIndex for the rows.",https://pandas.pydata.org/docs/user_guide/advanced.html
How should you specify a slice using .loc when selecting multiple rows and columns?,"You should use df.loc[(slice('A1', 'A3'), ...), :].",https://pandas.pydata.org/docs/user_guide/advanced.html
What is the difference between creating a MultiIndex from tuples and from product?,"Creating a MultiIndex from tuples allows for specifying names for each level, while creating one from product generates indices with default names.",https://pandas.pydata.org/docs/user_guide/advanced.html
How are the columns of dfmi indexed in the example code?,"The columns of dfmi are indexed by a MultiIndex created using pd.MultiIndex.from_tuples(), with levels 'lvl0' and 'lvl1'.",https://pandas.pydata.org/docs/user_guide/advanced.html
"What is the effect of calling sort_index() twice on dfmi, once without specifying an axis and once with axis=1?","The first call sorts the index (rows) in ascending order, while the second call sorts the columns in descending order.",https://pandas.pydata.org/docs/user_guide/advanced.html
What is the initial shape of the dfmi DataFrame?,The initial shape of the dfmi DataFrame is [16 rows x 2 columns].,https://pandas.pydata.org/docs/user_guide/advanced.html
How does the .loc method handle multiple slicers when axis=0?,"When axis=0, the .loc method interprets the passed slicers on a single axis and returns a DataFrame with the specified level labels.",https://pandas.pydata.org/docs/user_guide/advanced.html
"What is the effect of using mask = dfmi[(a, 'foo')] > 200 in the code?",The mask variable is set to True for values greater than 200 in column 'a' where the value in column 'foo' is 'foo'.,https://pandas.pydata.org/docs/user_guide/advanced.html
What is the purpose of using .copy() when creating a new DataFrame df2 from dfmi?,"The .copy() method creates a deep copy of the original DataFrame, allowing modifications to be made without affecting the original data.",https://pandas.pydata.org/docs/user_guide/advanced.html
How many columns are returned when using axis=0 with .loc in In [63]?,"Four columns are returned: 'a', 'b', 'bah', and 'foo'.",https://pandas.pydata.org/docs/user_guide/advanced.html
What is the syntax for selecting rows and columns using loc in pandas?,"The syntax for selecting rows and columns using loc is df.loc[(axis=0)[:, :, [C1, C3]], :] = -10.",https://pandas.pydata.org/docs/user_guide/advanced.html
How do you assign a new value to the selected rows and columns using loc?,"You can assign a new value to the selected rows and columns using loc by providing a right-hand-side alignable object, as shown in In [68].",https://pandas.pydata.org/docs/user_guide/advanced.html
What is the effect of multiplying the selected DataFrame by 1000?,"Multiplying the selected DataFrame by 1000 scales up all values in the resulting DataFrame, as seen in In [69].",https://pandas.pydata.org/docs/user_guide/advanced.html
How does the xs() method differ from loc() when working with MultiIndex DataFrames?,"The xs() method takes an additional level argument to select data at a particular level of a MultiIndex, making it easier to work with hierarchical indexes.",https://pandas.pydata.org/docs/user_guide/advanced.html
Can you use loc() with a right-hand-side object that is not a DataFrame?,"Yes, as shown in In [67], you can use loc() with a right-hand-side object that is an alignable object, such as another DataFrame or Series.",https://pandas.pydata.org/docs/user_guide/advanced.html
What is the data type of column 'A' in the dataframe df?,The data type of column 'A' in the dataframe df appears to be string.,https://pandas.pydata.org/docs/user_guide/advanced.html
How can you select rows where the value in column 'second' is 'one' using the xs method?,"You can use the xs method by providing 'one' as the level argument and 'second' as the axis argument, like this: df.xs('one', level='second')",https://pandas.pydata.org/docs/user_guide/advanced.html
What is the result of transposing the dataframe df with the T attribute?,The result of transposing the dataframe df with the T attribute is a new dataframe where the rows and columns are swapped.,https://pandas.pydata.org/docs/user_guide/advanced.html
How can you select all rows where the value in column 'second' is 'one' using the loc method and slicers?,"You can use the loc method by providing a slice object for the first index (None) and 'one' as the second index, like this: df.loc[(slice(None), 'one'), :]",https://pandas.pydata.org/docs/user_guide/advanced.html
What is the effect of setting axis=1 in the xs method when selecting on the column 'second'?,"When setting axis=1 in the xs method, it returns a Series with the same values as before but with a different index, which are the original column names.",https://pandas.pydata.org/docs/user_guide/advanced.html
What is the syntax for selecting a column from a pandas DataFrame using loc?,"The syntax for selecting a column from a pandas DataFrame using loc is df.loc[:, ('column1', 'column2')].",https://pandas.pydata.org/docs/user_guide/advanced.html
How do you select multiple keys with xs in pandas?,"You can select multiple keys with xs by passing a tuple of keys, like this: df.xs(('key1', 'key2'), level=('level1', 'level2')).",https://pandas.pydata.org/docs/user_guide/advanced.html
What is the effect of setting drop_level=False when using xs to select a column?,"When you set drop_level=False, the level that was selected is retained in the resulting DataFrame.",https://pandas.pydata.org/docs/user_guide/advanced.html
How do you use loc with multiple keys to select rows and columns?,"You can use loc with multiple keys to select rows and columns by passing a tuple of keys, like this: df.loc[:, ('key1', 'key2')].",https://pandas.pydata.org/docs/user_guide/advanced.html
What is the default behavior when using xs to select a column?,The default behavior when using xs to select a column is to drop the level that was selected.,https://pandas.pydata.org/docs/user_guide/advanced.html
What is the purpose of using the `level` parameter in pandas objects?,"The `level` parameter is used to broadcast values across a level, which can be useful for advanced reindexing and alignment.",https://pandas.pydata.org/docs/user_guide/advanced.html
How does the `reindex()` method work when used with the `level` parameter?,"When used with the `level` parameter, the `reindex()` method fills missing values by propagating them from a higher level to lower levels.",https://pandas.pydata.org/docs/user_guide/advanced.html
What is the effect of using `drop_level=True` in the `xs()` function?,"Using `drop_level=True` in the `xs()` function drops the level specified, resulting in a DataFrame with only one level.",https://pandas.pydata.org/docs/user_guide/advanced.html
How does the `groupby()` method work when used with the `level` parameter?,"The `groupby()` method groups the data by the specified level, allowing for aggregation operations such as mean to be performed.",https://pandas.pydata.org/docs/user_guide/advanced.html
"What is the output of the expression `df2_aligned = df_aligned.reindex(df.index, level=0)`?","The output will be a DataFrame with the same values as `df`, but with the levels aligned according to the index of `df`.",https://pandas.pydata.org/docs/user_guide/advanced.html
What is the purpose of the `align` method in pandas?,"The `align` method aligns two DataFrames by their index levels, allowing for easier comparison and manipulation of hierarchical data.",https://pandas.pydata.org/docs/user_guide/advanced.html
How does the `swaplevel` method change the order of levels in a DataFrame?,"The `swaplevel` method switches the order of two levels in a DataFrame, effectively swapping the positions of the levels specified by the input arguments.",https://pandas.pydata.org/docs/user_guide/advanced.html
What is the difference between the `swaplevel` and `reorder_levels` methods?,"While both methods change the order of levels in a DataFrame, `reorder_levels` allows for more flexibility by allowing any permutation of the levels, not just swapping two specific levels.",https://pandas.pydata.org/docs/user_guide/advanced.html
How can you rename the labels of a MultiIndex using pandas?,"You can use the `rename` method to rename the labels of a MultiIndex, typically used to rename columns in a DataFrame. A dictionary specified in the `columns` argument allows for selective renaming of specific columns.",https://pandas.pydata.org/docs/user_guide/advanced.html
"What is the effect of calling `df[:5].swaplevel(0, 1, axis=0)` on a DataFrame?",This call swaps the order of the first two levels in the index of the first five rows of the DataFrame.,https://pandas.pydata.org/docs/user_guide/advanced.html
What is the purpose of the `rename` method in pandas?,The `rename` method can be used to rename column labels and index labels of a DataFrame.,https://pandas.pydata.org/docs/user_guide/advanced.html
How can you use the `rename_axis` method with a DataFrame?,"You can use the `rename_axis` method to change the name of the index or MultiIndex of a DataFrame, or to change the name of the columns by specifying the `columns` argument.",https://pandas.pydata.org/docs/user_guide/advanced.html
What is the difference between using `rename` and `rename_axis`?,"While both methods can be used to rename labels, `rename_axis` specifically renames the index or MultiIndex of a DataFrame, whereas `rename` can rename column labels as well.",https://pandas.pydata.org/docs/user_guide/advanced.html
Can you use `rename_axis` with an Index object directly?,"Yes, when working with an Index object directly, you can use the `set_names` method to change its names, rather than using a DataFrame's `rename_axis` method.",https://pandas.pydata.org/docs/user_guide/advanced.html
What types of mappings can be used with the `rename` and `rename_axis` methods?,"The methods support specifying a dictionary, Series, or a mapping function to map labels/names to new values.",https://pandas.pydata.org/docs/user_guide/advanced.html
What is the result of renaming a level in a MultiIndex?,"You cannot set the names of the MultiIndex via a level. Instead, use 'MultiIndex.set_names' to rename levels.",https://pandas.pydata.org/docs/user_guide/advanced.html
How do you rename a level in a MultiIndex?,Use 'MultiIndex.set_names' instead of trying to set the name directly on the level.,https://pandas.pydata.org/docs/user_guide/advanced.html
What is required for MultiIndex-ed objects to be indexed and sliced effectively?,They need to be sorted. You can use 'sort_index()' to sort a MultiIndex.,https://pandas.pydata.org/docs/user_guide/advanced.html
How do you sort a MultiIndex?,Use the 'sort_index()' method on the MultiIndex object.,https://pandas.pydata.org/docs/user_guide/advanced.html
Why does setting the name of a level in a MultiIndex raise an error?,"It raises an error because it's not allowed to set the name directly on a level. Instead, use 'MultiIndex.set_names'.",https://pandas.pydata.org/docs/user_guide/advanced.html
What is the initial state of the DataFrame s?,"The initial state of the DataFrame s is a Series with 9 elements, including columns foo, bar, baz, qux and one, two.",https://pandas.pydata.org/docs/user_guide/advanced.html
How can you sort the index of a MultiIndex DataFrame in pandas?,You can use the sort_index() method to sort the index of a MultiIndex DataFrame. This method takes an optional level parameter to specify which level to sort.,https://pandas.pydata.org/docs/user_guide/advanced.html
What is the effect of setting a new name for the levels of the index using set_names()?,"Setting a new name for the levels of the index using set_names() allows you to pass a level name to sort_index(), making it easier to sort by that specific level.",https://pandas.pydata.org/docs/user_guide/advanced.html
How do you specify which level to sort when sorting a MultiIndex DataFrame?,You can specify which level to sort by passing the level parameter to the sort_index() method. This can be an integer (0 or 1 in this case) or a string representing the name of the level.,https://pandas.pydata.org/docs/user_guide/advanced.html
What is the result of sorting the index of s with level=1?,"The result of sorting the index of s with level=1 is that the rows are sorted by the second level of the MultiIndex, which in this case corresponds to the columns one and two.",https://pandas.pydata.org/docs/user_guide/advanced.html
What is the default behavior when indexing a MultiIndex DataFrame that is not sorted?,"It will be rather inefficient and show a PerformanceWarning, returning a copy of the data rather than a view.",https://pandas.pydata.org/docs/user_guide/advanced.html
How does the sort_index method handle higher dimensional objects with a MultiIndex?,You can sort any of the other axes by level if they have a MultiIndex.,https://pandas.pydata.org/docs/user_guide/advanced.html
What happens when you try to index something that is not fully lexsorted in a DataFrame?,It can raise an UnsortedIndexError.,https://pandas.pydata.org/docs/user_guide/advanced.html
How do you set a new index for a DataFrame using the set_index method?,"You pass a list of column names as arguments, like dfm = dfm.set_index(['jim', 'joe']).",https://pandas.pydata.org/docs/user_guide/advanced.html
What is the difference between loc and indexing in a MultiIndex DataFrame?,"Loc returns a view if the data are sorted, while regular indexing will return a copy and show a PerformanceWarning.",https://pandas.pydata.org/docs/user_guide/advanced.html
What is the purpose of the `maybe_callable` variable in the `_LocationIndexer.__getitem__` method?,The `maybe_callable` variable checks if the key passed to the method is a callable function.,https://pandas.pydata.org/docs/user_guide/advanced.html
What type of object does the `key` parameter need to be when calling the `_LocIndexer._getitem_axis` method?,The `key` parameter needs to be an instance of the `slice` class or a boolean indexer.,https://pandas.pydata.org/docs/user_guide/advanced.html
In which file and line is the `_get_slice_axis` method located in the pandas library?,"The `_get_slice_axis` method is located in the `pandas/core/indexing.py` file, on line 1429.",https://pandas.pydata.org/docs/user_guide/advanced.html
What does the `deep=False` parameter do when calling the `copy` method in the `_LocIndexer._get_slice_axis` method?,"The `deep=False` parameter indicates that a shallow copy should be made of the object, rather than a deep copy.",https://pandas.pydata.org/docs/user_guide/advanced.html
What is returned by the `Index.slice_indexer` method when it is called with valid input labels and step?,"The `Index.slice_indexer` method returns a slice object containing the start, end, and step values of the input labels.",https://pandas.pydata.org/docs/user_guide/advanced.html
What is the purpose of the `slice_locs` method in the MultiIndex class?,The `slice_locs` method computes the slice locations for input labels in an ordered MultiIndex.,https://pandas.pydata.org/docs/user_guide/advanced.html
How does the `slice_locs` method handle scalar values as start or end indices?,"If a scalar value is provided as a start or end index, it is passed to the parent implementation's `get_slice_bound` method to determine the slice location.",https://pandas.pydata.org/docs/user_guide/advanced.html
What happens if the input labels are not tuples when calling the `get_slice_bound` method in MultiIndex?,The input label is converted to a tuple before being processed by the `_partial_tup_index` method.,https://pandas.pydata.org/docs/user_guide/advanced.html
How does the `slice_locs` method handle missing start or end indices?,"If no start index is provided, it defaults to 0. If an end index is not provided, it is calculated based on the length of the MultiIndex.",https://pandas.pydata.org/docs/user_guide/advanced.html
Which class's implementation is called by the `slice_locs` method in MultiIndex when computing slice locations?,"The parent implementation, which is the `Index.slice_locs` method from the `base.py` file.",https://pandas.pydata.org/docs/user_guide/advanced.html
What error is raised when the key length is greater than the MultiIndex lexsort depth?,UnsortedIndexError: 'Key length (2) was greater than MultiIndex lexsort depth (1)',https://pandas.pydata.org/docs/user_guide/advanced.html
How do you check if a MultiIndex is sorted using pandas?,You can use the is_monotonic_increasing() method on a MultiIndex to check if it's sorted.,https://pandas.pydata.org/docs/user_guide/advanced.html
What does the sort_index() function do in pandas?,"It sorts the index of a DataFrame or Series, making the index monotonic and increasing.",https://pandas.pydata.org/docs/user_guide/advanced.html
How can you use the take() method to retrieve elements from an Index or Series?,You can pass either a list or an ndarray of integer index positions to the take() method.,https://pandas.pydata.org/docs/user_guide/advanced.html
What is the difference between using loc[] and [] to select rows in a DataFrame?,"loc[] requires label-based indexing, while [] uses integer position-based indexing.",https://pandas.pydata.org/docs/user_guide/advanced.html
What is the output of `ser.iloc[positions]` in In [128]?,"The output is a pandas Series with indices 0, 3, and 9, containing random float values.",https://pandas.pydata.org/docs/user_guide/advanced.html
How does the `take` method handle boolean indices in pandas objects?,The `take` method on pandas objects may return unexpected results when used with boolean indices.,https://pandas.pydata.org/docs/user_guide/advanced.html
What is the difference between using `ser.iloc[positions]` and `ser.take(positions)` in In [128] and In [129]?,"Both methods produce the same output, but `iloc` is generally preferred for integer-based indexing.",https://pandas.pydata.org/docs/user_guide/advanced.html
How do you specify row or column positions when using the `take` method on a DataFrame?,You should pass a 1D list or ndarray that specifies the row or column positions.,https://pandas.pydata.org/docs/user_guide/advanced.html
"What is the output of `arr.take([False, False, True, True])` in In [134] and In [137]?","The output is an array containing the values at the specified indices, with duplicates removed.",https://pandas.pydata.org/docs/user_guide/advanced.html
What is the performance difference between fancy indexing and take method?,The take method can offer performance that is a good deal faster than fancy indexing.,https://pandas.pydata.org/docs/user_guide/advanced.html
"How many elements are there in the array arr created using np.random.randn(10000, 5)?","There are 50,000 elements (10000 x 5) in the array arr.",https://pandas.pydata.org/docs/user_guide/advanced.html
What is the purpose of CategoricalIndex?,CategoricalIndex supports indexing with duplicates and allows efficient indexing and storage of an index with a large number of duplicated elements.,https://pandas.pydata.org/docs/user_guide/advanced.html
How many loops were used to calculate the mean time taken by fancy indexing in the timeit function?,"10,000 loops each",https://pandas.pydata.org/docs/user_guide/advanced.html
What is the axis parameter used for in the take method?,The axis parameter specifies which axis of the array to take elements from.,https://pandas.pydata.org/docs/user_guide/advanced.html
What is the initial data type of column 'B' in the DataFrame?,The initial data type of column 'B' is list.,https://pandas.pydata.org/docs/user_guide/advanced.html
How does setting the index affect the index and data types of a DataFrame?,"Setting the index creates a CategoricalIndex, which preserves the category data type. The index is also reordered based on the categories.",https://pandas.pydata.org/docs/user_guide/advanced.html
What happens when you try to access an index value that does not exist in the CategoricalIndex?,A KeyError will be raised if the index value is not in the category list.,https://pandas.pydata.org/docs/user_guide/advanced.html
How do groupby operations affect the index nature of a DataFrame with a CategoricalIndex?,"Groupby operations on the index preserve the index nature, and the resulting grouped data still has a CategoricalIndex.",https://pandas.pydata.org/docs/user_guide/advanced.html
How does sorting the index of a DataFrame with a CategoricalIndex work?,"Sorting the index sorts by the order of the categories, which is based on the original category list used to create the CategoricalDtype.",https://pandas.pydata.org/docs/user_guide/advanced.html
What type of index is created when passing a list to the reindex method?,A plain-old Index is returned.,https://pandas.pydata.org/docs/user_guide/advanced.html
What happens if you try to reindex with values not in the categories of the passed Categorical dtype?,"You can arbitrarily index these even with values not in the categories, similarly to how you can reindex any pandas index.",https://pandas.pydata.org/docs/user_guide/advanced.html
What is the result of calling set_index on df3 with column 'B'?,df3 becomes a DataFrame with 'B' as its new index. The original columns are now labeled 'A' and 'B'.,https://pandas.pydata.org/docs/user_guide/advanced.html
How does reindexing with pd.Categorical affect the resulting index?,"Reindexing with pd.Categorical returns a CategoricalIndex, indexed according to the categories of the passed Categorical dtype.",https://pandas.pydata.org/docs/user_guide/advanced.html
What warning is raised when performing reshaping or comparison operations on a CategoricalIndex with different categories?,A TypeError will be raised if the categories are not the same.,https://pandas.pydata.org/docs/user_guide/advanced.html
What is the default index type for DataFrame and Series objects?,"The default index type is RangeIndex, which is an optimized version of Index that can represent a monotonic ordered set.",https://pandas.pydata.org/docs/user_guide/advanced.html
How do you create a CategoricalIndex with specific categories?,"You can use the CategoricalDtype constructor to create a categorical data type, and then pass this data type to the astype method of a Series or DataFrame.",https://pandas.pydata.org/docs/user_guide/advanced.html
What is the difference between Index and RangeIndex?,"RangeIndex is an optimized version of Index that can represent a monotonic ordered set. It has an int64 dtype, whereas Index does not have a specific dtype.",https://pandas.pydata.org/docs/user_guide/advanced.html
How do you create a DataFrame with a categorical column?,"You can use the astype method to convert a Series or DataFrame column to a CategoricalDtype, and then set this column as the index of the DataFrame.",https://pandas.pydata.org/docs/user_guide/advanced.html
What is the result of concatenating two DataFrames with different indices?,"The resulting DataFrame will have a MultiIndex, which combines the indices of both input DataFrames.",https://pandas.pydata.org/docs/user_guide/advanced.html
What is a RangeIndex in pandas?,A RangeIndex is an index with an int64 dtype that behaves similarly to a regular Index.,https://pandas.pydata.org/docs/user_guide/advanced.html
How does indexing with an IntervalIndex work when the label is contained within an interval?,"When you select a label contained within an interval, it will also select the entire interval.",https://pandas.pydata.org/docs/user_guide/advanced.html
What is the result of using loc along the edges of an interval in a DataFrame with an IntervalIndex?,The result is selecting that particular interval.,https://pandas.pydata.org/docs/user_guide/advanced.html
How does pandas handle operations on a RangeIndex whose result cannot be represented by a RangeIndex?,Such results are converted to an Index with int64 dtype.,https://pandas.pydata.org/docs/user_guide/advanced.html
What is the purpose of IntervalDtype and Interval scalar type in pandas?,They provide first-class support for interval notation in pandas.,https://pandas.pydata.org/docs/user_guide/advanced.html
What type of selection does an IntervalIndex perform?,"An IntervalIndex performs exact matches, returning only values that are exactly contained within the interval.",https://pandas.pydata.org/docs/user_guide/advanced.html
What happens when trying to select an Interval that is not exactly contained in the IntervalIndex?,Trying to select an Interval that is not exactly contained in the IntervalIndex will raise a KeyError.,https://pandas.pydata.org/docs/user_guide/advanced.html
How does the loc method handle selecting using an Interval?,"The loc method uses the IntervalIndex to perform exact matches, returning only values that are exactly contained within the interval.",https://pandas.pydata.org/docs/user_guide/advanced.html
What is returned when selecting a valid Interval from the IntervalIndex?,"When selecting a valid Interval from the IntervalIndex, it returns a pandas Series containing the selected values.",https://pandas.pydata.org/docs/user_guide/advanced.html
What error is raised when trying to select an invalid Interval?,A KeyError is raised when trying to select an invalid Interval that is not exactly contained in the IntervalIndex.,https://pandas.pydata.org/docs/user_guide/advanced.html
What is the purpose of the `loc` attribute in the `index.get_loc()` method?,The `loc` attribute is used to get the location of a key in the index.,https://pandas.pydata.org/docs/user_guide/advanced.html
How does the `overlaps()` method create a boolean indexer for IntervalIndex objects?,"The `overlaps()` method creates a boolean indexer by comparing each interval in the Index with the given Interval, returning True if they overlap and False otherwise.",https://pandas.pydata.org/docs/user_guide/advanced.html
What type of object is returned by the `cut()` function when used to bin data?,"A Categorical object is returned by the `cut()` function, which has an IntervalIndex stored in its `.categories` attribute.",https://pandas.pydata.org/docs/user_guide/advanced.html
How do you select all rows from a DataFrame where the index intervals overlap with a given interval?,"You can use the `overlaps()` method to create a boolean indexer, then use this indexer to select the desired rows from the DataFrame.",https://pandas.pydata.org/docs/user_guide/advanced.html
What is stored in the `.categories` attribute of a Categorical object created by `cut()` or `qcut()`?,An IntervalIndex is stored in the `.categories` attribute of a Categorical object created by `cut()` or `qcut()`.,https://pandas.pydata.org/docs/user_guide/advanced.html
What is the default frequency for numeric intervals created by interval_range()?,The default frequency for numeric intervals is a 1.,https://pandas.pydata.org/docs/user_guide/advanced.html
How does cut() handle values that fall outside all bins?,Any value which falls outside all bins will be assigned a NaN value.,https://pandas.pydata.org/docs/user_guide/advanced.html
What is the purpose of passing the values of .categories as the bins argument in subsequent calls to cut()?,To bin new data into the same bins generated by the initial call to cut().,https://pandas.pydata.org/docs/user_guide/advanced.html
How can you create an IntervalIndex using interval_range() with a custom start and end value?,"You can use the interval_range() function, specifying the start and end values.",https://pandas.pydata.org/docs/user_guide/advanced.html
What is the default frequency for datetime-like intervals created by interval_range()?,The default frequency for datetime-like intervals is a calendar day.,https://pandas.pydata.org/docs/user_guide/advanced.html
What is the data type of the intervals in the IntervalIndex object created by pd.interval_range?,"The data type of the intervals in the IntervalIndex object is specified by the dtype parameter, which can be 'interval[datetime64[us], right]' or 'interval[timedelta64[us], right]', among others.",https://pandas.pydata.org/docs/user_guide/advanced.html
What happens when the freq parameter is used with a non-default frequency?,"When the freq parameter is used with a non-default frequency, it allows for specifying non-default frequencies and utilizing various frequency aliases with datetime-like intervals.",https://pandas.pydata.org/docs/user_guide/advanced.html
How can you create an IntervalIndex object with a specified start value and periods using pd.interval_range?,"You can use the start and periods parameters to specify the start value and number of intervals in the IntervalIndex object, respectively.",https://pandas.pydata.org/docs/user_guide/advanced.html
What is the effect of setting freq to 'W' when creating an IntervalIndex object with pd.interval_range?,"Setting freq to 'W' specifies a weekly frequency, resulting in intervals that span one week each.",https://pandas.pydata.org/docs/user_guide/advanced.html
What type of data does the interval_range function return when used with datetime-like intervals and a specified start value?,The interval_range function returns an IntervalIndex object with datetime-like intervals when used with a specified start value.,https://pandas.pydata.org/docs/user_guide/advanced.html
What type of index does the interval_range function return by default?,IntervalIndex with intervals closed on the right side.,https://pandas.pydata.org/docs/user_guide/advanced.html
How do you specify which side(s) the intervals are closed on using the interval_range function?,"You can use the 'closed' parameter, which defaults to 'right'.",https://pandas.pydata.org/docs/user_guide/advanced.html
What happens when you set the 'periods' parameter in the interval_range function?,It generates a range of evenly spaced intervals with the specified number of elements in the resulting IntervalIndex.,https://pandas.pydata.org/docs/user_guide/advanced.html
How do you specify the start and end points for the interval_range function?,"You can use the 'start' and 'end' parameters, which are inclusive.",https://pandas.pydata.org/docs/user_guide/advanced.html
What type of data does the interval_range function return when using datetime64[us] intervals?,It returns IntervalIndex with datetime64[us] intervals.,https://pandas.pydata.org/docs/user_guide/advanced.html
What is the general viewpoint of pandas regarding integer locations and labels?,"In pandas, our general viewpoint is that labels matter more than integer locations.",https://pandas.pydata.org/docs/user_guide/advanced.html
Why does using an integer axis index with .loc raise exceptions in this code snippet?,This is because label-based indexing is possible only with the standard tools like .loc when using an integer axis index.,https://pandas.pydata.org/docs/user_guide/advanced.html
What type of exception is raised when trying to access a Series with an out-of-range index value?,"A ValueError is raised, specifically stating that the index value is not in range.",https://pandas.pydata.org/docs/user_guide/advanced.html
How does pandas treat integer keys in this version?,"In this version (GH#50617), int key is always treated as a label, matching DataFrame behavior.",https://pandas.pydata.org/docs/user_guide/advanced.html
What method is called when trying to access an element of a Series with .__getitem__()?,"The _get_value method is called, which iterates through the hashable part of the key to check for slices.",https://pandas.pydata.org/docs/user_guide/advanced.html
What is the purpose of loc in pandas?,"loc is used for label-based indexing, allowing users to access data by its labels rather than positions.",https://pandas.pydata.org/docs/user_guide/advanced.html
How does RangeIndex.get_loc handle non-integer keys?,"RangeIndex.get_loc raises a KeyError if the key is not an integer, as it only supports integer-based indexing.",https://pandas.pydata.org/docs/user_guide/advanced.html
What was the motivation behind making this change in pandas API?,The decision to prevent falling back on position-based indexing was made to avoid ambiguities and subtle bugs reported by users.,https://pandas.pydata.org/docs/user_guide/advanced.html
How does loc handle negative integer keys?,"loc raises a KeyError for negative integer keys, as they are not valid labels in the index.",https://pandas.pydata.org/docs/user_guide/advanced.html
What is the difference between Index.get_value and RangeIndex.get_loc?,"RangeIndex.get_loc does not fall back to positional indexing like Index.get_value, providing more explicit and label-based access to data.",https://pandas.pydata.org/docs/user_guide/advanced.html
What is the condition for a label-based slice to be outside the range of the index?,The index must be monotonically increasing or decreasing.,https://pandas.pydata.org/docs/user_guide/advanced.html
How can you test if an index is monotonic?,You can use the `is_monotonic_increasing()` and `is_monotonic_decreasing()` attributes of the index.,https://pandas.pydata.org/docs/user_guide/advanced.html
What happens when a slice bound is outside the range of a non-monotonic index?,A KeyError is raised.,https://pandas.pydata.org/docs/user_guide/advanced.html
How do you access rows in a DataFrame with a non-monotonic index if both bounds are unique members of the index?,"You can use label-based slicing, like `df.loc[2:4, :]`.",https://pandas.pydata.org/docs/user_guide/advanced.html
What is returned when trying to slice a DataFrame with a monotonic index where the slice bounds are outside the range of the index?,An empty DataFrame is returned.,https://pandas.pydata.org/docs/user_guide/advanced.html
What is the purpose of the `_is_scalar_access` method in the `LocationIndexer` class?,"The `_is_scalar_access` method checks if the key being accessed is a scalar, and if so, it calls the `_get_value` method to retrieve the value.",https://pandas.pydata.org/docs/user_guide/advanced.html
"What happens when the `axis` attribute of the `LocIndexer` object is not set, but the key is a tuple?","In this case, the `_getitem_tuple` method is called with the `key` as an argument.",https://pandas.pydata.org/docs/user_guide/advanced.html
How does the `is_null_slice` method affect the indexing process in the `LocationIndexer` class?,"If the `is_null_slice` method returns True for a key, the indexing process continues to the next iteration without modifying the result.",https://pandas.pydata.org/docs/user_guide/advanced.html
What is the purpose of the `_validate_key` method in the `LocIndexer` class?,"The `_validate_key` method checks if the key being accessed is valid for the specified axis, and raises an error if it's not.",https://pandas.pydata.org/docs/user_guide/advanced.html
How does the indexing process handle boolean indexers in the `LocationIndexer` class?,"If the key is a boolean indexer, the `_getbool_axis` method is called with the key and axis as arguments to perform the indexing.",https://pandas.pydata.org/docs/user_guide/advanced.html
What is the default value of the 'deep' parameter in the provided code?,The default value of the 'deep' parameter is False.,https://pandas.pydata.org/docs/user_guide/advanced.html
What method is called when the 'labels' attribute is accessed on an object in this code?,The _get_axis method is called when the 'labels' attribute is accessed on an object.,https://pandas.pydata.org/docs/user_guide/advanced.html
What happens if the indexer is an instance of the slice class in this code?,"If the indexer is a slice, the self.obj._slice method is returned with the axis parameter set to the axis variable.",https://pandas.pydata.org/docs/user_guide/advanced.html
How does the Index.slice_locs method handle non-monotonic indexes in this code?,The Index.slice_locs method raises a KeyError if it encounters a non-monotonic index with a missing label.,https://pandas.pydata.org/docs/user_guide/advanced.html
What is the purpose of the self.get_slice_bound method in this code?,"The self.get_slice_bound method returns the slice bound for a given label and side, or raises a ValueError if the index is monotonic.",https://pandas.pydata.org/docs/user_guide/advanced.html
What error occurs when trying to get a left slice bound for a non-monotonic index with a missing label?,"A KeyError occurs, and the message 'Cannot get left slice bound for non-monotonic index with a missing label' is displayed.",https://pandas.pydata.org/docs/user_guide/advanced.html
Under what conditions will `get_loc` return a boolean array?,"`get_loc` may return a boolean array if they are representable by a slice, which is okay as long as the dtype of the result is bool.",https://pandas.pydata.org/docs/user_guide/advanced.html
What happens when trying to access a non-existent label in a pandas DataFrame using `.loc[]`?,A KeyError occurs with a message indicating that either the index should be sorted or an existing label should be specified.,https://pandas.pydata.org/docs/user_guide/advanced.html
What is checked for in the line `assert is_bool_dtype(slc.dtype)`?,It checks if the dtype of the slice object `slc` is bool.,https://pandas.pydata.org/docs/user_guide/advanced.html
"Why does a KeyError occur when trying to access `df.loc[2:3, :]`?","A KeyError occurs because 3 is not a unique label in the index, and either the index should be sorted or an existing label should be specified.",https://pandas.pydata.org/docs/user_guide/advanced.html
What is the purpose of the `_getitem_axis` method?,The `_getitem_axis` method is used to handle axis-based indexing in pandas.,https://pandas.pydata.org/docs/user_guide/advanced.html
Under what condition should `retval.ndim < self.ndim` never occur?,This condition should never occur as it should be handled by the `_getitem_lowerdim` call above.,https://pandas.pydata.org/docs/user_guide/advanced.html
What type of object does the `key` parameter need to be for the `_get_slice_axis` method to be called?,The `key` parameter needs to be a slice object for the `_get_slice_axis` method to be called.,https://pandas.pydata.org/docs/user_guide/advanced.html
What is returned by the `slice_indexer` method in the `Index` class?,"A slice object is returned by the `slice_indexer` method, which represents the computed slice indexer for input labels and step.",https://pandas.pydata.org/docs/user_guide/advanced.html
What is copied when calling `_get_slice_axis` with `deep=False`?,"The object itself is copied when calling `_get_slice_axis` with `deep=False`, but not its contents.",https://pandas.pydata.org/docs/user_guide/advanced.html
What are the parameters of the `slice_locs` method?,"The `slice_locs` method takes three parameters: `start`, `end`, and `step`. The `step` parameter has a default value equal to its name.",https://pandas.pydata.org/docs/user_guide/advanced.html
How does the `Index.slice_locs` method handle non-scalar values for the `start` parameter?,"If the `start` parameter is not scalar, the method raises an error. This is indicated by the line `if not is_scalar(start_slice):`. The method then proceeds to calculate the slice locations.",https://pandas.pydata.org/docs/user_guide/advanced.html
What happens when the `end` parameter is not `None` in the `Index.slice_locs` method?,"When the `end` parameter is not `None`, the method calculates the end slice bound using the `get_slice_bound` method. This is indicated by the lines `if end is not None: -> 7068 end_slice = self.get_slice_bound(end, 'right')`. The end slice bound is then used to calculate the slice locations.",https://pandas.pydata.org/docs/user_guide/advanced.html
What is the difference between weakly monotonic and strictly monotonic indexes?,"Weakly monotonic indexes only check that an index is non-decreasing or non-increasing, while strictly monotonic indexes require each element to be unique. The `is_monotonic_increasing` and `is_monotonic_decreasing` methods check for weak monotonicity.",https://pandas.pydata.org/docs/user_guide/advanced.html
How can you check if an index is strictly monotonic?,You can combine the `is_monotonic_increasing` or `is_monotonic_decreasing` method with the `is_unique()` attribute to check for strict monotonicity. For example: `index.is_monotonic_increasing & index.is_unique()`. This will return a boolean value indicating whether the index is strictly monotonic.,https://pandas.pydata.org/docs/user_guide/advanced.html
What is the primary reason for inclusive label-based slicing in pandas?,The primary reason for this is that it is often not possible to easily determine the “successor” or next element after a particular label in an index.,https://pandas.pydata.org/docs/user_guide/advanced.html
How does label-based slicing differ from standard Python sequence slicing?,"Compared with standard Python sequence slicing, where the slice endpoint is not inclusive, label-based slicing in pandas is inclusive.",https://pandas.pydata.org/docs/user_guide/advanced.html
What happens when trying to concatenate a string and an integer using the '+' operator in pandas?,You get a TypeError because you can only concatenate str (not int) to str.,https://pandas.pydata.org/docs/user_guide/advanced.html
What is an example use case for inclusive label-based slicing?,A very common use case is to limit a time series to start and end at two specific dates.,https://pandas.pydata.org/docs/user_guide/advanced.html
How would you slice from 'c' to 'e' using label-based slicing in the given Series s?,You can use s.loc['c':'e'] to accomplish this.,https://pandas.pydata.org/docs/user_guide/advanced.html
What is the default behavior of label-based slicing in pandas?,"Label-based slicing in pandas does not behave exactly like standard Python integer slicing, and it can potentially change the underlying Series dtype.",https://pandas.pydata.org/docs/user_guide/advanced.html
How does reindexing a Series affect its data type?,"Reindexing a Series can silently insert NaNs and change its data type accordingly. For example, if you reindex an integer Series with non-integer indices, it will be converted to float64.",https://pandas.pydata.org/docs/user_guide/advanced.html
What is the effect of using numpy ufuncs like numpy.logical_and on a Series with mixed data types?,"Using numpy ufuncs like numpy.logical_and on a Series with mixed data types can cause issues because NaNs are silently inserted and the dtype changes, which can lead to unexpected behavior.",https://pandas.pydata.org/docs/user_guide/advanced.html
What is the default data type of a pandas Series created from a list of integers?,The default data type of a pandas Series created from a list of integers is int64.,https://pandas.pydata.org/docs/user_guide/advanced.html
How does reindex_like affect the dtype of a Series when used with a Series of boolean values?,"When using reindex_like with a Series of boolean values, the resulting Series will have an object data type (dtype('O')) because it contains both booleans and NaNs.",https://pandas.pydata.org/docs/user_guide/advanced.html
What is the default number of elements displayed by the head() and tail() methods?,The default number of elements to display is five.,https://pandas.pydata.org/docs/user_guide/basics.html
How can you access a specific axis label in a pandas object?,"You can use the index attribute for Series objects, and both index and columns attributes for DataFrame objects.",https://pandas.pydata.org/docs/user_guide/basics.html
What does the shape attribute give about the dimensions of a pandas object?,"The shape attribute gives the axis dimensions of the object, consistent with ndarray.",https://pandas.pydata.org/docs/user_guide/basics.html
How can you assign new values to specific rows or columns in a DataFrame?,"You can use square bracket notation, for example df[:2] to select the first two rows.",https://pandas.pydata.org/docs/user_guide/basics.html
What is the purpose of the lower() method when assigning new column names to a DataFrame?,"It converts each column name to lowercase, as shown in In [8]:",https://pandas.pydata.org/docs/user_guide/basics.html
What is the data type of column 'a' in the DataFrame?,The data type of column 'a' is datetime.,https://pandas.pydata.org/docs/user_guide/basics.html
How can you access the actual data inside a pandas Series?,You can use the .array property to access the underlying array.,https://pandas.pydata.org/docs/user_guide/basics.html
What is the difference between an ExtensionArray and a NumPy array?,"An ExtensionArray is used by pandas, but it will always be converted to a NumPy array when using methods like .to_numpy() or numpy.asarray().",https://pandas.pydata.org/docs/user_guide/basics.html
How can you convert a pandas Series to a NumPy array?,You can use the .to_numpy() method or numpy.asarray() function.,https://pandas.pydata.org/docs/user_guide/basics.html
What is an ExtensionArray used for in pandas objects?,"It is used as a container for arrays, which hold the actual data and do the actual computation.",https://pandas.pydata.org/docs/user_guide/basics.html
What is the purpose of to_numpy() when Series or Index is backed by an ExtensionArray?,"to_numpy() may involve copying data and coercing values, and gives some control over the dtype of the resulting numpy.ndarray.",https://pandas.pydata.org/docs/user_guide/basics.html
How does to_numpy() handle timezone-aware datetimes in a Series with datetime type?,It can either preserve timezones (with dtype=object) or discard them (with 'datetime64[ns]' dtype).,https://pandas.pydata.org/docs/user_guide/basics.html
What is the default behavior of DataFrame.to_numpy() when all columns have the same data type?,It returns the underlying data.,https://pandas.pydata.org/docs/user_guide/basics.html
Can to_numpy() be used with a Series that has a mix of datetime and numeric values?,"Yes, but it may involve copying data and coercing values.",https://pandas.pydata.org/docs/user_guide/basics.html
What is an example of how to use dtype='datetime64[ns]' in to_numpy() for timezone-aware datetimes?,You can use ser.to_numpy(dtype='datetime64[ns]') to convert the datetime values to UTC and discard their timezones.,https://pandas.pydata.org/docs/user_guide/basics.html
What is the purpose of using to_numpy() on a DataFrame?,The to_numpy() method converts a DataFrame into a numpy array.,https://pandas.pydata.org/docs/user_guide/basics.html
Can modifications made to an ndarray returned by to_numpy() affect the original DataFrame if it contains homogeneous data types?,"Yes, changes will be reflected in the original DataFrame if it contains homogeneously-typed data.",https://pandas.pydata.org/docs/user_guide/basics.html
What happens when you try to assign a value to the values attribute of a DataFrame?,You cannot assign a value to the values attribute itself; it's read-only.,https://pandas.pydata.org/docs/user_guide/basics.html
How does to_numpy() handle heterogeneous data types in a DataFrame?,"It will choose a dtype that accommodates all the data involved, such as object dtype if strings are present or float dtype for floats and integers.",https://pandas.pydata.org/docs/user_guide/basics.html
What is the recommended method for extracting data from a Series or DataFrame going forward?,We recommend using .array or .to_numpy() instead of .values.,https://pandas.pydata.org/docs/user_guide/basics.html
What is the potential cost of using Series.to_numpy()?,"Series.to_numpy() may involve copying or coercing values, which can be a relatively expensive operation.",https://pandas.pydata.org/docs/user_guide/basics.html
How do DataFrame.values and DataFrame.to_numpy() differ in terms of performance?,"DataFrame.values may involve copying data and coercing values to a common dtype, while DataFrame.to_numpy() makes it clearer that the returned NumPy array may not be a view on the same data.",https://pandas.pydata.org/docs/user_guide/basics.html
What libraries does pandas support for accelerating certain types of operations?,pandas supports the numexpr and bottleneck libraries for accelerating binary numerical and boolean operations.,https://pandas.pydata.org/docs/user_guide/basics.html
How do you control whether to use the bottleneck or numexpr library in pandas?,"You can set the options pd.set_option('compute.use_bottleneck', False) and pd.set_option('compute.use_numexpr', False) to disable these libraries.",https://pandas.pydata.org/docs/user_guide/basics.html
What is broadcasting behavior between higher- and lower-dimensional objects in binary operations?,"Broadcasting behavior refers to the way that operations are performed between higher- (e.g. DataFrame) and lower-dimensional (e.g. Series) objects, such as when performing arithmetic or logical operations.",https://pandas.pydata.org/docs/user_guide/basics.html
What methods are available for carrying out binary operations on a DataFrame?,"The DataFrame has the methods add(), sub(), mul(), div() and related functions radd(), rsub(), etc. for carrying out binary operations.",https://pandas.pydata.org/docs/user_guide/basics.html
How can you use these functions to match on either the index or columns of a DataFrame?,You can use these functions with the axis keyword to either match on the index via axis=0 or columns via axis=1.,https://pandas.pydata.org/docs/user_guide/basics.html
What is the difference between using axis='columns' and axis=1 in the sub() function?,"There is no difference; both 'columns' and 1 refer to the same axis, which is the columns of the DataFrame.",https://pandas.pydata.org/docs/user_guide/basics.html
How can you access a specific row from a DataFrame using its index?,"You can use the iloc[] method, for example, df.iloc[1] will return the second row of the DataFrame.",https://pandas.pydata.org/docs/user_guide/basics.html
What is the effect of using the sub() function with axis='columns' on a DataFrame?,"The sub() function subtracts each column of another Series from the corresponding columns of the original DataFrame, element-wise.",https://pandas.pydata.org/docs/user_guide/basics.html
What is the default axis for the `sub` method when not specified?,The default axis is 'index'.,https://pandas.pydata.org/docs/user_guide/basics.html
How do you perform floor division and modulo operation on a Series using the `divmod` function?,"You use the `divmod` function, which takes two arguments: the Series and the divisor. It returns a tuple containing the result of the floor division and the remainder.",https://pandas.pydata.org/docs/user_guide/basics.html
What is the effect of setting `axis=0` in the `sub` method on a DataFrame?,"Setting `axis=0` performs element-wise subtraction along the rows (i.e., column-wise).",https://pandas.pydata.org/docs/user_guide/basics.html
How do you create a MultiIndexed DataFrame with specific levels and names?,"You use the `pd.MultiIndex.from_tuples` method, passing in a list of tuples representing the index levels and their corresponding names.",https://pandas.pydata.org/docs/user_guide/basics.html
What is the effect of specifying a level when using the `sub` method on a MultiIndexed DataFrame?,"Specifying a level performs element-wise subtraction only along that specific level (i.e., column-wise).",https://pandas.pydata.org/docs/user_guide/basics.html
What is the purpose of the `divmod()` function in pandas?,"The `divmod()` function performs both division and modulus operations simultaneously, returning a tuple containing the quotient and remainder.",https://pandas.pydata.org/docs/user_guide/basics.html
How does the `divmod()` function handle missing data when performing arithmetic operations?,"When performing arithmetic operations with `divmod()`, you can specify a fill value to substitute for missing values at a location.",https://pandas.pydata.org/docs/user_guide/basics.html
What is the difference between element-wise and vectorized operations in pandas?,"Element-wise operations apply an operation to each individual element of a Series or DataFrame, whereas vectorized operations operate on entire arrays at once, resulting in faster computation times.",https://pandas.pydata.org/docs/user_guide/basics.html
How do you create a copy of a DataFrame object using the `copy()` method?,"You can create a copy of a DataFrame object by calling the `copy()` method on it, as shown in In [42]: `df2 = df.copy()`",https://pandas.pydata.org/docs/user_guide/basics.html
What is the default behavior when both DataFrames are missing a value during arithmetic operations with fill values?,"When both DataFrames are missing a value, the result will be NaN (not a number), which can later be replaced using the `fillna()` method",https://pandas.pydata.org/docs/user_guide/basics.html
What is the result of adding df and df2 using the + operator?,The result is a new DataFrame with element-wise addition of corresponding elements in df and df2.,https://pandas.pydata.org/docs/user_guide/basics.html
How do you add two DataFrames while filling NaN values with 0?,"You can use the .add() method with the fill_value parameter set to 0, as shown in In [47].",https://pandas.pydata.org/docs/user_guide/basics.html
What is the result of comparing df and df2 using the gt method?,"The result is a boolean DataFrame where each element is True if the corresponding element in df is greater than the corresponding element in df2, and False otherwise.",https://pandas.pydata.org/docs/user_guide/basics.html
How do you compare two Series or DataFrames for equality?,You can use the == operator to check for equality between two Series or DataFrames.,https://pandas.pydata.org/docs/user_guide/basics.html
"What is the data type of the result when using binary comparison methods like eq, ne, lt, gt, le, and ge?",The result is a pandas object of the same type as the left-hand-side input that is of dtype bool.,https://pandas.pydata.org/docs/user_guide/basics.html
What are the available boolean reductions for pandas objects?,"The available boolean reductions are empty, any(), and all().",https://pandas.pydata.org/docs/user_guide/basics.html
How does the all() method behave when applied to a DataFrame with non-empty values?,"When applied to a DataFrame with non-empty values, the all() method returns False for each row.",https://pandas.pydata.org/docs/user_guide/basics.html
What is the result of chaining two any() methods on a DataFrame?,The result of chaining two any() methods on a DataFrame is True if at least one element in the entire DataFrame is True.,https://pandas.pydata.org/docs/user_guide/basics.html
How can you check if a pandas object is empty using its properties?,"You can check if a pandas object is empty by accessing its empty property. For example, df.empty returns True for an empty DataFrame.",https://pandas.pydata.org/docs/user_guide/basics.html
What happens when you try to assert the truthiness of a pandas object directly in an if statement?,Asserting the truthiness of a pandas object directly in an if statement raises a ValueError with a message suggesting alternative methods to check emptiness or values.,https://pandas.pydata.org/docs/user_guide/basics.html
What type of error occurs when comparing DataFrames?,A ValueError occurs when trying to compare DataFrames because the truth value is ambiguous.,https://pandas.pydata.org/docs/user_guide/basics.html
How can you check if two computations produce the same result in pandas?,"You can use methods like `a.empty`, `a.bool()`, `a.item()`, `a.any()`, or `a.all()` to compare DataFrames, but be aware that NaNs do not compare as equals.",https://pandas.pydata.org/docs/user_guide/basics.html
What is the issue with using `(df + df == df * 2).all()` to check if two computations are equivalent?,"This expression returns False because it contains some False values due to NaNs, even though most elements in the DataFrame are True.",https://pandas.pydata.org/docs/user_guide/basics.html
What is a consequence of using `np.nan == np.nan`?,It returns False because NaNs do not compare as equals in pandas.,https://pandas.pydata.org/docs/user_guide/basics.html
Where can you find more information about this issue and similar problems in pandas?,You can refer to the 'gotchas' section for a more detailed discussion of common issues like this one.,https://pandas.pydata.org/docs/user_guide/basics.html
What happens to NaN values when comparing two NDFrames using the equals() method?,NaN values in corresponding locations are treated as equal.,https://pandas.pydata.org/docs/user_guide/basics.html
Can you provide an example where .equals() returns False due to index order differences?,"Yes, consider df1 and df2 from In [61] and In [62]:",https://pandas.pydata.org/docs/user_guide/basics.html
How do pandas Series or DataFrame index needs to be arranged for equality to be True in the equals() method?,The Series or DataFrame index needs to be in the same order.,https://pandas.pydata.org/docs/user_guide/basics.html
What happens when comparing a pandas data structure with a scalar value using == operator?,Element-wise comparisons are performed.,https://pandas.pydata.org/docs/user_guide/basics.html
What is the result of trying to compare Index or Series objects of different lengths using the == operator?,A ValueError is raised.,https://pandas.pydata.org/docs/user_guide/basics.html
What is the error message when comparing two pandas Series objects with different lengths?,"The error message is 'Can only compare identically-labeled Series objects'. This occurs because the two Series objects have different lengths, which means they are not identical.",https://pandas.pydata.org/docs/user_guide/basics.html
Why can't we compare these two Series objects directly using the == operator?,"We can't compare them directly because the == operator is used to check for equality between Series objects with the same index labels. Since our Series objects have different lengths, they cannot be compared in this way.",https://pandas.pydata.org/docs/user_guide/basics.html
What happens if we try to compare a Series object with an array of different length?,"When comparing a Series object with an array of different length, pandas will attempt to sanitize the array and ensure it is wrapped correctly. However, this will still result in a ValueError because the two objects are not identical.",https://pandas.pydata.org/docs/user_guide/basics.html
What is the specific condition that causes a ValueError when comparing two Series objects?,A ValueError occurs when trying to compare two Series objects that do not have identically-labeled index values. This means their index labels must be exactly the same for comparison to work.,https://pandas.pydata.org/docs/user_guide/basics.html
How does pandas handle the comparison of a Series object with an array in terms of datetimelike handling?,"When comparing a Series object with an array, pandas uses the ensure_wrapped_if_datetimelike function to wrap the array correctly. This is done to handle datetime-like values appropriately during comparison.",https://pandas.pydata.org/docs/user_guide/basics.html
What type of object is being compared at line 6730?,An identically-labeled Series object,https://pandas.pydata.org/docs/user_guide/basics.html
Why can't you compare the two Series objects in this scenario?,"Because they are not identically labeled, which means they have different index labels.",https://pandas.pydata.org/docs/user_guide/basics.html
What is happening at line 6732 and 6733?,The _values attribute of self (the left-hand side Series object) and the array extracted from other (the right-hand side Series object) are being assigned to lvalues and rvalues respectively.,https://pandas.pydata.org/docs/user_guide/basics.html
What is the purpose of combining overlapping data sets in pandas?,"To combine two similar data sets where values in one are preferred over the other, such as when one series is considered to be of higher quality than the other.",https://pandas.pydata.org/docs/user_guide/basics.html
What kind of economic indicator might be represented by two Series objects being combined?,A particular economic indicator where one series is considered to be of 'higher quality' and has more complete data coverage or extends further back in history.,https://pandas.pydata.org/docs/user_guide/basics.html
What is the purpose of the `combine_first()` function?,The `combine_first()` function combines two DataFrame objects where missing values in one DataFrame are conditionally filled with like-labeled values from the other DataFrame.,https://pandas.pydata.org/docs/user_guide/basics.html
How does the `combine_first()` function handle missing values in a DataFrame?,The `combine_first()` function fills missing values in one DataFrame with like-labeled values from the other DataFrame.,https://pandas.pydata.org/docs/user_guide/basics.html
What is the difference between `combine_first()` and the more general `DataFrame.combine()` method?,"The `combine_first()` method is a specific implementation of the more general `DataFrame.combine()` method, which takes another DataFrame and a combiner function to align and combine the input DataFrames.",https://pandas.pydata.org/docs/user_guide/basics.html
How can you reproduce the behavior of `combine_first()` using the `DataFrame.combine()` method?,"You can use the `DataFrame.combine()` method with a custom combiner function, such as the one defined in In [76], to achieve similar results to `combine_first()`. The combiner function is used to fill missing values in one DataFrame with like-labeled values from the other DataFrame.",https://pandas.pydata.org/docs/user_guide/basics.html
What is the purpose of the `np.where()` function in the custom combiner function?,"The `np.where()` function is used to conditionally replace missing values (`NaN`) in one DataFrame with like-labeled values from the other DataFrame, based on the comparison between the two DataFrames.",https://pandas.pydata.org/docs/user_guide/basics.html
What type of object is returned by the `sum()` method?,"The `sum()` method returns a Series, which is an object of the same size as the input data.",https://pandas.pydata.org/docs/user_guide/basics.html
How can you specify the axis for the `mean()` method in a DataFrame?,You can specify the axis using either 'index' (axis=0) or 'columns' (axis=1).,https://pandas.pydata.org/docs/user_guide/basics.html
What is the default behavior of the `skipna` option in pandas methods?,"The `skipna` option excludes missing data by default, but this behavior can be overridden by setting `skipna=False`.",https://pandas.pydata.org/docs/user_guide/basics.html
What type of result does the `quantile()` method produce?,"The `quantile()` method produces a Series, which is an object of the same size as the input data.",https://pandas.pydata.org/docs/user_guide/basics.html
How do you access the descriptive statistics for each column in a DataFrame using pandas methods?,"You can use methods like `mean()`, `sum()`, and `std()` to calculate descriptive statistics for each column.",https://pandas.pydata.org/docs/user_guide/basics.html
What does the `sum` function with `axis=1` and `skipna=True` do?,"It calculates the sum of each column in the DataFrame, ignoring NaN values.",https://pandas.pydata.org/docs/user_guide/basics.html
How can you standardize a DataFrame to have zero mean and unit variance?,You can use the expression `(df - df.mean()) / df.std()` to achieve this.,https://pandas.pydata.org/docs/user_guide/basics.html
What is the effect of `cumsum()` on NaN values in a Series?,"NaN values are preserved at their original location, unlike other methods like `expanding()` and `rolling()` which require a minimum number of periods.",https://pandas.pydata.org/docs/user_guide/basics.html
What does the `level` parameter do when applied to certain functions?,"It applies only if the object has a hierarchical index, allowing you to operate on specific levels of the index.",https://pandas.pydata.org/docs/user_guide/basics.html
How can you calculate the standard deviation of each row in a DataFrame after standardizing it?,You can use `xs_stand.std(axis=1)` where `xs_stand` is the result of standardizing the DataFrame as shown in the example code.,https://pandas.pydata.org/docs/user_guide/basics.html
What is the purpose of the `describe()` function in pandas?,"The `describe()` function computes a variety of summary statistics about a Series or the columns of a DataFrame, excluding NAs.",https://pandas.pydata.org/docs/user_guide/basics.html
How does NumPy's `mean` method behave when applied to a pandas Series with NA values by default?,NumPy's `mean` method will exclude NA values on Series input by default.,https://pandas.pydata.org/docs/user_guide/basics.html
What is the difference between `std` and `var` methods in pandas?,"The `std` method returns the Bessel-corrected sample standard deviation, while the `var` method returns the unbiased variance.",https://pandas.pydata.org/docs/user_guide/basics.html
How does the `nunique()` method behave when there are NA values in a Series?,The `nunique()` method will return the number of unique non-NA values in a Series.,https://pandas.pydata.org/docs/user_guide/basics.html
What is the purpose of the `cumsum` and `cumprod` methods in pandas?,"The `cumsum` method returns the cumulative sum, while the `cumprod` method returns the cumulative product.",https://pandas.pydata.org/docs/user_guide/basics.html
What is the count of non-null values in column 'a' after setting some rows to NaN?,The count of non-null values in column 'a' remains 500.,https://pandas.pydata.org/docs/user_guide/basics.html
"How many columns are created when generating a DataFrame with np.random.randn(1000, 5)?","Five columns are created: 'a', 'b', 'c', 'd', and 'e'.",https://pandas.pydata.org/docs/user_guide/basics.html
What is the default output of describe() for a Series?,"The default output includes count, mean, std, min, 25%, median (which is equivalent to 50%), 75%, and max.",https://pandas.pydata.org/docs/user_guide/basics.html
"Can you specify custom percentiles in the output of describe()? If so, how?","Yes, you can specify custom percentiles by passing a list of values to the 'percentiles' parameter.",https://pandas.pydata.org/docs/user_guide/basics.html
What happens to the count value when some rows are set to NaN with iloc[::2] = np.nan?,The count remains unchanged at 500.,https://pandas.pydata.org/docs/user_guide/basics.html
What is the output of `s.describe()` for a Series object with duplicate values?,"The output includes the count, number of unique values, most frequently occurring value, and frequency.",https://pandas.pydata.org/docs/user_guide/basics.html
How does `describe()` behave on a mixed-type DataFrame object by default?,"It restricts the summary to include only numerical columns or, if none are present, only categorical columns.",https://pandas.pydata.org/docs/user_guide/basics.html
What is the effect of providing `include=['str']` as an argument to `frame.describe()`?,The function will only consider string-type columns for the summary.,https://pandas.pydata.org/docs/user_guide/basics.html
Can you specify all types to be included in a DataFrame's summary using `describe()`?,"Yes, by passing `include='all'` as an argument.",https://pandas.pydata.org/docs/user_guide/basics.html
What is the output of `frame.describe(include=['number'])` for a mixed-type DataFrame object?,"The function will only consider numerical columns and provide summary statistics such as mean, std, min, etc.",https://pandas.pydata.org/docs/user_guide/basics.html
What is the purpose of the `idxmin()` and `idxmax()` functions in pandas?,The `idxmin()` and `idxmax()` functions compute the index labels with the minimum and maximum corresponding values.,https://pandas.pydata.org/docs/user_guide/basics.html
How do `idxmin()` and `idxmax()` handle multiple rows (or columns) matching the minimum or maximum value?,"When there are multiple rows (or columns) matching the minimum or maximum value, `idxmin()` and `idxmax()` return the first matching index.",https://pandas.pydata.org/docs/user_guide/basics.html
What is the difference in behavior between `idxmin()`/`idxmax()` on Series and DataFrame?,"On Series, `idxmin()`/`idxmax()` compute the index label with the minimum or maximum value. On DataFrame, they can be used to find the index labels of entire rows (axis=0) or columns (axis=1) with the minimum or maximum values.",https://pandas.pydata.org/docs/user_guide/basics.html
What is the data type of the output from `idxmin()` and `idxmax()`?,"The output from `idxmin()` and `idxmax()` is an integer for Series and a string for DataFrame, depending on the axis used.",https://pandas.pydata.org/docs/user_guide/basics.html
How can you use `select_dtypes()` in conjunction with `idxmin()` and `idxmax()`?,"You can refer to the documentation of `select_dtypes()` for details about accepted inputs. It is not directly related to the usage of `idxmin()` and `idxmax()`, but it might be useful when working with specific data types.",https://pandas.pydata.org/docs/user_guide/basics.html
What is the data type of the column 'A' in df3?,The data type of the column 'A' in df3 is float.,https://pandas.pydata.org/docs/user_guide/basics.html
How many unique values are there in the Series s created from a random array of integers between 0 and 7?,"There are 8 unique values in the Series s: [0, 1, 2, 3, 4, 5, 6].",https://pandas.pydata.org/docs/user_guide/basics.html
What is the result of calling idxmin() on df3 after selecting column 'A'?,The result of calling idxmin() on df3 after selecting column 'A' is 'd'. This means that the minimum value in column 'A' occurs at index 'd'.,https://pandas.pydata.org/docs/user_guide/basics.html
What does the value_counts() method compute for a Series or DataFrame?,"The value_counts() method computes a histogram of values, which can be used to count combinations across multiple columns.",https://pandas.pydata.org/docs/user_guide/basics.html
"How do you get the most frequently occurring value(s), i.e. the mode, in a Series or DataFrame using pandas?",You can use the mode() function on a Series or DataFrame to get the most frequently occurring value(s).,https://pandas.pydata.org/docs/user_guide/basics.html
What is the purpose of the `mode()` function in pandas?,The `mode()` function returns the most frequently occurring value(s) in a DataFrame or Series.,https://pandas.pydata.org/docs/user_guide/basics.html
How does the `cut()` function differ from `qcut()` when discretizing continuous values?,"The `cut()` function bins data based on fixed bin edges, while `qcut()` bins data based on sample quantiles.",https://pandas.pydata.org/docs/user_guide/basics.html
What is the effect of passing a list of integers to the `cut()` function in pandas?,Passing a list of integers to the `cut()` function allows for custom bin edges to be specified.,https://pandas.pydata.org/docs/user_guide/basics.html
How does the `qcut()` function work when discretizing continuous values?,The `qcut()` function computes sample quantiles and bins data into equal-size quartiles or other specified intervals.,https://pandas.pydata.org/docs/user_guide/basics.html
"What is the output of the `mode()` function for a DataFrame with two columns 'A' and 'B', where column 'A' has multiple NaN values?","The `mode()` function returns a Series with the most frequently occurring value(s) in each column, including NaN values for column 'A'.",https://pandas.pydata.org/docs/user_guide/basics.html
What is the effect of passing infinite values as bins in the cut() function?,The cut() function will create two bins: one from negative infinity to 0 and another from 0 to positive infinity.,https://pandas.pydata.org/docs/user_guide/basics.html
How many categories are created when using np.inf as bins in the cut() function?,"Two categories are created: (-inf, 0.0] and (0.0, inf].",https://pandas.pydata.org/docs/user_guide/basics.html
What is the purpose of the pipe() method in pandas?,The pipe() method allows you to chain functions together by passing a DataFrame or Series into a function.,https://pandas.pydata.org/docs/user_guide/basics.html
How many bins are created when using qcut() with specific bin edges?,"Five bins are created: [0, 0.25, 0.5, 0.75, 1].",https://pandas.pydata.org/docs/user_guide/basics.html
"What is the difference between applying a function using pipe(), apply(), and map() in pandas?","pipe() applies a function to an entire DataFrame or Series, apply() applies a function row- or column-wise, and map() applies a function element-wise.",https://pandas.pydata.org/docs/user_guide/basics.html
What is the purpose of the `extract_city_name` function?,The `extract_city_name` function extracts the city name from a DataFrame column containing city and code information.,https://pandas.pydata.org/docs/user_guide/basics.html
How does the `add_country_name` function modify the original DataFrame?,The `add_country_name` function appends the country name to the city name in the 'city_and_country' column of the original DataFrame.,https://pandas.pydata.org/docs/user_guide/basics.html
"What is method chaining, and how is it related to pandas?","Method chaining is a style of programming where functions are applied sequentially to an object, allowing for more readable and efficient code. Pandas encourages this style by providing methods like `pipe` that make it easy to use custom or library functions in chains.",https://pandas.pydata.org/docs/user_guide/basics.html
What is the difference between passing arguments as positional and keyword arguments?,"In Python, positional arguments are passed in order of their definition, while keyword arguments are passed by name. In the context of the `add_country_name` function, if it takes its data as a positional argument, it would be called with `df` as the first argument, whereas if it takes its data as a keyword argument, it would be called with `country_name='US'`, for example.",https://pandas.pydata.org/docs/user_guide/basics.html
What is the purpose of the `pipe` method in pandas?,"The `pipe` method allows you to apply custom or library functions to an object in a method chain, making it easier to create readable and efficient code.",https://pandas.pydata.org/docs/user_guide/basics.html
What is the purpose of passing a function and keyword pair to the pipe method?,"The function and keyword pair are passed to specify which argument in the tuple should be used as the first and second arguments for the function. In this case, it specifies that the statsmodels ols function should use the DataFrame bb as its second argument.",https://pandas.pydata.org/docs/user_guide/basics.html
What is the formula provided to the ols function?,"The formula provided is 'hr ~ ln_h + year + g + C(lg)', which represents a linear regression model where hr is the dependent variable and ln_h, year, g, and lg are independent variables.",https://pandas.pydata.org/docs/user_guide/basics.html
What is the result of calling fit() on the OLS object?,"The result is an instance of statsmodels.iolib.summary.Summary, which contains a summary of the regression results.",https://pandas.pydata.org/docs/user_guide/basics.html
How does the pipe method route the DataFrame to the argument specified in the tuple?,"The pipe method routes the DataFrame to the first argument in the tuple, which is the function specified (in this case, sm.ols), and uses the second argument as its second argument.",https://pandas.pydata.org/docs/user_guide/basics.html
What is the purpose of assigning a new column ln_h to the DataFrame bb?,"The new column ln_h is assigned using a lambda function that takes the natural logarithm of the h column, which is used in the regression model as an independent variable.",https://pandas.pydata.org/docs/user_guide/basics.html
What is the number of observations in the dataset?,The number of observations in the dataset is 68.,https://pandas.pydata.org/docs/user_guide/basics.html
What is the value of the Durbin-Watson statistic?,The value of the Durbin-Watson statistic is 1.999.,https://pandas.pydata.org/docs/user_guide/basics.html
Is there evidence of non-normality in the residuals based on the Omnibus test?,"Yes, there is evidence of non-normality in the residuals based on the Omnibus test (Prob(Omnibus): 0.004).",https://pandas.pydata.org/docs/user_guide/basics.html
What does a large condition number (1.49e+07) indicate about the dataset?,A large condition number (1.49e+07) might indicate that there are strong multicollinearity or other numerical problems in the dataset.,https://pandas.pydata.org/docs/user_guide/basics.html
Is there evidence of skewness in the residuals based on the Jarque-Bera test?,"Yes, there is evidence of skewness in the residuals based on the Jarque-Bera test (Prob(JB): 0.000175).",https://pandas.pydata.org/docs/user_guide/basics.html
What is the purpose of the pipe method in pandas?,"The pipe method is inspired by unix pipes and more recently dplyr and magrittr, which have introduced the popular (%>% read pipe) operator for R.",https://pandas.pydata.org/docs/user_guide/basics.html
How can arbitrary functions be applied to a DataFrame using the apply() method?,"Arbitrary functions can be applied along the axes of a DataFrame using the apply() method, which takes an optional axis argument.",https://pandas.pydata.org/docs/user_guide/basics.html
What is the effect of setting axis=1 in the apply() method when calculating the mean?,Setting axis=1 calculates the mean along the columns of the DataFrame.,https://pandas.pydata.org/docs/user_guide/basics.html
How can the max and min values be calculated for each row or column using the apply() method?,The max and min values can be calculated by applying the max() and min() functions to each row or column using the apply() method with a lambda function.,https://pandas.pydata.org/docs/user_guide/basics.html
What is dispatched when passing a string method name to the apply() method?,"When passing a string method name, such as 'mean', to the apply() method, it will dispatch on that method and calculate the mean of each column or row.",https://pandas.pydata.org/docs/user_guide/basics.html
What is the default behavior of DataFrame.apply when the applied function returns a Series?,"The final output is a DataFrame, and the columns match the index of the Series returned by the applied function.",https://pandas.pydata.org/docs/user_guide/basics.html
How do you override the default behavior of DataFrame.apply to determine how list-likes return values expand?,"You can use the result_type parameter, which accepts three options: reduce, broadcast, and expand.",https://pandas.pydata.org/docs/user_guide/basics.html
What is an example use case for applying a function to extract information from a DataFrame?,You can use apply with a lambda function that uses methods like idxmax to find the date where the maximum value for each column occurred.,https://pandas.pydata.org/docs/user_guide/basics.html
Can you pass additional arguments and keyword arguments to the apply method of a DataFrame?,"Yes, you can pass additional arguments and keyword arguments to the apply method by defining a function with those parameters.",https://pandas.pydata.org/docs/user_guide/basics.html
What is the data type of the output in the example where tsdf.apply(lambda x: x.idxmax()) is used?,The output data type is datetime64[us].,https://pandas.pydata.org/docs/user_guide/basics.html
What is the result of applying the `subtract_and_divide` function to a DataFrame with the value 5?,The result is a DataFrame where each element is the result of subtracting and then dividing by 3.,https://pandas.pydata.org/docs/user_guide/basics.html
How are NaN values inserted into the 'tsdf' DataFrame in In [158]?,NaN values are inserted into the specified rows (rows 3 to 7) using `np.nan`.,https://pandas.pydata.org/docs/user_guide/basics.html
What is being applied to each column of the 'tsdf' DataFrame in In [160]?,The `pd.Series` function is being applied to each column of the 'tsdf' DataFrame.,https://pandas.pydata.org/docs/user_guide/basics.html
How are the columns of the 'tsdf' DataFrame indexed?,"The columns are indexed by the letters 'A', 'B', and 'C'.",https://pandas.pydata.org/docs/user_guide/basics.html
What is the data type of the values in the 'tsdf' DataFrame?,"The data type of the values in the 'tsdf' DataFrame is float, as shown by the use of `np.random.randn` to generate random numbers.",https://pandas.pydata.org/docs/user_guide/basics.html
What is the default value of the 'raw' argument in the apply() function?,The default value of the 'raw' argument in the apply() function is False.,https://pandas.pydata.org/docs/user_guide/basics.html
What type of object does the passed function receive when 'raw' is set to True in the apply() function?,"When 'raw' is set to True, the passed function receives an ndarray object.",https://pandas.pydata.org/docs/user_guide/basics.html
What is the entry point for aggregation operations in pandas objects?,The entry points for aggregation operations are DataFrame.aggregate() and DataFrame.agg().,https://pandas.pydata.org/docs/user_guide/basics.html
How does setting 'raw' to True in the apply() function affect performance?,Setting 'raw' to True has positive performance implications if you do not need the indexing functionality.,https://pandas.pydata.org/docs/user_guide/basics.html
What API allows one to express possibly multiple aggregation operations in a single concise way?,The aggregation API allows one to express possibly multiple aggregation operations in a single concise way.,https://pandas.pydata.org/docs/user_guide/basics.html
What type of data is represented by NaN?,NaN represents missing or undefined values.,https://pandas.pydata.org/docs/user_guide/basics.html
How do you aggregate a DataFrame using the agg() method with a single function?,"You can pass a lambda function, such as np.sum(x), to the agg() method. Alternatively, you can pass a string representing the aggregation function, like 'sum'.",https://pandas.pydata.org/docs/user_guide/basics.html
What is the output type when aggregating a DataFrame with multiple functions using the agg() method?,The output will be a DataFrame where each row represents the result of one of the passed aggregation functions.,https://pandas.pydata.org/docs/user_guide/basics.html
How do you apply a single aggregation function to a Series in pandas?,"You can use the agg() method directly on the Series, passing the aggregation function as an argument, like tsdf['A'].agg('sum').",https://pandas.pydata.org/docs/user_guide/basics.html
What is the difference between passing multiple functions as separate arguments and passing them as a list to the agg() method?,"Passing multiple functions as separate arguments will return a Series with each function's result, while passing them as a list will return a DataFrame where each row represents one of the passed functions' results.",https://pandas.pydata.org/docs/user_guide/basics.html
What is the default behavior when passing multiple functions to the agg method on a DataFrame?,Multiple functions yield multiple rows in the resulting DataFrame.,https://pandas.pydata.org/docs/user_guide/basics.html
How does the output change if you pass a lambda function as an aggregator?,The output will contain a row named after the lambda function with its corresponding result.,https://pandas.pydata.org/docs/user_guide/basics.html
What is the effect of passing a dictionary to the agg method on a DataFrame?,"It allows customizing which functions are applied to which columns, but does not guarantee any particular order in the results.",https://pandas.pydata.org/docs/user_guide/basics.html
How do you pass multiple aggregators to the agg method when working with a Series?,"You can pass them as a list of strings or function names, and they will return a Series indexed by the aggregator names.",https://pandas.pydata.org/docs/user_guide/basics.html
What type of output do you get if you pass a list-like to the agg method on a DataFrame?,A matrix-like output of all unique functions in a DataFrame format.,https://pandas.pydata.org/docs/user_guide/basics.html
What is the effect of using NaN values in a pandas DataFrame?,NaN values will be used when a particular column is not noted for that value.,https://pandas.pydata.org/docs/user_guide/basics.html
How can you create a custom describe function using .agg() method?,"You can easily create a custom describe function by using the .agg() method and specifying multiple operations at once, similar to the built-in describe function.",https://pandas.pydata.org/docs/user_guide/basics.html
What is the purpose of the partial function in this context?,"The partial function is used to create a new function with some arguments already set, allowing for more concise code when creating custom functions like q_25 and q_75.",https://pandas.pydata.org/docs/user_guide/basics.html
How does the transform() method differ from .agg()?,"The transform() method returns an object of the same size as the original DataFrame, allowing multiple operations to be performed at once, whereas .agg() aggregates values into a new DataFrame.",https://pandas.pydata.org/docs/user_guide/basics.html
What is the output format of the .transform() method?,The .transform() method returns an object that is indexed the same (same size) as the original DataFrame.,https://pandas.pydata.org/docs/user_guide/basics.html
What is the date range used to create the DataFrame?,The date range used is '1/1/2000' for 10 periods.,https://pandas.pydata.org/docs/user_guide/basics.html
How many rows are selected using iloc in In [183]?,3 to 7 rows are selected.,https://pandas.pydata.org/docs/user_guide/basics.html
What function is applied to the DataFrame in In [185]?,"The np.abs function is applied, which takes the absolute value of each element.",https://pandas.pydata.org/docs/user_guide/basics.html
Why do some values in the DataFrame appear as NaN?,These values appear as NaN because they were set to missing using np.nan.,https://pandas.pydata.org/docs/user_guide/basics.html
What is the effect of applying transform with np.abs on a column containing negative numbers?,"It converts all negative numbers to positive numbers, replacing their absolute value.",https://pandas.pydata.org/docs/user_guide/basics.html
What does the `abs` function do in the given code?,The `abs` function returns the absolute value of each element in the DataFrame.,https://pandas.pydata.org/docs/user_guide/basics.html
How many rows are there in the original DataFrame?,"There are 10 rows in the original DataFrame, from January 1 to January 10.",https://pandas.pydata.org/docs/user_guide/basics.html
What happens when you apply the `abs` function using the `.transform()` method with a lambda function?,"It applies the absolute value transformation to each element in the DataFrame, similar to applying it as a ufunc directly.",https://pandas.pydata.org/docs/user_guide/basics.html
Why are there NaN values in the original DataFrame for certain dates?,The NaN values indicate missing or undefined data for those specific dates.,https://pandas.pydata.org/docs/user_guide/basics.html
What is the difference between using `.transform()` with a function and applying it as a ufunc directly?,"Both methods achieve the same result, but `.transform()` can be used to apply functions element-wise in a DataFrame, while ufuncs are typically used for array operations.",https://pandas.pydata.org/docs/user_guide/basics.html
What is the output type when passing a single function to `.transform()` with a Series?,A single Series will be returned.,https://pandas.pydata.org/docs/user_guide/basics.html
How do NaN values behave in the output of `.transform()` when using the `np.abs` function?,"NaN values remain unchanged and are not replaced by any value, including 0.",https://pandas.pydata.org/docs/user_guide/basics.html
What is the effect of passing multiple functions to `.transform()` compared to a single function?,Passing multiple functions yields a column MultiIndexed DataFrame instead of a single Series.,https://pandas.pydata.org/docs/user_guide/basics.html
How are the original frame column names represented in the output when using multiple transforming functions?,The original frame column names become the first level of the MultiIndex.,https://pandas.pydata.org/docs/user_guide/basics.html
What is the frequency (Freq) of the resulting Series after applying the `np.abs` function to a DataFrame column?,"The frequency remains unchanged, which in this case is daily (D).",https://pandas.pydata.org/docs/user_guide/basics.html
What is the effect of passing multiple functions to a Series in pandas?,It yields a DataFrame where the resulting column names are the transforming functions.,https://pandas.pydata.org/docs/user_guide/basics.html
What happens when NaN values occur in the original data?,"They are also present in the transformed data, as shown by the NaN values in the result.",https://pandas.pydata.org/docs/user_guide/basics.html
How can you selectively transform per column using pandas?,By passing a dict of functions to the transform method.,https://pandas.pydata.org/docs/user_guide/basics.html
What is the purpose of the lambda function in this example?,"It adds 1 to each value in its corresponding column, as shown by the transformed data.",https://pandas.pydata.org/docs/user_guide/basics.html
What are the names of the columns in the resulting DataFrame when multiple functions are passed?,"The names of the columns are the same as the transforming functions, which are 'absolute' and '<lambda>'.",https://pandas.pydata.org/docs/user_guide/basics.html
What type of object is returned when passing a dictionary to the transform method?,A MultiIndexed DataFrame.,https://pandas.pydata.org/docs/user_guide/basics.html
How does the transform method handle NaN values in the input data?,NaN values are propagated through the transformation and appear as NaN in the output.,https://pandas.pydata.org/docs/user_guide/basics.html
What type of function can be passed to the map method on a Series or DataFrame?,A Python function taking a single value and returning a single value.,https://pandas.pydata.org/docs/user_guide/basics.html
"How does the transform method handle multiple functions for a single column, like in the example where 'B' is transformed by both lambda x: x + 1 and sqrt?","Multiple functions are applied to each element of the column, with the results appearing in separate rows of the output DataFrame.",https://pandas.pydata.org/docs/user_guide/basics.html
What library is used for numerical computations in this code snippet?,NumPy.,https://pandas.pydata.org/docs/user_guide/basics.html
What does the `map()` function do when applied to a pandas Series?,"The `map()` function applies a given function to each element in the Series, returning a new Series with the results.",https://pandas.pydata.org/docs/user_guide/basics.html
How can you use the `map()` function to 'link' or 'map' values defined by a secondary series?,You can use the `map()` function to easily map values from one series to another by passing the second series as an argument.,https://pandas.pydata.org/docs/user_guide/basics.html
What is the purpose of the `reindex()` method in pandas?,"The `reindex()` method is used to conform the data to match a given set of labels along a particular axis, and it is the fundamental data alignment method in pandas.",https://pandas.pydata.org/docs/user_guide/basics.html
How does the output change when you apply the `map()` function to the entire DataFrame instead of just one column?,"When applying the `map()` function to the entire DataFrame, each column is mapped separately, resulting in a new DataFrame with the mapped values.",https://pandas.pydata.org/docs/user_guide/basics.html
What type of data do the labels 'six' and 'seven' represent when used as keys in the dictionary passed to the `Series` constructor?,The labels 'six' and 'seven' represent string values when used as keys in the dictionary passed to the `Series` constructor.,https://pandas.pydata.org/docs/user_guide/basics.html
What is the effect of calling `reindex` on a pandas Series?,It reorders the existing data to match a new set of labels and inserts missing value (NA) markers in label locations where no data for that label existed.,https://pandas.pydata.org/docs/user_guide/basics.html
Can you provide an example of how to use `reindex` with a DataFrame?,"Yes, it can be done simultaneously reindexing the index and columns, as shown in In [206] and In [207].",https://pandas.pydata.org/docs/user_guide/basics.html
What happens when a label is not contained in the Series or DataFrame?,It appears as NaN (Not a Number) in the result.,https://pandas.pydata.org/docs/user_guide/basics.html
Can Index objects be shared between different pandas objects?,"Yes, they can be shared between Series and DataFrames.",https://pandas.pydata.org/docs/user_guide/basics.html
What is the purpose of specifying `columns` when calling `reindex` on a DataFrame?,"It allows reindexing both the index and columns simultaneously, as shown in In [207].",https://pandas.pydata.org/docs/user_guide/basics.html
What is the result of reindexing a Series with its index?,The result is that the reindexed Series's index is the same Python object as the DataFrame's index.,https://pandas.pydata.org/docs/user_guide/basics.html
How can you specify an axis when calling the reindex method on a DataFrame?,"You can use an 'axis-style' calling convention, where you specify a single labels argument and the axis it applies to.",https://pandas.pydata.org/docs/user_guide/basics.html
What is the effect of reindexing a DataFrame with new column labels?,"The original values in the columns are replaced by NaNs for the missing labels, while values for existing labels remain unchanged.",https://pandas.pydata.org/docs/user_guide/basics.html
Why might it be beneficial to spend time becoming proficient in reindexing operations when writing performance-sensitive code?,"Many operations are faster on pre-aligned data, and sprinkling explicit reindex calls can have an impact when CPU cycles matter.",https://pandas.pydata.org/docs/user_guide/basics.html
What is the purpose of reindexing a DataFrame to align its axes with another object?,"It allows you to take an object and reindex its axes to be labeled the same as another object, which may be useful for various data manipulation tasks.",https://pandas.pydata.org/docs/user_guide/basics.html
What is the purpose of the reindex_like() method?,"The reindex_like() method makes it simpler to perform a common operation, which is to align two DataFrames with each other.",https://pandas.pydata.org/docs/user_guide/basics.html
How does the join argument in the align() method affect the result?,"The join argument determines how the indexes of the two Series are aligned. It can be set to 'outer' (default), 'left', 'right', or 'inner'. Each option takes a different approach to combining the indexes.",https://pandas.pydata.org/docs/user_guide/basics.html
What is returned by the align() method when used on two Series?,"The align() method returns a tuple with both of the reindexed Series. This means that it maintains the original index and values of each Series, even after alignment.",https://pandas.pydata.org/docs/user_guide/basics.html
How can you use the align() method to align two Series with different indexes?,You can use the align() method by passing one Series as the argument to the other Series's align() method. This will reindex the first Series according to the index of the second Series.,https://pandas.pydata.org/docs/user_guide/basics.html
What happens when you try to access a Series using an out-of-bounds index?,"When you try to access a Series with an out-of-bounds index, it raises a KeyError and returns NaN for the corresponding value in the result.",https://pandas.pydata.org/docs/user_guide/basics.html
What is the default behavior of the join method when applied to DataFrames?,The join method will be applied to both the index and the columns by default.,https://pandas.pydata.org/docs/user_guide/basics.html
How can you specify which axis to align on using the align method?,"You can pass an axis option, where 0 specifies alignment on the index and 1 specifies alignment on the columns.",https://pandas.pydata.org/docs/user_guide/basics.html
What is the result of calling DataFrame.align() with a Series passed as an argument?,You can choose to align both objects either on the DataFrame’s index or columns using the axis argument.,https://pandas.pydata.org/docs/user_guide/basics.html
What happens when you call DataFrame.align() with join='left'?,NaN values are inserted in the resulting Series where there is no match in the other Series.,https://pandas.pydata.org/docs/user_guide/basics.html
What is the effect of passing axis=0 to DataFrame.align() with a Series passed as an argument?,"The alignment occurs on the index of the DataFrame, resulting in a new DataFrame with NaN values inserted where necessary.",https://pandas.pydata.org/docs/user_guide/basics.html
What is the purpose of the iloc function in pandas?,The iloc function is used to access a group of rows and columns by integer position(s).,https://pandas.pydata.org/docs/user_guide/basics.html
How does the reindex method handle missing values when reindexing a Series?,"When reindexing a Series, the reindex method fills missing values with NaN by default.",https://pandas.pydata.org/docs/user_guide/basics.html
What are the available filling methods for the reindex method in pandas?,"The available filling methods are ffill (Fill values forward), bfill (Fill values backward), and nearest (Fill from the nearest index value).",https://pandas.pydata.org/docs/user_guide/basics.html
How can you use the iloc function to select a subset of rows from a Series?,"You can use the iloc function with a list of integer positions, like ts.iloc[[0, 3, 6]].",https://pandas.pydata.org/docs/user_guide/basics.html
What is the effect of reindexing a Series with a new index that has different frequencies than the original index?,"The result will have the frequency of the new index, which in this case is 3 days (3D).",https://pandas.pydata.org/docs/user_guide/basics.html
What method was used to reindex ts2 in In [234]?,The 'bfill' method was used.,https://pandas.pydata.org/docs/user_guide/basics.html
What happens if reindex() is called with a non-monotonically increasing or decreasing index?,reindex() will raise a ValueError.,https://pandas.pydata.org/docs/user_guide/basics.html
How does the result of using 'ffill' compare to using 'bfill' in this context?,"The same result could have been achieved, except for when method='nearest'.",https://pandas.pydata.org/docs/user_guide/basics.html
What is the effect of calling reindex() with no specified method?,It will default to reindexing without any interpolation.,https://pandas.pydata.org/docs/user_guide/basics.html
Which methods do not perform checks on the order of the index?,fillna() and interpolate() do not perform these checks.,https://pandas.pydata.org/docs/user_guide/basics.html
What is the purpose of the 'limit' argument in the reindex method?,The 'limit' argument specifies the maximum count of consecutive matches.,https://pandas.pydata.org/docs/user_guide/basics.html
How does the 'tolerance' argument differ from the 'limit' argument in the reindex method?,"The 'tolerance' argument specifies the maximum distance between the index and indexer values, whereas 'limit' specifies the maximum count of consecutive matches.",https://pandas.pydata.org/docs/user_guide/basics.html
What happens when using the 'tolerance' argument with a DatetimeIndex or PeriodIndex?,"When used on a DatetimeIndex, TimedeltaIndex, or PeriodIndex, tolerance will be coerced into a Timedelta if possible.",https://pandas.pydata.org/docs/user_guide/basics.html
How does the drop() function differ from the reindex method?,"The drop() function removes a set of labels from an axis, whereas reindex is used for filling missing values by aligning with another index.",https://pandas.pydata.org/docs/user_guide/basics.html
What is the effect of using 'ffill' as the method in the reindex() function?,"Using 'ffill' as the method fills forward (i.e., copies the value from the previous row) to fill missing values.",https://pandas.pydata.org/docs/user_guide/basics.html
"What is the effect of `drop(['a', 'd'], axis=0)` on the DataFrame?",It removes rows with labels 'a' and 'd' from the DataFrame.,https://pandas.pydata.org/docs/user_guide/basics.html
"How can you achieve the same result as `drop(['a', 'd'], axis=0)` using a different method?","You can use `reindex(df.index.difference(['a', 'd']))` to get the same output.",https://pandas.pydata.org/docs/user_guide/basics.html
What is the purpose of the `rename()` method in pandas?,"It allows you to relabel an axis based on some mapping or an arbitrary function, enabling renaming of labels.",https://pandas.pydata.org/docs/user_guide/basics.html
How can you use a function with `rename()` to rename labels?,You must pass a function that returns a value when called with any of the labels and produces a set of unique values.,https://pandas.pydata.org/docs/user_guide/basics.html
What happens if a label is not included in the mapping passed to `rename()`?,The label is not renamed; it remains unchanged.,https://pandas.pydata.org/docs/user_guide/basics.html
What happens if extra labels are present in the mapping for DataFrame.rename()?,Extra labels don't throw an error.,https://pandas.pydata.org/docs/user_guide/basics.html
How can you specify a single mapper and axis to apply that mapping to using DataFrame.rename()?,"You use an 'axis-style' calling convention, where you specify a single mapper and the axis to apply that mapping to.",https://pandas.pydata.org/docs/user_guide/basics.html
"What is the effect of renaming the index of a DataFrame with multiple columns using df.rename({'a':'apple', 'b':'banana', 'd':'durian'}, axis='index')?","The column labels remain unchanged, but the index labels are renamed.",https://pandas.pydata.org/docs/user_guide/basics.html
How can you rename the name attribute of a Series using rename()?,You pass a scalar or list-like value to the rename method.,https://pandas.pydata.org/docs/user_guide/basics.html
What is the purpose of DataFrame.rename_axis() and Series.rename_axis() methods in pandas?,"They allow specific names of a MultiIndex to be changed, as opposed to changing the labels.",https://pandas.pydata.org/docs/user_guide/basics.html
What is the initial index of the DataFrame in the code snippet?,The initial index of the DataFrame is {'let': 'abc'}.,https://pandas.pydata.org/docs/user_guide/basics.html
How does basic iteration work over a pandas Series versus a DataFrame?,"When iterating over a Series, it produces the values. When iterating over a DataFrame, it produces the column labels.",https://pandas.pydata.org/docs/user_guide/basics.html
What is the purpose of using the iterrows() method in a pandas DataFrame?,"The iterrows() method allows you to iterate over the rows of a DataFrame as (index, Series) pairs.",https://pandas.pydata.org/docs/user_guide/basics.html
How does the items() method differ from basic iteration and iterrows() in pandas DataFrames?,"The items() method allows you to iterate over the (key, value) pairs of a DataFrame, whereas basic iteration produces column labels and iterrows() produces rows as (index, Series) pairs.",https://pandas.pydata.org/docs/user_guide/basics.html
What is the performance implication of using iterrows() in pandas DataFrames?,"Using iterrows() can have performance implications because it converts the rows to Series objects, which can change the dtypes.",https://pandas.pydata.org/docs/user_guide/basics.html
What is generally slow in pandas?,Iterating through pandas objects.,https://pandas.pydata.org/docs/user_guide/basics.html
When should you prefer using a vectorized solution over iterating manually?,"When many operations can be performed using built-in methods or NumPy functions, (boolean) indexing, …",https://pandas.pydata.org/docs/user_guide/basics.html
What is the alternative to iterating over values when applying a function that cannot work on the full DataFrame/Series at once?,Using apply() instead of iterating over the values.,https://pandas.pydata.org/docs/user_guide/basics.html
Why should you never modify something you are iterating over?,"Because it's not guaranteed to work in all cases, and writing to an iterator may have no effect depending on the data types.",https://pandas.pydata.org/docs/user_guide/basics.html
What can be done if iterative manipulations on the values are needed but performance is important?,Consider writing the inner loop with cython or numba.,https://pandas.pydata.org/docs/user_guide/basics.html
What does the `iterrows()` method return when iterating through a DataFrame?,The `iterrows()` method returns an iterator yielding each index value along with a Series containing the data in each row.,https://pandas.pydata.org/docs/user_guide/basics.html
How do you access the values of a row returned by `iterrows()`?,"You can access the values of a row returned by `iterrows()` as a Series, and then use the square bracket notation to access specific values, e.g. `row['column_name']`.",https://pandas.pydata.org/docs/user_guide/basics.html
What is the difference in behavior between `items()` and `iterrows()` when iterating through a DataFrame?,"`items()` iterates through key-value pairs of columns, while `iterrows()` returns an iterator yielding each index value along with a Series containing the data in each row.",https://pandas.pydata.org/docs/user_guide/basics.html
What happens to the dtypes of values in a row returned by `iterrows()`?,"The dtypes of values in a row returned by `iterrows()` are upcasted to the highest common dtype, e.g. if a column contains both integers and floats, all values will be upcasted to floats.",https://pandas.pydata.org/docs/user_guide/basics.html
How do you print the index value and the Series for each row when using `iterrows()`?,"You can use a `for` loop with two variables, one for the index value and one for the Series, e.g. `for row_index, row in df.iterrows(): print(row_index, row, sep='
')`.",https://pandas.pydata.org/docs/user_guide/basics.html
What is the data type of the values returned by iterrows()?,"iterrows() returns Series objects, which do not preserve the original data types.",https://pandas.pydata.org/docs/user_guide/basics.html
How does itertuples() handle column names that are invalid Python identifiers?,"itertuples() renames such column names to positional names if they are invalid Python identifiers, repeated, or start with an underscore.",https://pandas.pydata.org/docs/user_guide/basics.html
What is the main advantage of using itertuples() over iterrows()?,itertuples() preserves the original data types and is generally faster than iterrows().,https://pandas.pydata.org/docs/user_guide/basics.html
How can you create a new DataFrame with transposed rows from an existing one?,"You can use the T attribute, as shown in In [268]: print(df2.T), or create a new DataFrame using iterrows() as shown in In [269]: df2_t = pd.DataFrame({idx: values for idx, values in df2.iterrows()}).",https://pandas.pydata.org/docs/user_guide/basics.html
What happens to column names with more than 255 characters?,Regular tuples are returned instead of namedtuples.,https://pandas.pydata.org/docs/user_guide/basics.html
What is the purpose of the .dt accessor in pandas?,"The .dt accessor enables succinctly returning datetime-like properties for values of a Series, if it is a datetime/period like Series.",https://pandas.pydata.org/docs/user_guide/basics.html
How does the .dt accessor return its results?,"It returns a Series, indexed like the existing Series.",https://pandas.pydata.org/docs/user_guide/basics.html
What type of operations can be performed using the .dt accessor?,"You can access properties such as hour, second, day, and more, and also perform timezone-aware transformations.",https://pandas.pydata.org/docs/user_guide/basics.html
How does the .tz_localize method work with the .dt accessor?,"It localizes a Series to a specific timezone, returning a tz-aware Series.",https://pandas.pydata.org/docs/user_guide/basics.html
Can you chain multiple operations using the .dt accessor?,"Yes, you can chain these types of operations together.",https://pandas.pydata.org/docs/user_guide/basics.html
What is the output of tz_convert('US/Eastern')?,The output is a DatetimeIndex with datetime values in the 'US/Eastern' timezone.,https://pandas.pydata.org/docs/user_guide/basics.html
How does Series.dt.strftime() differ from standard strftime()?,"Series.dt.strftime() supports the same format as standard strftime(), but it is used to format datetime values in pandas Series.",https://pandas.pydata.org/docs/user_guide/basics.html
"What type of index does s = pd.Series(pd.date_range('20130101', periods=4)) create?",The index is a DatetimeIndex.,https://pandas.pydata.org/docs/user_guide/basics.html
How can you access the year component of period dtype using the .dt accessor?,You can use s.dt.year to access the year component.,https://pandas.pydata.org/docs/user_guide/basics.html
"What type of values does s = pd.Series(pd.period_range('20130101', periods=4, freq='D')) contain?",The values are of period[D] dtype.,https://pandas.pydata.org/docs/user_guide/basics.html
What is the frequency of the timedelta_range in this example?,"The frequency of the timedelta_range is 's', which means seconds.",https://pandas.pydata.org/docs/user_guide/basics.html
How many periods are generated by the timedelta_range in this example?,4 periods are generated by the timedelta_range in this example.,https://pandas.pydata.org/docs/user_guide/basics.html
What type of data does the resulting Series have after accessing its dt attribute and days method?,"The resulting Series has an integer64 dtype after accessing its dt attribute and days method, with values ranging from 0 to 3.",https://pandas.pydata.org/docs/user_guide/basics.html
How do you access string processing methods in a pandas Series?,"You can access string processing methods by using the str attribute of the Series, which generally have names matching equivalent built-in string methods.",https://pandas.pydata.org/docs/user_guide/basics.html
What happens if you try to access dt attribute with non-datetime-like values?,Series.dt will raise a TypeError if you try to access it with non-datetime-like values.,https://pandas.pydata.org/docs/user_guide/basics.html
What is the default type for string operations in pandas?,regular expressions,https://pandas.pydata.org/docs/user_guide/basics.html
What is the data type of the 'df' object created in In [299]?,DataFrame,https://pandas.pydata.org/docs/user_guide/basics.html
How many rows does the Series 'one' in the 'df' DataFrame have?,3,https://pandas.pydata.org/docs/user_guide/basics.html
What is the purpose of the 'reindex' method used in In [300]?,to reorder the index and columns of a DataFrame,https://pandas.pydata.org/docs/user_guide/basics.html
How many NaN values are present in the unsorted_df after reindexing?,3,https://pandas.pydata.org/docs/user_guide/basics.html
What is the effect of using `sort_index()` with default parameters?,It sorts the DataFrame by its index in ascending order.,https://pandas.pydata.org/docs/user_guide/basics.html
How does the `ascending` parameter affect sorting when set to `False`?,The resulting sorted DataFrame has indices in descending order.,https://pandas.pydata.org/docs/user_guide/basics.html
What is the purpose of the `axis` parameter in `sort_index()`?,It specifies whether to sort by row index (default) or column index (when set to 1).,https://pandas.pydata.org/docs/user_guide/basics.html
How can you apply a custom sorting function to specific levels of a MultiIndex object using `key`?,You can pass a callable function that takes the index values as input and returns a sorted value.,https://pandas.pydata.org/docs/user_guide/basics.html
What is the effect of passing a `lambda` function with `str.lower()` as the `key` in sorting by level?,"It sorts the levels based on their string representation in lowercase, rather than their original values.",https://pandas.pydata.org/docs/user_guide/basics.html
What is the purpose of the `sort_values()` method in pandas?,The `sort_values()` method is used to sort a Series or DataFrame by its values.,https://pandas.pydata.org/docs/user_guide/basics.html
How can you specify which column(s) to use for sorting a DataFrame using `sort_values()`?,You can use the optional `by` parameter to specify one or more columns to use to determine the sorted order.,https://pandas.pydata.org/docs/user_guide/basics.html
What is the effect of setting `na_position='first'` in the `sort_values()` method on NA values?,NA values are placed first in the sorted result when `na_position='first'`.,https://pandas.pydata.org/docs/user_guide/basics.html
How can you apply a custom function to the values being sorted using the `key` parameter in `sort_values()`?,You can pass a callable function as the value of the `key` parameter to apply it to the values being sorted.,https://pandas.pydata.org/docs/user_guide/basics.html
What is the default behavior for NA values when sorting a Series or DataFrame using `sort_values()`?,NA values are placed last in the sorted result by default.,https://pandas.pydata.org/docs/user_guide/basics.html
What is the purpose of the `key` parameter in the `sort_values` function?,The key parameter is used to apply a custom transformation function to the values being sorted.,https://pandas.pydata.org/docs/user_guide/basics.html
How does the `key` parameter affect sorting when applied to a DataFrame object?,"When applied to a DataFrame, the key parameter is applied per column, so it should still expect a Series and return a Series.",https://pandas.pydata.org/docs/user_guide/basics.html
Can you provide an example of how to use the `by` parameter in the `sort_values` function to sort by index level names?,"Yes, you can pass strings as the `by` parameter that refer to either column or index level names. For example, you can sort by 'second' (index) and 'A' (column).",https://pandas.pydata.org/docs/user_guide/basics.html
What type of object should the key function return when sorting a DataFrame?,The key function should return a Series with the same shape as the input values.,https://pandas.pydata.org/docs/user_guide/basics.html
How does the `key` parameter handle strings in the data being sorted?,"The key function can use string methods, such as `str.lower()`, to transform the strings before sorting.",https://pandas.pydata.org/docs/user_guide/basics.html
What is the default behavior when a string matches both a column name and an index level name in pandas?,"A warning is issued, and the column takes precedence.",https://pandas.pydata.org/docs/user_guide/basics.html
How does the `searchsorted` method of pandas Series work compared to numpy's `searchsorted` function?,"It works similarly, but with additional options like `side` for specifying the search direction.",https://pandas.pydata.org/docs/user_guide/basics.html
What are the methods available in pandas Series for finding the smallest or largest values?,"The `nsmallest()` and `nlargest()` methods can be used to find the smallest or largest n values, which is faster than sorting the entire Series and calling `head(n)` on the result.",https://pandas.pydata.org/docs/user_guide/basics.html
What is the effect of using `sort_values` with a specific column name when there are duplicate values?,"The column takes precedence over the index level name, potentially causing an ambiguity error in future versions.",https://pandas.pydata.org/docs/user_guide/basics.html
How does the order of elements change when calling `sort_values()` on a pandas Series compared to its original order?,The elements are sorted in ascending order by default.,https://pandas.pydata.org/docs/user_guide/basics.html
What are the first three smallest values in column 'a' of DataFrame df?,"The first three smallest values in column 'a' of DataFrame df are -2, -1, and -1.",https://pandas.pydata.org/docs/user_guide/basics.html
How do you get the top 3 largest values in a specific column of a DataFrame using nlargest()?,"You can use the nlargest() method with the column name as an argument to get the top N largest values. For example, df.nlargest(3, 'a') returns the top 3 largest values in column 'a'.",https://pandas.pydata.org/docs/user_guide/basics.html
What is the difference between nsmallest() and nlargest() methods?,"The nsmallest() method returns the N smallest values in a DataFrame, while the nlargest() method returns the N largest values.",https://pandas.pydata.org/docs/user_guide/basics.html
How do you sort a DataFrame by a MultiIndex column?,"You must be explicit about sorting when the column is a MultiIndex and fully specify all levels to sort by using the 'by' parameter. For example, df1.sort_values(by=('a', 'two')) sorts the DataFrame by the second level of the MultiIndex in column 'a'.",https://pandas.pydata.org/docs/user_guide/basics.html
What does the copy() method do on a pandas object?,"The copy() method copies the underlying data of a pandas object, but not the axis indexes, and returns a new object.",https://pandas.pydata.org/docs/user_guide/basics.html
What are some ways to alter a DataFrame in-place?,"There are only a handful of ways to alter a DataFrame in-place, including inserting, deleting, or modifying a column, assigning to the index or columns attributes, and directly modifying values via the values attribute or advanced indexing.",https://pandas.pydata.org/docs/user_guide/basics.html
Does pandas modify data when using its methods?,"No, almost every pandas method returns a new object, leaving the original object untouched. Data is modified only if you do so explicitly.",https://pandas.pydata.org/docs/user_guide/basics.html
What types of dtypes does NumPy support?,"NumPy supports float, int, bool, timedelta64[ns], and datetime64[ns] datatypes.",https://pandas.pydata.org/docs/user_guide/basics.html
How does pandas extend NumPy's type system?,pandas internally extends NumPy's type system in a few places. This is described in the Extension types section.,https://pandas.pydata.org/docs/user_guide/basics.html
What can be specified as dtype arguments for methods requiring them?,"Strings can be specified as indicated, but see the respective documentation sections for more on each type.",https://pandas.pydata.org/docs/user_guide/basics.html
What is the pandas library's recommended way to store strings?,"The recommended way to store strings in pandas is using StringDtype, which is a dedicated data type for storing strings.",https://pandas.pydata.org/docs/user_guide/basics.html
How can arbitrary objects be stored in a pandas DataFrame?,"Arbitrary objects may be stored using the object dtype, but it's generally recommended to avoid this for performance and interoperability reasons.",https://pandas.pydata.org/docs/user_guide/basics.html
What is the purpose of the dtypes attribute in a pandas DataFrame?,The dtypes attribute returns a Series with the data type of each column in the DataFrame.,https://pandas.pydata.org/docs/user_guide/basics.html
How many ways does pandas have to store strings?,Pandas has two ways to store strings: object dtype and StringDtype.,https://pandas.pydata.org/docs/user_guide/basics.html
What is the main reason for avoiding storing arbitrary objects using the object dtype?,The main reasons for avoiding this are performance and interoperability with other libraries and methods.,https://pandas.pydata.org/docs/user_guide/basics.html
What is the data type of column 'A' in the DataFrame dft?,The data type of column 'A' in the DataFrame dft is float64.,https://pandas.pydata.org/docs/user_guide/basics.html
How does pandas handle mixed data types in a single column?,"If a pandas object contains data with multiple dtypes in a single column, the dtype of the column will be chosen to accommodate all of the data types (object is the most general).",https://pandas.pydata.org/docs/user_guide/basics.html
What happens when you create a Series with both integer and string values?,"When creating a Series with both integer and string values, pandas will force an 'object' dtype.",https://pandas.pydata.org/docs/user_guide/basics.html
How can you find the number of columns of each type in a DataFrame?,You can find the number of columns of each type in a DataFrame by calling DataFrame.dtypes.value_counts().,https://pandas.pydata.org/docs/user_guide/basics.html
What is the data type of column 'E' in the DataFrame dft?,The data type of column 'E' in the DataFrame dft is float32.,https://pandas.pydata.org/docs/user_guide/basics.html
What does the value_counts() function return?,It returns a Series containing counts of unique values in each column.,https://pandas.pydata.org/docs/user_guide/basics.html
Can numeric dtypes be combined when propagating through DataFrame operations?,"No, different numeric dtypes will not be combined.",https://pandas.pydata.org/docs/user_guide/basics.html
What is the data type of column 'A' in df1?,The data type of column 'A' in df1 is float64.,https://pandas.pydata.org/docs/user_guide/basics.html
How does passing a dtype affect DataFrame operations?,It preserves the specified dtype in DataFrame operations.,https://pandas.pydata.org/docs/user_guide/basics.html
What is the range of values for uint8 data type?,"The range of values for uint8 data type is [0, 255].",https://pandas.pydata.org/docs/user_guide/basics.html
What is the default integer type for pandas?,"The default integer type for pandas is int64, regardless of platform (32-bit or 64-bit).",https://pandas.pydata.org/docs/user_guide/basics.html
How does pandas choose the type when creating a DataFrame from a list of integers?,"pandas will choose the platform-dependent types when creating arrays. On a 32-bit platform, it may result in int32.",https://pandas.pydata.org/docs/user_guide/basics.html
What happens to types when combined with other types in a DataFrame?,"Types can potentially be upcasted when combined with other types, meaning they are promoted from the current type (e.g. int to float).",https://pandas.pydata.org/docs/user_guide/basics.html
How does the dtypes attribute of a DataFrame behave when it contains mixed data types?,"The dtypes attribute will return the lower-common-denominator of the dtypes, which is the dtype that can accommodate ALL of the types in the resulting homogeneous dtyped NumPy array.",https://pandas.pydata.org/docs/user_guide/basics.html
What type does the dtypes attribute of a DataFrame return after performing operations like reindex_like and fillna?,"After performing operations like reindex_like and fillna, the dtypes attribute may change to accommodate the new data types. For example, in this case it changed from int64 to float64.",https://pandas.pydata.org/docs/user_guide/basics.html
What is the default behavior when using astype() if the dtype was unchanged?,"These will by default return a copy, even if the dtype was unchanged.",https://pandas.pydata.org/docs/user_guide/basics.html
What happens if two different dtypes are involved in an operation?,Then the more general one will be used as the result of the operation.,https://pandas.pydata.org/docs/user_guide/basics.html
How can you change the behavior of astype() to not return a copy when the dtype is unchanged?,By passing copy=False to the astype() method.,https://pandas.pydata.org/docs/user_guide/basics.html
"What type are columns A, B, and C in the original df3 DataFrame?",They are float64 type.,https://pandas.pydata.org/docs/user_guide/basics.html
How can you convert a subset of columns to a specified type using astype()?,By passing the column names as an array within the square brackets before calling astype().,https://pandas.pydata.org/docs/user_guide/basics.html
What is the initial data type of column 'a' in the DataFrame dft1?,The initial data type of column 'a' in the DataFrame dft1 is uint8.,https://pandas.pydata.org/docs/user_guide/basics.html
How do you convert a subset of columns to a specified type using astype() and loc()?,"Upcasting occurs when trying to convert a subset of columns to a specified type using astype() and loc(). The dtypes of the columns being assigned are tried to fit in, while [] will overwrite them taking the dtype from the right-hand side.",https://pandas.pydata.org/docs/user_guide/basics.html
What is the result of converting column 'c' to float64 in the DataFrame dft1?,"The result of converting column 'c' to float64 in the DataFrame dft1 is that it becomes a float64 data type, as shown by dtypes.",https://pandas.pydata.org/docs/user_guide/basics.html
What happens when you use loc() with astype() on a subset of columns and then assign the result back to the same columns?,"The dtypes of the original columns are not changed. The assignment operation overwrites the values, but does not change their data types.",https://pandas.pydata.org/docs/user_guide/basics.html
What is the purpose of pandas' functions for converting object dtype to other types?,These functions attempt to force conversion of types from the object dtype to other types.,https://pandas.pydata.org/docs/user_guide/basics.html
What is the purpose of `DataFrame.infer_objects()` and `Series.infer_objects()` methods?,The `infer_objects()` methods are used to soft convert data in an object array to the correct type.,https://pandas.pydata.org/docs/user_guide/basics.html
How does the transposition of a DataFrame affect the inference of its columns' types?,"When a DataFrame is transposed, the original inference stored all columns as object. However, `infer_objects()` will correct this and infer the correct types for each column.",https://pandas.pydata.org/docs/user_guide/basics.html
What is the difference between hard conversion and soft conversion in pandas?,"Hard conversion involves explicitly converting data to a specified type using functions like `to_numeric()`, while soft conversion uses methods like `infer_objects()` to automatically infer the correct types.",https://pandas.pydata.org/docs/user_guide/basics.html
"How does the `to_numeric()` function handle mixed-type input, such as strings and integers?","The `to_numeric()` function attempts to convert all elements in the array to numeric types. Strings are converted to their corresponding numeric values (e.g., '1' becomes 1).",https://pandas.pydata.org/docs/user_guide/basics.html
"What is the output of `pd.to_datetime(['2016-07-09', datetime.datetime(2016, 3, 2)])`?",The output is a DatetimeIndex object containing two datetime values: '2016-07-09' and '2016-03-02'.,https://pandas.pydata.org/docs/user_guide/basics.html
What is the default behavior when converting elements to a desired dtype or object using `to_timedelta`?,Any errors encountered will be raised during the conversion process.,https://pandas.pydata.org/docs/user_guide/basics.html
What happens to problematic elements when `errors='coerce'` in the `to_datetime` function?,These elements are ignored and converted to NaT (for datetime) or np.nan (for numeric).,https://pandas.pydata.org/docs/user_guide/basics.html
"What is the output of `pd.to_numeric([""apple"", 2, 3], errors='coerce')`?",An array with nan as the first element and 2.0 and 3.0 as the second and third elements.,https://pandas.pydata.org/docs/user_guide/basics.html
"What is the output of `pd.to_datetime(['apple', datetime.datetime(2016, 3, 2)], errors='coerce')`?",A DatetimeIndex with 'NaT' and '2016-03-02' as its elements.,https://pandas.pydata.org/docs/user_guide/basics.html
What is the output of `pd.to_timedelta('1day')`?,A TimedeltaIndex with '0 days 00:00:00.000005' and '1 days 00:00:00' as its elements.,https://pandas.pydata.org/docs/user_guide/basics.html
What is the default behavior of `to_numeric()` when encountering non-numeric values?,"The default behavior is to raise an error, but this can be changed with the `errors` argument.",https://pandas.pydata.org/docs/user_guide/basics.html
What is the effect of setting `downcast='integer'` in `pd.to_numeric()`?,"It downcasts the numeric data to the smallest signed integer dtype, which is int8.",https://pandas.pydata.org/docs/user_guide/basics.html
Can `to_numeric()` be used directly on multi-dimensional objects like DataFrames?,"No, it can only be applied to one-dimensional arrays, lists or scalars. However, you can use the `apply()` method to apply it over each column.",https://pandas.pydata.org/docs/user_guide/basics.html
What is the smallest float dtype that can result from using `downcast='float'` in `pd.to_numeric()`?,The smallest float dtype is float32.,https://pandas.pydata.org/docs/user_guide/basics.html
How does `pd.apply(pd.to_datetime)` work on a DataFrame with object-type columns?,"It applies the `to_datetime()` function to each column of the DataFrame, converting them to datetime type.",https://pandas.pydata.org/docs/user_guide/basics.html
What is the initial data type of the DataFrame `df` in In[412]?,"The initial data type of the DataFrame `df` in In[412] is 'O', which stands for object.",https://pandas.pydata.org/docs/user_guide/basics.html
How does applying `pd.to_numeric` to a DataFrame change its data type?,"Applying `pd.to_numeric` to a DataFrame changes its data type to numeric, but the original data type of the objects in the DataFrame is preserved if no NaNs are introduced.",https://pandas.pydata.org/docs/user_guide/basics.html
What happens when you try to select integer-type data with a selection operation?,"Performing selection operations on integer-type data can easily upcast the data to floating-point numbers, preserving the original dtype of the input data in cases where no NaNs are introduced.",https://pandas.pydata.org/docs/user_guide/basics.html
How does changing the data type of a DataFrame using `astype` affect its dtypes?,"Changing the data type of a DataFrame using `astype` changes the dtypes of all columns to the specified type, as shown in In[420].",https://pandas.pydata.org/docs/user_guide/basics.html
What is the effect of copying a DataFrame using `copy()` on its dtypes?,"Copying a DataFrame using `copy()` does not change its dtypes, as demonstrated in In[425] where the dtypes remain the same after assigning a value to one of its columns.",https://pandas.pydata.org/docs/user_guide/basics.html
What is the data type of column 'A' in the original DataFrame?,The data type of column 'A' in the original DataFrame is float32.,https://pandas.pydata.org/docs/user_guide/basics.html
How many columns have a data type of float64 after casting to float32?,"After casting, there are two columns ('B' and 'C') with a data type of float64.",https://pandas.pydata.org/docs/user_guide/basics.html
What is the purpose of using the select_dtypes() method in pandas?,The select_dtypes() method is used to subset columns based on their data types.,https://pandas.pydata.org/docs/user_guide/basics.html
How many unique data types are present in the DataFrame created with various dtypes?,"There are 9 unique data types present in the DataFrame: string, int64, uint8, float64, bool1, bool2, dates, category, and uint64.",https://pandas.pydata.org/docs/user_guide/basics.html
What is the result of subtracting consecutive dates from each other using the diff() method?,The result of subtracting consecutive dates from each other is stored in a new column 'tdeltas'.,https://pandas.pydata.org/docs/user_guide/basics.html
What is the data type of the 'other_dates' column?,The 'other_dates' column has a data type of datetime64[us],https://pandas.pydata.org/docs/user_guide/basics.html
How do you select columns with specific dtypes using select_dtypes()?,"You can use the include parameter to specify the dtypes, for example: df.select_dtypes(include=['bool'])",https://pandas.pydata.org/docs/user_guide/basics.html
Can you give an example of selecting bool columns using select_dtypes()?,"Yes, you can pass a list of dtypes or their names to the include parameter, like this: df.select_dtypes(include=[bool])",https://pandas.pydata.org/docs/user_guide/basics.html
What is the output when calling select_dtypes() with no arguments?,"The function returns all columns in the DataFrame, which are listed by name and data type.",https://pandas.pydata.org/docs/user_guide/basics.html
Can you pass a generic dtype to the include parameter of select_dtypes()?,"Yes, you can use the name of a dtype in the NumPy dtype hierarchy, for example: df.select_dtypes(include=['bool'])",https://pandas.pydata.org/docs/user_guide/basics.html
What is the syntax to select numeric and boolean columns while excluding unsigned integers in pandas?,"The syntax is `df.select_dtypes(include=['number', 'bool'], exclude=['unsignedinteger'])`.",https://pandas.pydata.org/docs/user_guide/basics.html
How has the way pandas stores strings changed between versions 2.x and 3.0?,"In version 3.0, strings are stored in `string` dtype columns, whereas previously they were stored in `object` dtype columns.",https://pandas.pydata.org/docs/user_guide/basics.html
What is the purpose of the function `subdtypes` defined in the code snippet?,The function `subdtypes` returns a tree of child dtypes for a given generic dtype like `numpy.number`. It recursively finds all subclasses of the input dtype.,https://pandas.pydata.org/docs/user_guide/basics.html
What is the superclass of all NumPy dtypes?,All NumPy dtypes are subclasses of `numpy.generic`.,https://pandas.pydata.org/docs/user_guide/basics.html
"How can you select string columns in pandas, given that they are stored in a specific dtype in version 3.0?",You can select string columns by using the syntax `df.select_dtypes(include=['str'])`.,https://pandas.pydata.org/docs/user_guide/basics.html
What is the type of numpy.timedelta64?,numpy.timedelta64 is an unsigned integer type.,https://pandas.pydata.org/docs/user_guide/basics.html
Which NumPy types are not integrated into the normal hierarchy and won't show up with a function that displays the above structure?,"The types category and datetime64[ns, tz] are not integrated into the normal hierarchy.",https://pandas.pydata.org/docs/user_guide/basics.html
"What is the relationship between numpy.number and the following types: int8, uint16, float32?","numpy.number is a parent type of int8, uint16, and float32.",https://pandas.pydata.org/docs/user_guide/basics.html
Which NumPy type represents boolean values?,The numpy.bool type represents boolean values.,https://pandas.pydata.org/docs/user_guide/basics.html
What are the types that belong to the numpy.flexible category?,numpy.character (including bytes_ and str_) and numpy.void (including record) belong to the numpy.flexible category.,https://pandas.pydata.org/docs/user_guide/basics.html
What is a categorical variable in statistics?,"A categorical variable takes on a limited, and usually fixed, number of possible values (categories; levels in R). Examples are gender, social class, blood type, country affiliation, observation time or rating via Likert scales.",https://pandas.pydata.org/docs/user_guide/categorical.html
How does the order of categorical data work?,"Order is defined by the order of categories, not lexical order of the values. This means that sorting and min/max operations will use the logical order instead of the lexical order.",https://pandas.pydata.org/docs/user_guide/categorical.html
What are the characteristics of numerical operations on categorical data?,"Numerical operations (additions, divisions, …) are not possible with categorical data.",https://pandas.pydata.org/docs/user_guide/categorical.html
How is categorical data internally represented in pandas?,"Internally, the data structure consists of a categories array and an integer array of codes which point to the real value in the categories array.",https://pandas.pydata.org/docs/user_guide/categorical.html
What are some use cases for converting a string variable to a categorical variable?,"Converting a string variable to a categorical variable will save some memory, especially when the variable consists of only a few different values. It also allows specifying an order on the categories, which can be useful when sorting and min/max operations should use the logical order instead of the lexical order.",https://pandas.pydata.org/docs/user_guide/categorical.html
What is the purpose of specifying dtype='category' when constructing a Series?,"It signals to other Python libraries that this column should be treated as a categorical variable, allowing for suitable statistical methods or plot types.",https://pandas.pydata.org/docs/user_guide/categorical.html
How can an existing Series or column be converted to a category dtype?,By using the astype('category') method on the Series or column.,https://pandas.pydata.org/docs/user_guide/categorical.html
What is the effect of passing a pandas.Categorical object to a Series or assigning it to a DataFrame?,It creates a categorical variable in the Series or assigns it as a categorical column in the DataFrame.,https://pandas.pydata.org/docs/user_guide/categorical.html
How does the cut() function group data into discrete bins?,"It groups data into discrete bins by dividing the range of values into equal intervals, specified by the 'range' parameter.",https://pandas.pydata.org/docs/user_guide/categorical.html
What is the difference between right=False and right=True in the cut() function?,"right=False means that the upper bound of each interval is excluded, while right=True includes it.",https://pandas.pydata.org/docs/user_guide/categorical.html
What is the data type of the 'B' column in the DataFrame after assigning it to a categorical series?,The data type of the 'B' column in the DataFrame after assigning it to a categorical series is category.,https://pandas.pydata.org/docs/user_guide/categorical.html
How can all columns in a DataFrame be batch converted to categorical during construction?,"All columns in a DataFrame can be batch converted to categorical during construction by specifying dtype=""category"" in the DataFrame constructor.",https://pandas.pydata.org/docs/user_guide/categorical.html
What is the result of assigning a pandas Series with categorical data to a column in a DataFrame?,The result is that the column in the DataFrame will have a category data type and display the categorical values.,https://pandas.pydata.org/docs/user_guide/categorical.html
How can you create a DataFrame where all columns are categorical during construction?,"You can specify dtype=""category"" when creating the DataFrame, like this: pd.DataFrame({""A"": list(""abca"")}, ""B"": list(""bccd"")}, dtype=""category"").",https://pandas.pydata.org/docs/user_guide/categorical.html
What is the data type of a column in a DataFrame if it is created with categorical values?,The data type of a column in a DataFrame that is created with categorical values will be category.,https://pandas.pydata.org/docs/user_guide/categorical.html
How are categories inferred when converting a column to categorical data type?,Categories are inferred from the existing data in the column. This means that only labels present in the given column are considered as categories.,https://pandas.pydata.org/docs/user_guide/categorical.html
What is the difference between passing 'category' and an instance of CategoricalDtype when converting a column to categorical data type?,"Passing 'category' uses the default behavior, which infers categories from the data and assumes they are unordered. Using an instance of CategoricalDtype allows controlling these behaviors.",https://pandas.pydata.org/docs/user_guide/categorical.html
How can all columns in an existing DataFrame be batch converted to categorical data type?,All columns in an existing DataFrame can be batch converted using DataFrame.astype().,https://pandas.pydata.org/docs/user_guide/categorical.html
What is the effect of using df.astype('category') on a DataFrame with mixed data types?,"This conversion is done column by column, so only labels present in a given column are categories.",https://pandas.pydata.org/docs/user_guide/categorical.html
What is the data type of the 's_cat' Series?,"The data type of the 's_cat' Series is category, with categories ['b', 'c', 'd'] and ordered as True.",https://pandas.pydata.org/docs/user_guide/categorical.html
How are categories determined when performing table-wise conversion on a DataFrame?,Categories can be determined programmatically by using pd.unique(df.to_numpy().ravel()).,https://pandas.pydata.org/docs/user_guide/categorical.html
What is the effect of setting 'ordered' as True in CategoricalDtype?,"Setting 'ordered' as True creates an ordered categorical data type, where categories have a specific order.",https://pandas.pydata.org/docs/user_guide/categorical.html
How can you create a CategoricalDtype from codes and categories?,You can use the from_codes() constructor to save the factorize step during normal constructor mode.,https://pandas.pydata.org/docs/user_guide/categorical.html
What is the difference between using astype(CategoricalDtype) on a Series versus a DataFrame?,"Using astype(CategoricalDtype) on a Series creates a categorical Series, while using it on a DataFrame performs table-wise conversion and ensures categories are consistent among all columns.",https://pandas.pydata.org/docs/user_guide/categorical.html
What is the purpose of using `astype(original_dtype)` on a Series?,"To get back to the original data type, either Series or NumPy array.",https://pandas.pydata.org/docs/user_guide/categorical.html
How do you convert a pandas Series to categorical data type?,By calling `astype('category')` on the Series.,https://pandas.pydata.org/docs/user_guide/categorical.html
What is the difference between converting to categorical in pandas and R's factor function?,"In pandas, categories will end up with the same data type as the original values, unlike R's factor function which converts input values to strings.",https://pandas.pydata.org/docs/user_guide/categorical.html
How do you change the categories of an existing Categorical after it has been created?,By using the `categories` argument when creating a pandas.Categorical or by calling `categories` on the existing Categorical and then changing its value.,https://pandas.pydata.org/docs/user_guide/categorical.html
What information is stored in a CategoricalDtype object?,"A sequence of unique values, whether they are ordered, and no missing values.",https://pandas.pydata.org/docs/user_guide/categorical.html
What is the default behavior of CategoricalDtype when no categories are specified?,The default behavior is to have unordered categories equal to the set values present in the array.,https://pandas.pydata.org/docs/user_guide/categorical.html
How do you create a CategoricalDtype with ordered categories?,"You can pass the ordered parameter as True, like this: CategoricalDtype(['a', 'b', 'c'], ordered=True).",https://pandas.pydata.org/docs/user_guide/categorical.html
What is equivalent to using dtype=CategoricalDtype() in pandas?,"Using the string 'category' in place of a CategoricalDtype, like this: dtype='category'.",https://pandas.pydata.org/docs/user_guide/categorical.html
How do you compare two instances of CategoricalDtype for equality?,They compare equal when they have the same categories and order.,https://pandas.pydata.org/docs/user_guide/categorical.html
What is not considered equal between two unordered categoricals?,The order of the categories is not considered equal.,https://pandas.pydata.org/docs/user_guide/categorical.html
What is the default behavior when comparing two CategoricalDtype instances if ordered=False?,"Order is not considered when ordered=False, so two instances with categories in different order are equal.",https://pandas.pydata.org/docs/user_guide/categorical.html
How do you check if a Categorical instance has any missing values?,"You can use the np.nan value to check for missing values, as shown in In [56] where cat contains np.nan.",https://pandas.pydata.org/docs/user_guide/categorical.html
What is the output of describe() when applied to a DataFrame containing categorical data?,"The output will be similar to a Series or DataFrame of type string, showing count, unique, top, and freq for each category.",https://pandas.pydata.org/docs/user_guide/categorical.html
How do you access the categories and ordered property of a Categorical instance?,"You can use the .categories and .ordered attributes, respectively.",https://pandas.pydata.org/docs/user_guide/categorical.html
What is the difference between the dtype of two empty Categorical instances created with different dtypes (object and float)?,The dtype of c2 and c3 are different because they were created with different dtypes.,https://pandas.pydata.org/docs/user_guide/categorical.html
What is the default behavior when creating a pandas Series with categorical data?,The categories and ordering are inferred from the passed arguments if not manually specified.,https://pandas.pydata.org/docs/user_guide/categorical.html
How can you specify custom categories for a pandas Series?,You can pass in the categories as an argument to the Categorical function or constructor.,https://pandas.pydata.org/docs/user_guide/categorical.html
What is the difference between unique() and cat.categories when it comes to returning categories?,"unique() returns categories in the order of appearance, while cat.categories returns them in a specific order (which may not be the same as their order of appearance).",https://pandas.pydata.org/docs/user_guide/categorical.html
How do you create an ordered Categorical data type?,You must explicitly pass ordered=True to indicate an ordered Categorical.,https://pandas.pydata.org/docs/user_guide/categorical.html
What is the default ordering of categories when creating a pandas Series with categorical data?,"The default ordering is False, meaning that new categorical data are not automatically ordered.",https://pandas.pydata.org/docs/user_guide/categorical.html
"What is the result of creating a pandas Series with categories ['a', 'b', 'c', 'd']","The result is a Series with categories (4, str): ['a', 'b', 'c', 'd']",https://pandas.pydata.org/docs/user_guide/categorical.html
How do you rename categories in a pandas Series?,You can use the rename_categories() method to rename categories. This method can be called on the categorical attribute of the Series.,https://pandas.pydata.org/docs/user_guide/categorical.html
What happens if you try to rename categories with non-unique values?,A ValueError is raised because categorical categories must be unique.,https://pandas.pydata.org/docs/user_guide/categorical.html
Can pandas Series categories contain types other than string?,"Yes, in contrast to R's factor, categorical data can have categories of other types than string.",https://pandas.pydata.org/docs/user_guide/categorical.html
What type of value will raise a ValueError when passed to rename_categories()?,NaN or any non-string value that is not unique,https://pandas.pydata.org/docs/user_guide/categorical.html
What is the error message when trying to create a Categorical object with null categories?,The error message is 'ValueError: Categorical categories cannot be null'.,https://pandas.pydata.org/docs/user_guide/categorical.html
How can you append new categories to an existing Categorical object?,"You can use the `add_categories()` method, for example `s.cat.add_categories([4])`.",https://pandas.pydata.org/docs/user_guide/categorical.html
What happens when removing categories using the `remove_categories()` method?,The removed values are replaced by np.nan.,https://pandas.pydata.org/docs/user_guide/categorical.html
How do you remove unused categories from a Categorical object?,"You can use the `remove_unused_categories()` method, for example `s.cat.remove_unused_categories()`.",https://pandas.pydata.org/docs/user_guide/categorical.html
"What is an alternative to removing and adding categories separately, which has some speed advantage?",Using the `set_categories()` method allows you to remove and add new categories in one step.,https://pandas.pydata.org/docs/user_guide/categorical.html
What is the original category list for Series s?,"The original category list for Series s was ['-', 'four', 'one', 'two'].",https://pandas.pydata.org/docs/user_guide/categorical.html
How does setting categories with Categorical.set_categories() work when some categories are omitted or misspelled?,"Categorical.set_categories() cannot know whether some category is omitted intentionally or because it is misspelled, which can result in surprising behavior.",https://pandas.pydata.org/docs/user_guide/categorical.html
"What happens to categorical data if the order of categories has a meaning (i.e., s.cat.ordered == True)?","If categorical data is ordered, then certain operations are possible, such as sorting and finding min/max values.",https://pandas.pydata.org/docs/user_guide/categorical.html
How do you set categorical data to be unordered using pandas?,You can use the as_unordered() method to set categorical data to be unordered.,https://pandas.pydata.org/docs/user_guide/categorical.html
"What is the output of s.cat.as_ordered() when Series s has categories ['a', 'b', 'c'] and ordered == True?",The output will be a new object with categories ['a' < 'b' < 'c'].,https://pandas.pydata.org/docs/user_guide/categorical.html
What is the default behavior when sorting a pandas Series with categorical data?,"Sorting will use the order defined by categories, not any lexical order present on the data type.",https://pandas.pydata.org/docs/user_guide/categorical.html
How do you reorder the categories of a pandas Series without changing its sort order?,You can use the Categorical.reorder_categories() method to reorder the categories while preserving their original order.,https://pandas.pydata.org/docs/user_guide/categorical.html
What is the difference between .cat.set_categories() and .cat.reorder_categories() methods?,".cat.set_categories() allows you to add new categories or remove old ones, whereas .cat.reorder_categories() requires all old categories to be included in the new categories.",https://pandas.pydata.org/docs/user_guide/categorical.html
How do you check the minimum and maximum values of a pandas Series with categorical data?,You can use the min() and max() methods on the Series object.,https://pandas.pydata.org/docs/user_guide/categorical.html
What is the default behavior when creating a pandas Series with categorical data from integers?,"The categories will be ordered based on their numerical values, not their lexical order.",https://pandas.pydata.org/docs/user_guide/categorical.html
What is the effect of reordering categories in a pandas Series?,"Reordering means that the way values are sorted is different afterwards, but not that individual values in the Series are changed.",https://pandas.pydata.org/docs/user_guide/categorical.html
What error will be raised if a Categorical Series is not ordered and min() or max() is called on it?,A TypeError will be raised.,https://pandas.pydata.org/docs/user_guide/categorical.html
How do numeric operations affect a pandas Series with categorical data type?,"Numeric operations like +, -, *, / and operations based on them will raise a TypeError.",https://pandas.pydata.org/docs/user_guide/categorical.html
What is the role of categories in determining the ordering of a categorical column during multi-column sorting?,The ordering of the categorical is determined by the categories of that column.,https://pandas.pydata.org/docs/user_guide/categorical.html
How are individual values in a Series affected when new categories are assigned to it?,"Individual values in the Series remain unchanged, but their order may change due to reordering of categories.",https://pandas.pydata.org/docs/user_guide/categorical.html
What is the default sorting behavior when using `sort_values` on a DataFrame with categorical columns?,"The default sorting behavior depends on the ordering of the categories. If the categories are ordered, the sort will be stable and preserve the original order of equal elements.",https://pandas.pydata.org/docs/user_guide/categorical.html
How can you reorder the categories in a categorical Series?,"You can use the `reorder_categories` method to reorder the categories. For example: `cat.reorder_categories(['a', 'b', 'e'])`. This will change the ordering of the categories and affect future sorts.",https://pandas.pydata.org/docs/user_guide/categorical.html
What happens when comparing two categorical Series with different categories?,Comparing two categorical Series with different categories raises a TypeError because custom categories ordering could be interpreted in two ways: one with taking into account the ordering and one without.,https://pandas.pydata.org/docs/user_guide/categorical.html
How do you create a categorical Series from an existing Series using `astype`?,"You can use the `astype` method to convert a Series to a categorical Series. For example: `pd.Series([1, 2, 3]).astype(CategoricalDtype([3, 2, 1], ordered=True))`. This creates a categorical Series with custom ordering.",https://pandas.pydata.org/docs/user_guide/categorical.html
What is the effect of reordering categories on future sorts?,Reordering categories changes the default sorting behavior and affects future sorts. The new order will be used for all subsequent sorts until the categories are reordered again.,https://pandas.pydata.org/docs/user_guide/categorical.html
What is the effect of setting `ordered=True` when creating a CategoricalDtype?,"The categories will be ordered in ascending order, so [3 < 2 < 1].",https://pandas.pydata.org/docs/user_guide/categorical.html
How does the comparison between two categorical Series with the same categories and ordering work?,It returns True for all elements.,https://pandas.pydata.org/docs/user_guide/categorical.html
What is the result of comparing a categorical Series to a scalar value?,"It returns True if the category matches the scalar, False otherwise.",https://pandas.pydata.org/docs/user_guide/categorical.html
Why does trying to compare two categorical Series with different categories raise an error?,Because Categoricals can only be compared if 'categories' are the same.,https://pandas.pydata.org/docs/user_guide/categorical.html
What is the effect of comparing a categorical Series to a numpy array of integers?,"It returns True for all elements if the category matches each integer, False otherwise.",https://pandas.pydata.org/docs/user_guide/categorical.html
What is the error message when trying to compare a categorical series with a numpy array?,"The error message is 'TypeError: Cannot compare a Categorical for op __gt__ with type <class 'numpy.ndarray'>'. To compare values, use 'np.asarray(cat) <op> other'.",https://pandas.pydata.org/docs/user_guide/categorical.html
What happens when comparing two unordered categoricals with the same categories?,The order is not considered and the comparison returns True for all elements.,https://pandas.pydata.org/docs/user_guide/categorical.html
How does Series.value_counts() handle missing categories in categorical data?,"Series.value_counts() will use all categories, even if some categories are not present in the data.",https://pandas.pydata.org/docs/user_guide/categorical.html
What is the output of comparing two unordered categoricals with different orders using == operator?,The comparison returns an array of True values for all elements.,https://pandas.pydata.org/docs/user_guide/categorical.html
How do DataFrame methods like DataFrame.sum() handle 'unused' categories when observed=False?,DataFrame methods like DataFrame.sum() show 'unused' categories when observed=False.,https://pandas.pydata.org/docs/user_guide/categorical.html
What is the effect of setting `ordered=True` when creating a Categorical object?,"When `ordered=True`, the categories are ordered, and the first category in the list becomes the lowest value.",https://pandas.pydata.org/docs/user_guide/categorical.html
How does the `groupby` method behave when using `observed=False` with a MultiIndex DataFrame?,"It will include all levels of the index in the grouping, even if some categories are not present in each group.",https://pandas.pydata.org/docs/user_guide/categorical.html
What is the result of calling `mean()` on a grouped DataFrame where one category has no values?,The result for that category will be NaN (Not a Number).,https://pandas.pydata.org/docs/user_guide/categorical.html
How does the `groupby` method handle multiple columns when using `observed=False`?,"It will group by all levels of both columns, even if some combinations are not present in the data.",https://pandas.pydata.org/docs/user_guide/categorical.html
What is the effect of creating a PivotTable with a Categorical column that has missing categories?,The PivotTable will include those missing categories as separate rows.,https://pandas.pydata.org/docs/user_guide/categorical.html
What is the effect of using `observed=False` in a pandas pivot table?,Using `observed=False` returns a pivot table with NaN values where there are missing combinations of index and column levels.,https://pandas.pydata.org/docs/user_guide/categorical.html
How does the `.iloc` method behave when slicing a DataFrame that has categorical columns?,"When slicing a DataFrame that has categorical columns, `.iloc` preserves the category dtype if the sliced result is either a `DataFrame` or a column of type `Series`.",https://pandas.pydata.org/docs/user_guide/categorical.html
What happens to the data types of columns when using `.loc` and `.iloc` methods?,"The optimized pandas data access methods `.loc`, `.iloc`, `.at`, and `.iat` work as normal, but only values already in categories can be assigned.",https://pandas.pydata.org/docs/user_guide/categorical.html
What is the difference between `category` and other dtypes when assigning values to a categorical column?,Only values already in categories can be assigned to a categorical column; attempting to assign other values will result in an error.,https://pandas.pydata.org/docs/user_guide/categorical.html
How does the `.dtypes` attribute behave for a sliced DataFrame with categorical columns?,"The `.dtypes` attribute returns the data types of each column, including preserving the category dtype if the sliced result is either a `DataFrame` or a column of type `Series`.",https://pandas.pydata.org/docs/user_guide/categorical.html
What is the data type of the column 'cats' in the DataFrame?,The data type of the column 'cats' is category.,https://pandas.pydata.org/docs/user_guide/categorical.html
How do you access a single value from a categorical Series without losing its category type?,"You can use the loc accessor with a list containing a single index and the column name, like df.loc[[h], 'cats'].",https://pandas.pydata.org/docs/user_guide/categorical.html
What happens when you try to return a single item from categorical data using the iat method?,"The iat method returns the value as an object, not a categorical of length 1.",https://pandas.pydata.org/docs/user_guide/categorical.html
How do you rename the categories of a categorical Series?,"You can use the cat.rename_categories method, like df['cats'].cat.rename_categories(['x', 'y', 'z']).",https://pandas.pydata.org/docs/user_guide/categorical.html
What is the difference in how pandas and R's factor function handle single value access?,"In pandas, accessing a single value from a categorical Series returns a string, whereas in R's factor function, it returns a single value factor.",https://pandas.pydata.org/docs/user_guide/categorical.html
What is the initial value of the 'contains' function on a Series containing strings?,The initial value of the 'contains' function on a Series containing strings is True for some elements and False for others.,https://pandas.pydata.org/docs/user_guide/categorical.html
How many unique elements are there in the date_cat Series after it's converted to category type?,"There are 5 unique elements in the date_cat Series, which corresponds to the number of dates generated by pd.date_range.",https://pandas.pydata.org/docs/user_guide/categorical.html
What is the data type of the returned Series when using .dt.day on a Series of datetime64[us] type?,The data type of the returned Series is int32.,https://pandas.pydata.org/docs/user_guide/categorical.html
"When calling .str.contains() on a Series, what happens to repeated elements in terms of performance impact?",Repeated elements can lead to some performance implications if the number of unique elements is significantly smaller than the length of the Series.,https://pandas.pydata.org/docs/user_guide/categorical.html
"Are the data types and values of ret_s and ret_cat equal after calling .str.contains() on a Series and its category equivalent, respectively?","Yes, they are equal, as shown by the comparison in In [170] and In [171].",https://pandas.pydata.org/docs/user_guide/categorical.html
What is the purpose of converting a Series to category type?,It can be faster to use .str.<method> or .dt.<property> on a categorical Series.,https://pandas.pydata.org/docs/user_guide/categorical.html
How does setting values in a categorical column work?,Setting values works as long as the value is included in the categories.,https://pandas.pydata.org/docs/user_guide/categorical.html
What error occurs when trying to set a new category in a Categorical column?,"A TypeError occurs, with the message 'Cannot setitem on a Categorical with a new category, set the categories first'.",https://pandas.pydata.org/docs/user_guide/categorical.html
How does setting categorical data by assignment check for matching categories?,It checks that the categories match when setting values by assigning categorical data.,https://pandas.pydata.org/docs/user_guide/categorical.html
What happens when trying to assign a new category in a Categorical column using .loc[]?,"A TypeError occurs, with the message 'Cannot setitem on a Categorical with a new category, set the categories first'.",https://pandas.pydata.org/docs/user_guide/categorical.html
What is the error message when trying to assign a Categorical with another without identical categories?,"TypeError: Cannot set a Categorical with another, without identical categories",https://pandas.pydata.org/docs/user_guide/categorical.html
How does pandas handle assigning a Categorical to parts of a column of other types?,It uses the values of the Categorical for assignment,https://pandas.pydata.org/docs/user_guide/categorical.html
What is the data type of column 'b' in the DataFrame df after creating a Categorical from it?,"The data type of column 'b' is str, but pandas infers it as category",https://pandas.pydata.org/docs/user_guide/categorical.html
How do you ensure that merging or concatenating Series or DataFrames results in a categorical dtype?,Use .astype or union_categoricals to ensure category results,https://pandas.pydata.org/docs/user_guide/categorical.html
What happens when combining two Series with the same categories but different values?,"The result is a category dtype, and pandas infers the Categories as (2, str): ['a', 'b']",https://pandas.pydata.org/docs/user_guide/categorical.html
What is the data type of the Series s1?,The data type of the Series s1 is 'category'.,https://pandas.pydata.org/docs/user_guide/categorical.html
How does pandas infer the output dtype when concatenating Series with categorical data types?,"pandas infers the output dtype based on the categories' values. If the categories are integers, the output dtype will be 'int', and if they are floats, the output dtype will be 'float'.",https://pandas.pydata.org/docs/user_guide/categorical.html
What is the result of calling astype('category') on a Series that was previously concatenated from two other Series?,"The result is a new Series with the same values as before but with the data type changed to 'category', and its categories are ['a', 'b', 'c'].",https://pandas.pydata.org/docs/user_guide/categorical.html
What happens when you try to concatenate two Series with different categorical data types using concat()?,"When you try to concatenate two Series with different categorical data types, the result will have a dtype of object (inferred) if they are not identical.",https://pandas.pydata.org/docs/user_guide/categorical.html
How does union_categoricals() function combine categoricals that do not necessarily have the same categories?,"The union_categoricals() function combines a list-like of categoricals by taking the union of their categories, resulting in new categories being added to the combined Series.",https://pandas.pydata.org/docs/user_guide/categorical.html
What is the default behavior of union_categoricals when combining two categoricals?,The resulting categories will be ordered as they appear in the data.,https://pandas.pydata.org/docs/user_guide/categorical.html
How can you ensure that the categories are lexsorted when using union_categoricals?,Use the sort_categories=True argument to achieve this.,https://pandas.pydata.org/docs/user_guide/categorical.html
What is the effect of setting ordered=True when creating a categorical?,"It makes the categorical ordered, and also requires identical category labels for unioning.",https://pandas.pydata.org/docs/user_guide/categorical.html
What kind of error will be raised if you try to union two ordered categoricals with different categories?,A TypeError will be raised because the categories are ordered and not identical.,https://pandas.pydata.org/docs/user_guide/categorical.html
How many categories will a categorical have by default after being created with ordered=True?,"Two, which are the category labels in order from smallest to largest.",https://pandas.pydata.org/docs/user_guide/categorical.html
What must be the same for ordered Categoricals to union them?,All categories must be the same.,https://pandas.pydata.org/docs/user_guide/categorical.html
What happens when trying to union ordered Categoricals with different categories or orderings?,"A TypeError is raised. However, this can be avoided by using the ignore_ordered=True argument.",https://pandas.pydata.org/docs/user_guide/categorical.html
How do you combine ordered categoricals with different categories or orderings?,You can use the union_categoricals() function with the ignore_order=True argument.,https://pandas.pydata.org/docs/user_guide/categorical.html
What is the result of combining two Series containing categorical data using union_categoricals()?,"A plain Categorical array will be returned, and it may recode the integer codes for categories when necessary.",https://pandas.pydata.org/docs/user_guide/categorical.html
What happens to the integer codes for categories when combining categoricals with union_categoricals()?,"They may be recoded when combining categoricals. This is likely what you want, but if relying on exact numbering, be aware of this possibility.",https://pandas.pydata.org/docs/user_guide/categorical.html
What is the data type of the array returned by `c1.codes`?,The data type of the array returned by `c1.codes` is int8.,https://pandas.pydata.org/docs/user_guide/categorical.html
How do you convert a categorical column back to category when reading from a CSV file?,You need to convert the relevant columns back to category and assign the right categories and categories ordering.,https://pandas.pydata.org/docs/user_guide/categorical.html
What is the result of renaming the categories in the series `s` using `rename_categories`?,"The categories are renamed to 'very good', 'good', and 'bad'.",https://pandas.pydata.org/docs/user_guide/categorical.html
How do you reorder the categories and add missing categories in a categorical series?,You can use the `set_categories` method to reorder the categories and add missing categories.,https://pandas.pydata.org/docs/user_guide/categorical.html
"What is the data type of the series returned by `pd.Series(pd.Categorical(['a', 'b', 'b', 'a', 'a', 'd']))`?","The data type of the series is category, with specific categories and ordering.",https://pandas.pydata.org/docs/user_guide/categorical.html
What data type is the 'cats' column in df2 after converting it to a category?,The 'cats' column in df2 is of type category.,https://pandas.pydata.org/docs/user_guide/categorical.html
How are missing values represented in pandas?,"Missing values are primarily represented using the value np.nan. By default, they are not included in computations.",https://pandas.pydata.org/docs/user_guide/categorical.html
What happens when you try to include NaN in a Categorical's categories?,"NaN should not be included in a Categorical's categories; instead, it is understood that NaN is different and is always a possibility. It can only be included in the values.",https://pandas.pydata.org/docs/user_guide/categorical.html
What code do missing values have when working with a Categorical's codes?,Missing values will always have a code of -1 when working with a Categorical's codes.,https://pandas.pydata.org/docs/user_guide/categorical.html
How can you represent missing data in a pandas Series?,You can use np.nan to represent missing data in a pandas Series.,https://pandas.pydata.org/docs/user_guide/categorical.html
What is the data type of the 's' Series after it's created with categorical data?,The data type of the 's' Series is category.,https://pandas.pydata.org/docs/user_guide/categorical.html
How does pandas handle missing values in categorical data compared to R's factor function?,"Pandas does not allow NaN categories, but missing values can still be present as values. In contrast, R allows missing values to be included in its levels.",https://pandas.pydata.org/docs/user_guide/categorical.html
What is the output of `pd.isna(s)` for the Series 's' with categorical data?,"The output of `pd.isna(s)` is a boolean Series where 2nd element is True and others are False, indicating that only the second value is NaN.",https://pandas.pydata.org/docs/user_guide/categorical.html
What method can be used to fill missing values in a categorical Series with a specific category?,"The `fillna()` method can be used to fill missing values in a categorical Series with a specific category. For example, `s.fillna('a')` will replace NaN values with 'a'.",https://pandas.pydata.org/docs/user_guide/categorical.html
What is the difference between categories and levels in pandas' categorical data compared to R's factor function?,"In pandas, categories are equivalent to levels in R. However, pandas' categories can be of any data type, whereas R's levels are always strings.",https://pandas.pydata.org/docs/user_guide/categorical.html
What is the memory usage of a pandas Series with an object dtype?,The memory usage of a pandas Series with an object dtype is proportional to the length of the data and is a constant times the length of the data.,https://pandas.pydata.org/docs/user_guide/categorical.html
How much memory does a pandas Series with 1000 'foo' or 'bar' values use in bytes?,A pandas Series with 1000 'foo' or 'bar' values uses 22000 bytes when using object dtype.,https://pandas.pydata.org/docs/user_guide/categorical.html
When should the Categorical data type use nearly the same or more memory than an equivalent object dtype representation?,The Categorical data type will use nearly the same or more memory than an equivalent object dtype representation when the number of categories approaches the length of the data.,https://pandas.pydata.org/docs/user_guide/categorical.html
Why is categorical data and the underlying Categorical not implemented as a low-level NumPy array dtype?,"Categorical data and the underlying Categorical are currently implemented as Python objects, not as low-level NumPy array dtypes, due to some problems that arise from this implementation.",https://pandas.pydata.org/docs/user_guide/categorical.html
What error message is raised when trying to create a numpy.dtype with 'category'?,A TypeError is raised with the message 'data type 'category' not understood'.,https://pandas.pydata.org/docs/user_guide/categorical.html
"What happens when trying to interpret 'CategoricalDtype(categories=['a'], ordered=False, categories_dtype=str)' as a data type?",It raises a TypeError because it cannot be interpreted as a data type.,https://pandas.pydata.org/docs/user_guide/categorical.html
How can you check if a Series contains Categorical data?,"You can use the hasattr function with 'cat' as an argument, like this: hasattr(s, 'cat').",https://pandas.pydata.org/docs/user_guide/categorical.html
What is the result of comparing np.str_ with dtype using == operator?,It returns False because they are not equal.,https://pandas.pydata.org/docs/user_guide/categorical.html
Why does applying a function along rows or columns in pandas' apply function convert to object dtype?,"Because pandas currently does not preserve the dtype in apply functions, and it converts to object dtype for compatibility with various data types.",https://pandas.pydata.org/docs/user_guide/categorical.html
What error is raised when trying to use NumPy's sum function on a Series of type category?,"'Categorical' with dtype category does not support operation 'sum', so it raises a TypeError.",https://pandas.pydata.org/docs/user_guide/categorical.html
What is the data type of column 'cats' in the original DataFrame?,"The data type of column 'cats' is categorical, as it was created using pd.Categorical()",https://pandas.pydata.org/docs/user_guide/categorical.html
How does the order of categories affect the indexing and storage of a CategoricalIndex?,"A CategoricalIndex with a large number of duplicated elements can be efficiently indexed and stored because its underlying categories are ordered, allowing for faster lookup times.",https://pandas.pydata.org/docs/user_guide/categorical.html
What is the data type of column 'a' in the DataFrame created from the categorical index?,"The data type of column 'a' is int64, as shown by df.apply(lambda col: col.dtype, axis=0)",https://pandas.pydata.org/docs/user_guide/categorical.html
How does the original DataFrame's indexing change when it is set to a CategoricalIndex?,Setting the index creates a CategoricalIndex that allows efficient indexing and storage of an index with a large number of duplicated elements.,https://pandas.pydata.org/docs/user_guide/categorical.html
What is the effect of sorting by the categories' order on the DataFrame created from the categorical index?,"Sorting by the categories' order rearranges the rows in the DataFrame so that they are ordered according to their category values, as shown by df.sort_index()",https://pandas.pydata.org/docs/user_guide/categorical.html
What is the purpose of this repository?,This repository provides a collection of short and sweet examples and links for useful pandas recipes.,https://pandas.pydata.org/docs/user_guide/cookbook.html
How are imported modules abbreviated in the code snippets?,"The only two abbreviated imported modules used are pandas (pd) and NumPy (np), while all other modules are explicitly imported.",https://pandas.pydata.org/docs/user_guide/cookbook.html
What is an example of an if-then idiom on one column using pandas?,"An example of an if-then idiom on one column is shown in In [3], where the condition `df.AAA >= 5` is used to select rows and assign a value to another column.",https://pandas.pydata.org/docs/user_guide/cookbook.html
How are multiple columns assigned values in an if-then idiom using pandas?,"Multiple columns can be assigned values in an if-then idiom by passing a list of column names, as shown in In [5], where `df.loc[df.AAA >= 5, ['BBB', 'CCC']] = 555` assigns the same value to two columns.",https://pandas.pydata.org/docs/user_guide/cookbook.html
What is the purpose of adding new links or inline examples to this repository?,Adding interesting links and/or inline examples helps to augment the existing documentation and provides a great way for users to contribute through a First Pull Request.,https://pandas.pydata.org/docs/user_guide/cookbook.html
"What is the output of `np.where(df['AAA'] > 5, 'high', 'low')`?",The output assigns 'high' to rows where AAA is greater than 5 and 'low' otherwise. The result is a new column 'logic' in the DataFrame.,https://pandas.pydata.org/docs/user_guide/cookbook.html
How can you split a DataFrame using a boolean criterion?,"You can use boolean indexing, for example `df[df['AAA'] <= 5]`, to select rows where AAA is less than or equal to 5.",https://pandas.pydata.org/docs/user_guide/cookbook.html
What is the purpose of `pd.DataFrame(where(...))` in this code snippet?,"This creates a new DataFrame with conditional values based on the mask provided. In this case, it replaces certain values in the original DataFrame with -1000.",https://pandas.pydata.org/docs/user_guide/cookbook.html
How does the `where()` function work when used with NumPy's where()?,"It applies the condition specified to each element of the array and returns a new array with the specified value if the condition is true, or another value otherwise.",https://pandas.pydata.org/docs/user_guide/cookbook.html
"What is the output of `df.where(df_mask, -1000)`?",The output replaces certain values in the original DataFrame with -1000 based on the mask provided. The resulting DataFrame has the same structure as the original but with some values replaced.,https://pandas.pydata.org/docs/user_guide/cookbook.html
What is the initial DataFrame df created with?,"The initial DataFrame df is created with a dictionary that contains three keys: 'AAA', 'BBB', and 'CCC'. Each key has a list of values associated with it.",https://pandas.pydata.org/docs/user_guide/cookbook.html
How does the loc method return a Series when used without assignment?,"When used without assignment, the loc method returns a Series containing the index labels that match the conditions specified in the boolean mask.",https://pandas.pydata.org/docs/user_guide/cookbook.html
What is the condition for selecting rows in the second example using argsort?,"The condition for selecting rows is to find the values closest to a certain value (43.0) by taking the absolute difference between 'CCC' and this value, then selecting the index labels of the minimum differences.",https://pandas.pydata.org/docs/user_guide/cookbook.html
What happens when the loc method is used with assignment in the third example?,"When used with assignment, the loc method modifies the original DataFrame df by assigning a new value (999) to the 'AAA' column for rows that match the specified conditions.",https://pandas.pydata.org/docs/user_guide/cookbook.html
How are multiple conditions combined using bitwise operators in pandas?,"Multiple conditions can be combined using bitwise operators (& for logical AND and | for logical OR). For example, df.loc[(df['BBB'] > 25) & (df['CCC'] >= -40), 'AAA'] selects rows where either condition is true.",https://pandas.pydata.org/docs/user_guide/cookbook.html
What is the purpose of the `argsort` function in pandas?,The `argsort` function returns the indices that would sort an array.,https://pandas.pydata.org/docs/user_guide/cookbook.html
How can you dynamically reduce a list of criteria using binary operators in pandas?,You can use the `reduce` function from the `functools` module with a lambda function that applies the logical AND operator (`&`) to each pair of criteria.,https://pandas.pydata.org/docs/user_guide/cookbook.html
What is the difference between label-oriented slicing and positional slicing in pandas?,"Label-oriented slicing uses the `loc` attribute, while positional slicing uses the `iloc` attribute. Label-oriented slicing selects rows based on their labels, whereas positional slicing selects rows by their integer position.",https://pandas.pydata.org/docs/user_guide/cookbook.html
What are the two explicit slicing methods in pandas?,Positional-oriented (Python slicing style: exclusive of end) and Label-oriented (Non-Python slicing style: inclusive of end),https://pandas.pydata.org/docs/user_guide/cookbook.html
How does positional-oriented slicing work in pandas?,"It is exclusive of the end, meaning it includes all elements up to but not including the specified index.",https://pandas.pydata.org/docs/user_guide/cookbook.html
What happens when using label-oriented slicing on a DataFrame with integer indices that have a non-zero start or non-unit increment?,Ambiguity arises in this case.,https://pandas.pydata.org/docs/user_guide/cookbook.html
"How does one access rows by position in pandas, specifically from row 1 to 3?","Using the iloc method, for example: df2.iloc[1:3]",https://pandas.pydata.org/docs/user_guide/cookbook.html
What is the difference between using loc and iloc when accessing rows in a DataFrame with integer indices that start at 1?,"loc will return rows based on their label (integer index), while iloc will return rows based on their position.",https://pandas.pydata.org/docs/user_guide/cookbook.html
What is the value of column CCC at index 0 in the original DataFrame?,The value of column CCC at index 0 is 100.,https://pandas.pydata.org/docs/user_guide/cookbook.html
"How many rows will be selected when filtering the DataFrame with AAA <= 6 and index.isin([0, 2, 4])?","Three rows will be selected: indices 0, 2, and 4.",https://pandas.pydata.org/docs/user_guide/cookbook.html
What is the result of applying categories to column CCC in the original DataFrame?,"The result of applying categories to column CCC is that all values are converted to their corresponding category names (Alpha, Beta, Charlie).",https://pandas.pydata.org/docs/user_guide/cookbook.html
How do you create new columns dynamically using the map function in pandas?,You can use the map function with a dictionary or a lambda function to create new columns dynamically.,https://pandas.pydata.org/docs/user_guide/cookbook.html
What is the result of grouping by column AAA and applying min() on the original DataFrame?,"The result will be the minimum value of each group, along with all other columns. The original order of rows will be preserved.",https://pandas.pydata.org/docs/user_guide/cookbook.html
What is the result of using `idxmin()` to get the index of the minimums in the DataFrame?,The result is a Series with the index of the minimum values for each group.,https://pandas.pydata.org/docs/user_guide/cookbook.html
How can you create a MultiIndex from a labeled frame?,"You can use `pd.MultiIndex.from_tuples()` method to create a MultiIndex from tuples, where each tuple represents a level in the index.",https://pandas.pydata.org/docs/user_guide/cookbook.html
What is the difference between using `groupby().idxmin()` and `sort_values().groupby().first()`?,"The main difference is that `groupby().idxmin()` returns the index of the minimum values, while `sort_values().groupby().first()` returns the first row of each group.",https://pandas.pydata.org/docs/user_guide/cookbook.html
How do you set a column as the index in a DataFrame?,"You can use the `set_index()` method to set a column as the index. For example, `df.set_index('row')` sets the 'row' column as the index.",https://pandas.pydata.org/docs/user_guide/cookbook.html
How do you create hierarchical columns in a DataFrame?,"You can use `pd.MultiIndex.from_tuples()` method to create a MultiIndex from tuples, where each tuple represents a level in the columns. For example, `df.columns = pd.MultiIndex.from_tuples([tuple(c.split('_')) for c in df.columns])` creates hierarchical columns.",https://pandas.pydata.org/docs/user_guide/cookbook.html
What is the initial shape of the DataFrame `df` in In [69]?,"The initial shape of the DataFrame `df` is (3, 4).",https://pandas.pydata.org/docs/user_guide/cookbook.html
How are the columns renamed after resetting the index and stacking?,"After resetting the index and stacking, the columns are renamed to 'Sample', 'All_X', and 'All_Y'.",https://pandas.pydata.org/docs/user_guide/cookbook.html
What is the purpose of using `pd.MultiIndex.from_tuples` in In [74]?,"The `pd.MultiIndex.from_tuples` function is used to create a MultiIndex from tuples, which are then used as columns for the DataFrame `df`. The tuples have two elements each: the first element is one of 'A', 'B', or 'C' and the second element is either 'O' or 'I'.",https://pandas.pydata.org/docs/user_guide/cookbook.html
What type of data is generated in In [75]?,"The DataFrame `df` in In [75] contains random numbers generated by `np.random.randn(2, 6)`, which are floats.",https://pandas.pydata.org/docs/user_guide/cookbook.html
How does the shape of the DataFrame change after resetting the index and stacking in In [71]?,"After resetting the index and stacking, the shape of the DataFrame remains (3, 4), but the number of rows increases due to the additional levels introduced by the stacked index.",https://pandas.pydata.org/docs/user_guide/cookbook.html
What is the default value for the 'level' parameter in the xs function?,The default value for the 'level' parameter in the xs function is zero.,https://pandas.pydata.org/docs/user_guide/cookbook.html
How can you take the cross section of the 2nd level and 1st axis using the xs function?,"You can use the method df.xs('six', level=1, axis=0) to achieve this.",https://pandas.pydata.org/docs/user_guide/cookbook.html
What is the purpose of the 'axis' parameter in the xs function?,The 'axis' parameter specifies whether to slice along rows (axis=0) or columns (axis=1).,https://pandas.pydata.org/docs/user_guide/cookbook.html
How can you create a MultiIndex DataFrame from a list of tuples using the from_tuples method?,"You can use the pd.MultiIndex.from_tuples(coords) method, where coords is a list of tuples.",https://pandas.pydata.org/docs/user_guide/cookbook.html
What is the result of taking the cross section of the 1st level and 1st axis for the DataFrame df?,"The result is a DataFrame with index 'BB' and values [33, 44, 55].",https://pandas.pydata.org/docs/user_guide/cookbook.html
"What is the data structure created by `pd.DataFrame(data, index=None, columns=None)`?",A DataFrame named 'df'.,https://pandas.pydata.org/docs/user_guide/cookbook.html
How many rows and columns does the resulting DataFrame have?,"The DataFrame has 9 rows (one for each student) and 4 columns (Exams I, Exams II, Labs I, Labs II).",https://pandas.pydata.org/docs/user_guide/cookbook.html
"What is the output of `df.loc[('All', 'Math'), ('All')]`?",A subset of the DataFrame with only the 'Math' course results for all students.,https://pandas.pydata.org/docs/user_guide/cookbook.html
How does the `loc` method handle multiple index labels in this example?,"The `loc` method allows selecting data using both row and column labels, as shown in the examples where multiple indices are used.",https://pandas.pydata.org/docs/user_guide/cookbook.html
"What is the output of `df.loc[(slice(None), 'Math'), ('All')]`?","A subset of the DataFrame with only the 'Math' course results for all students, similar to the previous example.",https://pandas.pydata.org/docs/user_guide/cookbook.html
What is the result of sorting a DataFrame by two specific columns?,"The result of sorting a DataFrame by two specific columns is shown in Out[99], where the DataFrame df is sorted by 'Labs' and then 'II', with the ascending parameter set to False.",https://pandas.pydata.org/docs/user_guide/cookbook.html
How do you select a single value from a MultiIndex using loc?,"You can select a single value from a MultiIndex using loc by specifying the index label and column name, as shown in In [102] where df.loc[df.index[3], 'A'] is set to np.nan.",https://pandas.pydata.org/docs/user_guide/cookbook.html
What is the purpose of the xs function when working with MultiIndices?,"The xs function is used for setting portions of a MultiIndex, allowing you to select specific levels or slices of the index.",https://pandas.pydata.org/docs/user_guide/cookbook.html
How do you create a DataFrame with a date range as its index?,"You can create a DataFrame with a date range as its index using the pd.date_range function, as shown in In [100] where df.index is created using pd.date_range('2013-08-01', periods=6, freq='B').",https://pandas.pydata.org/docs/user_guide/cookbook.html
What happens when you try to access an out-of-bounds index label?,"When trying to access an out-of-bounds index label, pandas will raise a KeyError or IndexError depending on the context.",https://pandas.pydata.org/docs/user_guide/cookbook.html
What is the effect of using `cumsum` with NaN values in pandas?,The cumulative sum will be reset at NaN values.,https://pandas.pydata.org/docs/user_guide/cookbook.html
How does the `apply` function differ from `agg` in pandas grouping?,"Unlike `agg`, `apply`s callable is passed a sub-DataFrame which gives you access to all the columns.",https://pandas.pydata.org/docs/user_guide/cookbook.html
What is the purpose of using `get_group` in pandas groupby operations?,"To retrieve a specific group from a grouped DataFrame, allowing for further manipulation or analysis.",https://pandas.pydata.org/docs/user_guide/cookbook.html
How does the `idxmax` function work when used with a Series in pandas?,It returns the index of the maximum value in the Series.,https://pandas.pydata.org/docs/user_guide/cookbook.html
What is the effect of using a lambda function with `apply` on a grouped DataFrame in pandas?,"It applies the specified operation to each group, allowing for customized processing and analysis of the data.",https://pandas.pydata.org/docs/user_guide/cookbook.html
What is the purpose of the `avg_weight` variable in the code?,The `avg_weight` variable is used to calculate the average weight of animals based on their size.,https://pandas.pydata.org/docs/user_guide/cookbook.html
How does the `replace` function work when applied to a group in the `groupby` operation?,The `replace` function replaces negative values in a group with the mean of the rest of the group.,https://pandas.pydata.org/docs/user_guide/cookbook.html
What is the effect of using `raw=True` in the `expanding().apply()` method on the Series S?,"Using `raw=True` applies the `red` function to each window without including the current value, resulting in a cumulative return calculation.",https://pandas.pydata.org/docs/user_guide/cookbook.html
How does the `cum_ret` function calculate the cumulative return of a sequence?,"The `cum_ret` function calculates the cumulative return by multiplying the previous return by (1 + y), where y is the new return.",https://pandas.pydata.org/docs/user_guide/cookbook.html
What type of DataFrame is created in In [120] and what is its purpose?,"A DataFrame named `df` is created, but its contents are not shown. It seems to be a placeholder for further operations.",https://pandas.pydata.org/docs/user_guide/cookbook.html
What is the initial value of 'data' in the DataFrame?,"The initial value of 'data' in the DataFrame is a list containing several values, including -0.21, 0.33, and others.",https://pandas.pydata.org/docs/user_guide/cookbook.html
How does the code_groups variable get created from df?,The code_groups variable gets created by grouping the DataFrame df by the 'code' column using the groupby method.,https://pandas.pydata.org/docs/user_guide/cookbook.html
What is the purpose of the MyCust function in this code snippet?,"The MyCust function is a custom aggregation function that returns the second element of the input Series multiplied by 1.234 if the length of the Series is greater than 2, otherwise it returns NaN.",https://pandas.pydata.org/docs/user_guide/cookbook.html
What method is used to resample the time series ts in In [129]?,The time series ts is resampled using the resample method with a frequency of '5min'.,https://pandas.pydata.org/docs/user_guide/cookbook.html
How are the rows in sorted_df created?,"The rows in sorted_df are created by selecting the rows from df that correspond to the index values obtained from agg_n_sort_order, which is a sorted version of the data column.",https://pandas.pydata.org/docs/user_guide/cookbook.html
What is the result of applying the mhc function to the DataFrame?,"The result is a new Series with mean, max, and custom values for each timestamp.",https://pandas.pydata.org/docs/user_guide/cookbook.html
How do you create a value counts column in the DataFrame?,You use the groupby method with len as the aggregation function to assign the count of each group to a new column named 'Counts'.,https://pandas.pydata.org/docs/user_guide/cookbook.html
What is the effect of using the transform method on the grouped DataFrame?,"The transform method assigns the result of the aggregation operation (in this case, the length of each group) back to the original DataFrame.",https://pandas.pydata.org/docs/user_guide/cookbook.html
How do you shift groups of values in a column based on the index?,You use the groupby and shift methods together to apply the shift operation to each group separately.,https://pandas.pydata.org/docs/user_guide/cookbook.html
What is the difference between the 'Counts' column created in In [133] and the original DataFrame?,"The 'Counts' column contains the count of each group, whereas the original DataFrame only contained the values for each timestamp.",https://pandas.pydata.org/docs/user_guide/cookbook.html
What is the name of the DataFrame in question 1?,"The DataFrame's name is not explicitly mentioned, but based on the context, it can be inferred that its name is 'df'.",https://pandas.pydata.org/docs/user_guide/cookbook.html
How does the 'beyer_shifted' column get created in the DataFrame?,The 'beyer_shifted' column gets created by grouping the DataFrame by level 0 and shifting the 'beyer' values up by one row using the shift() function.,https://pandas.pydata.org/docs/user_guide/cookbook.html
What is the purpose of setting the index of the second DataFrame in question 4?,"The index is set to be multi-level, with 'host' and 'service' as the new index labels, allowing for easier grouping and aggregation.",https://pandas.pydata.org/docs/user_guide/cookbook.html
How does the mask variable get created in question 5?,The mask variable gets created by grouping the DataFrame by level 0 and applying the idxmax() function to each group using the agg() function.,https://pandas.pydata.org/docs/user_guide/cookbook.html
What is the purpose of selecting rows with maximum values from each group in question 3?,"The purpose is to select the row with the maximum 'beyer' value from each group, which can be useful for identifying outliers or extreme values.",https://pandas.pydata.org/docs/user_guide/cookbook.html
What is the purpose of using `reset_index()` in pandas?,"The purpose of using `reset_index()` is to reset the index of a DataFrame, effectively moving it to a column.",https://pandas.pydata.org/docs/user_guide/cookbook.html
How does the `groupby` method work in the example at In [143]?,"In this example, the `groupby` method groups the values of column 'A' based on whether they are equal to their previous value. This is done using the condition `(df['A'] != df['A'].shift()).cumsum()`.",https://pandas.pydata.org/docs/user_guide/cookbook.html
What is the result of applying `.cumsum()` to the grouped data in In [145]?,"The result is a new Series where each group's cumulative sum is assigned an integer index, starting from 0 for the first group and incrementing by 1 for each subsequent group.",https://pandas.pydata.org/docs/user_guide/cookbook.html
What does the `rolling` method with parameters `window=3` and `min_periods=1` do in In [147]?,"This applies a rolling computation window of size 3 to the grouped data, considering at least 1 value within each window.",https://pandas.pydata.org/docs/user_guide/cookbook.html
What is the purpose of using `.groupby((df['Case'] == 'B').cumsum())` in In [147]?,"This groups the data by consecutive occurrences of 'B' values in column 'Case', creating separate groups for each sequence.",https://pandas.pydata.org/docs/user_guide/cookbook.html
What is the median function in pandas used for?,The median function in pandas is used to calculate the median of a set of values.,https://pandas.pydata.org/docs/user_guide/cookbook.html
How do you access the first column of a DataFrame named 'df'?,You can access the first column of a DataFrame named 'df' using df[0].,https://pandas.pydata.org/docs/user_guide/cookbook.html
What is the purpose of the pivot_table function in pandas?,The pivot_table function in pandas is used to create a spreadsheet-style table that summarizes data. It allows you to aggregate values based on different indices and columns.,https://pandas.pydata.org/docs/user_guide/cookbook.html
"How do you stack a DataFrame with a multi-index, specifically by the 'City' column?","You can stack a DataFrame with a multi-index by using the stack function, specifying the 'City' column as the axis to stack along.",https://pandas.pydata.org/docs/user_guide/cookbook.html
What is the result of creating a pivot table with margins set to True?,"When margins are set to True in the pivot_table function, it includes row and column totals in addition to the aggregated values.",https://pandas.pydata.org/docs/user_guide/cookbook.html
What is the purpose of the lambda function in the 'agg' method?,The lambda function calculates the count of students who participated in each exam year.,https://pandas.pydata.org/docs/user_guide/cookbook.html
How many unique values are there for the 'Gender' column?,There are 2 unique values: 'F' and 'M'.,https://pandas.pydata.org/docs/user_guide/cookbook.html
What is the condition to determine if a student has passed an exam?,A student passes an exam if their grade is greater than 50.,https://pandas.pydata.org/docs/user_guide/cookbook.html
How many students were employed in each exam year?,"The number of employed students varies by exam year, but it can be found using the 'Employed' column.",https://pandas.pydata.org/docs/user_guide/cookbook.html
What is the data type of the 'Employed' column?,The 'Employed' column contains boolean values (True or False).,https://pandas.pydata.org/docs/user_guide/cookbook.html
What is the result of applying the 'sum' function to the column 'Employed' in the DataFrame?,"The sum of all values in the 'Employed' column, which is 3 for ExamYear 2007.",https://pandas.pydata.org/docs/user_guide/cookbook.html
How can you create a year and month cross-tabulation using pandas?,You can use the `pivot_table` function with the `index` parameter set to the month of the index and the `columns` parameter set to the year of the index.,https://pandas.pydata.org/docs/user_guide/cookbook.html
What is the purpose of the lambda function in the 'Grade' column?,"The lambda function calculates the average grade by dividing the sum of all values in the column by the length of the column, which represents the number of students.",https://pandas.pydata.org/docs/user_guide/cookbook.html
How do you create a DataFrame with random values and a date index using pandas?,"You can use the `date_range` function to create a date index and then pass it to the `DataFrame` constructor along with a dictionary containing the data, in this case, random values.",https://pandas.pydata.org/docs/user_guide/cookbook.html
What is the result of applying the rolling apply to organize embedded lists into a MultiIndex frame?,"This operation is not shown in the provided code snippet, but it would typically involve using the `rolling` function and then converting the resulting Series or DataFrame to a MultiIndex frame.",https://pandas.pydata.org/docs/user_guide/cookbook.html
What is the data structure created by the `concat` function in In [161]?,"The `concat` function creates a new DataFrame, which is assigned to the variable `df_orgz`. This DataFrame has the same index as the original DataFrame `df`, but with each row transformed into a Series using the `SeriesFromSubList` function.",https://pandas.pydata.org/docs/user_guide/cookbook.html
What is the purpose of the `iterrows` method in In [161]?,"The `iterrows` method is used to iterate over each row of the DataFrame `df`, where each row is assigned to the variable `row`. The index of each row is also available as a separate variable.",https://pandas.pydata.org/docs/user_guide/cookbook.html
What type of object does the `SeriesFromSubList` function return?,"The `SeriesFromSubList` function returns a pandas Series, which is a one-dimensional labeled array capable of holding any data type.",https://pandas.pydata.org/docs/user_guide/cookbook.html
How are the values in the DataFrame created in In [164]?,"The values in the DataFrame are created using the `randn` function from the NumPy library, which generates random numbers. The generated numbers are then divided by 10000 to scale them down.",https://pandas.pydata.org/docs/user_guide/cookbook.html
What is the purpose of the `date_range` function in In [164]?,"The `date_range` function creates a DateIndex object with a specified start date, end date, and frequency. This DateIndex object is used as the index for the DataFrame created in In [164].",https://pandas.pydata.org/docs/user_guide/cookbook.html
What is the purpose of the `cumprod` function in this code?,"The `cumprod` function calculates the cumulative product of a series, but it is not used directly in this code.",https://pandas.pydata.org/docs/user_guide/cookbook.html
How is the index for the new Series created?,The index is created using the `date_range` function with a start date and a specified number of periods.,https://pandas.pydata.org/docs/user_guide/cookbook.html
What type of data does the 'Volume' column contain?,"The 'Volume' column contains integers between 100 and 2000, generated randomly.",https://pandas.pydata.org/docs/user_guide/cookbook.html
How is the rolling apply operation defined for multiple columns in In [168]?,"It is not explicitly defined in this code snippet. However, it typically involves using the `rolling` function with a specified window size or frequency.",https://pandas.pydata.org/docs/user_guide/cookbook.html
What is the shape of the DataFrame created in In [170]?,"The DataFrame has 100 rows (one for each date) and three columns: 'Open', 'Close', and 'Volume'.",https://pandas.pydata.org/docs/user_guide/cookbook.html
What is the function `vwap` used for in this code?,"The function `vwap` calculates the Volume-Weighted Average Price (VWAP) of a given series of prices, taking into account their corresponding volumes.",https://pandas.pydata.org/docs/user_guide/cookbook.html
How does the `window` variable affect the output of the `s` Series?,"The `window` variable determines the number of previous values to consider when calculating the VWAP for each time step. In this case, it is set to 5, meaning that the VWAP is calculated over a 5-day moving window.",https://pandas.pydata.org/docs/user_guide/cookbook.html
What is the purpose of using `pd.concat` in this code?,"The `pd.concat` function is used to concatenate multiple Series into a single Series. In this case, it combines the VWAP values for each time step into a single Series.",https://pandas.pydata.org/docs/user_guide/cookbook.html
How does the `round(2)` method affect the output of the `s` Series?,The `round(2)` method rounds the values in the `s` Series to two decimal places.,https://pandas.pydata.org/docs/user_guide/cookbook.html
What is the result of calling `dates.to_period(freq='M')` on a date range?,"This operation converts the date range into a PeriodIndex with monthly frequency, where each period represents a month.",https://pandas.pydata.org/docs/user_guide/cookbook.html
What is the separator used in the read_csv function?,The separator used is ';'. This means that the data is separated by semicolons.,https://pandas.pydata.org/docs/user_guide/cookbook.html
How many rows are skipped at the beginning of the file when reading the CSV?,11 and 12 rows are skipped. The data starts being read from row 13.,https://pandas.pydata.org/docs/user_guide/cookbook.html
Is the index column specified in the read_csv function?,"Yes, the index column is set to 0. This means that the first column will be used as the index of the DataFrame.",https://pandas.pydata.org/docs/user_guide/cookbook.html
How are date columns parsed when reading the CSV?,"Date columns are parsed using the parse_dates parameter, which is set to True. This means that pandas will automatically convert date-like values in these columns to datetime objects.",https://pandas.pydata.org/docs/user_guide/cookbook.html
What happens if you don't specify the header row explicitly?,"If you don't specify the header row explicitly, pandas will assume that the data starts from the first row. However, in this case, the header is specified as 10, which means that the header row is actually on row 11.",https://pandas.pydata.org/docs/user_guide/cookbook.html
What is the purpose of the 'names' list in the Python code?,"The 'names' list specifies the column names for each element of the struct, which will correspond to columns in the resulting DataFrame.",https://pandas.pydata.org/docs/user_guide/cookbook.html
Why are the offsets larger than the size of the type when defining the dtypes dictionary?,"The offsets are larger due to struct padding, which is a result of the architecture of the machine on which the file was created.",https://pandas.pydata.org/docs/user_guide/cookbook.html
What is the difference between using HDF5 and parquet for data storage compared to a raw binary file format like this one?,"HDF5 and parquet are cross-platform formats that are recommended over raw binary files, as they provide better compatibility across different architectures.",https://pandas.pydata.org/docs/user_guide/cookbook.html
How does the Python code read the binary file 'binary.dat' into a pandas DataFrame?,"The code uses numpy's fromfile function to read the binary data into memory, and then creates a pandas DataFrame using the dtypes dictionary that defines the structure of the data.",https://pandas.pydata.org/docs/user_guide/cookbook.html
What is the effect of setting align=True when creating the dtypes dictionary?,"Setting align=True ensures that the elements in the struct are aligned properly with their corresponding offsets, which is necessary for correct interpretation of the binary data.",https://pandas.pydata.org/docs/user_guide/cookbook.html
What is the shape of the matrix filled with 'a_bar' mean values?,"The shape is (n, n), where n is unknown.",https://pandas.pydata.org/docs/user_guide/cookbook.html
How is the covariance between matrices A and B calculated?,It's calculated as np.sqrt(np.nansum(A * B)) / n.,https://pandas.pydata.org/docs/user_guide/cookbook.html
What does the 'corr' method with 'distcorr' method do when applied to a DataFrame?,It calculates the correlation between columns of the DataFrame using distance correlation.,https://pandas.pydata.org/docs/user_guide/cookbook.html
How is the maximum value in a Series of timedeltas calculated?,"It's calculated by subtracting the minimum value from the Series, which returns a Series with positive timedeltas.",https://pandas.pydata.org/docs/user_guide/cookbook.html
What does adding a datetime.timedelta object to a Series of dates do?,"It adds the specified time interval to each date in the Series, resulting in new dates.",https://pandas.pydata.org/docs/user_guide/cookbook.html
What is the result of adding a timedelta object with minutes=5 to a Series?,"The result is a Series of datetime64[us] objects, shifted by 5 minutes.",https://pandas.pydata.org/docs/user_guide/cookbook.html
How do you create a DataFrame from every combination of some given values using pandas?,"You can use the expand_grid function, which takes a dictionary where keys are column names and values are lists of data values. It returns a DataFrame with all possible combinations of these values.",https://pandas.pydata.org/docs/user_guide/cookbook.html
What is the effect of subtracting a timedelta object from a datetime64[us] object in pandas?,"The result is another timedelta64[us] object, representing the difference between the two dates. This operation can be performed using the - operator on DataFrame columns.",https://pandas.pydata.org/docs/user_guide/cookbook.html
How do you set values to NaT (Not a Time) in a Series of datetime64[us] objects?,"You can use np.nan, similar to setting datetime values to NaT. This will result in a timedelta64[us] object with the corresponding value set to NaT.",https://pandas.pydata.org/docs/user_guide/cookbook.html
What is the data type of the 'Delta' column in the resulting DataFrame after performing arithmetic operations?,"The data type of the 'Delta' column is timedelta64[us], representing the difference between the original date and the new date calculated by adding or subtracting deltas.",https://pandas.pydata.org/docs/user_guide/cookbook.html
How can you create a DataFrame from a dictionary using the `from_records` function?,"You can use the `from_records` function by passing in the rows and columns as arguments, where the keys of the dictionary are used for column names.",https://pandas.pydata.org/docs/user_guide/cookbook.html
What is the purpose of checking if a series has a constant value using `nunique()`?,Checking if a series has a constant value using `nunique()` can be slow because it counts all unique values first. A more performant approach is to check if the series has only one unique value.,https://pandas.pydata.org/docs/user_guide/cookbook.html
How do you determine if a series contains missing values?,You can use the `dropna` method to remove missing values and then check its shape or use the `notna` function with `any` to check for any non-missing values.,https://pandas.pydata.org/docs/user_guide/cookbook.html
What is the difference between checking if a series has a constant value using `to_numpy()` and `all()` versus using `shape[0] == 0`?,"Both methods achieve the same result, but using `to_numpy()` and `all()` can be more intuitive because it checks if all values in the series are equal.",https://pandas.pydata.org/docs/user_guide/cookbook.html
How do you handle missing values when checking if a series has a constant value?,"You can either drop missing values before checking for a constant value or use a method that ignores missing values, such as using `notna` with `any`.",https://pandas.pydata.org/docs/user_guide/cookbook.html
"What is the fundamental behavior about data types, indexing, axis labeling, and alignment in pandas?",The fundamental behavior applies across all of the objects in pandas.,https://pandas.pydata.org/docs/user_guide/dsintro.html
How do you create a Series with a scalar value as data?,"You can call pd.Series(data=index) where data is a scalar value like 5, and index is a list of axis labels.",https://pandas.pydata.org/docs/user_guide/dsintro.html
What happens if no index is passed when creating a Series from an ndarray?,"One will be created having values [0,...,len(data)-1].",https://pandas.pydata.org/docs/user_guide/dsintro.html
Can you create a Series with data that is not an ndarray?,"Yes, you can create a Series with data that is a Python dict, an ndarray, or a scalar value.",https://pandas.pydata.org/docs/user_guide/dsintro.html
What is the type of data that a Series can hold?,"A Series can hold any data type such as integers, strings, floating point numbers, and Python objects.",https://pandas.pydata.org/docs/user_guide/dsintro.html
What is the default index for a pandas Series created from a scalar value?,The default index is RangeIndex(1).,https://pandas.pydata.org/docs/user_guide/dsintro.html
How does pandas handle non-unique index values in a Series?,"Pandas supports non-unique index values, but operations that do not support duplicates will raise an exception at the time of execution.",https://pandas.pydata.org/docs/user_guide/dsintro.html
What happens when creating a pandas Series from a dictionary where the keys match the index labels?,The values in the data corresponding to the labels in the index will be pulled out.,https://pandas.pydata.org/docs/user_guide/dsintro.html
How does pandas handle missing data in a Series?,NaN (not a number) is the standard missing data marker used in pandas.,https://pandas.pydata.org/docs/user_guide/dsintro.html
What happens when creating a pandas Series from a dictionary where the keys do not match the index labels?,The values will be repeated to match the length of the index.,https://pandas.pydata.org/docs/user_guide/dsintro.html
What is the index of the Series?,"The index of the Series is ['a', 'b', 'c', 'd', 'e'].",https://pandas.pydata.org/docs/user_guide/dsintro.html
How does a pandas Series behave when used with NumPy functions?,A pandas Series behaves like a numpy.ndarray and can be passed as an argument to most NumPy functions.,https://pandas.pydata.org/docs/user_guide/dsintro.html
What is the value of the first element in the Series using .iloc[0]?,The value of the first element in the Series is np.float64(0.4691122999071863).,https://pandas.pydata.org/docs/user_guide/dsintro.html
How does slicing a pandas Series affect its index?,"Slicing a pandas Series also slices the index, not just the values.",https://pandas.pydata.org/docs/user_guide/dsintro.html
What type of data structure does .array return for a pandas Series?,The .array attribute returns the actual array backing the pandas Series.,https://pandas.pydata.org/docs/user_guide/dsintro.html
What is an ExtensionArray in pandas?,"An ExtensionArray is a thin wrapper around one or more concrete arrays, such as a numpy.ndarray.",https://pandas.pydata.org/docs/user_guide/dsintro.html
How does Series.array differ from accessing the array directly?,"Series.array will always be an ExtensionArray, whereas direct access can result in automatic alignment being disabled.",https://pandas.pydata.org/docs/user_guide/dsintro.html
What is the purpose of using Series.to_numpy()?,"To obtain an actual NumPy ndarray from a Series, even if it's backed by an ExtensionArray.",https://pandas.pydata.org/docs/user_guide/dsintro.html
What type of object will Series.array always return?,An ExtensionArray.,https://pandas.pydata.org/docs/user_guide/dsintro.html
How does the dtype of an array change when stored in a pandas Series?,The dtype remains the same as the original array; it's just wrapped within an ExtensionArray and stored in the Series or DataFrame column.,https://pandas.pydata.org/docs/user_guide/dsintro.html
How can you get a value from a Series by its index?,"You can use square brackets [] and the label of the value, like s['a'].",https://pandas.pydata.org/docs/user_guide/dsintro.html
What happens if you try to set a non-existent label in a Series?,A KeyError is raised because pandas does not support setting non-existent labels.,https://pandas.pydata.org/docs/user_guide/dsintro.html
How can you check if a label exists in a Series?,"You can use the 'in' keyword, like 'e' in s or 'f' in s. If the label exists, it returns True; otherwise, it returns False.",https://pandas.pydata.org/docs/user_guide/dsintro.html
What is the data type of the values in this Series?,"The values are float64, as shown by the dtype: float64 line in the output.",https://pandas.pydata.org/docs/user_guide/dsintro.html
How can you get a Series object to display its values with labels?,"You can use print(s) or simply s on its own, like In [23]: s Out[23].",https://pandas.pydata.org/docs/user_guide/dsintro.html
What is the name of the function where a KeyError exception is caught?,The function is get_loc.,https://pandas.pydata.org/docs/user_guide/dsintro.html
At which line number in pandas/_libs/index.pyx does an error message indicate dynamically evaluated source code?,Line numbers 168 and 197.,https://pandas.pydata.org/docs/user_guide/dsintro.html
What is the cause of the KeyError exception according to the stacktrace?,The direct cause was a KeyError with key 'f'.,https://pandas.pydata.org/docs/user_guide/dsintro.html
"In which file does the Series.__getitem__ method reside, and at which line number is it called?",The method resides in pandas/core/series.py and is called on line 1.,https://pandas.pydata.org/docs/user_guide/dsintro.html
What is the behavior of int keys in pandas when GH#50617 is applied in version 3.0?,"Int keys are treated as labels, matching DataFrame behavior.",https://pandas.pydata.org/docs/user_guide/dsintro.html
What method in pandas raises a KeyError when the key is not found?,Index.get_loc(),https://pandas.pydata.org/docs/user_guide/dsintro.html
How does Series.get() handle missing labels?,It returns None or a specified default value.,https://pandas.pydata.org/docs/user_guide/dsintro.html
Can you perform vectorized operations on a Series object?,"Yes, most NumPy methods can be passed a Series as an argument.",https://pandas.pydata.org/docs/user_guide/dsintro.html
What is the effect of using the '+' operator with two Series objects in pandas?,It performs element-wise addition and returns a new Series.,https://pandas.pydata.org/docs/user_guide/dsintro.html
How does the _check_indexing_error method behave when given a list-like key?,It raises an InvalidIndexError.,https://pandas.pydata.org/docs/user_guide/dsintro.html
What is the main difference between operations on Series and ndarray?,"Operations between Series automatically align the data based on label, whereas ndarray does not have this feature.",https://pandas.pydata.org/docs/user_guide/dsintro.html
What happens when performing an operation between unaligned Series?,"The result will have the union of the indexes involved, with NaN values for missing labels.",https://pandas.pydata.org/docs/user_guide/dsintro.html
Why is it beneficial to have automatic data alignment in pandas?,It grants immense freedom and flexibility in interactive data analysis and research by allowing code to be written without explicit data alignment.,https://pandas.pydata.org/docs/user_guide/dsintro.html
What happens to missing data labels when performing an operation between Series?,"Missing data labels are marked as NaN, but the index label itself is preserved, which is important information for computations.",https://pandas.pydata.org/docs/user_guide/dsintro.html
How can you drop labels with missing data from a Series?,You can use the dropna function to remove labels with missing data.,https://pandas.pydata.org/docs/user_guide/dsintro.html
What is the default behavior when selecting a single column from a DataFrame?,The name of the Series will be assigned the column label.,https://pandas.pydata.org/docs/user_guide/dsintro.html
How can you rename a Series?,You can use the pandas.Series.rename() method to rename a Series.,https://pandas.pydata.org/docs/user_guide/dsintro.html
What is the difference between s and s2 in this example?,"s and s2 refer to different objects, even though they were created from the same data.",https://pandas.pydata.org/docs/user_guide/dsintro.html
How can you create a DataFrame from various types of input?,"You can pass a dict of 1D ndarrays, lists, dicts, or Series, a 2-D numpy.ndarray, a structured or record ndarray, another Series, or another DataFrame as input.",https://pandas.pydata.org/docs/user_guide/dsintro.html
What happens if you pass an index and columns arguments when creating a DataFrame?,"You are guaranteeing the index and/or columns of the resulting DataFrame, and any data not matching up to the passed index will be discarded.",https://pandas.pydata.org/docs/user_guide/dsintro.html
What happens to nested dicts when creating a DataFrame from a dict of Series?,They are first converted to Series.,https://pandas.pydata.org/docs/user_guide/dsintro.html
How does the index of a resulting DataFrame change if there are multiple Series with different indexes?,The resulting index will be the union of the indexes of the various Series.,https://pandas.pydata.org/docs/user_guide/dsintro.html
What happens when no columns are passed while creating a DataFrame from a dict of data?,The columns will be the ordered list of dict keys.,https://pandas.pydata.org/docs/user_guide/dsintro.html
How do you override column labels in a DataFrame created from a dict of data if specific columns are passed?,The passed columns override the keys in the dict.,https://pandas.pydata.org/docs/user_guide/dsintro.html
What happens to arrays with different lengths when trying to create a DataFrame from a dict of ndarrays/lists?,"It raises an error, as all ndarrays must share the same length.",https://pandas.pydata.org/docs/user_guide/dsintro.html
What is the data type of column 'C' in the DataFrame created from a structured array?,"The data type of column 'C' is S10, which represents a string with a maximum length of 10 characters.",https://pandas.pydata.org/docs/user_guide/dsintro.html
How does pandas handle a dict of arrays when creating a DataFrame?,pandas handles a dict of arrays identically to a structured or record array.,https://pandas.pydata.org/docs/user_guide/dsintro.html
What is the default index in a DataFrame created from a list of dictionaries?,"The default index is a range index, starting from 0 and incrementing by 1 for each row.",https://pandas.pydata.org/docs/user_guide/dsintro.html
Can you reorder the columns in a DataFrame created from a structured array?,"Yes, you can reorder the columns using the `columns` parameter when creating the DataFrame. For example, `pd.DataFrame(data, columns=['C', 'A', 'B'])`.",https://pandas.pydata.org/docs/user_guide/dsintro.html
What happens to missing values in column 'c' of the DataFrame created from a list of dictionaries?,Missing values are represented as NaN (Not a Number) in the resulting DataFrame.,https://pandas.pydata.org/docs/user_guide/dsintro.html
What is the structure of a DataFrame created from a dictionary of tuples?,A MultiIndexed frame with columns determined by the first tuple in the list.,https://pandas.pydata.org/docs/user_guide/dsintro.html
How are column names determined when creating a DataFrame from a Series?,"The original name of the Series is used as the single column name, unless other column names are provided.",https://pandas.pydata.org/docs/user_guide/dsintro.html
What happens if a namedtuple in a list is shorter than the first namedtuple?,Later columns in the corresponding row are marked as missing values.,https://pandas.pydata.org/docs/user_guide/dsintro.html
"Can you create a DataFrame from a dictionary of tuples where each key is a tuple with two elements, and what would be the column names?","Yes, the column names would be determined by the first element of the first tuple in each key, which are 'a' and 'b'.",https://pandas.pydata.org/docs/user_guide/dsintro.html
What error is raised if any namedtuple in a list is longer than the first namedtuple?,A ValueError is raised.,https://pandas.pydata.org/docs/user_guide/dsintro.html
What is the purpose of using `namedtuple` in this example?,"The `namedtuple` function is used to create a tuple with named fields, which can be used as data for the DataFrame constructor.",https://pandas.pydata.org/docs/user_guide/dsintro.html
How do you define a dataclass equivalent to the `Point` namedtuple?,"You can use the `make_dataclass` function from the `dataclasses` module, passing in the name of the class and a list of field names with their types.",https://pandas.pydata.org/docs/user_guide/dsintro.html
What happens if you mix different data types in the list passed to the DataFrame constructor?,Passing a list with mixed data types will result in a `TypeError` because all values in the list should be dataclasses.,https://pandas.pydata.org/docs/user_guide/dsintro.html
How can you represent missing data when constructing a DataFrame?,You can use `np.nan` to represent missing values or pass a `numpy.MaskedArray` as the data argument to the DataFrame constructor.,https://pandas.pydata.org/docs/user_guide/dsintro.html
What alternative constructors are available for creating DataFrames?,The `DataFrame.from_dict` method takes a dict of dicts or a dict of array-like sequences and returns a DataFrame.,https://pandas.pydata.org/docs/user_guide/dsintro.html
What is the default value for the 'orient' parameter in DataFrame.from_dict()?,The default value for the 'orient' parameter in DataFrame.from_dict() is 'columns'.,https://pandas.pydata.org/docs/user_guide/dsintro.html
How can you use dict keys as row labels when creating a DataFrame from a dictionary?,You can set the 'orient' parameter to 'index' to use the dict keys as row labels.,https://pandas.pydata.org/docs/user_guide/dsintro.html
What is the purpose of the 'columns' parameter in DataFrame.from_dict() when orient='index'?,The 'columns' parameter allows you to specify the desired column names when creating a DataFrame from a dictionary with orient set to 'index'.,https://pandas.pydata.org/docs/user_guide/dsintro.html
How does DataFrame.from_records() differ from the normal DataFrame constructor?,"DataFrame.from_records() works analogously to the normal DataFrame constructor, but it allows for the resulting DataFrame index to be a specific field of the structured dtype.",https://pandas.pydata.org/docs/user_guide/dsintro.html
How can you treat a DataFrame semantically like a dictionary of Series objects?,You can treat a DataFrame semantically like a dict of like-indexed Series objects by considering each column as a Series object with the same index.,https://pandas.pydata.org/docs/user_guide/dsintro.html
What is the syntax for getting and setting columns in a pandas DataFrame?,"The syntax is the same as analogous dict operations, using square brackets [] to access or modify column values.",https://pandas.pydata.org/docs/user_guide/dsintro.html
How do you multiply two columns of a pandas DataFrame together?,"You can use the *= operator to multiply two columns together, as shown in In [73]: df['three'] = df['one'] * df['two'].",https://pandas.pydata.org/docs/user_guide/dsintro.html
What happens when inserting a Series that does not have the same index as the DataFrame?,"It will be conformed to the DataFrame's index, as demonstrated in In [81]: df['one_trunc'] = df['one'][:2].",https://pandas.pydata.org/docs/user_guide/dsintro.html
How do you delete or pop a column from a pandas DataFrame?,"You can use the del statement or the pop() method to delete or remove a column, as shown in In [76]: del df['two'] and In [77]: three = df.pop('three').",https://pandas.pydata.org/docs/user_guide/dsintro.html
What is the default location for inserting new columns into a pandas DataFrame?,"New columns get inserted at the end by default, unless specified otherwise using the insert() method.",https://pandas.pydata.org/docs/user_guide/dsintro.html
What is the purpose of using the `assign()` method in pandas?,The `assign()` method allows you to easily create new columns that are potentially derived from existing columns.,https://pandas.pydata.org/docs/user_guide/dsintro.html
How can you access a specific column in a DataFrame using the `assign()` method?,"You can use square brackets `[]` to access a specific column, as shown in `iris.assign(sepal_ratio = iris['SepalWidth'] / iris['SepalLength'])`.",https://pandas.pydata.org/docs/user_guide/dsintro.html
What is the result of assigning a new column with the name 'sepal_ratio' using the code `iris.assign(sepal_ratio = ...)`?,"The result is a new DataFrame with an additional column named 'sepal_ratio', which contains the ratio of SepalWidth to SepalLength for each row.",https://pandas.pydata.org/docs/user_guide/dsintro.html
What is the difference between using `df['column_name']` and `df[column_name]` to access a column?,"Both methods are equivalent, but square brackets `[]` are more flexible and can be used with other operations, such as assignment or arithmetic operations.",https://pandas.pydata.org/docs/user_guide/dsintro.html
How does the code `iris.assign(sepal_ratio = iris['SepalWidth'] / iris['SepalLength'])` calculate the sepal ratio?,It divides the value in the 'SepalWidth' column by the value in the 'SepalLength' column for each row.,https://pandas.pydata.org/docs/user_guide/dsintro.html
What is the purpose of the `assign` method in pandas?,The `assign` method is used to assign new columns to a DataFrame.,https://pandas.pydata.org/docs/user_guide/dsintro.html
How can you pass a function to be evaluated on a DataFrame using the `assign` method?,"You can pass a function as an argument to the `assign` method, which will be evaluated on the DataFrame being assigned to.",https://pandas.pydata.org/docs/user_guide/dsintro.html
What is the difference between passing a precomputed value and a function to the `assign` method?,"A precomputed value is passed directly, while a function is evaluated on the DataFrame before assigning the result as a new column.",https://pandas.pydata.org/docs/user_guide/dsintro.html
How do you access a column using the `col()` function in pandas?,"You can use the `col()` function by passing the column name as an argument, like `pd.col('SepalWidth')`.",https://pandas.pydata.org/docs/user_guide/dsintro.html
What is the formula used to calculate the `sepal_ratio` column in the example?,"The `sepal_ratio` column is calculated using the formula: `column_name = SepalWidth / SepalLength`, where `column_name` is the name of the new column.",https://pandas.pydata.org/docs/user_guide/dsintro.html
What does the `head()` method return?,The `head()` method returns the first few rows of a DataFrame.,https://pandas.pydata.org/docs/user_guide/dsintro.html
How does the `assign()` method behave when passing a callable as an argument?,"When passing a callable, it computes the function on the filtered DataFrame, not the original one.",https://pandas.pydata.org/docs/user_guide/dsintro.html
What is the purpose of using `lambda` functions in the example with `assign()`?,The `lambda` functions are used to compute new columns (SepalRatio and PetalRatio) based on existing ones.,https://pandas.pydata.org/docs/user_guide/dsintro.html
How does the `query()` method affect the DataFrame when used in a chain of operations?,"It filters the DataFrame to only include rows that meet the specified condition, without modifying the original DataFrame.",https://pandas.pydata.org/docs/user_guide/dsintro.html
What type of plot is created by the code snippet using `plot()` with 'scatter' kind?,A scatter plot is created with SepalRatio on the x-axis and PetalRatio on the y-axis.,https://pandas.pydata.org/docs/user_guide/dsintro.html
What happens first in the filtering process?,"The filtering happens first, and then the ratio calculations.",https://pandas.pydata.org/docs/user_guide/dsintro.html
What is the function signature for assign()?,"The function signature for assign() is simply **kwargs. The keys are the column names for the new fields, and the values are either a value to be inserted or a function of one argument to be called on the DataFrame.",https://pandas.pydata.org/docs/user_guide/dsintro.html
What type of object is returned by the assign() method?,"A copy of the original DataFrame is returned, with the new values inserted. The order of **kwargs is preserved.",https://pandas.pydata.org/docs/user_guide/dsintro.html
How can a column created earlier in the same assign() call be referred to later in the function?,"The order of **kwargs is preserved, allowing for dependent assignment, where an expression later in **kwargs can refer to a column created earlier in the same assign().",https://pandas.pydata.org/docs/user_guide/dsintro.html
What type of object is returned by selecting a row using df.loc[label]?,"A Series is returned, whose index is the columns of the DataFrame.",https://pandas.pydata.org/docs/user_guide/dsintro.html
What is the result of doing `df.loc['b']`?,"The result is a Series with two rows and three columns: one, bar, flag, foo, one_trunc.",https://pandas.pydata.org/docs/user_guide/dsintro.html
How does pandas align DataFrames when performing arithmetic operations?,Pandas automatically aligns on both the columns and the index (row labels) of the DataFrame objects.,https://pandas.pydata.org/docs/user_guide/dsintro.html
What is the default behavior when doing an operation between a DataFrame and a Series?,"The default behavior is to align the Series index on the DataFrame columns, thus broadcasting row-wise.",https://pandas.pydata.org/docs/user_guide/dsintro.html
"How many rows does `df` have after creating it with `np.random.randn(10, 4)`?",The DataFrame df has 10 rows and 4 columns.,https://pandas.pydata.org/docs/user_guide/dsintro.html
What is the result of doing `df + df2` when df and df2 are DataFrames created with random numbers?,The result is a new DataFrame with NaN values in certain positions due to broadcasting row-wise.,https://pandas.pydata.org/docs/user_guide/dsintro.html
What is the shape of the first row in the DataFrame?,"The shape of the first row in the DataFrame is (4,), indicating four columns.",https://pandas.pydata.org/docs/user_guide/dsintro.html
How many rows are there in the displayed DataFrame?,"There are 10 rows in the displayed DataFrame, as indicated by the range of indices from 0 to 9.",https://pandas.pydata.org/docs/user_guide/dsintro.html
What is the value at index position 1 for column A?,The value at index position 1 for column A is -1.359261.,https://pandas.pydata.org/docs/user_guide/dsintro.html
How many columns are there in the displayed DataFrame?,"There are four columns in the displayed DataFrame, labeled as A, B, C, and D.",https://pandas.pydata.org/docs/user_guide/dsintro.html
What section should be consulted for explicit control over matching and broadcasting behavior?,The section on flexible binary operations should be consulted for explicit control over matching and broadcasting behavior.,https://pandas.pydata.org/docs/user_guide/dsintro.html
What is the data type of columns 'a' and 'b' in DataFrames df1 and df2?,The data type of columns 'a' and 'b' in both DataFrames is bool.,https://pandas.pydata.org/docs/user_guide/dsintro.html
How do you perform a bitwise AND operation on two DataFrames?,"You can use the '&' operator to perform a bitwise AND operation on two DataFrames, as shown in In [104].",https://pandas.pydata.org/docs/user_guide/dsintro.html
What is the result of performing a bitwise OR operation on df1 and df2?,"The result of performing a bitwise OR operation on df1 and df2 is a DataFrame where all elements are True, as shown in Out[105].",https://pandas.pydata.org/docs/user_guide/dsintro.html
How do you perform a bitwise XOR operation on two DataFrames?,"You can use the '^' operator to perform a bitwise XOR operation on two DataFrames, as shown in In [106].",https://pandas.pydata.org/docs/user_guide/dsintro.html
What is the syntax to transpose a DataFrame?,You can access the transposed DataFrame using the 'T' attribute or by calling the DataFrame.transpose() method.,https://pandas.pydata.org/docs/user_guide/dsintro.html
What is the data type of column 'A' in the provided DataFrame?,The data type of column 'A' is float64.,https://pandas.pydata.org/docs/user_guide/dsintro.html
How many rows and columns are there in the provided DataFrame?,There are 10 rows and 4 columns in the provided DataFrame.,https://pandas.pydata.org/docs/user_guide/dsintro.html
What happens when a Series is passed to NumPy's universal functions?,The ufunc is applied to the underlying array of the Series.,https://pandas.pydata.org/docs/user_guide/dsintro.html
How do multiple Series behave when passed to a ufunc?,Multiple Series are aligned before performing the operation.,https://pandas.pydata.org/docs/user_guide/dsintro.html
What is the result of applying the NumPy exp function to a Series containing integers?,The result is a new Series with the exponential values of the original integers.,https://pandas.pydata.org/docs/user_guide/dsintro.html
What happens when a binary ufunc is applied to a Series and Index?,"The Series implementation takes precedence, and a Series is returned.",https://pandas.pydata.org/docs/user_guide/dsintro.html
How does pandas align labeled inputs for a ufunc with multiple inputs?,pandas automatically aligns the labels before applying the operation.,https://pandas.pydata.org/docs/user_guide/dsintro.html
What happens when non-overlapping values are encountered in two Series being operated on by a ufunc?,Non-overlapping values are filled with missing values.,https://pandas.pydata.org/docs/user_guide/dsintro.html
"Can NumPy ufuncs be applied to Series backed by non-ndarray arrays, such as SparseArray?","Yes, and if possible the ufunc is applied without converting the underlying data to an ndarray.",https://pandas.pydata.org/docs/user_guide/dsintro.html
What type of object is returned when a binary ufunc is applied to two Series with different lengths?,A Series with NaN values for missing indices.,https://pandas.pydata.org/docs/user_guide/dsintro.html
What is the main reason for allowing duplicate labels in pandas?,"Duplicate labels are allowed in pandas to clean messy, real-world data before it goes to some downstream system, where real-world data has duplicates, even in fields that are supposed to be unique.",https://pandas.pydata.org/docs/user_guide/duplicates.html
What happens when a pandas method like Series.reindex() encounters duplicate labels?,"Some pandas methods, like Series.reindex(), just don’t work with duplicates present, and pandas raises an error.",https://pandas.pydata.org/docs/user_guide/duplicates.html
What is the purpose of the reindex() method in pandas?,"The reindex() method is used to re-index a Series or DataFrame with new labels, but it requires unique labels.",https://pandas.pydata.org/docs/user_guide/duplicates.html
How does the presence of duplicate labels affect the output of a pandas operation?,"The presence of duplicate labels can make the output undetermined, and pandas raises an error.",https://pandas.pydata.org/docs/user_guide/duplicates.html
What is the behavior of the reindex() method when it encounters duplicate labels in the index?,The reindex() method raises a ValueError when it encounters duplicate labels in the index.,https://pandas.pydata.org/docs/user_guide/duplicates.html
What is the purpose of the reindex method in the pandas library?,The reindex method is used to conform a Series or DataFrame to a new index with optional filling logic.,https://pandas.pydata.org/docs/user_guide/duplicates.html
What is the name of the function that calls the reindex method in the generic.py file?,The function is called NDFrame.reindex.,https://pandas.pydata.org/docs/user_guide/duplicates.html
What is the name of the method that is called when the _needs_reindex_multi method returns True?,The method is called _reindex_multi.,https://pandas.pydata.org/docs/user_guide/duplicates.html
What is the name of the method that is called when the _reindex_multi method returns True?,The method is called _reindex_axes.,https://pandas.pydata.org/docs/user_guide/duplicates.html
What is the error message raised when the reindex method is called with a non-unique multi-index?,The error message is 'cannot handle a non-unique multi-index!',https://pandas.pydata.org/docs/user_guide/duplicates.html
What is the error message when trying to reindex on an axis with duplicate labels?,ValueError: cannot reindex on an axis with duplicate labels,https://pandas.pydata.org/docs/user_guide/duplicates.html
What type of object is returned when slicing a DataFrame with a scalar on a column with duplicates?,A DataFrame,https://pandas.pydata.org/docs/user_guide/duplicates.html
What type of object is returned when slicing a Series with a scalar on a column with duplicates?,A Series,https://pandas.pydata.org/docs/user_guide/duplicates.html
What is the result of slicing a DataFrame with a scalar on a column 'B'?,A Series with values 2 and 5,https://pandas.pydata.org/docs/user_guide/duplicates.html
How can you check whether an Index is unique?,Using the Index.is_unique method,https://pandas.pydata.org/docs/user_guide/duplicates.html
What is the result of checking whether an index is unique for large datasets?,"Checking whether an index is unique is somewhat expensive for large datasets, but pandas caches this result so re-checking on the same index is very fast.",https://pandas.pydata.org/docs/user_guide/duplicates.html
What does Index.duplicated() return?,Index.duplicated() returns a boolean ndarray indicating whether a label is repeated.,https://pandas.pydata.org/docs/user_guide/duplicates.html
How can you use Index.duplicated() as a boolean filter?,You can use Index.duplicated() as a boolean filter to drop duplicate rows by indexing the DataFrame with the negation of the result.,https://pandas.pydata.org/docs/user_guide/duplicates.html
What happens when you try to introduce duplicate labels in a pandas Series or DataFrame?,"If there are duplicate labels, an exception will be raised, as both Series and DataFrame disallow duplicate labels by default.",https://pandas.pydata.org/docs/user_guide/duplicates.html
How can you resolve duplicates by taking the average of all rows with the same label?,You can use groupby() on the index and then call mean() to resolve duplicates by taking the average of all rows with the same label.,https://pandas.pydata.org/docs/user_guide/duplicates.html
What is the default value of the allows_duplicate_labels flag in pandas?,The default value of the allows_duplicate_labels flag in pandas is False.,https://pandas.pydata.org/docs/user_guide/duplicates.html
What is the purpose of the set_flags() method in pandas?,"The set_flags() method in pandas is used to return a new DataFrame with attributes like allows_duplicate_labels set to some value. Alternatively, it can be used to set the attribute directly on the same object.",https://pandas.pydata.org/docs/user_guide/duplicates.html
How does the new DataFrame returned by set_flags() relate to the original DataFrame?,The new DataFrame returned by set_flags() is a view on the same data as the old DataFrame.,https://pandas.pydata.org/docs/user_guide/duplicates.html
What is the effect of setting allows_duplicate_labels to True on a DataFrame?,Setting allows_duplicate_labels to True on a DataFrame allows the DataFrame to have duplicate labels.,https://pandas.pydata.org/docs/user_guide/duplicates.html
How can you remove duplicates from a DataFrame and prevent duplicates going forward?,"You can remove duplicates from a DataFrame using the groupby() and first() methods, and then set allows_duplicate_labels to False to prevent duplicates going forward.",https://pandas.pydata.org/docs/user_guide/duplicates.html
What happens when you try to rename a DataFrame with duplicate labels when allows_duplicate_labels is False?,It raises an errors.DuplicateLabelError.,https://pandas.pydata.org/docs/user_guide/duplicates.html
What is the default behavior for allows_duplicate_labels in pandas?,The default behavior is allows_duplicate_labels=False.,https://pandas.pydata.org/docs/user_guide/duplicates.html
What type of error is raised when trying to perform an operation that introduces duplicate labels on a Series or DataFrame that disallows duplicates?,It raises an errors.DuplicateLabelError.,https://pandas.pydata.org/docs/user_guide/duplicates.html
What happens when you set allows_duplicate_labels=False on a Series or DataFrame with duplicate labels?,It raises an errors.DuplicateLabelError.,https://pandas.pydata.org/docs/user_guide/duplicates.html
What is the purpose of the allows_duplicate_labels parameter in pandas?,It determines whether to allow or disallow duplicate labels in pandas DataFrames and Series.,https://pandas.pydata.org/docs/user_guide/duplicates.html
What is the purpose of the `_maybe_check_unique` method in the `Index` class?,The `_maybe_check_unique` method checks for duplicate labels in the index and raises a `DuplicateLabelError` if any are found.,https://pandas.pydata.org/docs/user_guide/duplicates.html
What happens when `allows_duplicate_labels` is set to `False` in a Series?,"Disallowing duplicates is 'sticky', meaning it is preserved through operations, and any attempts to create duplicates will raise a `DuplicateLabelError`.",https://pandas.pydata.org/docs/user_guide/duplicates.html
What information is included in the error message raised by `DuplicateLabelError`?,"The error message includes the labels that are duplicated and the numeric positions of all the duplicates, including the 'original', in the Series or DataFrame.",https://pandas.pydata.org/docs/user_guide/duplicates.html
What is the effect of renaming a column in a Series with `allows_duplicate_labels` set to `False`?,Renaming a column in a Series with `allows_duplicate_labels` set to `False` will raise a `DuplicateLabelError` if the new label already exists.,https://pandas.pydata.org/docs/user_guide/duplicates.html
How are duplicate labels propagated in a Series or DataFrame?,"Duplicate labels are not propagated in a Series or DataFrame when `allows_duplicate_labels` is set to `False`, meaning that any attempts to create duplicates will raise a `DuplicateLabelError`.",https://pandas.pydata.org/docs/user_guide/duplicates.html
What is the purpose of pandas in handling real-world data?,"Pandas' role is to clean messy, real-world data before it goes to some downstream system. Real-world data often has duplicates, even in fields that are supposed to be unique.",https://pandas.pydata.org/docs/user_guide/duplicates.html
What happens when a pandas method encounters duplicate labels?,"Some pandas methods, such as Series.reindex(), just don’t work with duplicates present. The output can’t be determined, and so pandas raises a ValueError.",https://pandas.pydata.org/docs/user_guide/duplicates.html
What is the effect of duplicate row labels on the behavior of certain operations?,"Duplicate row labels change the behavior of certain operations, making it difficult to determine the output, and pandas may raise an error.",https://pandas.pydata.org/docs/user_guide/duplicates.html
How do pandas handle duplicate column labels?,"Index objects are not required to be unique, so you can have duplicate row or column labels in pandas.",https://pandas.pydata.org/docs/user_guide/duplicates.html
What is the output of Series.reindex() when the input series contains duplicate labels?,"The output can’t be determined when the input series contains duplicate labels, and pandas raises a ValueError.",https://pandas.pydata.org/docs/user_guide/duplicates.html
What is the default behavior for duplicate labels when calling `set_flags` on a pandas Series?,"The default behavior is to prevent duplicate labels, as indicated by `allows_duplicate_labels=False`.",https://pandas.pydata.org/docs/user_guide/duplicates.html
What type of error is raised when duplicate labels are present in a pandas Series?,A `DuplicateLabelError` is raised when duplicate labels are present in a pandas Series.,https://pandas.pydata.org/docs/user_guide/duplicates.html
What is the purpose of the `allows_duplicate_labels` parameter in the `set_flags` method?,The `allows_duplicate_labels` parameter determines whether duplicate labels are allowed in a pandas Series or not.,https://pandas.pydata.org/docs/user_guide/duplicates.html
How does the `set_flags` method handle the `allows_duplicate_labels` parameter when it is set to `False`?,"When `allows_duplicate_labels=False`, the method checks for duplicate labels in the axes of the object and raises a `DuplicateLabelError` if any are found.",https://pandas.pydata.org/docs/user_guide/duplicates.html
What is the effect of setting `allows_duplicate_labels=False` on a pandas Series with duplicate labels?,Setting `allows_duplicate_labels=False` on a pandas Series with duplicate labels will raise a `DuplicateLabelError`.,https://pandas.pydata.org/docs/user_guide/duplicates.html
What happens when you try to rename a Series or DataFrame with duplicate labels when duplicate labels are disallowed?,It raises an errors.DuplicateLabelError.,https://pandas.pydata.org/docs/user_guide/duplicates.html
What is the default value of the allows_duplicate_labels parameter?,The default value of allows_duplicate_labels is False.,https://pandas.pydata.org/docs/user_guide/duplicates.html
What happens when you try to rename a Series or DataFrame with duplicate labels when allows_duplicate_labels is False?,It raises an errors.DuplicateLabelError.,https://pandas.pydata.org/docs/user_guide/duplicates.html
What is the purpose of the _check_copy_deprecation method in the pandas library?,The purpose of the _check_copy_deprecation method is to check for deprecated copy behavior.,https://pandas.pydata.org/docs/user_guide/duplicates.html
What is the purpose of the `allows_duplicate_labels` flag in pandas?,"The `allows_duplicate_labels` flag is used to determine whether duplicate labels are allowed in a pandas Series or DataFrame. If set to False, attempting to create a duplicate label will raise a DuplicateLabelError.",https://pandas.pydata.org/docs/user_guide/duplicates.html
What happens when a duplicate label is encountered in a pandas Series or DataFrame?,"When a duplicate label is encountered, a DuplicateLabelError is raised, along with a message indicating the labels that are duplicated and their numeric positions in the Series or DataFrame.",https://pandas.pydata.org/docs/user_guide/duplicates.html
How is the `allows_duplicate_labels` flag preserved through operations in pandas?,"The `allows_duplicate_labels` flag is preserved through operations in pandas, meaning that if it is set to False initially, it will remain False even after performing operations on the Series or DataFrame.",https://pandas.pydata.org/docs/user_guide/duplicates.html
What is the effect of setting `allows_duplicate_labels` to False using the `set_flags` method?,"Setting `allows_duplicate_labels` to False using the `set_flags` method prevents duplicate labels from being created in a pandas Series or DataFrame, raising a DuplicateLabelError if an attempt is made to create a duplicate label.",https://pandas.pydata.org/docs/user_guide/duplicates.html
What is the result of renaming a label in a pandas Series when `allows_duplicate_labels` is set to False?,"Renaming a label in a pandas Series when `allows_duplicate_labels` is set to False will raise a DuplicateLabelError, as the new label would be a duplicate of an existing label.",https://pandas.pydata.org/docs/user_guide/duplicates.html
What is the purpose of the `_maybe_check_unique` method?,The `_maybe_check_unique` method is used to check for duplicate labels in an index.,https://pandas.pydata.org/docs/user_guide/duplicates.html
What is the expected behavior of the `allows_duplicate_labels` feature in future versions of pandas?,"In future versions, every method taking or returning one or more DataFrame or Series objects will propagate the `allows_duplicate_labels` value.",https://pandas.pydata.org/docs/user_guide/duplicates.html
What type of error is raised when an index has duplicate labels?,A `DuplicateLabelError` is raised when an index has duplicate labels.,https://pandas.pydata.org/docs/user_guide/duplicates.html
What is the current status of the `allows_duplicate_labels` feature?,"The `allows_duplicate_labels` feature is experimental and currently, many methods fail to propagate its value.",https://pandas.pydata.org/docs/user_guide/duplicates.html
What is the name of the error message that is added to the `msg` variable in the `Index._maybe_check_unique` method?,The error message added to the `msg` variable is the formatted string of duplicate labels.,https://pandas.pydata.org/docs/user_guide/duplicates.html
What is the original performance improvement compared to the pure Python approach?,The original performance improvement is one-third.,https://pandas.pydata.org/docs/user_guide/enhancingperf.html
What is the performance improvement when using C types and annotating function variables and return types?,The performance improvement is over ten times compared to the original Python implementation.,https://pandas.pydata.org/docs/user_guide/enhancingperf.html
What is the main reason for the performance improvement when using ndarray?,"The main reason is that Python function calls are avoided, specifically creating a Series from each row and calling __getitem__ from both the index and the series.",https://pandas.pydata.org/docs/user_guide/enhancingperf.html
What is the time complexity of the original Python implementation when using apply and lambda function?,"The time complexity is 5.03 ms +- 12.5 us per loop (mean +- std. dev. of 7 runs, 100 loops each).",https://pandas.pydata.org/docs/user_guide/enhancingperf.html
How many times is the __getitem__ function called for each row in the original Python implementation?,The __getitem__ function is called three times for each row.,https://pandas.pydata.org/docs/user_guide/enhancingperf.html
What is the total number of function calls made by the code?,The code made 55527 function calls.,https://pandas.pydata.org/docs/user_guide/enhancingperf.html
What is the name of the file and line number where the function __getitem__ is located?,The function __getitem__ is located in the file series.py at line 945.,https://pandas.pydata.org/docs/user_guide/enhancingperf.html
How many times was the function _get_value called?,The function _get_value was called 3000 times.,https://pandas.pydata.org/docs/user_guide/enhancingperf.html
What is the purpose of the line np.import_array() in the Cython code?,The line np.import_array() imports the C API of NumPy.,https://pandas.pydata.org/docs/user_guide/enhancingperf.html
What is the type of the function f_typed in the Cython code?,The function f_typed is a function typed with double precision floating point numbers.,https://pandas.pydata.org/docs/user_guide/enhancingperf.html
How many function calls were made in 0.001 seconds?,222 function calls were made in 0.001 seconds.,https://pandas.pydata.org/docs/user_guide/enhancingperf.html
What is the filename and line number for the function call that took the most time?,The filename and line number for the function call that took the most time is <string>:1(<module>).,https://pandas.pydata.org/docs/user_guide/enhancingperf.html
What is the purpose of the np.import_array() function?,The np.import_array() function is used to import the array module.,https://pandas.pydata.org/docs/user_guide/enhancingperf.html
What is the data type of the variable x in the cdef function f_typed?,The data type of the variable x in the cdef function f_typed is np.float64_t.,https://pandas.pydata.org/docs/user_guide/enhancingperf.html
How many times was the function array.py:722(__getitem__) called?,The function array.py:722(__getitem__) was called 3 times.,https://pandas.pydata.org/docs/user_guide/enhancingperf.html
What is the primary purpose of the @jit decorator in Numba?,"The primary purpose of the @jit decorator in Numba is to JIT compile a pure Python function to native machine instructions, similar in performance to C, C++, and Fortran.",https://pandas.pydata.org/docs/user_guide/enhancingperf.html
What is the overhead of using the @jit compilation in Numba?,"The @jit compilation will add overhead to the runtime of the function, which may not be realized especially when using small data sets.",https://pandas.pydata.org/docs/user_guide/enhancingperf.html
How can you avoid compilation overhead in Numba?,You can avoid compilation overhead by caching your function to prevent recompilation each time the function is run.,https://pandas.pydata.org/docs/user_guide/enhancingperf.html
What is the default value of engine_kwargs in pandas methods that support engine='numba'?,"The default value of engine_kwargs is {'nogil': False, 'nopython': True, 'parallel': False} unless otherwise specified.",https://pandas.pydata.org/docs/user_guide/enhancingperf.html
What are the keys that can be specified in the engine_kwargs dictionary in pandas methods that support engine='numba'?,"The keys that can be specified in the engine_kwargs dictionary are 'nogil', 'nopython', and 'parallel', which accept boolean values to pass into the @jit decorator.",https://pandas.pydata.org/docs/user_guide/enhancingperf.html
What is the time complexity of the custom function without Numba?,The time complexity of the custom function without Numba is approximately 797 us per loop.,https://pandas.pydata.org/docs/user_guide/enhancingperf.html
What is the time complexity of the standard implementation of doubling each observation?,The time complexity of the standard implementation is approximately 233 us per loop.,https://pandas.pydata.org/docs/user_guide/enhancingperf.html
What is the time complexity of the custom function with Numba?,The time complexity of the custom function with Numba is approximately 145 us per loop.,https://pandas.pydata.org/docs/user_guide/enhancingperf.html
What type of functions is Numba best at accelerating?,Numba is best at accelerating functions that apply numerical functions to NumPy arrays.,https://pandas.pydata.org/docs/user_guide/enhancingperf.html
What argument can be passed to Numba to throw an error if it cannot compile a function in a way that speeds up the code?,The argument 'nopython=True' can be passed to Numba to throw an error if it cannot compile a function in a way that speeds up the code.,https://pandas.pydata.org/docs/user_guide/enhancingperf.html
What is the error message when using the '@' prefix in the pandas eval function?,The error message is 'The '@' prefix is not allowed in top-level eval calls. please refer to your variables by name without the '@' prefix.',https://pandas.pydata.org/docs/user_guide/enhancingperf.html
What is the difference between the 'pandas' and 'python' parsers in pandas.eval()?,"The 'pandas' parser allows a more intuitive syntax for expressing query-like operations, while the 'python' parser enforces strict Python semantics.",https://pandas.pydata.org/docs/user_guide/enhancingperf.html
How do you create four DataFrames with random values in pandas?,"You can use a list comprehension to create four DataFrames with random values, as shown in the code snippet: `[pd.DataFrame(np.random.randn(nrows, ncols)) for _ in range(4)]`",https://pandas.pydata.org/docs/user_guide/enhancingperf.html
What is the expression used to select rows where all four DataFrames have values greater than 0?,"The expression is `(df1 > 0) & (df2 > 0) & (df3 > 0) & (df4 > 0)`, which uses the '&' operator to combine the conditions.",https://pandas.pydata.org/docs/user_guide/enhancingperf.html
What is the data type of the result of the expression 'a + b' in pandas.eval()?,"The data type of the result is np.int64, as shown in the output of the code snippet: `Out[27]: np.int64(3)`",https://pandas.pydata.org/docs/user_guide/enhancingperf.html
What type of operations cannot be evaluated by numexpr?,Expressions that would result in an object dtype or involve datetime operations because of NaT must be evaluated in Python space.,https://pandas.pydata.org/docs/user_guide/enhancingperf.html
Can part of an expression be evaluated with numexpr?,"Yes, part of an expression can still be evaluated with numexpr, but the entire expression may need to be evaluated in Python space.",https://pandas.pydata.org/docs/user_guide/enhancingperf.html
What is the result of the query 'strings == 'a' and nums == 1'?,The result is an empty DataFrame with two columns: 'strings' and 'nums'.,https://pandas.pydata.org/docs/user_guide/enhancingperf.html
How is the numeric part of a comparison evaluated?,The numeric part of a comparison is evaluated by numexpr.,https://pandas.pydata.org/docs/user_guide/enhancingperf.html
How is the object part of a comparison evaluated?,The object part of a comparison is evaluated by Python.,https://pandas.pydata.org/docs/user_guide/enhancingperf.html
What is the performance improvement compared to the pure Python approach?,"The performance has improved by one-third. However, annotating the functions with C types yields an over ten times performance improvement compared to the original Python implementation.",https://pandas.pydata.org/docs/user_guide/enhancingperf.html
What is the purpose of using cdef and cpdef in the Cython code?,"cdef and cpdef are used to declare C types for function variables and return types, improving performance.",https://pandas.pydata.org/docs/user_guide/enhancingperf.html
What is the bottleneck in the original Python implementation?,The bottleneck is creating a Series from each row and calling __getitem__ from both the index and the series.,https://pandas.pydata.org/docs/user_guide/enhancingperf.html
How can the performance be improved?,Passing an np.ndarray instead of Series can improve performance by reducing Python function calls.,https://pandas.pydata.org/docs/user_guide/enhancingperf.html
What is the time complexity of the original Python implementation?,"The time complexity is not explicitly stated, but it is mentioned that the Cython implementation yields an over ten times performance improvement.",https://pandas.pydata.org/docs/user_guide/enhancingperf.html
What is the name of the Python file that the function __getitem__ is located in?,The function __getitem__ is located in the file series.py.,https://pandas.pydata.org/docs/user_guide/enhancingperf.html
What is the name of the Python module that the function check_dict_or_set_indexers is located in?,The function check_dict_or_set_indexers is located in the file indexing.py.,https://pandas.pydata.org/docs/user_guide/enhancingperf.html
What type of function call is the function f_typed?,"The function f_typed is a cdef function, which means it is a Cython function that is compiled to C code.",https://pandas.pydata.org/docs/user_guide/enhancingperf.html
What was the filename and line number of the function with the highest internal time?,The function with the highest internal time was from the filename <string> at line 1.,https://pandas.pydata.org/docs/user_guide/enhancingperf.html
How many times was the array.py:722(__getitem__) function called?,The array.py:722(__getitem__) function was called 3 times.,https://pandas.pydata.org/docs/user_guide/enhancingperf.html
What is the purpose of np.import_array() in the Cython code?,np.import_array() is used to import the NumPy C API.,https://pandas.pydata.org/docs/user_guide/enhancingperf.html
What is the type of the variable x in the Cython function f_typed?,The type of the variable x in the Cython function f_typed is np.float64_t.,https://pandas.pydata.org/docs/user_guide/enhancingperf.html
What is the potential outcome of using @jit(parallel=True) with an unsafe threading layer?,It may result in a SIGABRT.,https://pandas.pydata.org/docs/user_guide/enhancingperf.html
What should you do if you encounter a segfault (SIGSEGV) while using Numba?,You should report the issue to the Numba issue tracker.,https://pandas.pydata.org/docs/user_guide/enhancingperf.html
What is the purpose of the top-level function pandas.eval()?,It implements performant expression evaluation of Series and DataFrame.,https://pandas.pydata.org/docs/user_guide/enhancingperf.html
Under what circumstances should you use pandas.eval() for expression evaluation?,"You should use it when you have a DataFrame with more than 10,000 rows, as it can provide a performance improvement by evaluating arithmetic and boolean expressions all at once.",https://pandas.pydata.org/docs/user_guide/enhancingperf.html
How does the performance of pandas.eval() compare to plain Python for small expressions or objects?,It is many orders of magnitude slower.,https://pandas.pydata.org/docs/user_guide/enhancingperf.html
What is the purpose of prefixing a local variable with '@' when using DataFrame.eval() and DataFrame.query()?,To avoid conflicts between local variables and DataFrame column names in an expression.,https://pandas.pydata.org/docs/user_guide/enhancingperf.html
What happens if you don't prefix a local variable with '@' when using DataFrame.eval() and DataFrame.query()?,Pandas will raise an exception telling you the variable is undefined.,https://pandas.pydata.org/docs/user_guide/enhancingperf.html
What is the result of the expression df.query('@a < a')?,A DataFrame containing rows where the value of column 'a' is less than the value of variable 'a'. The result is shown in Out[23].,https://pandas.pydata.org/docs/user_guide/enhancingperf.html
What is the equivalent expression to df.query('@a < a') using loc[]?,df.loc[a < df['a']],https://pandas.pydata.org/docs/user_guide/enhancingperf.html
What is the warning given by pandas.eval() when the '@' prefix is not defined in a context?,It will raise an exception if you cannot use the '@' prefix because it isn't defined in that context.,https://pandas.pydata.org/docs/user_guide/enhancingperf.html
What is the reason for the SyntaxError when using '@' prefix in pd.eval()?,The '@' prefix is not allowed in top-level eval calls. It's recommended to refer to variables by name without the '@' prefix.,https://pandas.pydata.org/docs/user_guide/enhancingperf.html
What are the two different expression syntax parsers available in pandas.eval()?,"The two parsers are 'pandas' and 'python'. The 'pandas' parser allows a more intuitive syntax for expressing query-like operations, while the 'python' parser enforces strict Python semantics.",https://pandas.pydata.org/docs/user_guide/enhancingperf.html
How can the precedence of the '&' and '|' operators be made equal to the corresponding boolean operations?,The precedence of the '&' and '|' operators can be made equal to the corresponding boolean operations by using the 'pandas' parser.,https://pandas.pydata.org/docs/user_guide/enhancingperf.html
What is the purpose of the 'python' parser in pandas.eval()?,"The 'python' parser enforces strict Python semantics, allowing for more control over the parsing process.",https://pandas.pydata.org/docs/user_guide/enhancingperf.html
How can you create multiple DataFrames with the same random data?,"You can use a list comprehension to create multiple DataFrames with the same random data, as shown in the example code: [pd.DataFrame(np.random.randn(nrows, ncols)) for _ in range(4)]",https://pandas.pydata.org/docs/user_guide/enhancingperf.html
What configuration option determines if the DataFrame memory usage will be displayed when invoking the info() method?,The configuration option is display.memory_usage.,https://pandas.pydata.org/docs/user_guide/gotchas.html
How can you specify the memory usage of a DataFrame including the index?,You can show the memory usage of a DataFrame including the index by calling the info() method.,https://pandas.pydata.org/docs/user_guide/gotchas.html
What is the data type of the column 'categorical' in the DataFrame df?,The data type of the column 'categorical' in the DataFrame df is 'category'.,https://pandas.pydata.org/docs/user_guide/gotchas.html
How many rows are in the DataFrame df?,There are 5000 rows in the DataFrame df.,https://pandas.pydata.org/docs/user_guide/gotchas.html
What is the data type of the column 'timedelta64[ns]' in the DataFrame df?,The data type of the column 'timedelta64[ns]' in the DataFrame df is timedelta64[ns].,https://pandas.pydata.org/docs/user_guide/gotchas.html
What is the data type of the first column in the DataFrame?,The data type of the first column in the DataFrame is int64.,https://pandas.pydata.org/docs/user_guide/gotchas.html
How many entries are in the RangeIndex of the DataFrame?,There are 5000 entries in the RangeIndex of the DataFrame.,https://pandas.pydata.org/docs/user_guide/gotchas.html
What is the memory usage of the DataFrame?,"The memory usage of the DataFrame is 284.1+ KB, but this may be an underestimate due to the presence of object columns.",https://pandas.pydata.org/docs/user_guide/gotchas.html
What is the effect of passing memory_usage='deep' to the memory usage report?,"Passing memory_usage='deep' will provide a more accurate memory usage report, but this can be expensive due to deeper introspection.",https://pandas.pydata.org/docs/user_guide/gotchas.html
What is the data type of the seventh column in the DataFrame?,The data type of the seventh column in the DataFrame is category.,https://pandas.pydata.org/docs/user_guide/gotchas.html
What is the default display option for the info() method?,"The default display option is set to True, but it can be overridden by passing the memory_usage argument.",https://pandas.pydata.org/docs/user_guide/gotchas.html
How many columns does the DataFrame have?,The DataFrame has 8 columns.,https://pandas.pydata.org/docs/user_guide/gotchas.html
What type of object is returned by the memory_usage() method?,The memory_usage() method returns a Series with an index represented by column names and memory usage of each column shown in bytes.,https://pandas.pydata.org/docs/user_guide/gotchas.html
What is the range of the index in the DataFrame?,The index in the DataFrame ranges from 0 to 4999.,https://pandas.pydata.org/docs/user_guide/gotchas.html
What is the result of using the 'in' operator on a Series in pandas?,"The 'in' operator tests for membership in the index, not membership among the values.",https://pandas.pydata.org/docs/user_guide/gotchas.html
How does the 'in' operator behave when used on a dictionary in Python?,"Using 'in' on a Python dictionary tests keys, not values, and Series are dict-like.",https://pandas.pydata.org/docs/user_guide/gotchas.html
What method should be used to test for membership in the values of a Series?,The method 'isin()' should be used to test for membership in the values of a Series.,https://pandas.pydata.org/docs/user_guide/gotchas.html
What is the result of using the 'isin()' method on a Series with a list containing an integer?,The 'isin()' method returns a boolean Series indicating which values in the Series are in the list.,https://pandas.pydata.org/docs/user_guide/gotchas.html
What is the general rule in programming when using User Defined Function (UDF) methods in pandas?,"One should not mutate a container while it is being iterated over, as mutation will invalidate the iterator and cause unexpected behavior.",https://pandas.pydata.org/docs/user_guide/gotchas.html
What is the initial state of the 'values' list?,"The initial state of the 'values' list is [0, 1, 2, 3, 4, 5].",https://pandas.pydata.org/docs/user_guide/gotchas.html
What is the purpose of the 'n_removed' variable in the loop?,The 'n_removed' variable keeps track of the number of elements removed from the 'values' list.,https://pandas.pydata.org/docs/user_guide/gotchas.html
What is the condition for removing an element from the 'values' list?,"An element is removed from the 'values' list if its value is odd (i.e., value % 2 == 1).",https://pandas.pydata.org/docs/user_guide/gotchas.html
What is the expected output of the code when using a pandas method with a UDF?,"The expected output is [1, 3, 5], but the actual output is [1, 4, 5] due to the mutation of the DataFrame.",https://pandas.pydata.org/docs/user_guide/gotchas.html
What is the error that occurs when using the 'pop' method in the UDF 'f'?,A KeyError occurs when trying to pop an element from the DataFrame that does not exist.,https://pandas.pydata.org/docs/user_guide/gotchas.html
What is the cause of the KeyError in the stacktrace?,The KeyError is caused by a dynamically evaluated source code.,https://pandas.pydata.org/docs/user_guide/gotchas.html
Which file contains the get_loc method in pandas?,The get_loc method is located in the pandas/_libs/index.pyx file.,https://pandas.pydata.org/docs/user_guide/gotchas.html
What is the name of the error raised when trying to apply a function to a DataFrame using the 'columns' axis?,The error is a KeyError.,https://pandas.pydata.org/docs/user_guide/gotchas.html
What is the line number where the KeyError occurs in the apply method of the DataFrame?,The KeyError occurs on line 12435 of the pandas/core/frame.py file.,https://pandas.pydata.org/docs/user_guide/gotchas.html
What is the reason for raising a NotImplementedError when result_type is not None in the FrameApply.apply method?,The NotImplementedError is raised because result_type is not implemented.,https://pandas.pydata.org/docs/user_guide/gotchas.html
What is the purpose of the apply_raw function?,The purpose of the apply_raw function is to apply the engine and engine_kwargs to the self object.,https://pandas.pydata.org/docs/user_guide/gotchas.html
What happens when the engine is set to 'python' in the apply_standard function?,"When the engine is set to 'python', the apply_series_generator function is called to generate results.",https://pandas.pydata.org/docs/user_guide/gotchas.html
What is the purpose of the results dictionary in the apply_series_generator function?,The results dictionary is used to store the output of the function applied to each element of the series.,https://pandas.pydata.org/docs/user_guide/gotchas.html
What happens when the results dictionary contains an ABCSeries?,"When the results dictionary contains an ABCSeries, a copy of the underlying data is made to avoid swapping out the data.",https://pandas.pydata.org/docs/user_guide/gotchas.html
What is the return type of the pop function in the Series class?,"The return type of the pop function in the Series class is Any, which means it can return any type of value.",https://pandas.pydata.org/docs/user_guide/gotchas.html
What is the return type of the pop method in pandas?,The pop method in pandas returns a Series or Any.,https://pandas.pydata.org/docs/user_guide/gotchas.html
What is the condition for treating an int key as a label in pandas?,"In pandas, an int key is always treated as a label, matching DataFrame behavior.",https://pandas.pydata.org/docs/user_guide/gotchas.html
What is the purpose of the _get_value method in pandas?,The _get_value method in pandas is used to get the value of a Series at a given label.,https://pandas.pydata.org/docs/user_guide/gotchas.html
What happens when a slice is passed as a key to the pop method?,"When a slice is passed as a key to the pop method, it raises an InvalidIndexError.",https://pandas.pydata.org/docs/user_guide/gotchas.html
What is the return type of the _values attribute in pandas?,The _values attribute in pandas returns a numpy array.,https://pandas.pydata.org/docs/user_guide/gotchas.html
What is the purpose of making a copy of the container being iterated over?,To prevent the mutation from applying to the container being iterated over.,https://pandas.pydata.org/docs/user_guide/gotchas.html
What happens when a KeyError is raised in the _check_indexing_error method?,The TypeError is re-raised.,https://pandas.pydata.org/docs/user_guide/gotchas.html
How can you remove elements from a list while iterating over it safely?,By making a copy of the list and iterating over the copy.,https://pandas.pydata.org/docs/user_guide/gotchas.html
What is the default NA representation for NumPy types?,np.nan (Not-A-Number) was chosen as the NA value for NumPy types.,https://pandas.pydata.org/docs/user_guide/gotchas.html
What API functions can be used to detect NA values across different dtypes?,DataFrame.isna() and DataFrame.notna() can be used to detect NA values.,https://pandas.pydata.org/docs/user_guide/gotchas.html
What is the data type of the series s_int?,The data type of the series s_int is Int64Dtype.,https://pandas.pydata.org/docs/user_guide/gotchas.html
How does the reindex method affect the series s_int?,"The reindex method reorders the index of the series s_int, but does not change its values. The missing values are represented as NA.",https://pandas.pydata.org/docs/user_guide/gotchas.html
What is the difference between the data types of Int64Dtype and int64[pyarrow]?,"Int64Dtype and int64[pyarrow] are both nullable integer data types, but they are implemented differently. Int64Dtype is a native Pandas data type, while int64[pyarrow] is a PyArrow type.",https://pandas.pydata.org/docs/user_guide/gotchas.html
Why did the developers of NumPy not implement NA support like R?,"The developers of NumPy did not implement NA support like R because it would require a more substantial trade-off and implementation undertaking, especially for 8- and 16-bit data types.",https://pandas.pydata.org/docs/user_guide/gotchas.html
How can you achieve R NA semantics in NumPy?,You can achieve R NA semantics in NumPy by using masked NumPy types such as Int64Dtype or PyArrow types like ArrowDtype.,https://pandas.pydata.org/docs/user_guide/gotchas.html
How does the var() function in pandas Series and DataFrame objects normalize to produce unbiased estimates of the population variance?,The var() function normalizes by N-1 to produce unbiased estimates of the population variance.,https://pandas.pydata.org/docs/user_guide/gotchas.html
What is the known issue related to thread-safety in pandas?,"The known issue relates to the copy() method. If you are doing a lot of copying of DataFrame objects shared among threads, you should hold locks inside the threads where the data copying occurs.",https://pandas.pydata.org/docs/user_guide/gotchas.html
What is the common symptom of byte-ordering issues when dealing with data created on a different machine?,A common symptom of this issue is an error like: ValueError: Big-endian buffer not supported on little-endian compiler.,https://pandas.pydata.org/docs/user_guide/gotchas.html
How can you convert a NumPy array to the native system byte order before passing it to pandas Series or DataFrame constructors?,"You can use the byteswap() and view() methods to force the native byte order, similar to the example: x.byteswap().view(x.dtype.newbyteorder()).",https://pandas.pydata.org/docs/user_guide/gotchas.html
What does NumPy’s numpy.var() function normalize by to measure the variance of the sample?,"NumPy’s numpy.var() function normalizes by N, which measures the variance of the sample.",https://pandas.pydata.org/docs/user_guide/gotchas.html
What configuration option controls the display of DataFrame memory usage when invoking the info() method?,The display.memory_usage configuration option specifies if the DataFrame memory usage will be displayed when invoking the info() method.,https://pandas.pydata.org/docs/user_guide/gotchas.html
What is shown when calling the info() method on a DataFrame?,The memory usage of a DataFrame (including the index) is shown when calling the info() method.,https://pandas.pydata.org/docs/user_guide/gotchas.html
How many rows are in the DataFrame created in the example?,The DataFrame created in the example has 5000 rows.,https://pandas.pydata.org/docs/user_guide/gotchas.html
What data types are included in the dtypes list in the example?,"The dtypes list includes the data types 'int64', 'float64', 'datetime64[ns]', 'timedelta64[ns]', 'complex128', 'object', and 'bool'.",https://pandas.pydata.org/docs/user_guide/gotchas.html
What happens to the 'object' column when the code df['categorical'] = df['object'].astype('category') is executed?,The 'object' column is converted to a categorical data type.,https://pandas.pydata.org/docs/user_guide/gotchas.html
What is the type of the object returned by the info() method?,The type of the object returned by the info() method is pandas.DataFrame.,https://pandas.pydata.org/docs/user_guide/gotchas.html
What is the data type of the 7th column in the DataFrame?,The data type of the 7th column in the DataFrame is bool.,https://pandas.pydata.org/docs/user_guide/gotchas.html
Why might the reported memory usage of the DataFrame be higher than the actual memory usage?,The reported memory usage of the DataFrame might be higher than the actual memory usage because pandas does not count the memory used by values in columns with dtype=object.,https://pandas.pydata.org/docs/user_guide/gotchas.html
What is the effect of passing memory_usage='deep' to the info() method?,"Passing memory_usage='deep' to the info() method enables a more accurate memory usage report, accounting for the full usage of the contained objects, but this can be expensive to do this deeper introspection.",https://pandas.pydata.org/docs/user_guide/gotchas.html
How can the memory usage of each column be found?,The memory usage of each column can be found by calling the memory_usage() method.,https://pandas.pydata.org/docs/user_guide/gotchas.html
What data type does the memory_usage() method return?,The memory_usage() method returns a Series with an index represented by column names.,https://pandas.pydata.org/docs/user_guide/gotchas.html
What is the total memory usage of the DataFrame?,The total memory usage of the DataFrame is 420.8 KB.,https://pandas.pydata.org/docs/user_guide/gotchas.html
What is the purpose of the memory_usage argument in the info() method?,The memory_usage argument can be used to explicitly override the default display option when invoking the info() method.,https://pandas.pydata.org/docs/user_guide/gotchas.html
What is the default output of the memory_usage() method for a DataFrame?,The default output of the memory_usage() method includes the memory usage of the DataFrame's index.,https://pandas.pydata.org/docs/user_guide/gotchas.html
How can you suppress the memory usage of the DataFrame's index in the output of the memory_usage() method?,You can pass the index=False argument to the memory_usage() method.,https://pandas.pydata.org/docs/user_guide/gotchas.html
What is the purpose of the info() method in pandas?,The info() method formats the memory usage of a DataFrame in human-readable units (base-2 representation) and utilizes the memory_usage() method to determine the memory usage.,https://pandas.pydata.org/docs/user_guide/gotchas.html
What happens when you try to use if/truth statements with pandas?,Pandas follows the NumPy convention of raising an error when you try to convert something to a bool.,https://pandas.pydata.org/docs/user_guide/gotchas.html
"What is the result of the following code: if pd.Series([False, True, False]):","It is not clear what the result of the following code should be, as it is not specified in the documentation.",https://pandas.pydata.org/docs/user_guide/gotchas.html
How does the 'in' operator behave on a dictionary in Python?,"Using 'in' on a Python dictionary tests keys, not values, and Series are dict-like.",https://pandas.pydata.org/docs/user_guide/gotchas.html
What method can be used to test for membership in the values of a Series in pandas?,The 'isin()' method can be used to test for membership in the values of a Series in pandas.,https://pandas.pydata.org/docs/user_guide/gotchas.html
What is the result of using 'isin()' method on a Series with the value 2?,The 'isin()' method returns a boolean Series where the value 2 is True in the index 'c'.,https://pandas.pydata.org/docs/user_guide/gotchas.html
Why should one avoid mutating a container while it is being iterated over in pandas?,"Mutation will invalidate the iterator, causing unexpected behavior.",https://pandas.pydata.org/docs/user_guide/gotchas.html
What is the initial value of the 'n_removed' variable?,The initial value of 'n_removed' is 0.,https://pandas.pydata.org/docs/user_guide/gotchas.html
What is the condition for deleting an element from the 'values' list?,"An element is deleted from the 'values' list if its value is odd (i.e., value % 2 == 1).",https://pandas.pydata.org/docs/user_guide/gotchas.html
What is the expected result of the code when using the 'pop' method on a DataFrame?,The expected result is a DataFrame with the column 'a' removed.,https://pandas.pydata.org/docs/user_guide/gotchas.html
What is the reason for the unexpected behavior in the example with 'DataFrame.apply()?,The unexpected behavior arises because the UDF (user-defined function) 'f' mutates the DataFrame by removing a column.,https://pandas.pydata.org/docs/user_guide/gotchas.html
What is the error that occurs when using 'DataFrame.apply()' with the 'pop' method?,"A KeyError occurs when trying to remove a column that does not exist, in this case, column 'a'.",https://pandas.pydata.org/docs/user_guide/gotchas.html
What is the error message when trying to get the source of dynamically evaluated source code in pandas?,"The error message is 'Could not get source, probably due dynamically evaluated source code.'",https://pandas.pydata.org/docs/user_guide/gotchas.html
What is the cause of the KeyError exception in the given code snippet?,"The direct cause of the KeyError exception was the KeyError exception itself, which occurred when trying to get the source of dynamically evaluated source code.",https://pandas.pydata.org/docs/user_guide/gotchas.html
What is the method being used to apply a function to a DataFrame in the code snippet?,The method being used is DataFrame.apply().,https://pandas.pydata.org/docs/user_guide/gotchas.html
What is the axis parameter being used in the apply() method?,The axis parameter is being set to 'columns'.,https://pandas.pydata.org/docs/user_guide/gotchas.html
What is the exception type that is raised when result_type is not None in the given code snippet?,The exception type is NotImplementedError.,https://pandas.pydata.org/docs/user_guide/gotchas.html
What is the return type of the Series.pop method?,The Series.pop method returns a Series.,https://pandas.pydata.org/docs/user_guide/gotchas.html
What is the purpose of the del statement in the Series.pop method?,The del statement removes the specified item from the Series.,https://pandas.pydata.org/docs/user_guide/gotchas.html
What is the condition for an integer key to be treated as a label in a Series?,"In pandas version 3.0 and later, an integer key is always treated as a label, matching DataFrame behavior.",https://pandas.pydata.org/docs/user_guide/gotchas.html
What is the exception raised when an invalid index key is used in a Series?,An InvalidIndexError is raised when an invalid index key is used in a Series.,https://pandas.pydata.org/docs/user_guide/gotchas.html
What is the purpose of the _get_value method in a Series?,The _get_value method retrieves the value at a specified label in a Series.,https://pandas.pydata.org/docs/user_guide/gotchas.html
What is the most straightforward step in the group by process?,"The most straightforward step in the group by process is the split step, where data is split into groups based on some criteria.",https://pandas.pydata.org/docs/user_guide/groupby.html
What are some examples of aggregation in the apply step?,"Some examples of aggregation in the apply step include computing group sums or means, and computing group sizes / counts.",https://pandas.pydata.org/docs/user_guide/groupby.html
What is an example of a transformation operation in the apply step?,An example of a transformation operation in the apply step is standardizing data (zscore) within a group.,https://pandas.pydata.org/docs/user_guide/groupby.html
What is a possible use of the GroupBy object's apply method?,"A possible use of the GroupBy object's apply method is to compute an operation that does not fall into one of the aggregating, window, or resample APIs, or is some combination of them.",https://pandas.pydata.org/docs/user_guide/groupby.html
What is an example of a filtration operation in the apply step?,An example of a filtration operation in the apply step is discarding data that belong to groups with only a few members.,https://pandas.pydata.org/docs/user_guide/groupby.html
What is the default behavior of the groupby operation when it encounters NA values in the keys?,"By default, NA values are excluded from group keys during the groupby operation.",https://pandas.pydata.org/docs/user_guide/groupby.html
How can you include NA values in group keys during the groupby operation?,You can pass dropna=False to the groupby function to include NA values in group keys.,https://pandas.pydata.org/docs/user_guide/groupby.html
What is the output of the groupby operation on df_dropna with dropna set to True?,"The output will exclude NaNs in keys, resulting in a dictionary with two keys: {1.0: {'a': 2, 'c': 5}, 2.0: {'a': 2, 'c': 5}}.",https://pandas.pydata.org/docs/user_guide/groupby.html
What is the purpose of the groups attribute in a GroupBy object?,The groups attribute is a dictionary that maps each unique group key to the index labels belonging to that group.,https://pandas.pydata.org/docs/user_guide/groupby.html
What is the default setting of the dropna argument in the groupby function?,"The default setting of dropna is True, which means NA values are not included in group keys.",https://pandas.pydata.org/docs/user_guide/groupby.html
What is the output of calling the len function on the GroupBy object?,"The output of calling the len function on the GroupBy object returns the number of groups, which is the same as the length of the groups dictionary.",https://pandas.pydata.org/docs/user_guide/groupby.html
How many groups are there in the grouped object?,There are 6 groups in the grouped object.,https://pandas.pydata.org/docs/user_guide/groupby.html
What is the purpose of the groupby function in pandas?,"The groupby function is used to group data by one or more columns, and it returns a GroupBy object.",https://pandas.pydata.org/docs/user_guide/groupby.html
"How can you tab complete column names, GroupBy operations, and other attributes in a GroupBy object?","You can tab complete column names, GroupBy operations, and other attributes in a GroupBy object by using the tab key.",https://pandas.pydata.org/docs/user_guide/groupby.html
What is the output of grouped.groups?,The output of grouped.groups is a dictionary where the keys are the group labels and the values are the corresponding index ranges.,https://pandas.pydata.org/docs/user_guide/groupby.html
What does the 'any()' method in pandas compute?,The 'any()' method computes whether any of the values in the groups are truthy.,https://pandas.pydata.org/docs/user_guide/groupby.html
How does the 'idxmax()' method work?,The 'idxmax()' method computes the index of the maximum value in each group.,https://pandas.pydata.org/docs/user_guide/groupby.html
What is the purpose of the 'quantile()' method?,The 'quantile()' method computes a given quantile of the values in each group.,https://pandas.pydata.org/docs/user_guide/groupby.html
What does the 'size()' method return?,The 'size()' method computes the number of values in each group.,https://pandas.pydata.org/docs/user_guide/groupby.html
What does the 'sem()' method compute?,The 'sem()' method computes the standard error of the mean of the values in each group.,https://pandas.pydata.org/docs/user_guide/groupby.html
What is the output of the size() method on the grouped DataFrame?,The output is a Series with the group names as index and the sizes of each group as values.,https://pandas.pydata.org/docs/user_guide/groupby.html
What is the purpose of the DataFrameGroupBy.describe() method?,"It produces a collection of summary statistics about each group, including count, mean, standard deviation, and more.",https://pandas.pydata.org/docs/user_guide/groupby.html
What is the output of the describe() method on the grouped DataFrame?,"The output is a DataFrame with various statistics for each group, including count, mean, standard deviation, 50%, 75%, and max.",https://pandas.pydata.org/docs/user_guide/groupby.html
How many groups have two unique values in the 'A' column?,"Two groups, 'foo one' and 'two', have two unique values in the 'A' column.",https://pandas.pydata.org/docs/user_guide/groupby.html
What is the size of the 'bar one' group in the 'A' column?,The size of the 'bar one' group in the 'A' column is 1.,https://pandas.pydata.org/docs/user_guide/groupby.html
What is the average weight of cats?,The average weight of cats is 8.90.,https://pandas.pydata.org/docs/user_guide/groupby.html
How can you use named aggregation with non-keyword column names?,You can construct a dictionary and unpack the keyword arguments.,https://pandas.pydata.org/docs/user_guide/groupby.html
What happens when additional keyword arguments are passed to named aggregation?,Additional keyword arguments are not passed through to the aggregation functions.,https://pandas.pydata.org/docs/user_guide/groupby.html
How can you apply additional arguments to aggregation functions that require them?,You can apply them partially with functools.partial(),https://pandas.pydata.org/docs/user_guide/groupby.html
Is named aggregation valid for Series groupby aggregations?,"Yes, named aggregation is also valid for Series groupby aggregations.",https://pandas.pydata.org/docs/user_guide/groupby.html
What is the purpose of the bfill() method in pandas?,The bfill() method is used to back fill NA values within each group.,https://pandas.pydata.org/docs/user_guide/groupby.html
What is the effect of passing a string alias to the transform() method?,"When a string alias is passed to the transform() method, the result of the specified aggregation or transformation method is broadcast across the group.",https://pandas.pydata.org/docs/user_guide/groupby.html
What is the difference between the transform() and aggregation methods in pandas?,"The transform() method can accept string aliases to built-in transformation methods and aggregation methods, whereas the aggregation method only accepts aggregation methods.",https://pandas.pydata.org/docs/user_guide/groupby.html
How does the rank() method compute its results in pandas?,The rank() method computes the rank of each value within each group.,https://pandas.pydata.org/docs/user_guide/groupby.html
What is the purpose of the ffill() method in pandas?,The ffill() method is used to forward fill NA values within each group.,https://pandas.pydata.org/docs/user_guide/groupby.html
What is the max_speed of the falcon bird?,The max_speed of the falcon bird is 389.0.,https://pandas.pydata.org/docs/user_guide/groupby.html
How do you group the speeds DataFrame by the 'class' column?,You can group the speeds DataFrame by the 'class' column using the groupby method: speeds.groupby('class'),https://pandas.pydata.org/docs/user_guide/groupby.html
What is the result of applying the cumsum function to the grouped DataFrame?,The result of applying the cumsum function to the grouped DataFrame is a new DataFrame where the max_speed values are cumulative sums of the original values.,https://pandas.pydata.org/docs/user_guide/groupby.html
What are the requirements for a User-Defined Function (UDF) to be used with the transform method?,"A UDF must return a result that is either the same size as the group chunk or broadcastable to the size of the group chunk, operate column-by-column on the group chunk, and not perform in-place operations on the group chunk.",https://pandas.pydata.org/docs/user_guide/groupby.html
What is the result of applying the sum function to the grouped DataFrame?,The result of applying the sum function to the grouped DataFrame is a new DataFrame where the max_speed values are the sums of the original values for each group.,https://pandas.pydata.org/docs/user_guide/groupby.html
What is the original count of data points for the 'A' column in the 'GR' group?,The original count of data points for the 'A' column in the 'GR' group is 209.,https://pandas.pydata.org/docs/user_guide/groupby.html
How do the group means change after applying the transformation?,The group means do not change after applying the transformation.,https://pandas.pydata.org/docs/user_guide/groupby.html
What is the count of data points for the 'B' column in the 'UK' group after applying the transformation?,The count of data points for the 'B' column in the 'UK' group after applying the transformation is 247.,https://pandas.pydata.org/docs/user_guide/groupby.html
What is the size of the 'US' group after applying the transformation?,The size of the 'US' group after applying the transformation is 258.,https://pandas.pydata.org/docs/user_guide/groupby.html
How many data points are missing in the original 'C' column of the 'JP' group?,"The original 'C' column of the 'JP' group had 217 data points, but this does not indicate the number of missing data points. However, we can infer that the transformation filled in the missing data points, as the count of data points for the 'C' column in the 'JP' group after applying the transformation is 267.",https://pandas.pydata.org/docs/user_guide/groupby.html
What is the condition for filtering the DataFrame in the first example?,The condition is that the length of each row must be greater than 2.,https://pandas.pydata.org/docs/user_guide/groupby.html
What happens when applying a filter to a grouped DataFrame with multiple columns?,You must explicitly specify a column as the filter criterion.,https://pandas.pydata.org/docs/user_guide/groupby.html
What is the purpose of the apply function in pandas?,"The apply function is used for operations that do not fit into the aggregation, transformation, or filtration categories.",https://pandas.pydata.org/docs/user_guide/groupby.html
How does the apply function behave when trying to infer its action?,"It tries to intelligently guess how to behave, but can sometimes guess wrong.",https://pandas.pydata.org/docs/user_guide/groupby.html
What is the alternative to using the apply function in pandas?,"Other pandas functionality can be used, which is more reliable and efficient.",https://pandas.pydata.org/docs/user_guide/groupby.html
What happens when using engine='numba' with pandas?,"There will be no 'fall back' behavior internally. The group data and group index will be passed as NumPy arrays to the JITed user defined function, and no alternative execution attempts will be tried.",https://pandas.pydata.org/docs/user_guide/groupby.html
How can non-numeric columns be excluded from a DataFrame?,You can specify numeric_only=True when using the std() function or other aggregation functions.,https://pandas.pydata.org/docs/user_guide/groupby.html
What is the difference in efficiency between df.groupby('A').colname.std() and df.groupby('A').std().colname?,The former is more efficient than the latter when the result of an aggregation function is only needed over one column.,https://pandas.pydata.org/docs/user_guide/groupby.html
What is the purpose of the decimal module in the given code?,"The purpose of the decimal module is not explicitly stated in the given code, but it is imported from the decimal module, suggesting that it might be used for decimal arithmetic.",https://pandas.pydata.org/docs/user_guide/groupby.html
What is the output of df.groupby('A').std(numeric_only=True)?,"The output is a DataFrame with the standard deviation of columns C and D grouped by the 'A' column, excluding non-numeric columns.",https://pandas.pydata.org/docs/user_guide/groupby.html
What is the sum of the 'dec_column' for each unique 'id' in the 'df_dec' DataFrame?,The sum of the 'dec_column' for each unique 'id' is 0.75 for id 1 and 0.55 for id 2.,https://pandas.pydata.org/docs/user_guide/groupby.html
What is the effect of setting 'observed=False' when using a Categorical grouper in pandas?,"Setting 'observed=False' returns a cartesian product of all possible grouper values, including unobserved categories.",https://pandas.pydata.org/docs/user_guide/groupby.html
What is the output of the 'count()' method when grouping a pandas Series with a Categorical grouper and 'observed=False'?,"The output is a Series with counts for all categories, including unobserved ones, in this case a=3 and b=0.",https://pandas.pydata.org/docs/user_guide/groupby.html
What is the returned dtype of the grouped result when using a Categorical grouper in pandas?,The returned dtype always includes all of the categories that were grouped.,https://pandas.pydata.org/docs/user_guide/groupby.html
What is the output of the 'index' attribute of the result from grouping a pandas Series with a Categorical grouper and 'observed=True'?,"The output is a Index object, but the actual output is not shown in the text.",https://pandas.pydata.org/docs/user_guide/groupby.html
"What is the sum of workers for each day when grouping by day, observed=False, and sorting in ascending order?","The sum of workers for each day is: Mon 8, Tue 0, Wed 5, Thu 1, Fri 0, Sat 2, Sun 0.",https://pandas.pydata.org/docs/user_guide/groupby.html
How does the observed parameter affect the grouping in the pandas DataFrame?,"The observed parameter is set to False, which means that missing values are considered as zero when performing the groupby operation.",https://pandas.pydata.org/docs/user_guide/groupby.html
What is the purpose of the pd.Grouper object in pandas?,The pd.Grouper object is used to provide local control when grouping data in a pandas DataFrame.,https://pandas.pydata.org/docs/user_guide/groupby.html
How do you create a pandas DataFrame from a dictionary with a list of strings?,You can use the split() function to split the strings into lists and then create a pandas DataFrame from the dictionary.,https://pandas.pydata.org/docs/user_guide/groupby.html
What is the data type of the 'Date' column in the DataFrame created in In [223]?,"The 'Date' column is of datetime type, created using the datetime function from the datetime module.",https://pandas.pydata.org/docs/user_guide/groupby.html
What is the frequency and level specified in the Grouper object?,The frequency is '6ME' and the level is 'Date'.,https://pandas.pydata.org/docs/user_guide/groupby.html
What is the result of calling head on a DataFrameGroupBy object?,The result is a DataFrame with the first n rows from each group.,https://pandas.pydata.org/docs/user_guide/groupby.html
What happens when the nth element of a group does not exist in a DataFrameGroupBy.nth() operation?,No corresponding rows are returned.,https://pandas.pydata.org/docs/user_guide/groupby.html
What is the difference between a filtration and a reduction in the context of DataFrameGroupBy.nth()?,"A filtration returns zero or multiple rows per group, while a reduction returns one row per group.",https://pandas.pydata.org/docs/user_guide/groupby.html
What is the result of calling nth(0) on a DataFrameGroupBy object with a group containing NaN values?,"The result is a DataFrame with the first row from each group, including the row with NaN values.",https://pandas.pydata.org/docs/user_guide/groupby.html
What is the purpose of the `nth` method in pandas?,The `nth` method is used to select a specific row from a DataFrame or Series based on its position within a group.,https://pandas.pydata.org/docs/user_guide/groupby.html
How can you select every nth row from a DataFrame using the `nth` method?,"You can use the `nth` method with a slice, for example `df.groupby(...).nth([1:])` to select every nth row.",https://pandas.pydata.org/docs/user_guide/groupby.html
What is the difference between `cumcount` and `ngroup` methods in pandas?,"The `cumcount` method is used to enumerate the order of rows within a group, while the `ngroup` method is used to enumerate the order of groups themselves.",https://pandas.pydata.org/docs/user_guide/groupby.html
How can you change the order of enumeration in `cumcount` method?,You can use the `ascending=False` parameter in the `cumcount` method to change the order of enumeration.,https://pandas.pydata.org/docs/user_guide/groupby.html
What is the default behavior of the `nth` method when no argument is provided?,The default behavior of the `nth` method is to select the first row within each group.,https://pandas.pydata.org/docs/user_guide/groupby.html
What is the purpose of the `ngroup` function in the context of the provided code?,"The `ngroup` function is used to assign a group number to each row in the DataFrame, with the first group being 0, the second group being 1, and so on.",https://pandas.pydata.org/docs/user_guide/groupby.html
What is the difference between the two `groupby` operations in In [272] and In [273]?,"The first `groupby` operation groups by the 'A' and 'B' columns, while the second `groupby` operation groups by the 'A' column and an integer array generated by `df.index // 5`. This integer array is used to determine what gets selected for the groupby operation.",https://pandas.pydata.org/docs/user_guide/groupby.html
What is resampling in the context of the pandas library?,Resampling produces new hypothetical samples (resamples) from already existing observed data or from a model that generates data. These new samples are similar to the pre-existing samples.,https://pandas.pydata.org/docs/user_guide/groupby.html
How is downsampling achieved in the provided code?,Downsampling is achieved by aggregating the samples in bins using `df.index // 5` and then applying the `std()` function to reduce the number of samples.,https://pandas.pydata.org/docs/user_guide/groupby.html
What is the purpose of using `std()` function in downsampling?,"The `std()` function is used to aggregate the information contained in many samples into a small subset of values, which is their standard deviation, thereby reducing the number of samples.",https://pandas.pydata.org/docs/user_guide/groupby.html
What is the shape of the DataFrame df?,"The shape of the DataFrame df is (10, 2).",https://pandas.pydata.org/docs/user_guide/groupby.html
What is the index of the DataFrame df after setting it to 5?,"The index of the DataFrame df is [0, 0, 0, 0, 0, 1, 1, 1, 1, 1].",https://pandas.pydata.org/docs/user_guide/groupby.html
What is the standard deviation of the column '0' in the grouped DataFrame?,The standard deviation of the column '0' in the grouped DataFrame is 0.823647.,https://pandas.pydata.org/docs/user_guide/groupby.html
What is the function used to create a new DataFrame df from a dictionary?,The function used to create a new DataFrame df from a dictionary is pd.DataFrame().,https://pandas.pydata.org/docs/user_guide/groupby.html
What is the name of the Series returned by the function compute_metrics(x) in In [280]?,The name of the Series returned by the function compute_metrics(x) in In [280] is 'metrics'.,https://pandas.pydata.org/docs/user_guide/groupby.html
What is the output of the `compute_metrics` function?,"The output of the `compute_metrics` function is a DataFrame with columns 'metrics', 'b_sum', and 'c_mean'.",https://pandas.pydata.org/docs/user_guide/groupby.html
How many rows does the output DataFrame have?,The output DataFrame has 3 rows.,https://pandas.pydata.org/docs/user_guide/groupby.html
What is the data type of the values in the 'a' column after using the `stack` method?,The values in the 'a' column after using the `stack` method are of type float64.,https://pandas.pydata.org/docs/user_guide/groupby.html
What are the values in the 'metrics' column after using the `stack` method?,The values in the 'metrics' column after using the `stack` method are 'b_sum' and 'c_mean'.,https://pandas.pydata.org/docs/user_guide/groupby.html
What are the values in the 'b_sum' and 'c_mean' columns after using the `stack` method?,"The values in the 'b_sum' and 'c_mean' columns after using the `stack` method are 2.0 and 0.5, respectively.",https://pandas.pydata.org/docs/user_guide/groupby.html
What are the three main steps involved in the 'group by' process?,"The three main steps involved in the 'group by' process are splitting the data into groups, applying a function to each group, and combining the results into a data structure.",https://pandas.pydata.org/docs/user_guide/groupby.html
What are some examples of aggregation operations that can be performed on GroupBy objects?,"Some examples of aggregation operations include computing group sums or means, computing group sizes / counts, and other similar operations.",https://pandas.pydata.org/docs/user_guide/groupby.html
What is the purpose of the GroupBy object's apply method?,"The GroupBy object's apply method allows for custom operations that do not fall into one of the predefined categories of aggregation, window, or resample operations.",https://pandas.pydata.org/docs/user_guide/groupby.html
What is an example of a filtration operation that can be performed on GroupBy objects?,An example of a filtration operation is discarding data that belong to groups with only a few members.,https://pandas.pydata.org/docs/user_guide/groupby.html
"How do the operations defined on GroupBy objects relate to the aggregating, window, and resample APIs?","The operations defined on GroupBy objects are similar to those of the aggregating, window, and resample APIs, but may also include custom operations that do not fit into one of these categories.",https://pandas.pydata.org/docs/user_guide/groupby.html
What is the purpose of the apply step in pandas?,The apply step examines the results of the apply operation and tries to sensibly combine them into a single result if it doesn’t fit into either of the above three categories.,https://pandas.pydata.org/docs/user_guide/groupby.html
"What is more efficient for operations split into multiple steps, the apply method or GroupBy operations?",GroupBy operations are more efficient for operations split into multiple steps.,https://pandas.pydata.org/docs/user_guide/groupby.html
What is the GroupBy object in pandas?,"The GroupBy object is a mapping of labels to group names, and it can be created using various methods.",https://pandas.pydata.org/docs/user_guide/groupby.html
What is the purpose of the GroupBy functionality in pandas?,The GroupBy functionality aims to make operations like grouping data natural and easy to express.,https://pandas.pydata.org/docs/user_guide/groupby.html
How can you split an object into groups using pandas?,"You can split an object into groups by providing a mapping of labels to group names, which can be done using the GroupBy object.",https://pandas.pydata.org/docs/user_guide/groupby.html
What is the index of the DataFrame 'speeds'?,"The index of the DataFrame 'speeds' is a list containing the species names: ['falcon', 'parrot', 'lion', 'monkey', 'leopard'].",https://pandas.pydata.org/docs/user_guide/groupby.html
How can the grouping objects be specified in the groupby function?,"The grouping objects can be specified in the groupby function in several ways, including a Python function, a list or NumPy array, a dict or Series, a string indicating a column name or index level name, or a list of any of the above things.",https://pandas.pydata.org/docs/user_guide/groupby.html
What will happen if a string passed to groupby matches both a column name and an index level name?,"If a string passed to groupby matches both a column name and an index level name, a ValueError will be raised.",https://pandas.pydata.org/docs/user_guide/groupby.html
What is the data type of the 'max_speed' column in the DataFrame 'speeds'?,"The 'max_speed' column in the DataFrame 'speeds' is of numeric data type, with values in the range of 24.0 to 389.0.",https://pandas.pydata.org/docs/user_guide/groupby.html
How can the DataFrame be created with a specified data structure?,"The DataFrame can be created with a specified data structure by passing a dictionary to the DataFrame constructor, where the keys are the column names and the values are the data.",https://pandas.pydata.org/docs/user_guide/groupby.html
How many groups are there in the grouped dictionary?,There are 6 groups in the grouped dictionary.,https://pandas.pydata.org/docs/user_guide/groupby.html
What is the output of calling the groups attribute on the grouped object?,"The output is a dictionary containing the groups, where each key is a tuple of the group names and the value is a RangeIndex object.",https://pandas.pydata.org/docs/user_guide/groupby.html
What is the result of using tab completion with GroupBy in pandas?,"Tab completion will suggest column names, GroupBy operations, and other attributes.",https://pandas.pydata.org/docs/user_guide/groupby.html
What are the columns in the DataFrame?,"The DataFrame has three columns: height, weight, and gender.",https://pandas.pydata.org/docs/user_guide/groupby.html
What is the index of the DataFrame?,"The index of the DataFrame is a datetime index, representing the dates from 2000-01-01 to 2000-01-10.",https://pandas.pydata.org/docs/user_guide/groupby.html
How can you group the DataFrame by gender?,"You can group the DataFrame by gender using the groupby method, like this: df.groupby('gender').",https://pandas.pydata.org/docs/user_guide/groupby.html
What is the purpose of grouping data?,Grouping data is useful when you have hierarchically-indexed data and want to perform operations on one level of the hierarchy.,https://pandas.pydata.org/docs/user_guide/groupby.html
What is a MultiIndex?,A MultiIndex is a hierarchical index that allows you to group data by multiple levels.,https://pandas.pydata.org/docs/user_guide/groupby.html
What is the output of `s.groupby(level=0).sum()`?,"The output is a pandas Series with the sum of values for each level of the 'first' index, which is {'bar': -0.962232, 'baz': 1.237723, 'foo': 0.785980, 'qux': 1.911055}.",https://pandas.pydata.org/docs/user_guide/groupby.html
How can you specify the level to group by when the MultiIndex has names?,"You can pass the name of the level instead of the level number, for example `s.groupby(level='second').sum()`.",https://pandas.pydata.org/docs/user_guide/groupby.html
What is the output of `s.groupby(level='second').sum()`?,"The output is a pandas Series with the sum of values for each level of the 'second' index, which is {'one': 0.980950, 'two': 1.991575}.",https://pandas.pydata.org/docs/user_guide/groupby.html
How do you create a MultiIndex with three levels?,"You can use `pd.MultiIndex.from_arrays(arrays, names=['first', 'second', 'third'])`.",https://pandas.pydata.org/docs/user_guide/groupby.html
What is the purpose of the `groupby` method in pandas?,"The `groupby` method is used to group a Series or DataFrame by one or more levels of the index, and then perform operations on each group.",https://pandas.pydata.org/docs/user_guide/groupby.html
What is the index of the DataFrame df?,The index of the DataFrame df is a MultiIndex with two levels: 'first' and 'second'.,https://pandas.pydata.org/docs/user_guide/groupby.html
What is the output of the groupby operation in In [61]?,The output of the groupby operation in In [61] is a DataFrame with the sum of column B for each group of the 'second' index level and the 'A' column.,https://pandas.pydata.org/docs/user_guide/groupby.html
How can you specify index levels by name in the groupby operation?,"You can specify index levels by name in the groupby operation by passing the level name to the Grouper function, like in In [62].",https://pandas.pydata.org/docs/user_guide/groupby.html
What is the purpose of using [] on the GroupBy object?,"The purpose of using [] on the GroupBy object is to select specific columns for different operations, as shown in In [64].",https://pandas.pydata.org/docs/user_guide/groupby.html
What is the output of the groupby operation in In [63]?,The output of the groupby operation in In [63] is a DataFrame with the sum of column B for each group of the 'second' index level and the 'A' column.,https://pandas.pydata.org/docs/user_guide/groupby.html
What is the result of grouping the DataFrame by column 'A' and selecting column 'C'?,"The result is a SeriesGroupBy object, which is a more concise way to perform the groupby operation.",https://pandas.pydata.org/docs/user_guide/groupby.html
What is the effect of using the groupby operation on the original DataFrame?,The groupby operation does not recompute the internal grouping information derived from the passed key.,https://pandas.pydata.org/docs/user_guide/groupby.html
How does the groupby operation affect the column Index object?,The groupby operation drops the 'name' field of the columns Index object after the operation.,https://pandas.pydata.org/docs/user_guide/groupby.html
What is the output of sum() method when applied to the GroupBy object with columns 'A' and 'B'?,The output is a DataFrame with the sum of values in each group for columns 'A' and 'B'.,https://pandas.pydata.org/docs/user_guide/groupby.html
What is the purpose of the groupby operation in pandas?,"The groupby operation allows for natural iteration through the grouped data, similar to itertools.groupby()",https://pandas.pydata.org/docs/user_guide/groupby.html
What is the result of the groupby operation on the 'animals' DataFrame with 'kind' as the grouping key?,The result is a DataFrame with the sum of 'height' and 'weight' for each group of 'kind'. The keys of the groups appear in the index by default.,https://pandas.pydata.org/docs/user_guide/groupby.html
How can you include the grouping key in the columns instead of the index?,You can pass 'as_index=False' to the groupby method.,https://pandas.pydata.org/docs/user_guide/groupby.html
What does an aggregation operation do in the context of GroupBy?,"An aggregation operation reduces the dimension of the grouping object, resulting in a scalar value for each column in a group.",https://pandas.pydata.org/docs/user_guide/groupby.html
What are some built-in aggregation methods available in GroupBy objects?,"Many common aggregations are built-in to GroupBy objects as methods, but those with an asterisk (*) do not have an efficient, GroupBy-specific implementation.",https://pandas.pydata.org/docs/user_guide/groupby.html
What is the output of the groupby operation on the 'animals' DataFrame with 'kind' and 'as_index=False' as the grouping parameters?,The output is a DataFrame with the grouping key 'kind' in the columns and the sum of 'height' and 'weight' for each group.,https://pandas.pydata.org/docs/user_guide/groupby.html
What is the main difference between DataFrameGroupBy.value_counts() and the code snippet provided?,"The main difference is that the code snippet only counts the number of unique values, whereas DataFrameGroupBy.value_counts() counts the frequency of each value.",https://pandas.pydata.org/docs/user_guide/groupby.html
What is the output of df4.groupby('A')['B'].nunique(),"The output is a Series with two rows, where 'bar' has a value of 1 and 'foo' has a value of 2.",https://pandas.pydata.org/docs/user_guide/groupby.html
What happens when as_index=True in the groupby function?,"When as_index=True, the grouped columns will be the indices of the returned object.",https://pandas.pydata.org/docs/user_guide/groupby.html
What is the purpose of the aggregate() method?,"The aggregate() method can accept many different types of inputs, including string aliases for various GroupBy methods.",https://pandas.pydata.org/docs/user_guide/groupby.html
What is the effect of passing as_index=False to the groupby function?,"When as_index=False, the groups that you are aggregating over will be returned as named columns, regardless of whether they are named indices or columns in the inputs.",https://pandas.pydata.org/docs/user_guide/groupby.html
What is the default behavior when using groupby with multiple keys?,The result is a MultiIndex by default.,https://pandas.pydata.org/docs/user_guide/groupby.html
How can you change the default behavior of groupby with multiple keys?,You can use the as_index option with a value of False.,https://pandas.pydata.org/docs/user_guide/groupby.html
What is the effect of using DataFrame.reset_index() after groupby?,It will make an extra copy of the DataFrame.,https://pandas.pydata.org/docs/user_guide/groupby.html
What is the result of using groupby with a single key and sum aggregation?,The result will have the group names as the new index.,https://pandas.pydata.org/docs/user_guide/groupby.html
What is the difference between using DataFrame.reset_index() and not using it after groupby?,"The column names are stored in the resulting MultiIndex when using reset_index, but not when not using it.",https://pandas.pydata.org/docs/user_guide/groupby.html
What is the purpose of the reset_index() function in pandas?,"The reset_index() function is used to reset the index of a DataFrame, making the original index a column in the DataFrame.",https://pandas.pydata.org/docs/user_guide/groupby.html
What is the warning when aggregating with a User-Defined Function (UDF) in pandas?,The warning is that the UDF should not mutate the provided Series. This is because aggregating with a UDF is often less performant than using pandas built-in methods on GroupBy.,https://pandas.pydata.org/docs/user_guide/groupby.html
How do you determine the common dtype when aggregating with different dtypes in pandas?,"The common dtype is determined in the same way as DataFrame construction, meaning it will be determined based on the dtypes of the results from different groups.",https://pandas.pydata.org/docs/user_guide/groupby.html
What is the result of using the set() function as an aggregation function in pandas?,"The result is a set of unique values in each group, which will be stored in a Series with a dtype that reflects the type of the aggregating function.",https://pandas.pydata.org/docs/user_guide/groupby.html
What is the effect of using the astype(int) function as an aggregation function in pandas?,"The effect is to convert the values in each group to integers, resulting in a Series with integer values.",https://pandas.pydata.org/docs/user_guide/groupby.html
What is the output of SeriesGroupBy.agg() when passing a list of functions to a grouped Series?,A DataFrame with the functions as column names.,https://pandas.pydata.org/docs/user_guide/groupby.html
How do you rename the columns of the resulting aggregation in a Series?,You can add a chained operation with the rename() method or pass a list of tuples with the new column name and the aggregate function.,https://pandas.pydata.org/docs/user_guide/groupby.html
What is the input for DataFrameGroupBy.agg() to aggregate each column of a grouped DataFrame?,A list of functions.,https://pandas.pydata.org/docs/user_guide/groupby.html
What is the output of DataFrameGroupBy.agg() when passing a list of functions to a grouped DataFrame?,An aggregated result with a hierarchical column index.,https://pandas.pydata.org/docs/user_guide/groupby.html
How do you specify the columns to aggregate in a grouped DataFrame?,"You can pass a list of column names to the grouped object, like grouped[['C', 'D']].",https://pandas.pydata.org/docs/user_guide/groupby.html
What is the order of the 'lion' in the 'speeds' DataFrame?,The 'lion' is a mammal and its order is 'Carnivora'.,https://pandas.pydata.org/docs/user_guide/groupby.html
What is the result of applying the 'cumsum' transformation to the 'max_speed' column of the 'grouped' DataFrame?,"The 'cumsum' transformation adds up the values in the 'max_speed' column, resulting in a new column with cumulative sums. The result is shown in the output of In [126].",https://pandas.pydata.org/docs/user_guide/groupby.html
What is the condition for a User-Defined Function (UDF) to be accepted by the 'transform()' method?,"A UDF must return a result that is either the same size as the group chunk or broadcastable to the size of the group chunk, operate column-by-column on the group chunk, and not perform in-place operations.",https://pandas.pydata.org/docs/user_guide/groupby.html
What happens when a UDF performs in-place operations on a group chunk?,Changes to a group chunk may produce unexpected results.,https://pandas.pydata.org/docs/user_guide/groupby.html
What is the fast path used when a UDF operates on all columns of the entire group chunk at once?,A fast path is used starting from the second chunk.,https://pandas.pydata.org/docs/user_guide/groupby.html
What is less performant than using built-in methods on GroupBy?,Using a UDF (User-Defined Function) with the transform method.,https://pandas.pydata.org/docs/user_guide/groupby.html
What is the default behavior when using .transform on a grouped DataFrame and the transformation function returns a DataFrame?,pandas now aligns the result's index with the input's index.,https://pandas.pydata.org/docs/user_guide/groupby.html
What can be called within the transformation function to avoid index alignment?,to_numpy(),https://pandas.pydata.org/docs/user_guide/groupby.html
How are dtypes determined when using .transform on a grouped DataFrame?,"The resulting dtype will reflect that of the transformation function, and if the results from different groups have different dtypes, a common dtype will be determined in the same way as DataFrame construction.",https://pandas.pydata.org/docs/user_guide/groupby.html
What is the purpose of the rolling() method in the example code?,To calculate the rolling mean of the series over a window of 100 periods.,https://pandas.pydata.org/docs/user_guide/groupby.html
What is the original count of rows for the 'GR' group in column 'A'?,209,https://pandas.pydata.org/docs/user_guide/groupby.html
Does the transformation change the group means?,"No, the transformation did not change the group means.",https://pandas.pydata.org/docs/user_guide/groupby.html
What is the count of rows for the 'US' group in column 'B' after transformation?,258,https://pandas.pydata.org/docs/user_guide/groupby.html
How many rows are missing in the original data for the 'UK' group in column 'C'?,193 - 247 = 54,https://pandas.pydata.org/docs/user_guide/groupby.html
Is the count of non-NA values equal to the group size after transformation?,"Yes, the count of non-NA values equals the group size after transformation.",https://pandas.pydata.org/docs/user_guide/groupby.html
What is the purpose of the code snippet?,The purpose of the code snippet is to subset the data to only the largest products capturing no more than 90% of the total volume within each group.,https://pandas.pydata.org/docs/user_guide/groupby.html
How is the data sorted in the code?,The data is sorted in descending order by the 'volume' column using the `sort_values` method.,https://pandas.pydata.org/docs/user_guide/groupby.html
What is the result of the `cumsum` method applied to the grouped data?,"The `cumsum` method calculates the cumulative sum of the volumes within each group, and the result is divided by the total sum of volumes for each group.",https://pandas.pydata.org/docs/user_guide/groupby.html
How are the largest products selected?,The largest products are selected by filtering the data where the cumulative proportion of the volume is less than or equal to 0.9.,https://pandas.pydata.org/docs/user_guide/groupby.html
What is the output of the `cumsum` method in the code?,"The output of the `cumsum` method is a series with the cumulative proportion of the volume for each product in each group, ranging from 0.4 to 1.0.",https://pandas.pydata.org/docs/user_guide/groupby.html
What is the condition for filtering rows in a DataFrame?,The condition is that the length of the row should be greater than 2.,https://pandas.pydata.org/docs/user_guide/groupby.html
How does the filter function handle DataFrames with multiple columns?,The filter function requires explicitly specifying a column as the filter criterion.,https://pandas.pydata.org/docs/user_guide/groupby.html
What is the result of filtering a grouped DataFrame by the length of column 'C'?,The result is a DataFrame with rows where the length of column 'C' is greater than 2.,https://pandas.pydata.org/docs/user_guide/groupby.html
What is the purpose of the apply function in grouped data?,"The apply function is used for operations that do not fit into aggregation, transformation, or filtration categories.",https://pandas.pydata.org/docs/user_guide/groupby.html
What is a potential issue with using the apply function?,"The apply function may sometimes guess wrong about how to behave, leading to incorrect results.",https://pandas.pydata.org/docs/user_guide/groupby.html
What types of NA values are handled by pandas?,"pandas handles NA values including NA, NaN, NaT, and None.",https://pandas.pydata.org/docs/user_guide/groupby.html
What is the default behavior when there are NA values in the grouping key?,"By default, any NA group will be dropped.",https://pandas.pydata.org/docs/user_guide/groupby.html
How can you include NA groups in the grouping key?,You can include NA groups by specifying dropna=False.,https://pandas.pydata.org/docs/user_guide/groupby.html
What happens to unobserved categories in a categorical group key when observed=False and sort=False?,Unobserved categories will be at the end of the result in order.,https://pandas.pydata.org/docs/user_guide/groupby.html
What is the effect of using a categorical group key on the order of levels in the result?,The order of the levels will be preserved.,https://pandas.pydata.org/docs/user_guide/groupby.html
What is the frequency specified in the second groupby operation?,"The frequency specified in the second groupby operation is '6ME', which means 6 months.",https://pandas.pydata.org/docs/user_guide/groupby.html
How does the key parameter in pd.Grouper work when there is a column and index with the same name?,The key parameter in pd.Grouper is used to group by the column when there is a column and index with the same name.,https://pandas.pydata.org/docs/user_guide/groupby.html
What is the result of setting the 'Date' column as the index of the dataframe?,The 'Date' column is set as the index of the dataframe.,https://pandas.pydata.org/docs/user_guide/groupby.html
How does the level parameter in pd.Grouper work when there is a column and index with the same name?,The level parameter in pd.Grouper is used to group by the index when there is a column and index with the same name.,https://pandas.pydata.org/docs/user_guide/groupby.html
What is the result of adding 2 months to the index of the dataframe?,The index of the dataframe is shifted by 2 months.,https://pandas.pydata.org/docs/user_guide/groupby.html
What is the output of the compute_metrics function?,"The output of the compute_metrics function is a DataFrame with metrics, b_sum, and c_mean.",https://pandas.pydata.org/docs/user_guide/groupby.html
What is the shape of the original result DataFrame?,The shape of the original result DataFrame is 3 rows and 3 columns.,https://pandas.pydata.org/docs/user_guide/groupby.html
What is the output of the stack() method on the result DataFrame?,"The output of the stack() method on the result DataFrame is a Series with index a and columns metrics, b_sum, and c_mean.",https://pandas.pydata.org/docs/user_guide/groupby.html
What are the values in the metrics column of the stacked result DataFrame?,The values in the metrics column of the stacked result DataFrame are 2.0 and 0.5.,https://pandas.pydata.org/docs/user_guide/groupby.html
What is the data type of the values in the stacked result DataFrame?,The data type of the values in the stacked result DataFrame is float64.,https://pandas.pydata.org/docs/user_guide/groupby.html
What is the purpose of axis labeling information in pandas objects?,"Axis labeling information identifies data using known indicators, provides metadata, and is important for analysis, visualization, and interactive console display.",https://pandas.pydata.org/docs/user_guide/indexing.html
What are the primary pandas data structures that will be focused on in this section?,"The primary focus will be on Series and DataFrame, as they have received more development attention in this area.",https://pandas.pydata.org/docs/user_guide/indexing.html
What is the limitation of directly using standard operators for accessing pandas data structures?,Directly using standard operators has some optimization limits since the type of the data to be accessed isn’t known in advance.,https://pandas.pydata.org/docs/user_guide/indexing.html
What is recommended for production code when accessing pandas data structures?,It is recommended to take advantage of the optimized pandas data access methods exposed in this chapter.,https://pandas.pydata.org/docs/user_guide/indexing.html
What additional indexing features have been added to support more explicit location based indexing?,Object selection has had a number of user-requested additions in order to support more explicit location based indexing.,https://pandas.pydata.org/docs/user_guide/indexing.html
What type of indexing does .loc perform primarily?,.loc performs primarily label-based indexing.,https://pandas.pydata.org/docs/user_guide/indexing.html
What happens when .loc is used with a boolean array that contains NA values?,NA values in a boolean array will be treated as False.,https://pandas.pydata.org/docs/user_guide/indexing.html
"What type of error does .iloc raise when a requested index is out-of-bounds, except for slice indexers?",".iloc raises an IndexError when a requested index is out-of-bounds, except for slice indexers.",https://pandas.pydata.org/docs/user_guide/indexing.html
What is the difference in the way Python slices are handled in .loc compared to usual Python slices?,"In .loc, both the start and stop labels are included when present in the index, whereas in usual Python slices, the stop label is exclusive.",https://pandas.pydata.org/docs/user_guide/indexing.html
What type of input can a callable function with one argument return for .loc or .iloc indexing?,"A callable function with one argument can return any of the allowed inputs for .loc or .iloc indexing, such as a single label, a list or array of labels, a slice object, a boolean array, etc.",https://pandas.pydata.org/docs/user_guide/indexing.html
What is the purpose of .loc and .iloc in pandas indexing?,.loc and .iloc are used for label-based and integer-based indexing respectively.,https://pandas.pydata.org/docs/user_guide/indexing.html
What happens when a callable is used as an indexer in pandas?,The callable is applied after destructure tuple keys into row (and column) indexes.,https://pandas.pydata.org/docs/user_guide/indexing.html
How are axes left out of the specification handled in pandas indexing?,Axes left out are assumed to be : (i.e. all values).,https://pandas.pydata.org/docs/user_guide/indexing.html
"What is the result of ser.loc[['a', 'c', 'e']]?","A Series with values 0, 2, and 4 at indices 'a', 'c', and 'e' respectively.",https://pandas.pydata.org/docs/user_guide/indexing.html
What is the primary function of indexing with [] in pandas?,Selecting out lower-dimensional slices.,https://pandas.pydata.org/docs/user_guide/indexing.html
What is the return type of a Series when indexing a DataFrame with a single column name?,The return type of a Series when indexing a DataFrame with a single column name is a Series corresponding to that column name.,https://pandas.pydata.org/docs/user_guide/indexing.html
What happens if you try to select a column that is not contained in the DataFrame?,"If a column is not contained in the DataFrame, an exception will be raised.",https://pandas.pydata.org/docs/user_guide/indexing.html
What is the return type of a DataFrame when indexing with a single column name?,The return type of a DataFrame when indexing with a single column name is a Series.,https://pandas.pydata.org/docs/user_guide/indexing.html
How can you select multiple columns in a DataFrame using the indexing functionality?,You can pass a list of columns to [] to select columns in that order.,https://pandas.pydata.org/docs/user_guide/indexing.html
What is the return type of a scalar value when indexing a Series?,The return type of a scalar value when indexing a Series is a scalar value of the same type as the Series.,https://pandas.pydata.org/docs/user_guide/indexing.html
What is the initial state of DataFrame df?,"The initial state of DataFrame df is a 8x4 matrix with dates in column A and random numbers in columns B, C, and D.",https://pandas.pydata.org/docs/user_guide/indexing.html
What happens when you set columns in this manner?,"When you set columns in this manner, it does not modify the original DataFrame because the column alignment is before value assignment.",https://pandas.pydata.org/docs/user_guide/indexing.html
How do you select a subset of columns from a DataFrame?,"You can select a subset of columns from a DataFrame by passing a list of column names, for example, df[['B', 'A']].",https://pandas.pydata.org/docs/user_guide/indexing.html
What is the purpose of the warning message?,"The warning message is to inform you that pandas aligns all axes when setting Series and DataFrame from .loc, which may not modify the original DataFrame as expected.",https://pandas.pydata.org/docs/user_guide/indexing.html
How many rows and columns does the DataFrame have?,The DataFrame has 8 rows and 4 columns.,https://pandas.pydata.org/docs/user_guide/indexing.html
What is the data type of column 'B' in the DataFrame df?,The data type of column 'B' in the DataFrame df is float64.,https://pandas.pydata.org/docs/user_guide/indexing.html
What is the result of accessing column 'B' of the Series sa?,The result of accessing column 'B' of the Series sa is 2.,https://pandas.pydata.org/docs/user_guide/indexing.html
What is the frequency of the index in the DataFrame df?,The frequency of the index in the DataFrame df is D.,https://pandas.pydata.org/docs/user_guide/indexing.html
What is the result of assigning a new value to column 'a' of the Series sa?,The result of assigning a new value to column 'a' of the Series sa is a new Series with the value 5 in column 'a'.,https://pandas.pydata.org/docs/user_guide/indexing.html
What is the result of accessing column 'A' of the DataFrame dfa?,The result of accessing column 'A' of the DataFrame dfa is a Series with the index of the DataFrame and values of the 'A' column.,https://pandas.pydata.org/docs/user_guide/indexing.html
What is the initial state of the DataFrame 'dfa'?,"The initial state of the DataFrame 'dfa' is a 8x4 matrix with column names 'A', 'B', 'C', and 'D', and index values ranging from 2000-01-01 to 2000-01-08.",https://pandas.pydata.org/docs/user_guide/indexing.html
What is the purpose of the line 'In [29]: dfa [[A]]'?,The purpose of the line 'In [29]: dfa [[A]]' is to use the attribute access to select the column 'A' from the DataFrame 'dfa'.,https://pandas.pydata.org/docs/user_guide/indexing.html
What warning message is displayed when using attribute access on a DataFrame?,"The warning message displayed is that attribute access can only be used if the index element is a valid Python identifier, and that it will not be available if it conflicts with an existing method name or any of the following list: 'index', 'major_axis', 'minor_axis', 'items'.",https://pandas.pydata.org/docs/user_guide/indexing.html
How can you access a column in a DataFrame if its name conflicts with an existing method name?,"You can access a column in a DataFrame if its name conflicts with an existing method name by using standard indexing, e.g. 's['min']'.",https://pandas.pydata.org/docs/user_guide/indexing.html
What is the result of the line 'In [30]: dfa' after attribute access?,"The result of the line 'In [30]: dfa' after attribute access is the same as the initial DataFrame 'dfa', which is a 8x4 matrix with column names 'A', 'B', 'C', and 'D', and index values ranging from 2000-01-01 to 2000-01-08.",https://pandas.pydata.org/docs/user_guide/indexing.html
What are the three ways to access elements or columns in a pandas Series or DataFrame?,"You can use 's['1']', 's['min']', or 's['index'] to access the corresponding element or column. Alternatively, you can also use tab-completion in the IPython environment.",https://pandas.pydata.org/docs/user_guide/indexing.html
How can you assign a dictionary to a row of a DataFrame?,"You can use the iloc method to assign a dictionary to a row of a DataFrame. For example, x.iloc[1] = {'x': 9, 'y': 99}.",https://pandas.pydata.org/docs/user_guide/indexing.html
What happens when you try to use attribute access to create a new column in a DataFrame?,"It creates a new attribute rather than a new column and will raise a UserWarning. For example, df_new.two = [4, 5, 6] creates a new attribute 'two' rather than a new column.",https://pandas.pydata.org/docs/user_guide/indexing.html
What is the most robust and consistent way of slicing ranges along arbitrary axes in a pandas DataFrame?,"The most robust and consistent way of slicing ranges along arbitrary axes is described in the Selection by Position section, detailing the iloc method.",https://pandas.pydata.org/docs/user_guide/indexing.html
How does slicing work when the Series has float indices?,"When the Series has float indices, slicing will select by position.",https://pandas.pydata.org/docs/user_guide/indexing.html
What is the frequency of the values in the Series object 's' when sliced from index 1 to 2?,The frequency of the values in the Series object 's' when sliced from index 1 to 2 is 2D.,https://pandas.pydata.org/docs/user_guide/indexing.html
How does the syntax for slicing a Series object differ from slicing an ndarray?,The syntax for slicing a Series object works exactly as with an ndarray.,https://pandas.pydata.org/docs/user_guide/indexing.html
What is the effect of using the 'copy' method to create a new Series object 's2' from 's'?,"The 'copy' method creates a new Series object 's2' that is a copy of 's', so changes to 's2' do not affect 's.'",https://pandas.pydata.org/docs/user_guide/indexing.html
What is the result of slicing the Series object 's2' from index 1 to 5?,The result of slicing the Series object 's2' from index 1 to 5 is a Series with all values set to 0.,https://pandas.pydata.org/docs/user_guide/indexing.html
How does slicing inside of [] affect a DataFrame object?,Slicing inside of [] affects a DataFrame object by slicing its rows.,https://pandas.pydata.org/docs/user_guide/indexing.html
What is the index of the DataFrame in the first output?,"The index of the DataFrame is a DatetimeIndex, representing dates from 2000-01-01 to 2000-01-03.",https://pandas.pydata.org/docs/user_guide/indexing.html
What is the warning about when using .loc with a slicer that is not compatible with the index type?,The warning states that .loc is strict and will raise a TypeError when using integers in a DatetimeIndex.,https://pandas.pydata.org/docs/user_guide/indexing.html
What is the shape of the DataFrame dfl?,The shape of the DataFrame dfl is 5 rows and 4 columns.,https://pandas.pydata.org/docs/user_guide/indexing.html
How was the index of the DataFrame dfl created?,"The index of the DataFrame dfl was created using the pd.date_range function, with a start date of 2013-01-01 and 5 periods.",https://pandas.pydata.org/docs/user_guide/indexing.html
What is the first column of the DataFrame dfl?,The first column of the DataFrame dfl is named 'A' and contains random values.,https://pandas.pydata.org/docs/user_guide/indexing.html
What type of error is raised when using loc with a slice object?,A TypeError is raised when using loc with a slice object.,https://pandas.pydata.org/docs/user_guide/indexing.html
In which file does the error occur?,The error occurs in the file ~/work/pandas/pandas/pandas/core/indexing.py.,https://pandas.pydata.org/docs/user_guide/indexing.html
What is the method called when a slice object is used with loc?,The method called is _get_slice_axis.,https://pandas.pydata.org/docs/user_guide/indexing.html
What is the value of the deep parameter in the copy method?,The value of the deep parameter is False.,https://pandas.pydata.org/docs/user_guide/indexing.html
What is created when the _get_axis method is called?,A labels object is created when the _get_axis method is called.,https://pandas.pydata.org/docs/user_guide/indexing.html
What method is called when start and end are combinations of str and None and Index is not monotonic?,"Index.slice_indexer is not called in this case, instead the method checks for monotonicity and calls Index.slice_indexer if it is monotonic.",https://pandas.pydata.org/docs/user_guide/indexing.html
What is the purpose of the slice_indexer method in Index?,The slice_indexer method computes the slice indexer for input labels and step.,https://pandas.pydata.org/docs/user_guide/indexing.html
"What are the types of the start, end, and step parameters in the slice_indexer method?","The start, end, and step parameters can be Hashable or None, and the step parameter can also be an integer or None.",https://pandas.pydata.org/docs/user_guide/indexing.html
What is the return value of the slice_indexer method if start_slice is not a scalar?,The method returns a slice.,https://pandas.pydata.org/docs/user_guide/indexing.html
What method is called by Index.slice_indexer to compute the slice locations?,The method self.slice_locs is called to compute the slice locations.,https://pandas.pydata.org/docs/user_guide/indexing.html
What is the difference between label-based indexing and position-based indexing in pandas?,"Label-based indexing is a strict inclusion-based protocol where every label asked for must be in the index, or a KeyError will be raised. Position-based indexing, on the other hand, is not applicable in pandas.",https://pandas.pydata.org/docs/user_guide/indexing.html
How do you perform natural slicing on a DataFrame in pandas?,"You can perform natural slicing on a DataFrame by using a slice object with labels, e.g. 'a':'f'. This will include both the start and stop bounds in the result, if present in the index.",https://pandas.pydata.org/docs/user_guide/indexing.html
What happens when you try to slice a DatetimeIndex with an integer indexer?,"When you try to slice a DatetimeIndex with an integer indexer, a TypeError is raised because integer indexers refer to the label and not the position.",https://pandas.pydata.org/docs/user_guide/indexing.html
What is the primary access method for label-based indexing in pandas?,The primary access method for label-based indexing in pandas is the .loc attribute.,https://pandas.pydata.org/docs/user_guide/indexing.html
Can you provide an example of a valid input for the .loc attribute?,"A single label, e.g. 5 or 'a', is a valid input for the .loc attribute. Additionally, a list or array of labels, a slice object with labels, a boolean array, or a callable are also valid inputs.",https://pandas.pydata.org/docs/user_guide/indexing.html
What is the data type of the values in the Series s1?,The data type of the values in the Series s1 is float64.,https://pandas.pydata.org/docs/user_guide/indexing.html
How can you access a subset of rows in a DataFrame using the loc attribute?,"You can access a subset of rows in a DataFrame using the loc attribute by specifying the row labels and the column labels, e.g., df.loc[[row_label1, row_label2], :].",https://pandas.pydata.org/docs/user_guide/indexing.html
What is the result of setting a value to 0 using the loc attribute on the Series s1?,The result of setting a value to 0 using the loc attribute on the Series s1 is that all values are set to 0.,https://pandas.pydata.org/docs/user_guide/indexing.html
How can you create a DataFrame with a specified number of rows and columns using the DataFrame function?,"You can create a DataFrame with a specified number of rows and columns using the DataFrame function by passing the number of rows and columns to the np.random.randn function, e.g., pd.DataFrame(np.random.randn(6, 4)).",https://pandas.pydata.org/docs/user_guide/indexing.html
What is the equivalent of df.xs('a') using the loc attribute?,"The equivalent of df.xs('a') using the loc attribute is df.loc['a', :].",https://pandas.pydata.org/docs/user_guide/indexing.html
What happens if the index is not sorted when using the loc method with a slice?,"An error will be raised, as it would be computationally expensive and potentially ambiguous for mixed type indexes.",https://pandas.pydata.org/docs/user_guide/indexing.html
What is the behavior of a stepped slice when the index is not contiguous integers?,"A stepped slice will behave differently than using the labels range(start, stop, step) when the index is not contiguous integers.",https://pandas.pydata.org/docs/user_guide/indexing.html
What happens if the start or stop label is duplicated in the index when using the loc method with a slice?,An error will be raised.,https://pandas.pydata.org/docs/user_guide/indexing.html
"What is the difference between using the loc method with a slice and using the range function with start, stop, and step parameters?","The loc method interprets start and stop as labels, while the range function interprets them as positions.",https://pandas.pydata.org/docs/user_guide/indexing.html
What is the effect of a non-contiguous integer index on the behavior of a stepped slice?,"A stepped slice will behave differently than using the labels range(start, stop, step) when the index is not contiguous integers.",https://pandas.pydata.org/docs/user_guide/indexing.html
"What is the output of `s.loc[[10, 15, 20, 25]]`?","The output is a Series with index 10, 15, 20, 25 and values 2, 3, 4, 5 respectively.",https://pandas.pydata.org/docs/user_guide/indexing.html
What is the effect of the `step` parameter in `s.loc['b':'i':2]`?,"The `step` parameter skips positions within the specified range, resulting in selecting every 2nd position.",https://pandas.pydata.org/docs/user_guide/indexing.html
What happens if a non-integer is used as an index in slicing?,It raises an `IndexError`.,https://pandas.pydata.org/docs/user_guide/indexing.html
What is the difference between `loc` and `iloc` in pandas?,"The `loc` method is used for label-based indexing, while `iloc` is used for integer-based indexing.",https://pandas.pydata.org/docs/user_guide/indexing.html
Is the upper bound in slicing inclusive or exclusive?,The upper bound is exclusive.,https://pandas.pydata.org/docs/user_guide/indexing.html
How does the iloc attribute work in the Series s1?,The iloc attribute allows you to access a group of rows and columns by integer position(s) for selecting data from a DataFrame or Series.,https://pandas.pydata.org/docs/user_guide/indexing.html
What happens when you assign a value to a range of rows using iloc in the Series s1?,"When you assign a value to a range of rows using iloc, it replaces the values in that range with the assigned value.",https://pandas.pydata.org/docs/user_guide/indexing.html
How do you create a DataFrame with random numbers using pandas?,"You can create a DataFrame with random numbers using the np.random.randn function in pandas, as shown in the example where df1 is created.",https://pandas.pydata.org/docs/user_guide/indexing.html
What is the output of df1.iloc[:3]?,The output of df1.iloc[:3] is the first three rows of the DataFrame df1.,https://pandas.pydata.org/docs/user_guide/indexing.html
What happens when using slices that go out of bounds in iloc?,"It can result in an empty axis, such as an empty DataFrame being returned.",https://pandas.pydata.org/docs/user_guide/indexing.html
"What is the output of dfl.iloc[:, 2:3]?","An empty DataFrame with columns [] and index [0, 1, 2, 3, 4]",https://pandas.pydata.org/docs/user_guide/indexing.html
"What is the output of dfl.iloc[:, 1:3]?","A DataFrame with column 'B' containing the values [-2.182937, 0.084844, 1.519970, 0.600178, 0.132885]",https://pandas.pydata.org/docs/user_guide/indexing.html
What happens when using a single indexer that is out of bounds in iloc?,It raises an IndexError,https://pandas.pydata.org/docs/user_guide/indexing.html
What happens when using a list of indexers where any element is out of bounds in iloc?,It raises an IndexError,https://pandas.pydata.org/docs/user_guide/indexing.html
What is the name of the pandas function that is being called in the stacktrace?,The function being called is `iloc`.,https://pandas.pydata.org/docs/user_guide/indexing.html
What type of error is raised when the indices are out-of-bounds?,An `IndexError` is raised with the message 'indices are out-of-bounds'.,https://pandas.pydata.org/docs/user_guide/indexing.html
What is the purpose of the `maybe_convert_indices` function in pandas?,The `maybe_convert_indices` function is used to convert the indices in the `iloc` method to the correct format.,https://pandas.pydata.org/docs/user_guide/indexing.html
What is the line number in the `managers.py` file where the `BaseBlockManager.take` function is defined?,The `BaseBlockManager.take` function is defined on line 1074 of the `managers.py` file.,https://pandas.pydata.org/docs/user_guide/indexing.html
What is the name of the file where the `maybe_convert_indices` function is located?,The `maybe_convert_indices` function is located in the `utils.py` file in the `pandas/core/indexers` package.,https://pandas.pydata.org/docs/user_guide/indexing.html
What is the error message raised when the positional indexers are out-of-bounds?,The error message is 'positional indexers are out-of-bounds'.,https://pandas.pydata.org/docs/user_guide/indexing.html
What is the purpose of the _validate_tuple_indexer method in the _iLocIndexer class?,The _validate_tuple_indexer method validates the tuple indexer and returns the result of _getitem_lowerdim method with the suppressed IndexingError exception.,https://pandas.pydata.org/docs/user_guide/indexing.html
What is the condition to call the _obj_get_value method in the _LocationIndexer class?,The _obj_get_value method is called when self._is_scalar_access(key) is True.,https://pandas.pydata.org/docs/user_guide/indexing.html
What is the default axis value if it is not provided in the iloc method?,The default axis value is 0.,https://pandas.pydata.org/docs/user_guide/indexing.html
What is the purpose of the try-except block in the _validate_tuple_indexer method?,The try-except block catches the ValueError exception and raises a new ValueError with a custom error message.,https://pandas.pydata.org/docs/user_guide/indexing.html
What is the condition for a tuple to be considered a valid indexer in pandas?,A tuple should not be treated as a valid indexer.,https://pandas.pydata.org/docs/user_guide/indexing.html
What is the purpose of the _validate_integer method in pandas?,The _validate_integer method is used to validate integer keys for indexing in pandas.,https://pandas.pydata.org/docs/user_guide/indexing.html
What is the condition for raising an IndexError when using .loc indexing in pandas?,An IndexError is raised when the key is out-of-bounds or less than the length of the axis.,https://pandas.pydata.org/docs/user_guide/indexing.html
What type of object can be used as an indexer in pandas?,A callable object with one argument can be used as an indexer in pandas.,https://pandas.pydata.org/docs/user_guide/indexing.html
What is the limitation of using a callable as an indexer with .iloc indexing in pandas?,Returning a tuple from a callable is not supported with .iloc indexing in pandas.,https://pandas.pydata.org/docs/user_guide/indexing.html
What is the shape of the dataframe df1?,"The shape of the dataframe df1 is (6, 4).",https://pandas.pydata.org/docs/user_guide/indexing.html
What is the index of the dataframe df1?,The index of the dataframe df1 is a list of characters 'abcdef'.,https://pandas.pydata.org/docs/user_guide/indexing.html
How can you select rows from df1 where the value in column 'A' is greater than 0?,"You can use the .loc[] method with a lambda function to select rows from df1 where the value in column 'A' is greater than 0, like this: df1.loc[lambda df: df['A'] > 0, :].",https://pandas.pydata.org/docs/user_guide/indexing.html
What is the difference between .loc[] and .iloc[] indexing methods?,"The .loc[] method is label-based, meaning it selects rows based on their index labels, while the .iloc[] method is integer position-based, meaning it selects rows based on their position in the dataframe.",https://pandas.pydata.org/docs/user_guide/indexing.html
Can you use callable indexing in Series objects?,"Yes, you can use callable indexing in Series objects, like this: df1['A'].loc[lambda s: s > 0].",https://pandas.pydata.org/docs/user_guide/indexing.html
What is the index column specified in the read_csv function?,The index column is specified as 'id'.,https://pandas.pydata.org/docs/user_guide/indexing.html
What is the condition used to filter the grouped data in the loc function?,The condition used is df['r'] > 100.,https://pandas.pydata.org/docs/user_guide/indexing.html
How many teams are included in the grouped data?,There are 8 teams included in the grouped data.,https://pandas.pydata.org/docs/user_guide/indexing.html
What is the purpose of combining positional and label-based indexing in the loc function?,It allows you to get specific elements from the index in the DataFrame.,https://pandas.pydata.org/docs/user_guide/indexing.html
What is the shape of the resulting DataFrame after filtering the grouped data?,The resulting DataFrame has 8 rows and 18 columns.,https://pandas.pydata.org/docs/user_guide/indexing.html
"What is the output of `dfd.iloc[[0, 2], dfd.columns.get_loc('A')]`?","The output of `dfd.iloc[[0, 2], dfd.columns.get_loc('A')]` is a Series with index 'a' and 'c' and values 1 and 3 respectively.",https://pandas.pydata.org/docs/user_guide/indexing.html
What is the difference between using `.loc` and `.reindex` for selecting elements?,".loc preserves the dtype of the selection and is efficient for selecting only valid keys, whereas .reindex is idiomatic for selecting potentially not-found elements but may raise a ValueError if the index is duplicated.",https://pandas.pydata.org/docs/user_guide/indexing.html
"What is the output of `s.reindex([1, 2, 3])`?","The output of `s.reindex([1, 2, 3])` is a Series with index 1, 2, 3 and values 2.0, 3.0, NaN respectively.",https://pandas.pydata.org/docs/user_guide/indexing.html
"What is the output of `s.loc[s.index.intersection(labels)]` where `labels = [1, 2, 3]`?",The output of `s.loc[s.index.intersection(labels)]` is a Series with index 1 and 2 and values 2 and 3 respectively.,https://pandas.pydata.org/docs/user_guide/indexing.html
What error is raised when using `.reindex` on a Series with a duplicated index?,A ValueError is raised when using .reindex on a Series with a duplicated index.,https://pandas.pydata.org/docs/user_guide/indexing.html
What is the purpose of the reindex method in pandas?,The reindex method is used to conform a Series or DataFrame to a new index with optional filling logic.,https://pandas.pydata.org/docs/user_guide/indexing.html
What is the default behavior when the labels parameter is None?,"When the labels parameter is None, the reindex method does not perform any operation.",https://pandas.pydata.org/docs/user_guide/indexing.html
What is the method used to reindex the axes in the NDFrame class?,The method used to reindex the axes in the NDFrame class is _reindex_axes.,https://pandas.pydata.org/docs/user_guide/indexing.html
What is the purpose of the tolerance parameter in the reindex method?,The tolerance parameter is used to specify the tolerance for the reindex operation.,https://pandas.pydata.org/docs/user_guide/indexing.html
What is the return type of the reindex method in the Series class?,The return type of the reindex method in the Series class is a Series object.,https://pandas.pydata.org/docs/user_guide/indexing.html
What is the error message when trying to reindex a non-unique multi-index?,The error message is 'cannot handle a non-unique multi-index!'.,https://pandas.pydata.org/docs/user_guide/indexing.html
What is the alternative approach to reindex a Series when the desired labels are not unique?,"You can intersect the desired labels with the current axis, and then reindex using the intersection index.",https://pandas.pydata.org/docs/user_guide/indexing.html
What is the condition under which reindexing will still raise an error after intersecting the labels?,Reindexing will still raise an error if the resulting index is duplicated.,https://pandas.pydata.org/docs/user_guide/indexing.html
What is the output of reindexing a Series with intersected labels when the resulting index is duplicated?,The output will be NaN for the duplicated labels.,https://pandas.pydata.org/docs/user_guide/indexing.html
What is the method used to get the indexer for a non-unique index?,The method used is self.get_indexer_non_unique(target).,https://pandas.pydata.org/docs/user_guide/indexing.html
What is the purpose of the `reindex` method in pandas?,The `reindex` method is used to conform a Series or DataFrame to a new index with optional filling logic.,https://pandas.pydata.org/docs/user_guide/indexing.html
What is the name of the function that is called when `self._needs_reindex_multi` returns `True`?,The function called is `_reindex_multi`.,https://pandas.pydata.org/docs/user_guide/indexing.html
What happens when `labels` is `None` in the `_reindex_axes` method?,"The `continue` statement is executed, skipping the rest of the current iteration and moving on to the next one.",https://pandas.pydata.org/docs/user_guide/indexing.html
What is the name of the method that is called when an `Index` object's `reindex` method is called?,The method called is `reindex`.,https://pandas.pydata.org/docs/user_guide/indexing.html
What type of error is raised when a non-unique multi-index is passed to the `Index.reindex` method?,A `ValueError` is raised.,https://pandas.pydata.org/docs/user_guide/indexing.html
What happens to missing values in the weights array?,Missing values will be treated as a weight of zero.,https://pandas.pydata.org/docs/user_guide/indexing.html
What will happen if the weights do not sum to 1?,"If weights do not sum to 1, they will be re-normalized by dividing all weights by the sum of the weights.",https://pandas.pydata.org/docs/user_guide/indexing.html
How can you pass a column of a DataFrame as sampling weights?,You can pass the name of the column as a string to the weights argument.,https://pandas.pydata.org/docs/user_guide/indexing.html
What is the default behavior when sampling columns instead of rows?,The default behavior when sampling columns instead of rows is to sample rows.,https://pandas.pydata.org/docs/user_guide/indexing.html
How can you specify sampling columns instead of rows?,You can use the axis argument and set it to 1 to sample columns instead of rows.,https://pandas.pydata.org/docs/user_guide/indexing.html
What is the default value of the 'n' parameter in the sample function?,The default value of the 'n' parameter in the sample function is 1.,https://pandas.pydata.org/docs/user_guide/indexing.html
What happens when you set a seed for the random number generator in the sample function?,"With a given seed, the sample will always draw the same rows.",https://pandas.pydata.org/docs/user_guide/indexing.html
What is the effect of setting a non-existent key for an axis using the .loc/[] operations?,This is effectively an appending operation in the Series case.,https://pandas.pydata.org/docs/user_guide/indexing.html
How can a DataFrame be enlarged on either axis?,A DataFrame can be enlarged on either axis via the .loc operation.,https://pandas.pydata.org/docs/user_guide/indexing.html
What is the result of assigning the values of one column to another using .loc in a DataFrame?,This is like an append operation on the DataFrame.,https://pandas.pydata.org/docs/user_guide/indexing.html
What does the .where() method return?,A modified copy of the data.,https://pandas.pydata.org/docs/user_guide/indexing.html
What is the difference in signature between DataFrame.where() and numpy.where()?,The signature for DataFrame.where() differs from numpy.where().,https://pandas.pydata.org/docs/user_guide/indexing.html
"What is the equivalent operation of df1.where(m, df2) in numpy?","np.where(m, df1, df2).",https://pandas.pydata.org/docs/user_guide/indexing.html
What is the purpose of where() in alignment?,To align the input boolean condition (ndarray or DataFrame) for partial selection with setting.,https://pandas.pydata.org/docs/user_guide/indexing.html
"What is the result of df.where(df < 0, -df) == np.where(df < 0, df, -df) in the given example?",A DataFrame with all values being True.,https://pandas.pydata.org/docs/user_guide/indexing.html
What is the initial value of the 'A' column in the df2 DataFrame?,The initial value of the 'A' column in the df2 DataFrame is 0.368085.,https://pandas.pydata.org/docs/user_guide/indexing.html
What is the result of using the where method with axis='index' and replacing negative values with the 'A' column?,"The result is a DataFrame where all negative values are replaced with the corresponding value in the 'A' column, and the axis is aligned according to the 'index'.",https://pandas.pydata.org/docs/user_guide/indexing.html
What is the equivalent operation to the where method using apply?,The equivalent operation is to use the apply method with a lambda function that returns the value from the 'A' column when the value is negative.,https://pandas.pydata.org/docs/user_guide/indexing.html
What is the purpose of the copy method in the given code?,"The copy method is used to create a copy of the DataFrame, which is necessary when modifying the original DataFrame to avoid unintended changes.",https://pandas.pydata.org/docs/user_guide/indexing.html
What are the possible parameters that can be used with the where method to align the input?,"The possible parameters are axis, which can be 'index' or 'columns', and level.",https://pandas.pydata.org/docs/user_guide/indexing.html
What is the condition for the where method in the first example?,"The condition is x > 0, and y = df['A'].",https://pandas.pydata.org/docs/user_guide/indexing.html
What is the output of the where method in the first example?,"The output is a DataFrame with the same columns as the original DataFrame, but with the values in the 'A' column filtered according to the condition x > 0.",https://pandas.pydata.org/docs/user_guide/indexing.html
What is the purpose of the mask method?,"The mask method is the inverse boolean operation of where, meaning it returns a mask of False values where the original series or DataFrame is True.",https://pandas.pydata.org/docs/user_guide/indexing.html
What is the condition for the where method in the second example?,"The condition is x > 4, and the other argument is x + 10.",https://pandas.pydata.org/docs/user_guide/indexing.html
What is the output of the mask method in the third example?,The output is a mask of NaN values where the original series is 0 or greater.,https://pandas.pydata.org/docs/user_guide/indexing.html
What is the purpose of the conditions list in the given code?,"The conditions list is used to specify a set of conditions for selecting values from a DataFrame. It is a list of tuples, where each tuple contains conditions for selecting values from the DataFrame.",https://pandas.pydata.org/docs/user_guide/indexing.html
What is the default value used when selecting values from the DataFrame using the np.select function?,The default value used when selecting values from the DataFrame using the np.select function is 'black'. This value is returned when none of the conditions in the conditions list match.,https://pandas.pydata.org/docs/user_guide/indexing.html
What is the query method in pandas used for?,The query method in pandas is used to select data from a DataFrame using an expression. It allows for selecting data based on conditions and returns the resulting DataFrame.,https://pandas.pydata.org/docs/user_guide/indexing.html
How can you select values from a DataFrame where column 'b' has values between the values of columns 'a' and 'c'?,"You can select values from a DataFrame where column 'b' has values between the values of columns 'a' and 'c' using the query method with the expression '(a < b) & (b < c)'. Alternatively, you can use the np.select function with a list of conditions and choices.",https://pandas.pydata.org/docs/user_guide/indexing.html
What happens if a column with the name 'a' does not exist in the DataFrame when using the query method?,"If a column with the name 'a' does not exist in the DataFrame, the query method will fall back on a named index if one exists.",https://pandas.pydata.org/docs/user_guide/indexing.html
What is the initial value of the 'a' index in the DataFrame?,The initial value of the 'a' index in the DataFrame is set to 'a' in line In [242].,https://pandas.pydata.org/docs/user_guide/indexing.html
What is the condition used in the query expression in In [244]?,The condition used in the query expression is 'a < b and b < c'. This query returns rows where 'a' is less than 'b' and 'b' is less than 'c'.,https://pandas.pydata.org/docs/user_guide/indexing.html
What happens if the name of the index overlaps with a column name?,"If the name of the index overlaps with a column name, the column name is given precedence. This means that the column name is used instead of the index name in a query expression.",https://pandas.pydata.org/docs/user_guide/indexing.html
How can you refer to the index in a query expression if it has the same name as a column?,"You can refer to the index in a query expression by using the special identifier 'index' or 'ilevel_0' if you have a column named 'index'. However, it is recommended to rename the columns to something less ambiguous.",https://pandas.pydata.org/docs/user_guide/indexing.html
What is the result of the query expression in In [251]?,The result of the query expression 'index > 2' is a DataFrame with rows where the index value is greater than 2.,https://pandas.pydata.org/docs/user_guide/indexing.html
How many levels does a MultiIndex DataFrame have?,"A MultiIndex DataFrame has multiple levels, which can be accessed like columns in the frame.",https://pandas.pydata.org/docs/user_guide/indexing.html
What is the purpose of the np.random.choice function in the given code?,"The np.random.choice function is used to generate random elements from an array. In this case, it is used to select random colors and foods for the DataFrame.",https://pandas.pydata.org/docs/user_guide/indexing.html
How is the index of the DataFrame created?,"The index of the DataFrame is created using the pd.MultiIndex.from_arrays function, which takes in arrays of colors and foods and assigns them names 'color' and 'food'.",https://pandas.pydata.org/docs/user_guide/indexing.html
What is the output of the query function when used with the condition 'color == 'red''?,The output of the query function is a DataFrame that includes all rows where the color is 'red'. This is shown in the output of In [260],https://pandas.pydata.org/docs/user_guide/indexing.html
What is the default name of the levels in a MultiIndex if they are not explicitly named?,"If the levels of the MultiIndex are unnamed, they can be referred to using special names, which is shown in the output of In [261]",https://pandas.pydata.org/docs/user_guide/indexing.html
What is the value of column 'a' in the first row of the DataFrame df2?,The value of column 'a' in the first row of the DataFrame df2 is 0.552021.,https://pandas.pydata.org/docs/user_guide/indexing.html
What is the expression used to filter the DataFrames df and df2?,The expression used to filter the DataFrames df and df2 is '0.0 <= a <= c <= 0.5'.,https://pandas.pydata.org/docs/user_guide/indexing.html
What is the result of the query '(a < b) & (b < c)' on the DataFrame df?,The result of the query '(a < b) & (b < c)' on the DataFrame df is an empty DataFrame.,https://pandas.pydata.org/docs/user_guide/indexing.html
How can comparison operators be used in a query without using parentheses?,"Comparison operators can be used in a query without using parentheses by placing them next to each other, like 'a < b & b < c'.",https://pandas.pydata.org/docs/user_guide/indexing.html
What is the purpose of the map function in this code snippet?,The purpose of the map function in this code snippet is to apply the query expression to each of the DataFrames df and df2.,https://pandas.pydata.org/docs/user_guide/indexing.html
What is the purpose of the `query()` method in pandas?,The `query()` method in pandas provides a succinct syntax for calling the `isin()` method of a Series or DataFrame using Python's comparison operators.,https://pandas.pydata.org/docs/user_guide/indexing.html
How can you get all rows where columns 'a' and 'b' have overlapping values using the `query()` method?,You can use the `query()` method with the operator `in` to get all rows where columns 'a' and 'b' have overlapping values.,https://pandas.pydata.org/docs/user_guide/indexing.html
What is the difference between using `a in b` and `df[df['a'].isin(df['b'])]`?,"Both `a in b` and `df[df['a'].isin(df['b'])]` are used to get all rows where columns 'a' and 'b' have overlapping values, but the `query()` method provides a more concise syntax.",https://pandas.pydata.org/docs/user_guide/indexing.html
How can you get all rows where columns 'a' and 'b' do not have overlapping values using the `query()` method?,You can use the `query()` method with the operator `not in` to get all rows where columns 'a' and 'b' do not have overlapping values.,https://pandas.pydata.org/docs/user_guide/indexing.html
What is the output of `df.query('a < b < c')`?,The output of `df.query('a < b < c')` is an empty DataFrame because there are no rows where 'a' is less than 'b' and 'b' is less than 'c'.,https://pandas.pydata.org/docs/user_guide/indexing.html
"What is the output of the line of code `df.query('c == [1, 2]')`?","The output of the line of code `df.query('c == [1, 2]')` is a DataFrame containing rows where the value in column 'c' is either 1 or 2.",https://pandas.pydata.org/docs/user_guide/indexing.html
What is the difference between the `isin` function and the `in` operator in pandas?,"The `isin` function checks if a value is in a list, while the `in` operator checks if a value is in a list or a tuple. However, in the context of the provided code, both `isin` and `in` operator are used to achieve the same result.",https://pandas.pydata.org/docs/user_guide/indexing.html
How can you negate a boolean expression in pandas?,You can negate a boolean expression in pandas using the word `not` or the `~` operator.,https://pandas.pydata.org/docs/user_guide/indexing.html
"What is the output of the line of code `df[['c']].isin([1, 2])`?","The output of the line of code `df[['c']].isin([1, 2])` is a Series containing boolean values indicating whether the value in column 'c' is in the list [1, 2].",https://pandas.pydata.org/docs/user_guide/indexing.html
"What is the purpose of the line of code `df = pd.DataFrame(np.random.rand(n, 3), columns=list('abc'))`?","The purpose of the line of code `df = pd.DataFrame(np.random.rand(n, 3), columns=list('abc'))` is to create a new DataFrame with random values and column names 'a', 'b', and 'c'.",https://pandas.pydata.org/docs/user_guide/indexing.html
What is the default behavior of the duplicated function when no keep parameter is specified?,The default behavior of the duplicated function is to return True for the last occurrence of each value in the specified column(s).,https://pandas.pydata.org/docs/user_guide/indexing.html
"What is the output of df2.drop_duplicates('a', keep='last')?",The output is a DataFrame with the last occurrence of each value in column 'a'.,https://pandas.pydata.org/docs/user_guide/indexing.html
Can the duplicated function be used to identify duplicates in multiple columns?,"Yes, the duplicated function can be used to identify duplicates in multiple columns by passing a list of column names.",https://pandas.pydata.org/docs/user_guide/indexing.html
How do you drop duplicates by index value?,"To drop duplicates by index value, use Index.duplicated and then perform slicing.",https://pandas.pydata.org/docs/user_guide/indexing.html
What is the difference between keep='last' and keep=False in the duplicated function?,"keep='last' returns True for the last occurrence of each value, while keep=False returns True for all occurrences of each value except the first one.",https://pandas.pydata.org/docs/user_guide/indexing.html
What is the index of the DataFrame df3?,"The index of the DataFrame df3 is ['a', 'a', 'b', 'c', 'b', 'a'].",https://pandas.pydata.org/docs/user_guide/indexing.html
How does the duplicated() method behave when called on the index of df3?,"When called on the index of df3, the duplicated() method returns an array of boolean values indicating whether each index is a duplicate or not.",https://pandas.pydata.org/docs/user_guide/indexing.html
What is the output of df3[~df3.index.duplicated()]?,The output of df3[~df3.index.duplicated()] is a DataFrame with the non-duplicate rows of df3.,https://pandas.pydata.org/docs/user_guide/indexing.html
What is the purpose of the get() method in pandas?,The get() method in pandas can be used to return a default value when a key is not found in a Series or DataFrame.,https://pandas.pydata.org/docs/user_guide/indexing.html
"What is the output of pd.Series(['a', 'b', 'c'], index=['a', 'b', 'c']).get('x', default=-1) ?","The output of pd.Series(['a', 'b', 'c'], index=['a', 'b', 'c']).get('x', default=-1) is -1.",https://pandas.pydata.org/docs/user_guide/indexing.html
"What is the data type of the index in the line 'index = pd.Index([1, 5, 12], dtype='int8')'?",The data type of the index is 'int8'.,https://pandas.pydata.org/docs/user_guide/indexing.html
How do you set a name to be stored in the index?,"You can pass a 'name' parameter to the pd.Index function, like in the line 'index = pd.Index(['e', 'd', 'a', 'b'], name='something')'.",https://pandas.pydata.org/docs/user_guide/indexing.html
"What is the output of the line 'index = pd.Index(list(range(5)), name='rows')'?",The output is a pandas Index object with the name 'rows'.,https://pandas.pydata.org/docs/user_guide/indexing.html
How do you access a specific column in a DataFrame?,"You can access a specific column by its name, like in the line 'df['A']'.",https://pandas.pydata.org/docs/user_guide/indexing.html
What is the default behavior of the rename and set_names functions?,They default to returning a copy.,https://pandas.pydata.org/docs/user_guide/indexing.html
What is the initial index in the code?,"The initial index is [1, 2, 3].",https://pandas.pydata.org/docs/user_guide/indexing.html
What is the result of renaming the index to 'apple'?,"The result is an Index object with name 'apple' and values [1, 2, 3].",https://pandas.pydata.org/docs/user_guide/indexing.html
What is the effect of setting the name of the index to 'bob'?,"The name of the index is changed to 'bob', but the values remain the same, [1, 2, 3].",https://pandas.pydata.org/docs/user_guide/indexing.html
"What is the purpose of the level argument in set_names, set_levels, and set_codes methods?",The level argument is used to specify the level of the index to modify.,https://pandas.pydata.org/docs/user_guide/indexing.html
What is the result of the symmetric_difference operation between two Index objects?,"The result is an Index object containing elements that appear in either idx1 or idx2, but not in both, with duplicates dropped.",https://pandas.pydata.org/docs/user_guide/indexing.html
What is the result of the symmetric_difference operation between idx1 and idx2?,"The resulting index from the symmetric_difference operation between idx1 and idx2 is Index([1, 5], dtype='int64').",https://pandas.pydata.org/docs/user_guide/indexing.html
What happens when performing Index.union() between indexes with different dtypes?,"When performing Index.union() between indexes with different dtypes, the indexes must be cast to a common dtype, typically object dtype.",https://pandas.pydata.org/docs/user_guide/indexing.html
What is the result of filling missing values in idx1 with the scalar value 2?,"The resulting index after filling missing values in idx1 with the scalar value 2 is Index([1.0, 2.0, 3.0, 4.0], dtype='float64').",https://pandas.pydata.org/docs/user_guide/indexing.html
What is the effect of using missing values (NaN) in an Index object?,"Even though Index can hold missing values (NaN), it should be avoided if you do not want any unexpected results, as some operations exclude missing values implicitly.",https://pandas.pydata.org/docs/user_guide/indexing.html
What is the result of filling missing values in idx2 with pd.Timestamp('1970-01-01')?,"The resulting DatetimeIndex after filling missing values in idx2 with pd.Timestamp('1970-01-01') is DatetimeIndex(['2011-01-01', '1970-01-01', '2011-01-03'], dtype='datetime64[us]', freq=None).",https://pandas.pydata.org/docs/user_guide/indexing.html
What is the frequency of the DatetimeIndex created in the example?,"The frequency of the DatetimeIndex is None, indicating that it is not a regular time interval.",https://pandas.pydata.org/docs/user_guide/indexing.html
How do you reset the index of a DataFrame in pandas?,You can reset the index of a DataFrame using the reset_index() method.,https://pandas.pydata.org/docs/user_guide/indexing.html
What is the difference between setting an index and resetting it?,"Setting an index creates a new index, while resetting an index removes the existing index and creates a new one.",https://pandas.pydata.org/docs/user_guide/indexing.html
What is the effect of using the drop=False option in the set_index() method?,The drop=False option allows you to keep the existing index and append the given columns to a MultiIndex.,https://pandas.pydata.org/docs/user_guide/indexing.html
How can you create a MultiIndex using the set_index() method?,You can create a MultiIndex by passing a list of column names to the set_index() method.,https://pandas.pydata.org/docs/user_guide/indexing.html
What is the effect of using the 'append' parameter in the set_index method?,The 'append' parameter allows you to not drop the index columns when setting a new index.,https://pandas.pydata.org/docs/user_guide/indexing.html
What is the inverse operation of set_index()?,"The inverse operation of set_index() is reset_index(), which transfers the index values into the DataFrame's columns and sets a simple integer index.",https://pandas.pydata.org/docs/user_guide/indexing.html
What is the default behavior of set_index() when the 'drop' parameter is not specified?,The default behavior of set_index() when the 'drop' parameter is not specified is to drop the index columns.,https://pandas.pydata.org/docs/user_guide/indexing.html
What is the effect of using the reset_index method on a DataFrame?,"The reset_index method transfers the index values into the DataFrame's columns and sets a simple integer index, resulting in a table-like output similar to a SQL table or a record array.",https://pandas.pydata.org/docs/user_guide/indexing.html
How can you use the level keyword to remove only a portion of the index?,You can use the level keyword to remove only a portion of the index by specifying the level you want to remove.,https://pandas.pydata.org/docs/user_guide/indexing.html
What is the default behavior when assigning a Series to a DataFrame column in pandas?,"Pandas performs automatic alignment based on index labels. This means that Series values are matched to DataFrame rows by index label, not by their position in the Series.",https://pandas.pydata.org/docs/user_guide/indexing.html
What happens when you try to assign a custom index to a DataFrame using the index attribute?,You can assign a custom index to the index attribute of a DataFrame. This is demonstrated in the code snippet where df_idx.index = pd.Index([...]).,https://pandas.pydata.org/docs/user_guide/indexing.html
"What happens when you use chained indexing in pandas, especially after pandas 3.0?",Chained indexing will never work due to Copy-on-Write being the new default with pandas 3.0.,https://pandas.pydata.org/docs/user_guide/indexing.html
What is the effect of missing index labels when assigning a Series to a DataFrame column?,Missing index labels result in NaN values when assigning a Series to a DataFrame column.,https://pandas.pydata.org/docs/user_guide/indexing.html
What is the purpose of the reset_index method in pandas?,"The reset_index method takes an optional parameter drop which if true simply discards the index, instead of putting index values in the DataFrame’s columns.",https://pandas.pydata.org/docs/user_guide/indexing.html
What is the initial DataFrame created with?,"The initial DataFrame is created with a single column 'values' containing the values 1, 2, and 3, with index labels 'x', 'y', and 'z'.",https://pandas.pydata.org/docs/user_guide/indexing.html
How does the 'aligned' column get populated in the DataFrame?,"The 'aligned' column gets populated by aligning the Series s1 with the DataFrame's index, not by position.",https://pandas.pydata.org/docs/user_guide/indexing.html
What happens to the missing index label 'y' when assigning the 'partial' Series to the DataFrame?,The missing index label 'y' gets populated with NaN when assigning the 'partial' Series to the DataFrame.,https://pandas.pydata.org/docs/user_guide/indexing.html
What happens when assigning a Series with non-matching indices to the DataFrame?,All values in the DataFrame get populated with NaN when assigning a Series with non-matching indices.,https://pandas.pydata.org/docs/user_guide/indexing.html
How can you achieve positional assignment instead of index alignment when assigning a Series to the DataFrame?,You can achieve positional assignment by resetting the Series index to match the DataFrame's index using the reindex method.,https://pandas.pydata.org/docs/user_guide/indexing.html
What is the logic applied when joining MultiIndex on a level-by-level basis?,The logic is applied separately on a level-by-level basis.,https://pandas.pydata.org/docs/user_guide/merging.html
What is the effect of join='outer' when concatenating two DataFrames?,It takes the union of all axis values.,https://pandas.pydata.org/docs/user_guide/merging.html
What is the difference between join='outer' and join='inner' when concatenating two DataFrames?,"Join='outer' takes the union of all axis values, while join='inner' takes the intersection of the axis values.",https://pandas.pydata.org/docs/user_guide/merging.html
What is the result of performing a 'left' join using the exact index from the original DataFrame?,The result can be achieved by reindexing the concatenated DataFrame using the index from the original DataFrame.,https://pandas.pydata.org/docs/user_guide/merging.html
What is the effect of setting axis=1 when concatenating two DataFrames?,It concatenates the DataFrames along the columns.,https://pandas.pydata.org/docs/user_guide/merging.html
What is the default behavior when concatenating DataFrames without a meaningful index?,The ignore_index parameter ignores overlapping indexes.,https://pandas.pydata.org/docs/user_guide/merging.html
What happens to Series when concatenated with DataFrames?,Series are transformed into DataFrames with the column name as the name of the Series.,https://pandas.pydata.org/docs/user_guide/merging.html
What is the default name given to an unnamed Series after concatenation?,The default name given to an unnamed Series is 'Unnamed Series' and it will be numbered consecutively.,https://pandas.pydata.org/docs/user_guide/merging.html
What is the effect of setting ignore_index to True and sort to False in the concat function?,It ignores indexes on the concatenation axis and does not sort the resulting DataFrame.,https://pandas.pydata.org/docs/user_guide/merging.html
What is the effect of setting axis to 1 in the concat function?,"It concatenates along the columns of the DataFrames, rather than the rows.",https://pandas.pydata.org/docs/user_guide/merging.html
What is the default behavior of the 'keys' argument in the pandas concat function?,The default behavior of the 'keys' argument in the pandas concat function is to use the dict keys when passing a dict to the function.,https://pandas.pydata.org/docs/user_guide/merging.html
How are the levels constructed in the MultiIndex created by the concat function when passing a list of DataFrames?,"The levels in the MultiIndex are constructed from the passed keys and the index of the DataFrame pieces. In this case, the levels are constructed from the keys 's3', 's4', 's5' and the index of the DataFrames.",https://pandas.pydata.org/docs/user_guide/merging.html
What is the effect of passing a list of DataFrames to the concat function with the 'axis=1' argument?,"When passing a list of DataFrames to the concat function with the 'axis=1' argument, the DataFrames are concatenated horizontally, meaning that the rows of the DataFrames are combined into a single DataFrame with the same number of columns.",https://pandas.pydata.org/docs/user_guide/merging.html
How can you specify the resulting levels associated with the 'keys' argument in the concat function?,"You can specify the resulting levels associated with the 'keys' argument in the concat function by passing a list of keys to the 'keys' argument, as shown in In [35].",https://pandas.pydata.org/docs/user_guide/merging.html
What is the effect of passing a dict to the concat function with the 'keys' argument specified?,"When passing a dict to the concat function with the 'keys' argument specified, the dict keys are used as the keys in the resulting DataFrame, and the index of the DataFrame pieces is used to construct the levels in the MultiIndex.",https://pandas.pydata.org/docs/user_guide/merging.html
What is the purpose of the concat() function in pandas?,The concat() function is used to concatenate or append rows to a DataFrame.,https://pandas.pydata.org/docs/user_guide/merging.html
How are the rows in the DataFrame indexed?,"The rows in the DataFrame are indexed by a MultiIndex with two levels, where the first level is ['z', 'y', 'x'] and the second level is [0, 1, 2, 3, 4, 5, 6, 7, 8, 9, 10, 11].",https://pandas.pydata.org/docs/user_guide/merging.html
How can you convert a Series into a DataFrame to append it to another DataFrame?,"You can use the to_frame() method to convert the Series into a DataFrame, and then transpose it using the T attribute to match the column order of the other DataFrame.",https://pandas.pydata.org/docs/user_guide/merging.html
"What type of join operation is performed when joining two DataFrames on their indexes, which must contain unique values?",This type of join operation is called one-to-one join.,https://pandas.pydata.org/docs/user_guide/merging.html
What is the purpose of the merge() function in pandas?,"The merge() function performs join operations similar to relational databases like SQL, allowing users to join two DataFrames based on common columns.",https://pandas.pydata.org/docs/user_guide/merging.html
What type of join is described when joining columns on columns?,A many-to-many join.,https://pandas.pydata.org/docs/user_guide/merging.html
What happens to indexes on the passed DataFrame objects when joining columns on columns?,Indexes on the passed DataFrame objects will be discarded.,https://pandas.pydata.org/docs/user_guide/merging.html
What is the result of a many-to-many join if a key combination appears more than once in both tables?,The DataFrame will have the Cartesian product of the associated data.,https://pandas.pydata.org/docs/user_guide/merging.html
What happens to values in the joined table if a key combination does not appear in either the left or right tables?,The values in the joined table will be NA.,https://pandas.pydata.org/docs/user_guide/merging.html
How does the 'how' argument to merge() function affect the resulting table?,The 'how' argument to merge() specifies which keys are included in the resulting table.,https://pandas.pydata.org/docs/user_guide/merging.html
What is the default merge type when using the 'merge' function without specifying the 'how' parameter?,The default merge type is 'inner'.,https://pandas.pydata.org/docs/user_guide/merging.html
What is the purpose of the 'on' parameter in the 'merge' function?,"The 'on' parameter specifies the columns to merge on, in this case 'key1' and 'key2'.",https://pandas.pydata.org/docs/user_guide/merging.html
What is the result of merging two DataFrames using the 'cross' merge type?,The result is a DataFrame with all possible combinations of rows from the two DataFrames.,https://pandas.pydata.org/docs/user_guide/merging.html
Can a Series be merged with a DataFrame?,"Yes, a Series can be merged with a DataFrame if the names of the MultiIndex in the Series correspond to the columns in the DataFrame.",https://pandas.pydata.org/docs/user_guide/merging.html
How can a Series be transformed into a DataFrame in order to be merged with another DataFrame?,A Series can be transformed into a DataFrame using the 'reset_index' method.,https://pandas.pydata.org/docs/user_guide/merging.html
What is the value of column 'A' in the DataFrame?,"The values in column 'A' are 4, 5, and 6.",https://pandas.pydata.org/docs/user_guide/merging.html
What is the value of column 'B' in the DataFrame?,"The values in column 'B' are 2, 2, and 2.",https://pandas.pydata.org/docs/user_guide/merging.html
What type of merge operation is attempted in the code snippet?,The code snippet attempts an outer merge operation.,https://pandas.pydata.org/docs/user_guide/merging.html
What is the validation mode used in the merge operation?,The validation mode used is 'one_to_one'.,https://pandas.pydata.org/docs/user_guide/merging.html
What error is raised in the code snippet?,A MergeError is raised in the code snippet.,https://pandas.pydata.org/docs/user_guide/merging.html
What is the default join type used by the DataFrame.join method?,"The default join type is a left join, which uses only the keys found in the calling DataFrame.",https://pandas.pydata.org/docs/user_guide/merging.html
How can you specify other join types with the DataFrame.join method?,Other join types can be specified with the 'how' parameter.,https://pandas.pydata.org/docs/user_guide/merging.html
What is required to join on multiple keys using the DataFrame.join method?,The passed DataFrame must have a MultiIndex.,https://pandas.pydata.org/docs/user_guide/merging.html
What is the purpose of the 'on' parameter in the DataFrame.join method?,The 'on' parameter is used to specify the key or keys to join on.,https://pandas.pydata.org/docs/user_guide/merging.html
What happens when a key is not found in the calling DataFrame during a left join?,The result will contain NaN values for the missing key.,https://pandas.pydata.org/docs/user_guide/merging.html
What is the default merge type used in the code?,The default merge type used in the code is 'inner'.,https://pandas.pydata.org/docs/user_guide/merging.html
What is the purpose of resetting the index of the left and right DataFrames?,Resetting the index allows the DataFrames to be merged on a combination of index levels and columns without resetting indexes.,https://pandas.pydata.org/docs/user_guide/merging.html
"How can column names or index level names be referenced in the on, left_on, and right_on parameters?","Strings passed as the on, left_on, and right_on parameters may refer to either column names or index level names.",https://pandas.pydata.org/docs/user_guide/merging.html
What is the purpose of setting the index of the merged DataFrame?,"The index of the merged DataFrame is set to include the 'key', 'X', and 'Y' columns.",https://pandas.pydata.org/docs/user_guide/merging.html
What is the result of the merge operation?,The result of the merge operation is a DataFrame with the combined data from the left and right DataFrames.,https://pandas.pydata.org/docs/user_guide/merging.html
What happens when DataFrames are joined on a string that matches an index level in both arguments?,The index level is preserved as an index level in the resulting DataFrame.,https://pandas.pydata.org/docs/user_guide/merging.html
What happens to extra levels when DataFrames are joined using only some of the levels of a MultiIndex?,"Extra levels will be dropped from the resulting join, unless you use DataFrame.reset_index() to move those levels to columns prior to the join.",https://pandas.pydata.org/docs/user_guide/merging.html
How can you join multiple DataFrames together on their indexes?,You can pass a list or tuple of DataFrames to the join() method.,https://pandas.pydata.org/docs/user_guide/merging.html
What does the DataFrame.combine_first() method do?,It updates missing values from one DataFrame with the non-missing values in another DataFrame in the corresponding location.,https://pandas.pydata.org/docs/user_guide/merging.html
What is the purpose of the np.nan value in a DataFrame?,It represents a missing value in the DataFrame.,https://pandas.pydata.org/docs/user_guide/merging.html
What is the purpose of the combine_first function in the given example?,The combine_first function is used to fill missing values in the DataFrame with values from another DataFrame.,https://pandas.pydata.org/docs/user_guide/merging.html
What is the effect of using fill_method='ffill' in the merge_ordered function?,The fill_method='ffill' fills missing values in the left DataFrame with the previous non-missing value in the same column.,https://pandas.pydata.org/docs/user_guide/merging.html
What is the difference between merge_ordered and merge_asof functions?,"merge_ordered function performs an ordered left-join, while merge_asof function performs a nearest key match, selecting the last row in the right DataFrame where the on key is less than the left's key.",https://pandas.pydata.org/docs/user_guide/merging.html
What is the condition for using merge_asof function to perform a group-wise merge?,merge_asof function can perform a group-wise merge by matching the by key in addition to the nearest match on the on key.,https://pandas.pydata.org/docs/user_guide/merging.html
What is the role of the 'on' key in the merge_asof function?,The 'on' key is used to select the last row in the right DataFrame where the on key is less than the left's key.,https://pandas.pydata.org/docs/user_guide/merging.html
What is the format of the time values in the 'time' column?,The time values are in the format 'YYYYMMDD HH:MM:SS.sss'.,https://pandas.pydata.org/docs/user_guide/merging.html
How many unique values are there in the 'ticker' column?,"There are 3 unique values in the 'ticker' column: 'MSFT', 'GOOG', and 'AAPL'.",https://pandas.pydata.org/docs/user_guide/merging.html
What is the price of the first quote in the 'price' column?,The price of the first quote is 51.95.,https://pandas.pydata.org/docs/user_guide/merging.html
What is the quantity of the last quote in the 'quantity' column?,The quantity of the last quote is 100.,https://pandas.pydata.org/docs/user_guide/merging.html
What are the column names of the DataFrame?,"The column names are 'time', 'ticker', 'price', and 'quantity'.",https://pandas.pydata.org/docs/user_guide/merging.html
What is the format of the 'time' column in the 'trades' DataFrame?,The 'time' column is in the format 'YYYY-MM-DD HH:MM:SS.microseconds'.,https://pandas.pydata.org/docs/user_guide/merging.html
What is the value of the 'bid' price for AAPL in the 'quotes' DataFrame?,The 'bid' price for AAPL is 97.99.,https://pandas.pydata.org/docs/user_guide/merging.html
What is the quantity of GOOG traded at 13:30:00.023 in the 'trades' DataFrame?,There is no quantity of GOOG traded at 13:30:00.023 in the 'trades' DataFrame.,https://pandas.pydata.org/docs/user_guide/merging.html
What is the ask price of MSFT at 13:30:00.041 in the 'quotes' DataFrame?,The ask price of MSFT at 13:30:00.041 is 52.00.,https://pandas.pydata.org/docs/user_guide/merging.html
How many rows are in the 'trades' DataFrame?,There are 4 rows in the 'trades' DataFrame.,https://pandas.pydata.org/docs/user_guide/merging.html
What is the default tolerance used in the merge_asof function when it is not specified?,The default tolerance is 1ms between the quote time and the trade time.,https://pandas.pydata.org/docs/user_guide/merging.html
How does the merge_asof function handle exact matches on time when the tolerance is specified?,The function excludes exact matches on time when the tolerance is specified.,https://pandas.pydata.org/docs/user_guide/merging.html
What is the effect of specifying a tolerance of 10ms in the merge_asof function?,Specifying a tolerance of 10ms allows for matches within 10ms between the quote time and the trade time and excludes exact matches on time.,https://pandas.pydata.org/docs/user_guide/merging.html
What happens to prior quotes when exact matches are excluded in the merge_asof function?,Prior quotes propagate to the point in time where exact matches are excluded.,https://pandas.pydata.org/docs/user_guide/merging.html
What is the purpose of the by parameter in the merge_asof function?,"The by parameter specifies the column(s) to group the data by, which in this case is the 'ticker' column.",https://pandas.pydata.org/docs/user_guide/merging.html
What happens to rows or columns with all equal values when comparing two DataFrames?,They are omitted from the result.,https://pandas.pydata.org/docs/user_guide/merging.html
What is the effect of setting `keep_shape=True` when comparing two DataFrames?,All original rows and columns are kept in the result.,https://pandas.pydata.org/docs/user_guide/merging.html
What happens to equal values in the original DataFrames when `keep_shape=True` and `keep_equal=True`?,They are preserved in the result.,https://pandas.pydata.org/docs/user_guide/merging.html
How do the differences between the two DataFrames get aligned when comparing them?,They are aligned on columns.,https://pandas.pydata.org/docs/user_guide/merging.html
What is the default behavior for rows or columns with all equal values when comparing two DataFrames?,They are omitted from the result by default.,https://pandas.pydata.org/docs/user_guide/merging.html
What sentinel value is used for NumPy data types to represent a missing value?,numpy.nan is used for NumPy data types to represent a missing value.,https://pandas.pydata.org/docs/user_guide/missing_data.html
What is the disadvantage of using NumPy data types with missing values?,The original data type will be coerced to np.float64 or object.,https://pandas.pydata.org/docs/user_guide/missing_data.html
What sentinel value is used for NumPy datetime64 and timedelta64 data types to represent a missing value?,NaT is used for NumPy datetime64 and timedelta64 data types to represent a missing value.,https://pandas.pydata.org/docs/user_guide/missing_data.html
What is the result of reindexing a pandas Series with missing values of type np.int64?,The result is a Series with the original values and NaN values where the index is missing.,https://pandas.pydata.org/docs/user_guide/missing_data.html
"What sentinel value is used for StringDtype, Int64Dtype, and other data types to represent a missing value?","NA is used for StringDtype, Int64Dtype, and other data types to represent a missing value.",https://pandas.pydata.org/docs/user_guide/missing_data.html
What is the purpose of the NA value in pandas?,The goal of NA is to provide a “missing” indicator that can be used consistently across data types.,https://pandas.pydata.org/docs/user_guide/missing_data.html
How does pandas represent scalar missing values?,"Starting from pandas 1.0, an experimental NA value (singleton) is available to represent scalar missing values.",https://pandas.pydata.org/docs/user_guide/missing_data.html
What happens when NA propagates in arithmetic operations?,"When one of the operands is unknown, the outcome of the operation is also unknown, and NA propagates similarly to np.nan.",https://pandas.pydata.org/docs/user_guide/missing_data.html
Can NA be used by default in a DataFrame or Series in pandas?,"Currently, pandas does not use those data types using NA by default, so you need to specify the dtype explicitly.",https://pandas.pydata.org/docs/user_guide/missing_data.html
What is the result of the operation NA ** 0?,"The result of the operation NA ** 0 is 1, which is a special case when the result is known even when one of the operands is NA.",https://pandas.pydata.org/docs/user_guide/missing_data.html
What happens when comparing NA to a number in pandas?,"It returns NA, unlike np.nan which always returns False.",https://pandas.pydata.org/docs/user_guide/missing_data.html
How can you check if a value is equal to NA in pandas?,Use the isna() function.,https://pandas.pydata.org/docs/user_guide/missing_data.html
What is the default behavior of pandas when performing reductions on a Series with NA values?,It defaults to skipping missing values.,https://pandas.pydata.org/docs/user_guide/missing_data.html
How does pandas handle NA in logical 'or' operations?,"It does not propagate NA when one operand is True, but it does when one operand is False.",https://pandas.pydata.org/docs/user_guide/missing_data.html
What is the result of the logical 'or' operation between NA and False in pandas?,"It returns True, because NA propagates in this case.",https://pandas.pydata.org/docs/user_guide/missing_data.html
What is the result of the logical 'and' operation (&) between True and True?,The result of the logical 'and' operation (&) between True and True is True.,https://pandas.pydata.org/docs/user_guide/missing_data.html
What is the reason for the TypeError when trying to convert NA to a boolean value?,"The reason for the TypeError is that the actual value of NA is unknown, making it ambiguous to convert NA to a boolean value.",https://pandas.pydata.org/docs/user_guide/missing_data.html
What can be used to check if a condition is NA in a boolean context?,The isna() function can be used to check if a condition is NA in a boolean context.,https://pandas.pydata.org/docs/user_guide/missing_data.html
What happens when a Series or DataFrame object is used in an if statement?,"A similar situation occurs when using Series or DataFrame objects in if statements, where the object is potentially NA.",https://pandas.pydata.org/docs/user_guide/missing_data.html
How do most NumPy ufuncs work with NA?,Most ufuncs work with NA and generally return NA.,https://pandas.pydata.org/docs/user_guide/missing_data.html
What is the effect of using the fillna method with None on a DataFrame with object dtype?,"When the dtype is object, fillna with None replaces all NA values with None.",https://pandas.pydata.org/docs/user_guide/missing_data.html
What happens when fillna is used with np.nan on a DataFrame with object dtype?,"When the dtype is object, fillna with np.nan replaces all NA values with NaN.",https://pandas.pydata.org/docs/user_guide/missing_data.html
What is the effect of using the fillna method with pd.NA on a DataFrame with object dtype?,"When the dtype is object, fillna with pd.NA replaces all NA values with <NA>.",https://pandas.pydata.org/docs/user_guide/missing_data.html
How does fillna behave when the dtype is not object?,"When the dtype is not object, fillna replaces NA values with the proper NA value for the dtype.",https://pandas.pydata.org/docs/user_guide/missing_data.html
What is the effect of using the ffill method on a DataFrame?,"ffill fills gaps forward, replacing NA values with the value from the previous row.",https://pandas.pydata.org/docs/user_guide/missing_data.html
What is the default behavior of the bfill() function when filling NA values?,The default behavior of the bfill() function is to fill NA values with the next available value in the column.,https://pandas.pydata.org/docs/user_guide/missing_data.html
How does the limit parameter in ffill() function work?,"The limit parameter in ffill() function limits the number of NA values filled, and it stops filling NA values once the specified limit is reached.",https://pandas.pydata.org/docs/user_guide/missing_data.html
What can be used to replace NA values in a DataFrame?,NA values can be replaced with corresponding values from a Series or DataFrame where the index and column aligns between the original object and the filled object.,https://pandas.pydata.org/docs/user_guide/missing_data.html
What is the effect of assigning NaN values to a DataFrame using iloc?,Assigning NaN values to a DataFrame using iloc will replace the specified values with NaN in the DataFrame.,https://pandas.pydata.org/docs/user_guide/missing_data.html
What is the effect of using fillna() with the mean() function on a DataFrame?,Using fillna() with the mean() function will replace NA values in the DataFrame with the mean of each column.,https://pandas.pydata.org/docs/user_guide/missing_data.html
What is the default interpolation method used by the interpolate() function on a DatetimeIndex?,"The default interpolation method is not explicitly stated in the text, but it is mentioned that interpolation relative to a Timestamp in the DatetimeIndex is available by setting method='time'.",https://pandas.pydata.org/docs/user_guide/missing_data.html
How does the interpolate() function handle missing values in a Series with a floating-point index?,The interpolate() function can handle missing values in a Series with a floating-point index by using the method='values' parameter.,https://pandas.pydata.org/docs/user_guide/missing_data.html
What is the effect of using the 'time' method in the interpolate() function on a DatetimeIndex?,Using the 'time' method in the interpolate() function on a DatetimeIndex interpolates the missing values relative to a Timestamp in the DatetimeIndex.,https://pandas.pydata.org/docs/user_guide/missing_data.html
Can you pass a custom interpolation routine to the method parameter in the interpolate() function?,"Yes, if you have scipy installed, you can pass the name of a 1-d interpolation routine to the method parameter in the interpolate() function.",https://pandas.pydata.org/docs/user_guide/missing_data.html
What is the default interpolation method used by the interpolate() function on a floating-point index?,"The default interpolation method used by the interpolate() function on a floating-point index is not explicitly stated in the text, but it is mentioned that you can use method='values' to specify a different method.",https://pandas.pydata.org/docs/user_guide/missing_data.html
What is the interpolation method used in the first example?,The interpolation method used is 'spline' with an order of 2.,https://pandas.pydata.org/docs/user_guide/missing_data.html
How many missing values are introduced in the series in In [144]?,"9 missing values are introduced at indices 4, 13, 14, 15, 16, 17, 18, 20, and 29.",https://pandas.pydata.org/docs/user_guide/missing_data.html
What are the interpolation methods used to create the DataFrame in In [146]?,"The interpolation methods used are 'linear', 'quadratic', and 'cubic'.",https://pandas.pydata.org/docs/user_guide/missing_data.html
What is the interpolation method used to interpolate new observations in In [150]?,The interpolation method used is 'pchip'.,https://pandas.pydata.org/docs/user_guide/missing_data.html
How many new observations are interpolated in In [150]?,"6 new observations are interpolated at indices 49.25, 49.5, 49.75, 50.25, 50.5, and 50.75.",https://pandas.pydata.org/docs/user_guide/missing_data.html
What is the default direction of NaN value filling in pandas Series interpolation?,NaN values are filled in a forward direction by default.,https://pandas.pydata.org/docs/user_guide/missing_data.html
What is the purpose of the limit_direction parameter in pandas Series interpolation?,The limit_direction parameter is used to fill NaN values in a backward or both directions.,https://pandas.pydata.org/docs/user_guide/missing_data.html
What is the effect of setting limit_direction to 'backward' in pandas Series interpolation with limit=1?,"When limit_direction is set to 'backward' with limit=1, NaN values are filled from the last valid observation to the first NaN value.",https://pandas.pydata.org/docs/user_guide/missing_data.html
How does the limit parameter affect the interpolation of NaN values in a pandas Series?,The limit parameter limits the number of consecutive NaN values filled since the last valid observation.,https://pandas.pydata.org/docs/user_guide/missing_data.html
What is the initial state of NaN values in the Series ser after interpolation with limit=1?,"After interpolation with limit=1, the NaN values at indices 4 and 8 in the Series ser remain unchanged.",https://pandas.pydata.org/docs/user_guide/missing_data.html
What is the default behavior of the interpolate method when filling NaN values?,NaN values are filled whether they are surrounded by existing valid values or outside existing valid values.,https://pandas.pydata.org/docs/user_guide/missing_data.html
What does the limit_area parameter do when used with the interpolate method?,The limit_area parameter restricts filling to either inside or outside values.,https://pandas.pydata.org/docs/user_guide/missing_data.html
What is the effect of setting limit_direction to 'both' and limit_area to 'inside' in the interpolate method?,It fills one consecutive inside value in both directions.,https://pandas.pydata.org/docs/user_guide/missing_data.html
What happens when using the replace method on a DataFrame with a specified value to replace?,"It replaces the specified value with the new value, similar to the fillna method.",https://pandas.pydata.org/docs/user_guide/missing_data.html
How does the limit_area parameter behave when set to 'outside' and limit_direction is set to 'backward' in the interpolate method?,It fills all consecutive outside values backward.,https://pandas.pydata.org/docs/user_guide/missing_data.html
What is the purpose of the replace function in this code snippet?,The purpose of the replace function is to replace certain patterns in a string with a specified value.,https://pandas.pydata.org/docs/user_guide/missing_data.html
What regular expressions are being used to replace in the code snippet?,"The regular expressions being used are '\s*\.\s*' and 'a|b'. The first one matches any whitespace followed by a period followed by any whitespace, and the second one matches either 'a' or 'b'.",https://pandas.pydata.org/docs/user_guide/missing_data.html
What is the value being used to replace the matched patterns?,The value being used to replace the matched patterns is 'placeholder'.,https://pandas.pydata.org/docs/user_guide/missing_data.html
What is the output of the code snippet for the given DataFrame?,"The output of the code snippet for the given DataFrame shows that the values in columns 'a' and 'b' have been replaced with 'placeholder', except for the NaN value in row 2 of column 'c'.",https://pandas.pydata.org/docs/user_guide/missing_data.html
Can a regular expression object from re.compile be used instead of a regular expression string?,"Yes, a regular expression object from re.compile can be used instead of a regular expression string as a valid input.",https://pandas.pydata.org/docs/user_guide/missing_data.html
What is the format of an option's name in pandas?,"Options have a full “dotted-style”, case-insensitive name (e.g. display.max_rows).",https://pandas.pydata.org/docs/user_guide/options.html
How can you get the current value of an option in pandas?,"You can use the get_option() function, which accepts a regexp pattern as an argument.",https://pandas.pydata.org/docs/user_guide/options.html
What happens to the option settings after executing a codeblock using option_context() in pandas?,The option settings revert to prior settings after execution.,https://pandas.pydata.org/docs/user_guide/options.html
What is the purpose of the reset_option() function in pandas?,The reset_option() function resets one or more options to their default value.,https://pandas.pydata.org/docs/user_guide/options.html
How can you set multiple options to their default value in pandas?,You can pass multiple option names as arguments to the reset_option() function.,https://pandas.pydata.org/docs/user_guide/options.html
What is the error message when trying to retrieve an option with a pattern that matches multiple keys?,The error message is 'Pattern matched multiple keys'. This occurs when the pattern matches more than one option.,https://pandas.pydata.org/docs/user_guide/options.html
What is the warning about using the shorthand form of retrieving options?,The warning is that using this form may cause code to break if new options with similar names are added in future versions.,https://pandas.pydata.org/docs/user_guide/options.html
How can you get a list of available options and their descriptions?,You can use the describe_option() function to get a list of available options and their descriptions.,https://pandas.pydata.org/docs/user_guide/options.html
What happens when you call describe_option() with no argument?,"When called with no argument, describe_option() will print out the descriptions for all available options.",https://pandas.pydata.org/docs/user_guide/options.html
What is the function used to retrieve the value of a specified option?,The function used to retrieve the value of a specified option is get_option().,https://pandas.pydata.org/docs/user_guide/options.html
What is the default value for the display.expand_frame_repr option?,The default value for display.expand_frame_repr is True.,https://pandas.pydata.org/docs/user_guide/options.html
How does the display.float_format option affect the representation of numbers?,The display.float_format option affects the representation of numbers by allowing a custom format to be applied. It is a callable that accepts a floating point number and returns a string with the desired format.,https://pandas.pydata.org/docs/user_guide/options.html
What is the purpose of the display.html.table_schema option?,The display.html.table_schema option is used to publish a Table Schema representation for frontends that support it.,https://pandas.pydata.org/docs/user_guide/options.html
What is the effect of setting display.large_repr to 'truncate'?,"When display.large_repr is set to 'truncate', the repr (and HTML repr) of a DataFrame will show a truncated table if it exceeds max_rows/max_cols.",https://pandas.pydata.org/docs/user_guide/options.html
What is the default value for the display.html.use_mathjax option?,"The default value for display.html.use_mathjax is True, which enables MathJax rendering of mathematical expressions in Jupyter notebook.",https://pandas.pydata.org/docs/user_guide/options.html
What is the default value of display.max_categories?,The default value of display.max_categories is 8.,https://pandas.pydata.org/docs/user_guide/options.html
What happens when max_cols is exceeded?,"If max_cols is exceeded, pandas switches to a truncate view. Depending on large_repr, objects are either centrally truncated or printed as a summary view.",https://pandas.pydata.org/docs/user_guide/options.html
What is the default value of display.max_colwidth?,The default value of display.max_colwidth is 50.,https://pandas.pydata.org/docs/user_guide/options.html
How does pandas handle auto-detection of the terminal width?,"In a terminal environment, pandas auto-detects the width and prints a truncated object that fits the screen width. However, this is not possible in the IPython notebook, IPython qtconsole, or IDLE.",https://pandas.pydata.org/docs/user_guide/options.html
What happens when display.max_dir_items is set to None?,A 'None' value for display.max_dir_items means unlimited items will be added to dir(...).,https://pandas.pydata.org/docs/user_guide/options.html
What is the default value for display.max_info_columns?,100,https://pandas.pydata.org/docs/user_guide/options.html
What is the purpose of display.max_info_rows?,It limits the null check in the df.info() method to frames with smaller dimensions than specified.,https://pandas.pydata.org/docs/user_guide/options.html
What happens when max_rows is exceeded in display.max_rows?,It switches to a truncate view.,https://pandas.pydata.org/docs/user_guide/options.html
What is the effect of setting display.max_seq_items to None?,It allows all items in a sequence to be printed.,https://pandas.pydata.org/docs/user_guide/options.html
What is the default value for display.max_rows?,60,https://pandas.pydata.org/docs/user_guide/options.html
What is the default value for the number of items to be printed in a pandas DataFrame?,The default value is 100.,https://pandas.pydata.org/docs/user_guide/options.html
What is the default value for display.memory_usage when df.info() is called?,The default value is True.,https://pandas.pydata.org/docs/user_guide/options.html
What happens when display.min_rows is set to None?,"When display.min_rows is set to None, it follows the value of max_rows.",https://pandas.pydata.org/docs/user_guide/options.html
What is the effect of setting display.notebook_repr_html to True?,"When True, IPython notebook will use html representation for pandas objects (if it is available).",https://pandas.pydata.org/docs/user_guide/options.html
What is the default value for display.precision?,The default value is 6.,https://pandas.pydata.org/docs/user_guide/options.html
What is the default value for the 'display.width' parameter?,The default value for 'display.width' is 80.,https://pandas.pydata.org/docs/user_guide/options.html
Will enabling the 'display.unicode.ambiguous_as_wide' option affect performance?,"Yes, enabling this option may affect performance.",https://pandas.pydata.org/docs/user_guide/options.html
What is the default behavior for treating NaN entries in numpy-nullable and pyarrow float dtypes?,"By default, NaN entries are treated as interchangeable with pd.NA as missing values.",https://pandas.pydata.org/docs/user_guide/options.html
What is the default value for the 'future.infer_string' parameter?,The default value for 'future.infer_string' is True.,https://pandas.pydata.org/docs/user_guide/options.html
What is the status of the 'future.no_silent_downcasting' option?,This option is deprecated and will be removed in a future version.,https://pandas.pydata.org/docs/user_guide/options.html
What is the default behavior for the 'future.python_scalars' parameter?,"The default behavior is to return NumPy or PyArrow scalars. Currently, this is set to False.",https://pandas.pydata.org/docs/user_guide/options.html
What is the current default Excel reader engine for 'ods' files?,The current default Excel reader engine for 'ods' files is auto.,https://pandas.pydata.org/docs/user_guide/options.html
What is the recommended approach to setting the 'future.python_scalars' parameter?,"It is not recommended for end users to set this parameter to True, as it is currently experimental.",https://pandas.pydata.org/docs/user_guide/options.html
What are the available options for the default Excel writer engine for 'xls' files?,"The available options are auto, xlrd, and calamine.",https://pandas.pydata.org/docs/user_guide/options.html
What is the current default Excel writer engine for 'xlsx' files?,The current default Excel writer engine for 'xlsx' files is auto.,https://pandas.pydata.org/docs/user_guide/options.html
What is the default format writing format if io.hdf.default_format is None?,The default format writing format is 'fixed' for put and 'table' for append.,https://pandas.pydata.org/docs/user_guide/options.html
Is it possible to drop ALL nan rows when appending to a table in pandas?,"Yes, it is possible if io.hdf.dropna_table is set to True.",https://pandas.pydata.org/docs/user_guide/options.html
What is the default parquet reader/writer engine in pandas?,The default parquet reader/writer engine is 'auto'.,https://pandas.pydata.org/docs/user_guide/options.html
Is chained assignment allowed by default in pandas?,"No, chained assignment raises an exception by default.",https://pandas.pydata.org/docs/user_guide/options.html
Is Copy-on-Write behavior used by pandas?,"Yes, pandas always uses Copy-on-Write behavior.",https://pandas.pydata.org/docs/user_guide/options.html
What is the default value for styler.latex.environment?,The default value for styler.latex.environment is None.,https://pandas.pydata.org/docs/user_guide/options.html
What is the default value for styler.render.max_elements?,The default value for styler.render.max_elements is 262144.,https://pandas.pydata.org/docs/user_guide/options.html
What is the specifier for horizontal alignment of sparsified LaTeX multicolumns by default?,The specifier for horizontal alignment of sparsified LaTeX multicolumns by default is 'r'.,https://pandas.pydata.org/docs/user_guide/options.html
What is the encoding used for output HTML and LaTeX files by default?,The encoding used for output HTML and LaTeX files by default is 'utf-8'.,https://pandas.pydata.org/docs/user_guide/options.html
What is the maximum number of data-cell elements that will be rendered before trimming occurs?,The maximum number of data-cell elements that will be rendered before trimming occurs is 262144.,https://pandas.pydata.org/docs/user_guide/options.html
What is the default value of 'max_elements'?,The default value of 'max_elements' is None.,https://pandas.pydata.org/docs/user_guide/options.html
What is the default output for styler.render.repr in Jupyter Notebook?,The default output for styler.render.repr in Jupyter Notebook is html.,https://pandas.pydata.org/docs/user_guide/options.html
What is the effect of setting styler.sparse.columns to False?,Setting styler.sparse.columns to False will display each explicit level element in a hierarchical key for each column.,https://pandas.pydata.org/docs/user_guide/options.html
How do you change an option using the pandas namespace?,"To change an option, call set_option('option regex', new_value).",https://pandas.pydata.org/docs/user_guide/options.html
What is the default value of 'display.max_rows'?,The default value of 'display.max_rows' is 60.,https://pandas.pydata.org/docs/user_guide/options.html
What is the default value of display.max_rows?,The default value of display.max_rows is 60.,https://pandas.pydata.org/docs/user_guide/options.html
How do you reset multiple options at once using a regex?,"You can reset multiple options at once using a regex with the reset_option function, e.g., pd.reset_option('^display').",https://pandas.pydata.org/docs/user_guide/options.html
What is the purpose of the option_context() context manager?,"The option_context() context manager allows you to execute code with given option values, and option values are restored automatically when you exit the with block.",https://pandas.pydata.org/docs/user_guide/options.html
How do you set startup options in the Python/IPython environment?,"You can set startup options by creating a .py or .ipy script in the startup directory of the desired profile, and then importing pandas and setting options.",https://pandas.pydata.org/docs/user_guide/options.html
What are some frequently used display options?,"Some frequently used display options include display.max_rows, display.max_columns, and display.precision.",https://pandas.pydata.org/docs/user_guide/options.html
What is the initial value of display.max_rows set to?,"The initial value of display.max_rows is not explicitly mentioned in the text, but it is set to 7 in In [25].",https://pandas.pydata.org/docs/user_guide/options.html
How many rows are displayed when display.max_rows is set to 5?,"When display.max_rows is set to 5, 5 rows are displayed, with the remaining rows replaced by an ellipsis.",https://pandas.pydata.org/docs/user_guide/options.html
What happens when display.max_rows is exceeded?,"When display.max_rows is exceeded, the display.min_rows option determines how many rows are shown in the truncated repr.",https://pandas.pydata.org/docs/user_guide/options.html
What is the effect of resetting display.max_rows to its default value?,Resetting display.max_rows to its default value causes the default value of display.min_rows to be used.,https://pandas.pydata.org/docs/user_guide/options.html
How many rows are displayed when display.max_rows is set to 8 and display.min_rows is set to 4?,"When display.max_rows is set to 8 and display.min_rows is set to 4, only 4 rows are displayed, with the remaining rows replaced by an ellipsis.",https://pandas.pydata.org/docs/user_guide/options.html
What is the initial setting of the 'expand_frame_repr' option?,The initial setting of the 'expand_frame_repr' option is False.,https://pandas.pydata.org/docs/user_guide/options.html
What is the purpose of setting 'display.max_rows' to 5?,The purpose of setting 'display.max_rows' to 5 is to display a maximum of 5 rows when printing a DataFrame.,https://pandas.pydata.org/docs/user_guide/options.html
How does the 'large_repr' option affect the display of a DataFrame?,"The 'large_repr' option controls how a DataFrame is displayed when it exceeds the maximum number of columns or rows. When set to 'truncate', it displays a truncated frame or summary.",https://pandas.pydata.org/docs/user_guide/options.html
What is the default behavior when displaying a DataFrame that exceeds the maximum number of rows or columns?,The default behavior is to display a truncated frame or summary.,https://pandas.pydata.org/docs/user_guide/options.html
How does the 'reset_option' method affect the 'expand_frame_repr' option?,The 'reset_option' method resets the 'expand_frame_repr' option to its default value.,https://pandas.pydata.org/docs/user_guide/options.html
What is the initial setting for the 'large_repr' option?,The initial setting for the 'large_repr' option is set to 'info'.,https://pandas.pydata.org/docs/user_guide/options.html
How many entries are there in the RangeIndex of the DataFrame?,There are 10 entries in the RangeIndex of the DataFrame.,https://pandas.pydata.org/docs/user_guide/options.html
What is the data type of all columns in the DataFrame?,The data type of all columns in the DataFrame is float64.,https://pandas.pydata.org/docs/user_guide/options.html
What happens to cells longer than the maximum column width when truncated?,Cells longer than the maximum column width are truncated with an ellipsis.,https://pandas.pydata.org/docs/user_guide/options.html
What is the initial maximum column width set to when the 'max_colwidth' option is set?,"The initial maximum column width is not explicitly set in the provided code, but it is later set to 40 and then to 6.",https://pandas.pydata.org/docs/user_guide/options.html
What is the default behavior of the info() method when displaying a DataFrame with many columns?,The info() method will display all columns by default.,https://pandas.pydata.org/docs/user_guide/options.html
What is the purpose of setting the max_info_columns option to a specific value?,"The max_info_columns option sets a threshold for the number of columns displayed when calling info(). If the DataFrame has more columns than this threshold, the info() method will display only the specified number of columns.",https://pandas.pydata.org/docs/user_guide/options.html
How does the show_counts=True keyword argument affect the info() method's behavior?,"The show_counts=True keyword argument will override the max_info_rows and max_info_cols options, causing the info() method to display null-counts for each column, regardless of the specified limits.",https://pandas.pydata.org/docs/user_guide/options.html
What happens when the max_info_columns option is reset to its default value?,"When the max_info_columns option is reset to its default value using the reset_option() function, the info() method will display all columns by default.",https://pandas.pydata.org/docs/user_guide/options.html
What is the default value of the max_info_rows option?,"The text does not explicitly state the default value of the max_info_rows option, but it implies that the default value is not specified, and it is only used when the info() method is called with the show_counts=True keyword argument.",https://pandas.pydata.org/docs/user_guide/options.html
What is the size of the DataFrame?,The size of the DataFrame is 10 rows and 10 columns.,https://pandas.pydata.org/docs/user_guide/options.html
How many non-null values are in column 0?,There are 8 non-null values in column 0.,https://pandas.pydata.org/docs/user_guide/options.html
What is the data type of columns 0 to 9?,The data type of columns 0 to 9 is float64.,https://pandas.pydata.org/docs/user_guide/options.html
How many non-null values are in column 1?,There are 3 non-null values in column 1.,https://pandas.pydata.org/docs/user_guide/options.html
What is the data type of the columns in the DataFrame?,The data type of the columns in the DataFrame is float64.,https://pandas.pydata.org/docs/user_guide/options.html
How many rows and columns are in the DataFrame?,The DataFrame has 10 rows and 10 columns.,https://pandas.pydata.org/docs/user_guide/options.html
How does the display.precision option affect the output display?,The display.precision option sets the output display precision in terms of decimal places.,https://pandas.pydata.org/docs/user_guide/options.html
What is the effect of setting display.chop_threshold to zero when displaying a Series or DataFrame?,Setting display.chop_threshold to zero sets the rounding threshold to zero when displaying a Series or DataFrame.,https://pandas.pydata.org/docs/user_guide/options.html
What is the initial state of column 1 in the DataFrame after setting the 'chop_threshold' option to 0?,The initial state of column 1 in the DataFrame is 0.2946.,https://pandas.pydata.org/docs/user_guide/options.html
How does the 'chop_threshold' option affect the DataFrame when set to 0.5?,"When the 'chop_threshold' option is set to 0.5, values less than 0.5 are replaced with 0 in the DataFrame.",https://pandas.pydata.org/docs/user_guide/options.html
What is the default justification of the headers in a DataFrame?,The default justification of the headers in a DataFrame is 'left'.,https://pandas.pydata.org/docs/user_guide/options.html
How do you reset the 'chop_threshold' option to its default value?,You can reset the 'chop_threshold' option to its default value using the 'reset_option' method.,https://pandas.pydata.org/docs/user_guide/options.html
What is the effect of setting the 'colheader_justify' option to 'right'?,"When the 'colheader_justify' option is set to 'right', the column headers in the DataFrame are justified to the right.",https://pandas.pydata.org/docs/user_guide/options.html
What is the initial alignment of column headers in the DataFrame?,The column headers are initially aligned to the left.,https://pandas.pydata.org/docs/user_guide/options.html
What is the effect of calling `pd.reset_option('colheader_justify')`?,"It resets the column header alignment to the default, which is left.",https://pandas.pydata.org/docs/user_guide/options.html
How can you alter the floating-point formatting of pandas objects to produce a particular format?,You can use the `set_eng_float_format` function to alter the floating-point formatting of pandas objects.,https://pandas.pydata.org/docs/user_guide/options.html
What is the effect of using `use_eng_prefix=True` in `set_eng_float_format`?,"It enables the use of English prefixes (e.g., 'u' for micro, 'n' for nano) in the floating-point formatting.",https://pandas.pydata.org/docs/user_guide/options.html
What is the impact of enabling Unicode formatting on the performance of printing DataFrames and Series?,It makes the printing process about 2 times slower.,https://pandas.pydata.org/docs/user_guide/options.html
What is the initial DataFrame structure?,"The initial DataFrame has two columns: '国籍' and '名前', each containing a list of strings.",https://pandas.pydata.org/docs/user_guide/options.html
What is the effect of setting display.unicode.east_asian_width to True?,"Setting display.unicode.east_asian_width to True allows pandas to properly align East Asian characters, but it results in longer render times than the standard len function.",https://pandas.pydata.org/docs/user_guide/options.html
What is the default behavior for ambiguous characters when display.unicode.east_asian_width is enabled?,"By default, ambiguous characters are treated as 1 character wide when display.unicode.east_asian_width is enabled.",https://pandas.pydata.org/docs/user_guide/options.html
How does enabling display.unicode.ambiguous_as_wide affect character alignment?,"Enabling display.unicode.ambiguous_as_wide makes pandas interpret ambiguous characters as 2 characters wide, but only when display.unicode.east_asian_width is also enabled.",https://pandas.pydata.org/docs/user_guide/options.html
What happens when display.unicode.ambiguous_as_wide is set incorrectly for the terminal?,Setting display.unicode.ambiguous_as_wide incorrectly for the terminal can cause ambiguous characters to be aligned incorrectly.,https://pandas.pydata.org/docs/user_guide/options.html
What is the default behavior of the 'display.unicode.ambiguous_as_wide' option?,The default behavior of the 'display.unicode.ambiguous_as_wide' option is to set it to True.,https://pandas.pydata.org/docs/user_guide/options.html
What type of data structure will publish a Table Schema representation by default?,DataFrame and Series will publish a Table Schema representation by default.,https://pandas.pydata.org/docs/user_guide/options.html
How can you enable the global option to publish a Table Schema representation?,You can enable the global option to publish a Table Schema representation by setting 'display.html.table_schema' to True.,https://pandas.pydata.org/docs/user_guide/options.html
What data is serialized and published when 'display.html.table_schema' is enabled?,Only 'display.max_rows' are serialized and published when 'display.html.table_schema' is enabled.,https://pandas.pydata.org/docs/user_guide/options.html
What is the purpose of setting 'display.unicode.ambiguous_as_wide' to True?,Setting 'display.unicode.ambiguous_as_wide' to True is used to display ambiguous characters as wide characters.,https://pandas.pydata.org/docs/user_guide/options.html
What is the purpose of the melt() and wide_to_long() functions in pandas?,The melt() and wide_to_long() functions in pandas are used to unpivot a wide DataFrame to a long format. This allows for further data processing or data summarization.,https://pandas.pydata.org/docs/user_guide/reshaping.html
What is the difference between the 'stacked' and 'record' formats of data?,"The 'stacked' or 'long' format has multiple rows for each subject, whereas the 'record' or 'wide' format has one row for each subject.",https://pandas.pydata.org/docs/user_guide/reshaping.html
What function is used to convert a column of list-like values to individual rows?,The explode() function is used to convert a column of list-like values to individual rows.,https://pandas.pydata.org/docs/user_guide/reshaping.html
What is the purpose of the factorize() function in pandas?,The factorize() function in pandas is used to encode 1-dimensional variables into integer labels.,https://pandas.pydata.org/docs/user_guide/reshaping.html
What function is used to calculate a cross-tabulation of multiple 1-dimensional factor arrays?,The crosstab() function is used to calculate a cross-tabulation of multiple 1-dimensional factor arrays.,https://pandas.pydata.org/docs/user_guide/reshaping.html
What method is used to reshape the data into a form with columns as unique variables and an index of dates?,The DataFrame.pivot() method is used to reshape the data.,https://pandas.pydata.org/docs/user_guide/reshaping.html
What happens if the values argument is omitted and the input DataFrame has more than one column of values not used as column or index inputs to pivot()?,The resulting 'pivoted' DataFrame will have hierarchical columns whose topmost level indicates the respective value column.,https://pandas.pydata.org/docs/user_guide/reshaping.html
How can you create a new column 'value2' in the original DataFrame df?,You can create a new column 'value2' by assigning df['value2'] = df['value'] * 2.,https://pandas.pydata.org/docs/user_guide/reshaping.html
What is the effect of selecting a subset from the pivoted DataFrame?,Selecting a subset from the pivoted DataFrame returns a view on the underlying data in the case where the data are homogeneously-typed.,https://pandas.pydata.org/docs/user_guide/reshaping.html
What is the default behavior when selecting a subset from the pivoted DataFrame?,The default behavior is to return a view on the underlying data.,https://pandas.pydata.org/docs/user_guide/reshaping.html
What is the difference between pivot() and pivot_table() in pandas?,"pivot() can only handle unique rows specified by index and columns, whereas pivot_table() can handle duplicate rows and provides aggregation of numeric data.",https://pandas.pydata.org/docs/user_guide/reshaping.html
What is the purpose of using pivot_table() in pandas?,pivot_table() can be used to create spreadsheet-style pivot tables and provides advanced strategies for pivoting with aggregation of numeric data.,https://pandas.pydata.org/docs/user_guide/reshaping.html
What happens if the data contains duplicates when using pivot()?,"If the data contains duplicates, use pivot_table() instead of pivot().",https://pandas.pydata.org/docs/user_guide/reshaping.html
What is the data type of the values in column 'F' of the DataFrame df?,The values in column 'F' of the DataFrame df are of datetime type.,https://pandas.pydata.org/docs/user_guide/reshaping.html
What is the data type of the 'D' column in the given DataFrame?,"The 'D' column is not explicitly mentioned in the given DataFrame, but it is used as a value in the pivot_table function. It can be inferred that the 'D' column is a numeric column.",https://pandas.pydata.org/docs/user_guide/reshaping.html
What is the index of the pivot_table created in In [13]?,The index of the pivot_table created in In [13] is a single column 'B'.,https://pandas.pydata.org/docs/user_guide/reshaping.html
What is the columns parameter of the pivot_table function in In [12]?,"The columns parameter of the pivot_table function in In [12] is a list containing two columns 'C' and an empty list, but 'C' is the actual column name.",https://pandas.pydata.org/docs/user_guide/reshaping.html
What is the values parameter of the pivot_table function in In [13]?,The values parameter of the pivot_table function in In [13] is a list containing two columns 'D' and 'E'.,https://pandas.pydata.org/docs/user_guide/reshaping.html
What is the aggfunc parameter of the pivot_table function in In [13]?,The aggfunc parameter of the pivot_table function in In [13] is the sum function.,https://pandas.pydata.org/docs/user_guide/reshaping.html
What is the name of the function used in this example?,pivot_table,https://pandas.pydata.org/docs/user_guide/reshaping.html
What is the 'values' parameter set to in this pivot table?,"The 'values' parameter is set to 'E'. However, since 'E' is not present in the provided DataFrame, it is assumed that the actual column name is not given and the pivot table will include all data in an additional level of hierarchy.",https://pandas.pydata.org/docs/user_guide/reshaping.html
What are the index values in this pivot table?,The index values are 'B' and 'C'. They are used to create a MultiIndex on the index.,https://pandas.pydata.org/docs/user_guide/reshaping.html
What are the column values in this pivot table?,The column values are 'A'. They are used to create a MultiIndex on the column.,https://pandas.pydata.org/docs/user_guide/reshaping.html
What is the 'aggfunc' parameter set to in this pivot table?,The 'aggfunc' parameter is set to both 'sum' and 'mean'. This will create two separate columns in the resulting DataFrame for each aggregation function.,https://pandas.pydata.org/docs/user_guide/reshaping.html
What is the index of the pivot table in the first example?,"The index of the pivot table is ['A', 'B'].",https://pandas.pydata.org/docs/user_guide/reshaping.html
What is the 'freq' parameter used for in the Grouper function?,"The 'freq' parameter is used to specify the frequency of the grouping, in this case, monthly (ME).",https://pandas.pydata.org/docs/user_guide/reshaping.html
What is the effect of passing 'margins=True' to pivot_table()?,Passing 'margins=True' to pivot_table() adds a row and column with an 'All' label with partial group aggregates across the categories on the rows and columns.,https://pandas.pydata.org/docs/user_guide/reshaping.html
What are the values being aggregated in the second example of pivot_table()?,The values being aggregated in the second example of pivot_table() are the values in column 'D'.,https://pandas.pydata.org/docs/user_guide/reshaping.html
What is the key used for grouping in the second example of pivot_table()?,The key used for grouping in the second example of pivot_table() is column 'F'.,https://pandas.pydata.org/docs/user_guide/reshaping.html
What is the index of the pivot table?,"The index of the pivot table is ['A', 'B'].",https://pandas.pydata.org/docs/user_guide/reshaping.html
What is the aggregation function used in the pivot table?,The aggregation function used in the pivot table is 'std'.,https://pandas.pydata.org/docs/user_guide/reshaping.html
What are the columns of the pivot table?,The columns of the pivot table are 'C' and 'All'.,https://pandas.pydata.org/docs/user_guide/reshaping.html
How can you display a pivoted DataFrame with a multi-level index?,You can display a pivoted DataFrame with a multi-level index by calling DataFrame.stack().,https://pandas.pydata.org/docs/user_guide/reshaping.html
What is the value of the 'margins' parameter in the pivot table?,The value of the 'margins' parameter in the pivot table is True.,https://pandas.pydata.org/docs/user_guide/reshaping.html
What is the purpose of the stack() function in pandas?,"The stack() function is used to stack the level of a MultiIndex in a DataFrame or Series, making it the new lowest level.",https://pandas.pydata.org/docs/user_guide/reshaping.html
What is the default behavior of the unstack() function in pandas?,The default behavior of the unstack() function is to unstack the last level of a MultiIndex in a DataFrame or Series.,https://pandas.pydata.org/docs/user_guide/reshaping.html
How can you specify which level to unstack when using unstack() in pandas?,"You can specify which level to unstack by passing the level number as an argument to the unstack() function, or by using the level name if the indexes have names.",https://pandas.pydata.org/docs/user_guide/reshaping.html
What is the output of the unstack() function when used with a DataFrame having a MultiIndex in the columns?,The output of the unstack() function is a DataFrame with the stacked level as the new lowest level in a MultiIndex on the columns.,https://pandas.pydata.org/docs/user_guide/reshaping.html
What is the inverse operation of the stack() function in pandas?,"The inverse operation of the stack() function is the unstack() function, which is used to reverse the stacking operation.",https://pandas.pydata.org/docs/user_guide/reshaping.html
What is the effect of calling the unstack() method on a DataFrame?,The unstack() method implicitly sorts the index levels involved.,https://pandas.pydata.org/docs/user_guide/reshaping.html
Is the original DataFrame unchanged after calling stack() and then unstack()?,"No, a sorted copy of the original DataFrame is returned.",https://pandas.pydata.org/docs/user_guide/reshaping.html
Can the unstack() method be used to unstack more than one level at a time?,"Yes, by passing a list of levels to the unstack() method.",https://pandas.pydata.org/docs/user_guide/reshaping.html
What is the result of calling unstack() on a DataFrame with multiple levels and then sorting the index?,The result is a sorted copy of the original DataFrame.,https://pandas.pydata.org/docs/user_guide/reshaping.html
How does the unstack() method handle MultiIndex DataFrames?,"The unstack() method implicitly sorts the index levels involved, similar to the stack() method.",https://pandas.pydata.org/docs/user_guide/reshaping.html
What is the result of stacking the DataFrame df using the level names 'animal' and 'hair_length'?,"The stacked DataFrame has the index with two levels: 'animal' and 'hair_length', and the original columns A and B.",https://pandas.pydata.org/docs/user_guide/reshaping.html
What is the condition for the levels parameter in the stack function?,"The levels parameter can contain either level names or level numbers, but not a mixture of the two.",https://pandas.pydata.org/docs/user_guide/reshaping.html
How many rows does the original DataFrame df have?,The original DataFrame df has 4 rows.,https://pandas.pydata.org/docs/user_guide/reshaping.html
"What is the equivalent code for the line df.stack(level=['animal', 'hair_length'])?","The equivalent code is df.stack(level=['animal', 'hair_length']).",https://pandas.pydata.org/docs/user_guide/reshaping.html
What is the default behavior when unstacking a DataFrame with subgroups that do not have the same set of labels?,Missing values will be replaced with the default fill value for that data type.,https://pandas.pydata.org/docs/user_guide/reshaping.html
How many rows and columns does the DataFrame `df` have?,The DataFrame `df` has 8 rows and 4 columns.,https://pandas.pydata.org/docs/user_guide/reshaping.html
What is the data type of the values in the DataFrame `df`?,"The values in the DataFrame `df` are of type float, as generated by `np.random.randn(8, 4)`.",https://pandas.pydata.org/docs/user_guide/reshaping.html
What is the name of the column that contains the 'exp' values in the DataFrame `df3`?,The column that contains the 'exp' values in the DataFrame `df3` is named 'B'.,https://pandas.pydata.org/docs/user_guide/reshaping.html
"How are the rows selected in the line `df3 = df.iloc[[0, 1, 4, 7], [1, 2]]`?","The rows are selected based on the index positions 0, 1, 4, and 7, and the columns are selected based on the positions 1 and 2.",https://pandas.pydata.org/docs/user_guide/reshaping.html
What is the default behavior when filling missing values in the unstack method?,The default behavior is to leave the missing values as NaN.,https://pandas.pydata.org/docs/user_guide/reshaping.html
What is the purpose of the melt function in pandas?,"The melt function reshapes a DataFrame into a format where one or more columns are identifier variables, while all other columns are unpivoted to the row axis.",https://pandas.pydata.org/docs/user_guide/reshaping.html
How can the names of the 'variable' and 'value' columns be customized in the melt function?,The names of those columns can be customized by supplying the var_name and value_name parameters.,https://pandas.pydata.org/docs/user_guide/reshaping.html
What is the effect of using the fill_value argument in the unstack method?,"The fill_value argument allows filling missing values with a specific value, which is -1e9 in this example.",https://pandas.pydata.org/docs/user_guide/reshaping.html
What is the purpose of the wide_to_long function in pandas?,"The purpose of the wide_to_long function is not explicitly stated in the provided text, but it is mentioned alongside melt, suggesting it is used for reshaping DataFrames as well.",https://pandas.pydata.org/docs/user_guide/reshaping.html
What is the default behavior of the `ignore_index` parameter in the `melt()` function?,"The default behavior of the `ignore_index` parameter in the `melt()` function is `True`, which means the index will be ignored.",https://pandas.pydata.org/docs/user_guide/reshaping.html
What happens to the original index values when `ignore_index=False` is used?,"When `ignore_index=False` is used, the original index values are kept, but they may be duplicated.",https://pandas.pydata.org/docs/user_guide/reshaping.html
How can you keep the original index values when transforming a DataFrame using `melt()`?,You can keep the original index values by setting the `ignore_index` parameter to `False`.,https://pandas.pydata.org/docs/user_guide/reshaping.html
What is the purpose of the `id_vars` parameter in the `melt()` function?,The `id_vars` parameter is used to specify the variables that should be kept as separate columns in the resulting DataFrame.,https://pandas.pydata.org/docs/user_guide/reshaping.html
How can you rename the variable column in the resulting DataFrame after using the `melt()` function?,"You can rename the variable column by using the `var_name` parameter in the `melt()` function, as shown in In [50] where the variable column is renamed to `quantity`.",https://pandas.pydata.org/docs/user_guide/reshaping.html
What are the id_vars specified in the melt function in In[54]?,The id_vars specified in the melt function are 'first' and 'last'.,https://pandas.pydata.org/docs/user_guide/reshaping.html
What is the difference between the outputs of melt and wide_to_long functions?,The melt function is similar to wide_to_long() but with less customization for column matching.,https://pandas.pydata.org/docs/user_guide/reshaping.html
How is the index of dft modified in In[57]?,The index of dft is assigned to the column 'id'.,https://pandas.pydata.org/docs/user_guide/reshaping.html
What are the values in the column 'X' of dft?,The values in the column 'X' of dft are random numbers generated using np.random.randn(3).,https://pandas.pydata.org/docs/user_guide/reshaping.html
What is the output of the melt function in In[55] when ignore_index is set to False?,The output of the melt function in In[55] when ignore_index is set to False includes a 'person' column with duplicate values.,https://pandas.pydata.org/docs/user_guide/reshaping.html
What is the purpose of the `get_dummies()` function in pandas?,The `get_dummies()` function is used to convert categorical variables of a Series into a 'dummy' or 'indicator' DataFrame with columns of the unique variables and the values representing the presence of those variables per row.,https://pandas.pydata.org/docs/user_guide/reshaping.html
How does the `get_dummies()` function handle the presence of categorical variables in a DataFrame?,The `get_dummies()` function creates a new DataFrame with columns of the unique variables and the values representing the presence of those variables per row.,https://pandas.pydata.org/docs/user_guide/reshaping.html
What is the difference between `get_dummies()` and `str.get_dummies()` in pandas?,"Both `get_dummies()` and `str.get_dummies()` can be used to convert categorical variables into a dummy DataFrame, but `str.get_dummies()` is a string method that can be used directly on a Series, whereas `get_dummies()` is a DataFrame method.",https://pandas.pydata.org/docs/user_guide/reshaping.html
How can you add a prefix to the column names in the output of `get_dummies()`?,"You can add a prefix to the column names by passing the `prefix` parameter to the `get_dummies()` function, like this: `pd.get_dummies(df['key'], prefix='key')`.",https://pandas.pydata.org/docs/user_guide/reshaping.html
What is the output of `df[['data1']]` in the given code snippet?,The output of `df[['data1']]` is a DataFrame with a single column 'data1' containing the values from 0 to 5.,https://pandas.pydata.org/docs/user_guide/reshaping.html
What is the purpose of the get_dummies() function in pandas?,The get_dummies() function is used to encode categorical variables as dummy variables.,https://pandas.pydata.org/docs/user_guide/reshaping.html
What type of columns are encoded as dummy variables by default?,"By default, object, string, or categorical type columns are encoded as dummy variables.",https://pandas.pydata.org/docs/user_guide/reshaping.html
What is the output of the pd.get_dummies() function when applied to a DataFrame?,The output of the pd.get_dummies() function is a new DataFrame with dummy variables added for each categorical variable.,https://pandas.pydata.org/docs/user_guide/reshaping.html
How are non-categorical columns affected when the get_dummies() function is applied to a DataFrame?,Non-categorical columns are left unaltered when the get_dummies() function is applied to a DataFrame.,https://pandas.pydata.org/docs/user_guide/reshaping.html
What is the effect of applying the cut() function to a series of random numbers before passing it to get_dummies()?,"The cut() function discretizes the series of random numbers into bins, which are then encoded as dummy variables by the get_dummies() function.",https://pandas.pydata.org/docs/user_guide/reshaping.html
What is the default prefix separator used by the get_dummies function?,The default prefix separator used by the get_dummies function is '_'.,https://pandas.pydata.org/docs/user_guide/reshaping.html
How can you specify the prefix and prefix separator for the get_dummies function?,"You can specify the prefix and prefix separator for the get_dummies function in three ways: as a string, as a list, or as a dictionary, mapping column name to prefix.",https://pandas.pydata.org/docs/user_guide/reshaping.html
What is the effect of passing a list of column names to the columns parameter of the get_dummies function?,"Passing a list of column names to the columns parameter of the get_dummies function allows you to specify which columns to encode, and the function will use the default prefix and prefix separator.",https://pandas.pydata.org/docs/user_guide/reshaping.html
What is the output of the get_dummies function when the columns parameter is specified as a list?,The output of the get_dummies function when the columns parameter is specified as a list is a DataFrame with the encoded columns as new features.,https://pandas.pydata.org/docs/user_guide/reshaping.html
How can you change the prefix used by the get_dummies function?,You can change the prefix used by the get_dummies function by passing a string or a dictionary to the prefix parameter.,https://pandas.pydata.org/docs/user_guide/reshaping.html
What is the default behavior when a column contains only one level?,"When a column contains only one level, it will be omitted in the result.",https://pandas.pydata.org/docs/user_guide/reshaping.html
How do you specify that a column should not be included in the result when there is only one level?,You can use the drop_first=True parameter.,https://pandas.pydata.org/docs/user_guide/reshaping.html
What is the purpose of the prefix parameter in the get_dummies function?,"The prefix parameter is used to specify the prefix for the new column names, which can be a list of strings or a dictionary.",https://pandas.pydata.org/docs/user_guide/reshaping.html
What is the effect of setting drop_first=True when there are multiple levels in a column?,"It will drop the first level of the categorical variable, avoiding collinearity when feeding the result to statistical models.",https://pandas.pydata.org/docs/user_guide/reshaping.html
What is the output of get_dummies on a pandas Series with a single unique value?,"The output will be an empty DataFrame, as the column will be omitted in the result.",https://pandas.pydata.org/docs/user_guide/reshaping.html
What is the default behavior of the get_dummies function when creating dummy variables?,"The default behavior is to drop the first category, but this can be modified using the drop_first argument.",https://pandas.pydata.org/docs/user_guide/reshaping.html
What data type are the values in the resulting DataFrame when using the get_dummies function with the dtype argument set to np.float32?,The values are of type float32 for the categorical variables and float64 for the indicator variables.,https://pandas.pydata.org/docs/user_guide/reshaping.html
What is the purpose of the from_dummies function in pandas?,The from_dummies function is used to convert the output of get_dummies back into a Series of categorical values from indicator values.,https://pandas.pydata.org/docs/user_guide/reshaping.html
How can the default category in the from_dummies function be modified?,The default category can be modified using the default_category argument.,https://pandas.pydata.org/docs/user_guide/reshaping.html
"What does the explode function do when applied to a DataFrame column with nested, list-like values?",The explode function transforms each list-like value to a separate row.,https://pandas.pydata.org/docs/user_guide/reshaping.html
What is the effect of using DataFrame.explode() on a DataFrame with a list column?,"It explodes the column, creating a new row for each element in the list.",https://pandas.pydata.org/docs/user_guide/reshaping.html
How does Series.explode() handle empty lists?,It replaces empty lists with a missing value indicator.,https://pandas.pydata.org/docs/user_guide/reshaping.html
Can DataFrame.explode() be used on a DataFrame with a non-list column?,"No, it requires a column with list values.",https://pandas.pydata.org/docs/user_guide/reshaping.html
How can a comma-separated string value be split into individual values in a list?,"It can be split using the str.split() method, then exploded to a new row.",https://pandas.pydata.org/docs/user_guide/reshaping.html
What is the output of Series.explode() when applied to a Series containing a scalar value?,"It preserves the scalar value, not creating a new row.",https://pandas.pydata.org/docs/user_guide/reshaping.html
What is the default operation of the crosstab() function?,The default operation of the crosstab() function is to compute a frequency table of the factors unless an array of values and an aggregation function are passed.,https://pandas.pydata.org/docs/user_guide/reshaping.html
How can you specify row and column names for the cross-tabulation in the crosstab() function?,Any Series passed will have their name attributes used unless row or column names for the cross-tabulation are specified.,https://pandas.pydata.org/docs/user_guide/reshaping.html
What is the output of the crosstab() function when it receives only two Series?,The output of the crosstab() function when it receives only two Series will provide a frequency table.,https://pandas.pydata.org/docs/user_guide/reshaping.html
How can you use the crosstab() function to summarize Categorical data?,crosstab() can also summarize to Categorical data.,https://pandas.pydata.org/docs/user_guide/reshaping.html
What is the result of passing a DataFrame to the crosstab() function with two of its columns?,"The result of passing a DataFrame to the crosstab() function with two of its columns is a frequency table, where the index is the values of the first column and the columns are the values of the second column.",https://pandas.pydata.org/docs/user_guide/reshaping.html
What is the default behavior when creating a Categorical object with missing categories?,"The default behavior is to drop missing categories. To include all categories, use dropna=False.",https://pandas.pydata.org/docs/user_guide/reshaping.html
How can you normalize a frequency table to show percentages rather than counts?,"You can use the normalize argument in the crosstab() function, which can normalize values within each row, within each column, or overall.",https://pandas.pydata.org/docs/user_guide/reshaping.html
What is the purpose of the aggfunc argument in the crosstab() function?,The aggfunc argument is used to apply an aggregation function to the values of the third Series within each group defined by the first two Series.,https://pandas.pydata.org/docs/user_guide/reshaping.html
What happens when you set margins=True in the crosstab() function?,"When you set margins=True, a row and column with an 'All' label are added, containing partial group aggregates across the categories on the rows and columns.",https://pandas.pydata.org/docs/user_guide/reshaping.html
What is the difference between normalizing values within each row and within each column?,"When normalizing within each row, the sum of the normalized values will be 1. When normalizing within each column, the sum of the normalized values will be equal to the number of rows.",https://pandas.pydata.org/docs/user_guide/reshaping.html
What is the output of the from_breaks function in the given code snippet?,"The output of the from_breaks function is a list of tuples, where each tuple represents an interval. The intervals are [(0, 40], (0, 40], (0, 40], (0, 40], (0, 40], (0, 40], (0, 40], (40, 70], (40, 70]].",https://pandas.pydata.org/docs/user_guide/reshaping.html
How are missing values encoded in the factorize function?,Missing values are encoded as -1 in the factorize function.,https://pandas.pydata.org/docs/user_guide/reshaping.html
"What is the output of the factorize function when applied to a Series containing the values 'A', 'A', NaN, 'B', 3.14, and inf?","The output of the factorize function is an array of integer labels, where NaN is encoded as -1, and the other values are encoded as integers. The array is [0, 0, -1, 1, 2, 3].",https://pandas.pydata.org/docs/user_guide/reshaping.html
What is the difference between the factorize and Categorical functions in pandas?,"The factorize function encodes 1-dimensional values into integer labels, while the Categorical function encodes 1-dimensional values for further categorical operations, and returns a Categorical object.",https://pandas.pydata.org/docs/user_guide/reshaping.html
"What is the output of the Categorical function when applied to the Series containing the values 'A', 'A', NaN, 'B', 3.14, and inf?","The output of the Categorical function is a Categorical object, where NaN is represented as NaN, and the other values are encoded as categories. The categories are [3.14, inf, 'A', 'B'].",https://pandas.pydata.org/docs/user_guide/reshaping.html
What is the main challenge when using pandas to analyze large datasets?,"pandas operations need to make intermediate copies, making datasets that are a sizable fraction of memory unwieldy.",https://pandas.pydata.org/docs/user_guide/scale.html
What is the purpose of the make_timeseries function?,The make_timeseries function generates a timeseries DataFrame with random data for demonstration purposes.,https://pandas.pydata.org/docs/user_guide/scale.html
How does the make_timeseries function handle the case where the generated timestamp is equal to the end date?,The function returns the DataFrame up to the second last row using iloc.,https://pandas.pydata.org/docs/user_guide/scale.html
What does the timeseries list comprehension in In [4] do?,"It generates 10 DataFrames with different frequencies and seeds, renames the columns, and stores them in the timeseries list.",https://pandas.pydata.org/docs/user_guide/scale.html
What is the purpose of the Enhancing performance document mentioned in the text?,"It focuses on speeding up analysis for datasets that fit in memory, which is a complement to the current document's recommendations for scaling analysis to larger datasets.",https://pandas.pydata.org/docs/user_guide/scale.html
What is the purpose of the `concat` function in this code snippet?,"The `concat` function is used to concatenate two pandas data structures, in this case, a timeseries data structure (`timeseries`) along a specified axis (`axis = 1`).",https://pandas.pydata.org/docs/user_guide/scale.html
What is the result of calling `ts_wide.head()`?,The result of calling `ts_wide.head()` is a pandas DataFrame showing the first 5 rows of the `ts_wide` data structure.,https://pandas.pydata.org/docs/user_guide/scale.html
What is the purpose of calling `ts_wide.to_parquet('timeseries_wide.parquet')`?,The purpose of calling `ts_wide.to_parquet('timeseries_wide.parquet')` is to save the `ts_wide` data structure to a Parquet file named 'timeseries_wide.parquet'.,https://pandas.pydata.org/docs/user_guide/scale.html
What are the columns loaded in the second example using `pd.read_parquet('timeseries_wide.parquet')`?,"The columns loaded in the second example are 'id_0', 'name_0', 'x_0', and 'y_0'.",https://pandas.pydata.org/docs/user_guide/scale.html
What is the data structure of the result of `pd.read_parquet('timeseries_wide.parquet')[columns]`?,The data structure of the result is a pandas DataFrame.,https://pandas.pydata.org/docs/user_guide/scale.html
What is the default pandas data type?,The default pandas data types are not the most memory efficient.,https://pandas.pydata.org/docs/user_guide/scale.html
How many rows are in the DataFrame loaded from 'timeseries_wide.parquet'?,The DataFrame loaded from 'timeseries_wide.parquet' has 525601 rows.,https://pandas.pydata.org/docs/user_guide/scale.html
What is the benefit of specifying columns when loading a file with pandas?,Specifying columns uses about 1/10th the memory compared to loading all columns.,https://pandas.pydata.org/docs/user_guide/scale.html
What is the alternative to specifying columns when using pandas.read_csv()?,The alternative is to use the usecols parameter to limit the columns read into memory.,https://pandas.pydata.org/docs/user_guide/scale.html
Which file formats may not provide an option to read a subset of columns?,Not all file formats that can be read by pandas provide an option to read a subset of columns.,https://pandas.pydata.org/docs/user_guide/scale.html
What type of data is the 'name' column in the 'ts' DataFrame?,The 'name' column is of type string (str).,https://pandas.pydata.org/docs/user_guide/scale.html
Why is it especially true for text data columns with relatively few unique values?,It is especially true for text data columns with relatively few unique values because they can be stored more efficiently using more suitable data types.,https://pandas.pydata.org/docs/user_guide/scale.html
How many rows does the 'ts' DataFrame have?,The 'ts' DataFrame has 1051201 rows.,https://pandas.pydata.org/docs/user_guide/scale.html
Which column in the 'ts' DataFrame is taking up the most memory?,The 'name' column is taking up the most memory in the 'ts' DataFrame.,https://pandas.pydata.org/docs/user_guide/scale.html
What is the frequency of the time series data in the 'ts' DataFrame?,The frequency of the time series data in the 'ts' DataFrame is 30 seconds.,https://pandas.pydata.org/docs/user_guide/scale.html
What is a good candidate for converting to a pandas.Categorical?,It has just a few unique values.,https://pandas.pydata.org/docs/user_guide/scale.html
What is stored in a pandas.Categorical?,Each unique name once and space-efficient integers to know which specific name is used in each row.,https://pandas.pydata.org/docs/user_guide/scale.html
How many times is the 'name' column stored after converting it to a category?,"Once, which is more space-efficient than storing it multiple times.",https://pandas.pydata.org/docs/user_guide/scale.html
What is the smallest type of the 'id' column after downcasting?,uint16.,https://pandas.pydata.org/docs/user_guide/scale.html
What percentage of the original memory size is the dataset after applying the optimizations?,1/5 or 20%.,https://pandas.pydata.org/docs/user_guide/scale.html
What is chunking in pandas?,"Chunking is a technique used to split a large problem into a bunch of small problems, allowing you to work with datasets that are much larger than memory.",https://pandas.pydata.org/docs/user_guide/scale.html
What is a suitable use case for chunking in pandas?,Chunking works well when the operation you're performing requires zero or minimal coordination between chunks.,https://pandas.pydata.org/docs/user_guide/scale.html
How can chunking be applied to a directory of Parquet files?,You can use chunking to convert each Parquet file in a directory into a separate Parquet file.,https://pandas.pydata.org/docs/user_guide/scale.html
What is the purpose of the `TemporaryDirectory` context manager in the provided code?,The `TemporaryDirectory` context manager is used to create a temporary directory that is automatically deleted when it is no longer needed.,https://pandas.pydata.org/docs/user_guide/scale.html
What is the `make_timeseries` function used for in the provided code?,The `make_timeseries` function is used to create a timeseries object from a given start and end date.,https://pandas.pydata.org/docs/user_guide/scale.html
What is the purpose of the glob function in this code?,The glob function is used to find all files in the tmpdir directory that match the pattern 'ts*.parquet'.,https://pandas.pydata.org/docs/user_guide/scale.html
What is the data type of the 'counts' series?,"The 'counts' series is initially created with a data type of int, but it is later converted to int using the astype method.",https://pandas.pydata.org/docs/user_guide/scale.html
What is the total memory usage of the workflow when each individual file fits in memory?,"The total memory usage of the workflow is the single largest chunk, plus a small series storing the unique value counts up to this point.",https://pandas.pydata.org/docs/user_guide/scale.html
What is the operation that is mentioned as being much harder to do chunkwise?,The operation that is mentioned as being much harder to do chunkwise is pandas.DataFrame.groupby().,https://pandas.pydata.org/docs/user_guide/scale.html
Why might a user consider switching to a different library for certain operations?,"A user might consider switching to a different library for certain operations if they require too sophisticated of operations, such as those involving pandas.DataFrame.groupby().",https://pandas.pydata.org/docs/user_guide/scale.html
What other libraries can be used with pandas?,Other libraries that provide similar APIs to pandas and work nicely with pandas DataFrame.,https://pandas.pydata.org/docs/user_guide/scale.html
What benefits can these libraries provide?,"They can give you the ability to scale your large dataset processing and analytics by parallel runtime, distributed memory, clustering, etc.",https://pandas.pydata.org/docs/user_guide/scale.html
Where can I find more information about these libraries?,You can find more information in the ecosystem page.,https://pandas.pydata.org/docs/user_guide/scale.html
What type of runtime do these libraries support?,They support parallel runtime.,https://pandas.pydata.org/docs/user_guide/scale.html
What is the memory model of these libraries?,They support distributed memory.,https://pandas.pydata.org/docs/user_guide/scale.html
What type of data structures does pandas provide for efficiently storing sparse data?,pandas provides data structures for efficiently storing sparse data.,https://pandas.pydata.org/docs/user_guide/sparse.html
What is the main reason for using sparse data structures?,The sparse objects exist for memory efficiency reasons.,https://pandas.pydata.org/docs/user_guide/sparse.html
How do sparse data structures represent missing values in an array?,"Missing values in a sparse array are represented by omitting the compressed values, which are not actually stored in the array.",https://pandas.pydata.org/docs/user_guide/sparse.html
What is the data type of non-missing elements in a sparse array?,The non-missing elements have a float64 dtype.,https://pandas.pydata.org/docs/user_guide/sparse.html
What happens when you convert a DataFrame to a sparse data type?,"All elements in the DataFrame are converted to NaN, resulting in a sparse DataFrame.",https://pandas.pydata.org/docs/user_guide/sparse.html
What is the memory usage of the dense version of the dataframe?,The memory usage of the dense version of the dataframe is 320132 bytes.,https://pandas.pydata.org/docs/user_guide/sparse.html
What is the memory usage of the sparse version of the dataframe?,The memory usage of the sparse version of the dataframe is 228 bytes.,https://pandas.pydata.org/docs/user_guide/sparse.html
What is the fill value used in the SparseArray object?,The fill value used in the SparseArray object is NaN.,https://pandas.pydata.org/docs/user_guide/sparse.html
What is the purpose of the SparseArray class in pandas?,"The SparseArray class is used for storing an array of sparse values, which takes up less memory than its dense counterpart.",https://pandas.pydata.org/docs/user_guide/sparse.html
How can a SparseArray object be converted to a regular ndarray?,A SparseArray object can be converted to a regular ndarray using numpy.asarray().,https://pandas.pydata.org/docs/user_guide/sparse.html
What information does the SparseDtype property store?,The SparseDtype property stores two pieces of information: the dtype of the non-sparse values and the scalar fill value.,https://pandas.pydata.org/docs/user_guide/sparse.html
How can a SparseDtype be constructed by passing only a dtype?,"A SparseDtype may be constructed by passing only a dtype, in which case a default fill value will be used.",https://pandas.pydata.org/docs/user_guide/sparse.html
What is the default fill value for NumPy dtypes?,The default fill value for NumPy dtypes is often the “missing” value for that dtype.,https://pandas.pydata.org/docs/user_guide/sparse.html
How can an explicit fill value be passed when constructing a SparseDtype?,An explicit fill value may be passed instead of relying on the default fill value.,https://pandas.pydata.org/docs/user_guide/sparse.html
What is the string alias used to specify a sparse dtype in many places?,The string alias 'Sparse[dtype]' is used to specify a sparse dtype in many places.,https://pandas.pydata.org/docs/user_guide/sparse.html
What is the purpose of using DataFrame.astype() with a SparseDtype?,The purpose of using DataFrame.astype() with a SparseDtype is to convert a dense DataFrame to a sparse DataFrame.,https://pandas.pydata.org/docs/user_guide/sparse.html
What is the fill_value parameter in SparseDtype?,"The fill_value parameter in SparseDtype is set to 0, meaning that any missing values in the sparse DataFrame will be filled with 0.",https://pandas.pydata.org/docs/user_guide/sparse.html
How can a DataFrame be created with sparse values from a sparse matrix?,A DataFrame can be created with sparse values from a sparse matrix using the DataFrame.sparse.from_spmatrix() method.,https://pandas.pydata.org/docs/user_guide/sparse.html
What is the shape of the sparse matrix sp_arr?,"The shape of the sparse matrix sp_arr is (1000, 5).",https://pandas.pydata.org/docs/user_guide/sparse.html
How many stored elements are in the sparse matrix sp_arr?,There are 517 stored elements in the sparse matrix sp_arr.,https://pandas.pydata.org/docs/user_guide/sparse.html
What is the default sparse format supported by pandas?,"All sparse formats are supported, but matrices that are not in COOrdinate format will be converted, copying data as needed.",https://pandas.pydata.org/docs/user_guide/sparse.html
What is the method to convert a DataFrame.sparse object back to a scipy.sparse.coo_matrix?,You can use the DataFrame.sparse.to_coo() method.,https://pandas.pydata.org/docs/user_guide/sparse.html
What is the requirement for using Series.sparse.to_coo() to transform a Series with sparse values indexed by a MultiIndex?,The method requires a MultiIndex with two or more levels.,https://pandas.pydata.org/docs/user_guide/sparse.html
How many levels are required in the MultiIndex for using Series.sparse.to_coo()?,Two or more levels are required in the MultiIndex.,https://pandas.pydata.org/docs/user_guide/sparse.html
What are the first and second MultiIndex levels used for when transforming a Series to a sparse representation of a 2-d array?,The first and second MultiIndex levels define labels for the rows.,https://pandas.pydata.org/docs/user_guide/sparse.html
What is the default behavior for sorting column and row labels in the sparse representation?,The column and row labels are not sorted by default.,https://pandas.pydata.org/docs/user_guide/sparse.html
What is the data type of the elements stored in the sparse matrix created by `to_coo` method?,The data type of the elements stored in the sparse matrix is 'float64'.,https://pandas.pydata.org/docs/user_guide/sparse.html
How many elements are stored in the sparse matrix created in In [49]?,There are 3 stored elements in the sparse matrix created in In [49].,https://pandas.pydata.org/docs/user_guide/sparse.html
What is the shape of the sparse matrix created by `to_coo` method with `sort_labels=False`?,"The shape of the sparse matrix is (3, 2).",https://pandas.pydata.org/docs/user_guide/sparse.html
How can you create a pandas Series with sparse values from a scipy.sparse.coo_matrix?,You can use the `Series.sparse.from_coo()` method to create a pandas Series with sparse values from a scipy.sparse.coo_matrix.,https://pandas.pydata.org/docs/user_guide/sparse.html
What is the default behavior of the todense() function?,The default behavior of the todense() function is to simply return a Series containing only the non-null entries.,https://pandas.pydata.org/docs/user_guide/sparse.html
What type of object is returned when dense_index=False?,A Series object is returned when dense_index=False.,https://pandas.pydata.org/docs/user_guide/sparse.html
What is the effect of specifying dense_index=True when creating a Series from a sparse matrix?,Specifying dense_index=True results in an index that is the Cartesian product of the row and columns coordinates of the matrix.,https://pandas.pydata.org/docs/user_guide/sparse.html
What is the memory implication of using dense_index=True with a large sparse matrix?,Using dense_index=True with a large sparse matrix can consume a significant amount of memory.,https://pandas.pydata.org/docs/user_guide/sparse.html
What is the data type of the values in the Series created from a sparse matrix?,"The data type of the values in the Series created from a sparse matrix is Sparse[float64, nan].",https://pandas.pydata.org/docs/user_guide/sparse.html
What changed in pandas 3.0 regarding string data types?,The inference and behavior of strings changed significantly in pandas 3.0. The default when pandas infers the dtype of a collection of strings is to use dtype='str'.,https://pandas.pydata.org/docs/user_guide/text.html
What are the two ways to store text data in pandas?,There are two ways to store text data in pandas: StringDtype extension type and NumPy object dtype.,https://pandas.pydata.org/docs/user_guide/text.html
Why is using StringDtype recommended over object dtype?,"Using StringDtype is recommended because it provides a dedicated dtype for text data, which is better than storing a mixture of strings and non-strings in an object dtype array.",https://pandas.pydata.org/docs/user_guide/text.html
What are some benefits of using StringDtype with PyArrow as the storage?,Using StringDtype with PyArrow as the storage provides large performance improvements in memory and time for certain operations.,https://pandas.pydata.org/docs/user_guide/text.html
What was the default behavior of pandas prior to version 1.0?,"Prior to pandas 1.0, object dtype was the only option for storing text data.",https://pandas.pydata.org/docs/user_guide/text.html
What is the NA value for a Series with dtype='str'?,The NA value for a Series with dtype='str' is np.nan.,https://pandas.pydata.org/docs/user_guide/text.html
What is the result of converting a Series with dtype='Int64' to 'string'?,The result is a Series with dtype: string and the NA value as <NA>.,https://pandas.pydata.org/docs/user_guide/text.html
What is the type of the first element in a Series with dtype='str'?,The type of the first element in a Series with dtype='str' is str.,https://pandas.pydata.org/docs/user_guide/text.html
What happens when non-string data is passed to a Series with dtype='str'?,Non-string data is converted to strings.,https://pandas.pydata.org/docs/user_guide/text.html
What is the NA value for a Series with dtype='string'?,The NA value for a Series with dtype='string' is pd.NA.,https://pandas.pydata.org/docs/user_guide/text.html
What is the purpose of the str attribute in pandas Series and Index?,The str attribute provides a set of string processing methods that make it easy to operate on each element of the array.,https://pandas.pydata.org/docs/user_guide/text.html
How do the string methods on pandas Series and Index exclude missing/NA values?,The string methods exclude missing/NA values automatically.,https://pandas.pydata.org/docs/user_guide/text.html
What is the output of s.str.lower() when applied to the Series s?,"The output of s.str.lower() is a new Series with all strings converted to lowercase, excluding missing/NA values.",https://pandas.pydata.org/docs/user_guide/text.html
What is the effect of idx.str.strip() on the Index idx?,idx.str.strip() removes leading and trailing whitespace from each string in the Index idx.,https://pandas.pydata.org/docs/user_guide/text.html
What is the data type of the output of s.str.len()?,"The output of s.str.len() is a Series with float64 data type, containing the length of each string in the original Series s.",https://pandas.pydata.org/docs/user_guide/text.html
What is the data type of the 'dollars' Series?,The data type of the 'dollars' Series is 'str'.,https://pandas.pydata.org/docs/user_guide/text.html
What is the difference between using 'regex=True' and 'regex=False' in the 'replace' method?,"When 'regex=True', the replace method uses regular expressions, whereas when 'regex=False', it performs a literal string replacement.",https://pandas.pydata.org/docs/user_guide/text.html
What is the purpose of the 'repl' function in the example?,The 'repl' function is a callable that is used as a replacement in the 'replace' method. It takes a match object as an argument and returns a string to replace the match.,https://pandas.pydata.org/docs/user_guide/text.html
What is the effect of the 'swapcase' method on the 'group' 'two' in the 'repl' function?,"The 'swapcase' method swaps the case of the characters in the string, so 'Bar' becomes 'bAR'.",https://pandas.pydata.org/docs/user_guide/text.html
How can a compiled regular expression object be used as a pattern in the 'replace' method?,A compiled regular expression object can be used as a pattern in the 'replace' method by passing it to the 'replace' method as the 'pat' argument.,https://pandas.pydata.org/docs/user_guide/text.html
What is the purpose of the 'flags' argument in the pandas Series 'str' accessor?,"The 'flags' argument is used to specify options for regular expression matching, such as case insensitivity.",https://pandas.pydata.org/docs/user_guide/text.html
What is the effect of passing a compiled regular expression object to the 'replace' method with the 'flags' argument?,"It raises a ValueError, as the 'flags' argument cannot be set when the pattern is a compiled regular expression.",https://pandas.pydata.org/docs/user_guide/text.html
What is the difference between 'removeprefix' and 'removesuffix' methods in pandas Series 'str' accessor?,"They have the same effect as the 'str.removeprefix' and 'str.removesuffix' string methods added in Python 3.9, which remove a specified prefix or suffix from a string.",https://pandas.pydata.org/docs/user_guide/text.html
How can a Series be concatenated into a string using the 'cat' method?,"A Series can be concatenated into a string by calling the 'cat' method on the Series, which concatenates the content of the Series into a single string.",https://pandas.pydata.org/docs/user_guide/text.html
What is the data type of the Series 's' created in In [52]?,"The data type of the Series 's' created in In [52] is object, which is the default data type for Series in pandas.",https://pandas.pydata.org/docs/user_guide/text.html
What is the default value for missing values in the concatenated Series?,The default value for missing values is '-'.,https://pandas.pydata.org/docs/user_guide/text.html
What is the effect of setting join='left' when concatenating two Series?,"When join='left', the indexes of the first Series are used for alignment, and any missing values in the second Series are filled with the na_rep value, which is '-' by default.",https://pandas.pydata.org/docs/user_guide/text.html
What is the difference between join='left' and join='outer' when concatenating two Series?,"When join='left', the indexes of the first Series are used for alignment, and any missing values in the second Series are filled with the na_rep value. When join='outer', the resulting Series will have all unique indexes from both Series, and any missing values will be filled with the na_rep value.",https://pandas.pydata.org/docs/user_guide/text.html
Can the join keyword be used when concatenating a Series and a DataFrame?,"Yes, the same alignment can be used when others is a DataFrame.",https://pandas.pydata.org/docs/user_guide/text.html
What happens to the lengths of the Series when using join='left' for concatenation?,"When using join='left', the different lengths do not need to coincide anymore, as the indexes of the first Series are used for alignment.",https://pandas.pydata.org/docs/user_guide/text.html
What is the dtype of the result when no match is found in the Series.extract method?,"The dtype of the result is always object, even if no match is found.",https://pandas.pydata.org/docs/user_guide/text.html
What happens when a regular expression with one group is used with expand=True in the Series.extract method?,It returns a DataFrame with one column.,https://pandas.pydata.org/docs/user_guide/text.html
What is the data type of the result when expand=False is used in the Series.extract method?,The data type of the result is str.,https://pandas.pydata.org/docs/user_guide/text.html
What type of object is returned when calling Series.extract on an Index with a regex with exactly one capture group and expand=True?,A DataFrame with one column.,https://pandas.pydata.org/docs/user_guide/text.html
What happens to capture group names in the regular expression when used in the Series.extract method?,"They are used for column names; otherwise, capture group numbers are used.",https://pandas.pydata.org/docs/user_guide/text.html
What is the default return type of the extract method when expand is set to False?,The default return type of the extract method when expand is set to False is an Index.,https://pandas.pydata.org/docs/user_guide/text.html
What happens when the extract method is called on an Index with a regex that has more than one capture group and expand is set to False?,It raises a ValueError.,https://pandas.pydata.org/docs/user_guide/text.html
What is the return type of the extract method when called on an Index with a regex that has more than one capture group and expand is set to True?,The return type is a DataFrame.,https://pandas.pydata.org/docs/user_guide/text.html
What is the return value when the extract method is called on a string Index with the regex '(?P<letter>[a-zA-Z])' and expand is set to False?,"The return value is an Index containing the letters 'A', 'B', 'C'.",https://pandas.pydata.org/docs/user_guide/text.html
What is the return value when the extract method is called on a string Index with the regex '(?P<letter>[a-zA-Z])([0-9]+)' and expand is set to True?,"The return value is a DataFrame with the letters 'A', 'B', 'C' as the index and the numbers '11', '22', '33' as the values in the column 'letter'.",https://pandas.pydata.org/docs/user_guide/text.html
What error is raised when trying to use a regex with more than one group in an Index?,ValueError: only one regex group is supported with Index.,https://pandas.pydata.org/docs/user_guide/text.html
What is the difference between extract and extractall methods?,"extract returns only the first match, while extractall returns every match in a DataFrame with a MultiIndex on its rows.",https://pandas.pydata.org/docs/user_guide/text.html
What is the default output of the extract method when expand is set to False?,Index.,https://pandas.pydata.org/docs/user_guide/text.html
What is the data type of the result of extractall method?,DataFrame with a MultiIndex on its rows.,https://pandas.pydata.org/docs/user_guide/text.html
What is the name of the last level of the MultiIndex in the result of extractall method?,match,https://pandas.pydata.org/docs/user_guide/text.html
What is the data type of the Series 's'?,The data type of the Series 's' is 'str'.,https://pandas.pydata.org/docs/user_guide/text.html
"What is the result of using extractall(pat).xs(0, level='match') compared to extract(pat)?",They give the same result.,https://pandas.pydata.org/docs/user_guide/text.html
"What is the data structure returned by extractall_result.xs(0, level='match')?",The data structure returned is a DataFrame.,https://pandas.pydata.org/docs/user_guide/text.html
What is the default index of a DataFrame returned by Index.str.extractall?,The default index starts from 0.,https://pandas.pydata.org/docs/user_guide/text.html
What is the pattern used for testing strings in In [120]?,The pattern used is r'[0-9][a-z]'. This pattern matches any string that contains a digit followed by a lowercase letter.,https://pandas.pydata.org/docs/user_guide/text.html
What is the difference between match and fullmatch in pandas string methods?,"fullmatch tests whether the entire string matches the regular expression, while match tests whether there is a match of the regular expression that begins at the first character of the string.",https://pandas.pydata.org/docs/user_guide/text.html
How does the contains method in pandas string methods differ from match and fullmatch?,"The contains method tests whether there is a match of the regular expression at any position within the string, making it less strict than match and fullmatch.",https://pandas.pydata.org/docs/user_guide/text.html
"What is the purpose of the na argument in methods like match, fullmatch and contains in pandas string methods?",The na argument allows missing values to be considered True or False when using these methods.,https://pandas.pydata.org/docs/user_guide/text.html
What is the difference between re.match and re.search in the re package?,"re.match tests whether there is a match of the regular expression that begins at the first character of the string, while re.search tests whether there is a match of the regular expression at any position within the string.",https://pandas.pydata.org/docs/user_guide/text.html
What is the corresponding function in the re package for the contains method in pandas string methods?,The corresponding function in the re package for the contains method is re.search.,https://pandas.pydata.org/docs/user_guide/text.html
What is the output dtype of count() when NA values are present?,The output dtype is float64 when NA values are present.,https://pandas.pydata.org/docs/user_guide/text.html
What type of output does Series.str.match() return for NA values?,Series.str.match() returns False for NA values.,https://pandas.pydata.org/docs/user_guide/text.html
What is the dtype of the output when using Series.str.count() with a string method that returns integer output?,"The output dtype is nullable integer, rather than int or float.",https://pandas.pydata.org/docs/user_guide/text.html
What is the dtype of the output when using Series.str.isdigit() with NA values?,"The output dtype is nullable boolean, returning False for NA values.",https://pandas.pydata.org/docs/user_guide/text.html
What is the effect of using dropna() before calling str.count() on the output dtype?,Using dropna() before str.count() results in the output dtype being Int64.,https://pandas.pydata.org/docs/user_guide/text.html
What is the result of the comparison operation in pandas Series?,"The comparison operation will return an object with BooleanDtype, rather than a bool dtype object.",https://pandas.pydata.org/docs/user_guide/text.html
How do missing values propagate in comparison operations in pandas Series?,"Missing values will propagate in comparison operations, rather than always comparing unequal like numpy.nan.",https://pandas.pydata.org/docs/user_guide/text.html
What is the storage type of the StringDtype variant with np.nan values?,"The storage type is 'python', which directly stores the Python string objects.",https://pandas.pydata.org/docs/user_guide/text.html
How are NA values represented in a NumPy object array with 'python' storage?,NA values are represented and behave as np.nan.,https://pandas.pydata.org/docs/user_guide/text.html
What is the result of creating a pandas Series with 'python' storage and np.nan as the NA value?,"The last three values are all inferred by pandas as being NA values, and hence stored as np.nan.",https://pandas.pydata.org/docs/user_guide/text.html
What type of array is used for PyArrow storage when NA values are represented as np.nan?,"A PyArrow array, where NA values are represented and behave as np.nan.",https://pandas.pydata.org/docs/user_guide/text.html
How do NA values in a PyArrow array behave when using np.nan as the na_value?,They are represented and behave as np.nan.,https://pandas.pydata.org/docs/user_guide/text.html
What is the difference between PyArrow and Python storage when using pd.NA values?,"PyArrow storage uses a PyArrow array, while Python storage uses a NumPy object array.",https://pandas.pydata.org/docs/user_guide/text.html
What is the storage type called when using a NumPy object array to store Python string objects?,The storage type is called 'python'.,https://pandas.pydata.org/docs/user_guide/text.html
"What is the equivalent dtype when PyArrow is not installed, compared to PyArrow storage with pd.NA values?",The equivalent dtype is 'string'.,https://pandas.pydata.org/docs/user_guide/text.html
What is the storage type of the pandas StringDtype?,The storage type of the pandas StringDtype is 'python'.,https://pandas.pydata.org/docs/user_guide/text.html
What is the default value for NA in the pandas StringDtype?,The default value for NA in the pandas StringDtype is pd.NA.,https://pandas.pydata.org/docs/user_guide/text.html
What is the purpose of the cat() method in pandas Series?,The cat() method in pandas Series is used to concatenate strings.,https://pandas.pydata.org/docs/user_guide/text.html
What is the difference between the split() and rsplit() methods in pandas Series?,"The split() method splits strings on a delimiter from the start of the string, while the rsplit() method splits strings on a delimiter from the end of the string.",https://pandas.pydata.org/docs/user_guide/text.html
What is the purpose of the get_dummies() method in pandas Series?,The get_dummies() method in pandas Series is used to split strings on the delimiter and return a DataFrame of dummy variables.,https://pandas.pydata.org/docs/user_guide/text.html
What is the equivalent of unicodedata.normalize in the pandas library?,There is no equivalent of unicodedata.normalize in the pandas library. This function is not a string method and is not directly related to pandas.,https://pandas.pydata.org/docs/user_guide/text.html
What pandas string method is equivalent to str.translate?,The pandas string method equivalent to str.translate is translate().,https://pandas.pydata.org/docs/user_guide/text.html
Which pandas string method checks if all characters in a string are alphanumeric?,The pandas string method isalnum() checks if all characters in a string are alphanumeric.,https://pandas.pydata.org/docs/user_guide/text.html
Which pandas string method checks if a string contains only decimal characters?,The pandas string method isdecimal() checks if a string contains only decimal characters.,https://pandas.pydata.org/docs/user_guide/text.html
What pandas string method is equivalent to str.isnumeric?,The pandas string method equivalent to str.isnumeric is isnumeric().,https://pandas.pydata.org/docs/user_guide/text.html
What is the result of creating a Timedelta object with the string '-1us'?,The result is a Timedelta object representing '-1 days +23:59:59.999999'.,https://pandas.pydata.org/docs/user_guide/timedeltas.html
How does pandas handle the string 'nan' when creating a Timedelta object?,pandas returns NaT (Not a Time) when the string 'nan' is used to create a Timedelta object.,https://pandas.pydata.org/docs/user_guide/timedeltas.html
What is the format of the ISO 8601 Duration string 'P0DT0H1M0S' when converted to a Timedelta object?,The format is '0 days 00:01:00'.,https://pandas.pydata.org/docs/user_guide/timedeltas.html
Can you provide an example of using DateOffsets in constructing a Timedelta object?,"Yes, you can use DateOffsets like pd.offsets.Second(2) to create a Timedelta object representing '0 days 00:00:02'.",https://pandas.pydata.org/docs/user_guide/timedeltas.html
What is the result of adding three Timedelta objects together in the example at In [16]?,The result is a Timedelta object representing '2 days 00:00:02.000123'.,https://pandas.pydata.org/docs/user_guide/timedeltas.html
What is the default unit of time when a string without units is passed to the `to_timedelta` function?,The default unit of time is nanoseconds.,https://pandas.pydata.org/docs/user_guide/timedeltas.html
What is the maximum timedelta that can be represented in pandas?,The maximum timedelta is 106751 days 23:47:16.854775807.,https://pandas.pydata.org/docs/user_guide/timedeltas.html
How can you construct a `timedelta64[ns]` Series?,You can construct a `timedelta64[ns]` Series through subtraction operations on `datetime64[ns]` Series or Timestamps.,https://pandas.pydata.org/docs/user_guide/timedeltas.html
What happens when a string or array of strings is passed as an input to the `to_timedelta` function?,The `unit` keyword argument will be ignored.,https://pandas.pydata.org/docs/user_guide/timedeltas.html
How does pandas represent timedeltas?,Pandas represents timedeltas in nanosecond resolution using 64-bit integers.,https://pandas.pydata.org/docs/user_guide/timedeltas.html
What is the initial value of the 'y' Series?,"The initial value of the 'y' Series is a Series with a timedelta64[us] dtype, containing NaT, 1 days, and 1 days.",https://pandas.pydata.org/docs/user_guide/timedeltas.html
How can you set an element in the 'y' Series to NaT?,"You can set an element in the 'y' Series to NaT using np.nan, analogously to datetimes.",https://pandas.pydata.org/docs/user_guide/timedeltas.html
What is the result of subtracting a Series from a singular object?,"The result of subtracting a Series from a singular object is a Series with the same index as the Series, containing the differences between the singular object and each element in the Series.",https://pandas.pydata.org/docs/user_guide/timedeltas.html
What is the result of adding a timedelta to a Series?,"The result of adding a timedelta to a Series is a Series with datetime64[us] dtype, containing the sum of each element in the Series and the timedelta.",https://pandas.pydata.org/docs/user_guide/timedeltas.html
What is the result of calling the min() method on a DataFrame with axis=1?,The result of calling the min() method on a DataFrame with axis=1 is a Series with the minimum values of each column in the DataFrame.,https://pandas.pydata.org/docs/user_guide/timedeltas.html
What is the result of calling idxmax() on a Series?,"The result of idxmax() on a Series is the index of the maximum value in the Series. In this case, idxmax() returns 2.",https://pandas.pydata.org/docs/user_guide/timedeltas.html
What is the difference between calling min() on a Series and calling min() on a Series with axis=1?,"Calling min() on a Series returns the minimum value in the Series, while calling min() on a Series with axis=1 returns the minimum value along the specified axis. In this case, min() with axis=1 returns the minimum value along the columns.",https://pandas.pydata.org/docs/user_guide/timedeltas.html
How do you fill missing values in a Series with a specific timedelta value?,"You can fill missing values in a Series with a specific timedelta value by calling fillna() and passing a Timedelta object to it. For example, pd.Timedelta(0) fills missing values with a timedelta of 0.",https://pandas.pydata.org/docs/user_guide/timedeltas.html
What is the result of calling min() on a Series with axis=1 and then calling idxmin() on the result?,"The result of calling min() on a Series with axis=1 is the minimum value along the specified axis. Calling idxmin() on this result returns the index of the minimum value, which is 0.",https://pandas.pydata.org/docs/user_guide/timedeltas.html
How do you negate a Timedelta object?,"You can negate a Timedelta object by calling the unary minus operator (-) on it. For example, -td1 negates the Timedelta object td1.",https://pandas.pydata.org/docs/user_guide/timedeltas.html
"What is the output of the to_timedelta function when given the input ['-1 days +00:00:05', 'nat', '-1 days +00:00:05', '1 days']?","The output is a Series with three elements: -1 days +00:00:05, NaT, and -1 days +00:00:05.",https://pandas.pydata.org/docs/user_guide/timedeltas.html
What is the mean of the Series y2?,The mean of the Series y2 is a Timedelta object representing -1 days +16:00:03.333334.,https://pandas.pydata.org/docs/user_guide/timedeltas.html
How can you convert a Timedelta Series or TimedeltaIndex to other frequencies?,You can convert it by astyping to a specific timedelta dtype.,https://pandas.pydata.org/docs/user_guide/timedeltas.html
What is the result of adding 5 minutes and 3 seconds to the 2nd element of the Series td?,The result is a Timedelta object representing 31 days 00:05:03.,https://pandas.pydata.org/docs/user_guide/timedeltas.html
What is the difference between true division and astyping when dividing by a timedelta object?,"True division is equivalent to floor division when using astyping for timedelta64 resolutions other than the supported 's', 'ms', 'us', 'ns'.",https://pandas.pydata.org/docs/user_guide/timedeltas.html
What is the default frequency for timedelta_range?,The default frequency for timedelta_range is a calendar day.,https://pandas.pydata.org/docs/user_guide/timedeltas.html
How can you create a TimedeltaIndex with an inferred frequency?,You can pass the string 'infer' to the freq parameter of TimedeltaIndex.,https://pandas.pydata.org/docs/user_guide/timedeltas.html
"What is the output of pd.timedelta_range(start='1 days', periods=5) ?","The output is a TimedeltaIndex with values ['1 days', '2 days', '3 days', '4 days', '5 days'] and a frequency of 'D'.",https://pandas.pydata.org/docs/user_guide/timedeltas.html
"What is the output of pd.timedelta_range(end='10 days', periods=4) ?","The output is a TimedeltaIndex with values ['7 days', '8 days', '9 days', '10 days'] and a frequency of 'D'.",https://pandas.pydata.org/docs/user_guide/timedeltas.html
"What is the output of pd.TimedeltaIndex(['0 days', '10 days', '20 days'], freq='infer') ?","The output is a TimedeltaIndex with values ['0 days', '10 days', '20 days'] and a frequency of '10D'.",https://pandas.pydata.org/docs/user_guide/timedeltas.html
What is the start date of the timedelta_range?,The start date of the timedelta_range is '1 days 00:00:00'.,https://pandas.pydata.org/docs/user_guide/timedeltas.html
How often are the timedelta values incremented in the range?,The timedelta values are incremented by 30 minutes in the range.,https://pandas.pydata.org/docs/user_guide/timedeltas.html
What is the end date of the timedelta_range?,The end date of the timedelta_range is '2 days 00:00:00'.,https://pandas.pydata.org/docs/user_guide/timedeltas.html
What is the data type of the index of the timedelta_range?,The data type of the index of the timedelta_range is 'timedelta64[us]'.,https://pandas.pydata.org/docs/user_guide/timedeltas.html
How many timedelta values are in the range?,There are 72 timedelta values in the range.,https://pandas.pydata.org/docs/user_guide/timedeltas.html
What is the start value in the first timedelta_range example?,The start value is '1 days'.,https://pandas.pydata.org/docs/user_guide/timedeltas.html
How many elements are in the resulting TimedeltaIndex when periods=5 and start='0 days' and end='4 days'?,There are 5 elements in the resulting TimedeltaIndex.,https://pandas.pydata.org/docs/user_guide/timedeltas.html
What is the frequency of the resulting TimedeltaIndex when periods=10 and start='0 days' and end='4 days'?,The frequency of the resulting TimedeltaIndex is None.,https://pandas.pydata.org/docs/user_guide/timedeltas.html
How many elements are in the Series s when created with a TimedeltaIndex of 100 periods with a frequency of 'h'?,There are 100 elements in the Series s.,https://pandas.pydata.org/docs/user_guide/timedeltas.html
What is the data type of the resulting TimedeltaIndex in the first timedelta_range example?,The data type of the resulting TimedeltaIndex is 'timedelta64[us]'.,https://pandas.pydata.org/docs/user_guide/timedeltas.html
What is the result of dividing a TimedeltaIndex by an integer?,"The result is a TimedeltaIndex, where each timedelta is divided by the integer. For example, dividing by 2 results in a TimedeltaIndex with values like '0 days 12:00:00' and '1 days 00:00:00'.",https://pandas.pydata.org/docs/user_guide/timedeltas.html
What is the result of dividing a TimedeltaIndex by another TimedeltaIndex?,"The result is a float64 Index, where each value is the quotient of the corresponding timdelas in the two Indexes. For example, dividing the first TimedeltaIndex by its first value results in an Index with values like 1.0 and nan.",https://pandas.pydata.org/docs/user_guide/timedeltas.html
How is resampling with a TimedeltaIndex similar to timeseries resampling?,"Resampling with a TimedeltaIndex is similar to timeseries resampling in that it allows us to aggregate data at a specified frequency, such as daily or hourly.",https://pandas.pydata.org/docs/user_guide/timedeltas.html
What is the frequency of the resulting Series after resampling a Series with a TimedeltaIndex?,"The frequency of the resulting Series is 'D', which stands for daily.",https://pandas.pydata.org/docs/user_guide/timedeltas.html
What is the data type of the resulting Series after resampling a Series with a TimedeltaIndex?,"The data type of the resulting Series is float64, which represents the aggregated values.",https://pandas.pydata.org/docs/user_guide/timedeltas.html
What is the primary creation method for a pandas DatetimeIndex?,The primary creation method for a pandas DatetimeIndex is date_range.,https://pandas.pydata.org/docs/user_guide/timeseries.html
What is the data type of a Series when its index is a DatetimeIndex and its values are integers?,"The data type of a Series when its index is a DatetimeIndex and its values are integers is int64, but the frequency is also included as Freq: D.",https://pandas.pydata.org/docs/user_guide/timeseries.html
Can a Series or DataFrame directly support the time component as data itself?,"Yes, a Series or DataFrame can directly support the time component as data itself.",https://pandas.pydata.org/docs/user_guide/timeseries.html
What is the data type of a Series when its values are datetime objects?,The data type of a Series when its values are datetime objects is datetime64[us].,https://pandas.pydata.org/docs/user_guide/timeseries.html
How is DateOffset data stored when passed into a Series or DataFrame constructor?,DateOffset data is stored as object data when passed into a Series or DataFrame constructor.,https://pandas.pydata.org/docs/user_guide/timeseries.html
What is the frequency of the period range created in In [21]?,The frequency is monthly (M).,https://pandas.pydata.org/docs/user_guide/timeseries.html
How many periods are in the period range created in In [21]?,There are 3 periods in the period range created in In [21].,https://pandas.pydata.org/docs/user_guide/timeseries.html
What is the output of creating a Series with a DateOffset of 1 and 2?,The output is a Series with a DateOffset and 2 * DateOffsets respectively.,https://pandas.pydata.org/docs/user_guide/timeseries.html
What is the output of creating a date range with frequency 'ME' and 3 periods?,"The output is a date range with dates 2011-01-31, 2011-02-28, and 2011-03-31.",https://pandas.pydata.org/docs/user_guide/timeseries.html
"How does pandas represent null date times, time deltas, and time spans?","Pandas represents null date times, time deltas, and time spans as NaT, which behaves similarly to np.nan for float data.",https://pandas.pydata.org/docs/user_guide/timeseries.html
What is the default frequency of a Period object created with a datetime string?,The default frequency is 'M' (month) if not specified.,https://pandas.pydata.org/docs/user_guide/timeseries.html
What type of index is created when a list of Timestamp objects is coerced?,A DatetimeIndex is created.,https://pandas.pydata.org/docs/user_guide/timeseries.html
What is the frequency of the PeriodIndex in the series created with Period objects?,The frequency is 'M' (month).,https://pandas.pydata.org/docs/user_guide/timeseries.html
What type of index is created when a list of Period objects is coerced?,A PeriodIndex is created.,https://pandas.pydata.org/docs/user_guide/timeseries.html
How can you specify a custom frequency when creating a Period object?,You can specify a custom frequency using the 'freq' parameter.,https://pandas.pydata.org/docs/user_guide/timeseries.html
What pandas data structure represents a sequence of timestamps?,DatetimeIndex,https://pandas.pydata.org/docs/user_guide/timeseries.html
What pandas function is used to convert a Series or list-like object of date-like objects to a datetime format?,to_datetime function,https://pandas.pydata.org/docs/user_guide/timeseries.html
What is the effect of passing the dayfirst flag to the to_datetime function when dates start with the day first?,The dayfirst flag allows dates which start with the day first (i.e. European style) to be correctly parsed by the to_datetime function.,https://pandas.pydata.org/docs/user_guide/timeseries.html
What is the default behavior of the to_datetime function when encountering a None value in the input data?,The to_datetime function returns NaT (Not a Time) for a None value in the input data.,https://pandas.pydata.org/docs/user_guide/timeseries.html
What type of intervals are currently not well-supported by pandas for future releases?,Irregular intervals with arbitrary start and end points,https://pandas.pydata.org/docs/user_guide/timeseries.html
What happens when a date string with day first cannot be parsed?,It will be parsed as if dayfirst were False and a warning will also be raised.,https://pandas.pydata.org/docs/user_guide/timeseries.html
What is the difference between to_datetime and Timestamp?,"to_datetime accepts string parsing options like dayfirst or format, while Timestamp does not.",https://pandas.pydata.org/docs/user_guide/timeseries.html
What is the result of passing a list of strings to to_datetime with nanosecond precision?,The result will have a unit of 'ns'.,https://pandas.pydata.org/docs/user_guide/timeseries.html
What is the default unit of the objects produced by parsing strings to datetimes?,"In most cases, it is the microsecond ('us') unit.",https://pandas.pydata.org/docs/user_guide/timeseries.html
What happens when the 'infer' keyword is passed to the DatetimeIndex constructor?,It sets the frequency of the index as the inferred frequency upon creation.,https://pandas.pydata.org/docs/user_guide/timeseries.html
What is the default unit for parsing strings in pandas 3.0.0 and later versions?,The default unit for parsing strings in pandas 3.0.0 and later versions is 'us'.,https://pandas.pydata.org/docs/user_guide/timeseries.html
What was the default unit for parsing strings in pandas 2.x?,"In pandas 2.x, Timestamp could give any of 's', 'ms', 'us', or 'ns' depending on the specificity of the input string.",https://pandas.pydata.org/docs/user_guide/timeseries.html
How can you ensure specific parsing of datetime strings in pandas?,You can pass a format argument to the to_datetime function to ensure specific parsing of datetime strings.,https://pandas.pydata.org/docs/user_guide/timeseries.html
What is the purpose of the format argument in the to_datetime function?,The format argument can potentially speed up the conversion considerably and is used to specify the format of the input datetime string.,https://pandas.pydata.org/docs/user_guide/timeseries.html
How can you assemble a Series of Timestamps from multiple DataFrame columns in pandas?,You can pass a DataFrame of integer or string columns to the to_datetime function to assemble into a Series of Timestamps.,https://pandas.pydata.org/docs/user_guide/timeseries.html
What are the required datetime components that pd.to_datetime looks for in column names?,"pd.to_datetime looks for standard designations of the datetime component in the column names, including: year, month, day. These are the required components.",https://pandas.pydata.org/docs/user_guide/timeseries.html
What is the default behavior when encountering invalid data in pd.to_datetime?,"The default behavior, with errors='raise', is to raise a ValueError when unparsable data is encountered.",https://pandas.pydata.org/docs/user_guide/timeseries.html
What is the effect of passing '2009/07/31' and 'asd' to pd.to_datetime with errors='raise'?,It raises a ValueError because 'asd' is unparsable as a datetime.,https://pandas.pydata.org/docs/user_guide/timeseries.html
What are the optional datetime components that pd.to_datetime looks for in column names?,"The optional components include: hour, minute, second, millisecond, microsecond, nanosecond.",https://pandas.pydata.org/docs/user_guide/timeseries.html
What is the effect of passing a list of strings to pd.to_datetime?,"It attempts to convert the strings to datetime objects, and raises an error if any of the strings are unparsable.",https://pandas.pydata.org/docs/user_guide/timeseries.html
What is the unit parameter set to in the to_datetime function?,The unit parameter is set to 'ms'.,https://pandas.pydata.org/docs/user_guide/timeseries.html
What is the output of the to_datetime function when given a list of epoch timestamps?,The output is a DatetimeIndex object containing the timestamps converted to datetime format.,https://pandas.pydata.org/docs/user_guide/timeseries.html
What happens when you try to construct a Timestamp or DatetimeIndex with an epoch timestamp and the tz argument specified?,It raises a ValueError.,https://pandas.pydata.org/docs/user_guide/timeseries.html
How can you handle epoch timestamps in wall time in another timezone?,You can read the epochs as timezone-naive timestamps and then localize to the appropriate timezone using the tz_localize method.,https://pandas.pydata.org/docs/user_guide/timeseries.html
What is the effect of rounding epoch times to the nearest nanosecond?,Epoch times will be rounded to the nearest nanosecond.,https://pandas.pydata.org/docs/user_guide/timeseries.html
"What is the output of pd.to_datetime([1490195805.433, 1490195805.433502912], unit='s')?","DatetimeIndex(['2017-03-22 15:16:45.433000088', '2017-03-22 15:16:45.433502913'], dtype='datetime64[ns]', freq=None)",https://pandas.pydata.org/docs/user_guide/timeseries.html
"What is the unit of the DatetimeIndex in the output of pd.to_datetime([1490195805.433, 1490195805.433502912], unit='s')?",ns,https://pandas.pydata.org/docs/user_guide/timeseries.html
"What is the output of pd.to_datetime(1490195805433502912, unit='ns')?",Timestamp('2017-03-22 15:16:45.433502912'),https://pandas.pydata.org/docs/user_guide/timeseries.html
"What is the frequency of the DatetimeIndex in the output of pd.date_range('2012-10-08 18:15:05', periods=4, freq='D')?",D,https://pandas.pydata.org/docs/user_guide/timeseries.html
What is the output of (stamps - pd.Timestamp('1970-01-01')) // pd.Timedelta('1s')?,"Index([1349720105, 1349806505, 1349892905, 1349979305], dtype='int64')",https://pandas.pydata.org/docs/user_guide/timeseries.html
What is the default starting point for creation of a DatetimeIndex?,"The default starting point is set at '1970-01-01 00:00:00', commonly called 'unix epoch' or POSIX time.",https://pandas.pydata.org/docs/user_guide/timeseries.html
How can you specify an alternative starting point for creation of a DatetimeIndex?,You can use the 'origin' parameter to specify an alternative starting point.,https://pandas.pydata.org/docs/user_guide/timeseries.html
"What is the output of pd.to_datetime([1, 2, 3], unit='D', origin='unix')?",The output is a DatetimeIndex with dates from '1970-01-02' to '1970-01-04'.,https://pandas.pydata.org/docs/user_guide/timeseries.html
What is the purpose of the 'origin' parameter in pd.to_datetime()?,The 'origin' parameter is used to specify the starting point for the datetime conversion.,https://pandas.pydata.org/docs/user_guide/timeseries.html
How can you generate an index with timestamps using the DatetimeIndex constructor?,You can pass a list of datetime objects to the DatetimeIndex constructor to generate an index with timestamps.,https://pandas.pydata.org/docs/user_guide/timeseries.html
What is the default frequency for the date_range() function?,The default frequency for date_range() is a calendar day.,https://pandas.pydata.org/docs/user_guide/timeseries.html
How many timestamps are in the index created by date_range() from 2011-01-01 to 2012-01-01?,The index contains 366 timestamps.,https://pandas.pydata.org/docs/user_guide/timeseries.html
What is the default frequency for the bdate_range() function?,The default frequency for bdate_range() is a business day.,https://pandas.pydata.org/docs/user_guide/timeseries.html
How is the index in the code automatically converted?,The index is automatically converted to a DatetimeIndex.,https://pandas.pydata.org/docs/user_guide/timeseries.html
How can we create a DatetimeIndex with a regular frequency?,We can use the date_range() and bdate_range() functions to create a DatetimeIndex with a regular frequency.,https://pandas.pydata.org/docs/user_guide/timeseries.html
What is the data type of the index in the date_range function?,The data type of the index in the date_range function is 'datetime64[us]'.,https://pandas.pydata.org/docs/user_guide/timeseries.html
What is the frequency of the dates generated by the bdate_range function in In [89]?,The frequency of the dates generated by the bdate_range function in In [89] is 'BQS'.,https://pandas.pydata.org/docs/user_guide/timeseries.html
How many dates are generated by the date_range function in In [88]?,The date_range function in In [88] generates 1000 dates.,https://pandas.pydata.org/docs/user_guide/timeseries.html
What is the effect of using the start and end dates as strictly inclusive in the date_range function?,Using the start and end dates as strictly inclusive in the date_range function means that dates outside of those specified will not be generated.,https://pandas.pydata.org/docs/user_guide/timeseries.html
What is the purpose of the bdate_range function?,"The purpose of the bdate_range function is to make it easy to generate a range of business dates using various combinations of parameters like start, end, periods, and freq.",https://pandas.pydata.org/docs/user_guide/timeseries.html
What is the default frequency used when creating a date range with the 'date_range' function?,The default frequency used is 'D' (daily) when not specified.,https://pandas.pydata.org/docs/user_guide/timeseries.html
What is the DatetimeIndex frequency for the date range created in In[90]?,The DatetimeIndex frequency for the date range created in In[90] is 'BME' (Business Month-End).,https://pandas.pydata.org/docs/user_guide/timeseries.html
How many values are in the DatetimeIndex created in In[91]?,The DatetimeIndex created in In[91] contains 47 values.,https://pandas.pydata.org/docs/user_guide/timeseries.html
What is the frequency used when creating a date range with the 'date_range' function in In[91]?,The frequency used when creating a date range with the 'date_range' function in In[91] is 'W' (weekly) with a day of the week specified as 'SUN' (Sunday).,https://pandas.pydata.org/docs/user_guide/timeseries.html
What is the start date of the DatetimeIndex created in In[90]?,The start date of the DatetimeIndex created in In[90] is '2011-01-31'.,https://pandas.pydata.org/docs/user_guide/timeseries.html
What is the start date of the date range generated by date_range?,The start date of the date range is '2018-01-01'.,https://pandas.pydata.org/docs/user_guide/timeseries.html
What is the frequency of the dates in the DatetimeIndex generated by date_range?,"The frequency of the dates is not specified, it is None.",https://pandas.pydata.org/docs/user_guide/timeseries.html
What is the custom frequency string used in the bdate_range function?,The custom frequency string used is 'C'.,https://pandas.pydata.org/docs/user_guide/timeseries.html
What are the holidays used in the bdate_range function?,The holidays used are '2011-01-05' and '2011-03-14'.,https://pandas.pydata.org/docs/user_guide/timeseries.html
How many dates are generated by the bdate_range function?,The bdate_range function generates 154 dates.,https://pandas.pydata.org/docs/user_guide/timeseries.html
What is the frequency of the DatetimeIndex generated by bdate_range?,The frequency of the DatetimeIndex is 'CBMS'.,https://pandas.pydata.org/docs/user_guide/timeseries.html
What is the limitation of timestamp representation for nanosecond resolution?,The time span that can be represented using a 64-bit integer is limited to approximately 584 years.,https://pandas.pydata.org/docs/user_guide/timeseries.html
What is one of the main uses of DatetimeIndex?,One of the main uses of DatetimeIndex is as an index for pandas objects.,https://pandas.pydata.org/docs/user_guide/timeseries.html
How can different resolutions of timestamps be converted to each other?,Different resolutions can be converted to each other through the as_unit method.,https://pandas.pydata.org/docs/user_guide/timeseries.html
What is the advantage of using DatetimeIndex for fast data alignment?,Unioning of overlapping DatetimeIndex objects with the same frequency is very fast.,https://pandas.pydata.org/docs/user_guide/timeseries.html
What type of index objects have all the basic functionality of regular Index objects?,DatetimeIndex objects,https://pandas.pydata.org/docs/user_guide/timeseries.html
What is the frequency of the dates in the index of the 'ts' Series?,The frequency of the dates in the index of the 'ts' Series is 'BME'.,https://pandas.pydata.org/docs/user_guide/timeseries.html
How can you access a specific date in the index of the 'ts' Series?,"You can access a specific date in the index of the 'ts' Series by passing a string that parses to a timestamp, such as '1/31/2011'.",https://pandas.pydata.org/docs/user_guide/timeseries.html
What happens if the dates in the index of a DatetimeIndex object are unsorted?,Some methods may have unexpected or incorrect behavior if the dates are unsorted.,https://pandas.pydata.org/docs/user_guide/timeseries.html
What is the output of ts[:5].index?,The output of ts[:5].index is a DatetimeIndex with the first 5 dates in the original index.,https://pandas.pydata.org/docs/user_guide/timeseries.html
What is the frequency of the time series in the first output?,The frequency of the time series is BME.,https://pandas.pydata.org/docs/user_guide/timeseries.html
What is the date range of the time series in the second output?,The date range of the time series is from 2011-10-31 to 2011-12-30.,https://pandas.pydata.org/docs/user_guide/timeseries.html
How can you access a longer time series in pandas?,You can pass in the year or year and month as strings to access a longer time series.,https://pandas.pydata.org/docs/user_guide/timeseries.html
What happens when you use a single string to index a DataFrame with a DatetimeIndex?,It is deprecated starting with pandas 1.2.0 and will be removed in a future version.,https://pandas.pydata.org/docs/user_guide/timeseries.html
What is the equivalent way to index a DataFrame with a single string?,The equivalent way is to use .loc (e.g. frame.loc[dtstring]).,https://pandas.pydata.org/docs/user_guide/timeseries.html
What is the start date of the date range?,The start date of the date range is 2013-01-01.,https://pandas.pydata.org/docs/user_guide/timeseries.html
How many periods are in the date range?,"There are 100,000 periods in the date range.",https://pandas.pydata.org/docs/user_guide/timeseries.html
What is the frequency of the date range?,"The frequency of the date range is 'min', which means minutes.",https://pandas.pydata.org/docs/user_guide/timeseries.html
What does the line of code `dft.loc['2013']` do?,The line of code `dft.loc['2013']` returns the rows of the DataFrame where the date is in the year 2013.,https://pandas.pydata.org/docs/user_guide/timeseries.html
What is the range of dates in the line of code `dft['2013-1':'2013-2']`?,The range of dates in the line of code `dft['2013-1':'2013-2']` is from the first day of January 2013 to the last day of February 2013.,https://pandas.pydata.org/docs/user_guide/timeseries.html
How many rows and columns are in the second DataFrame?,20 rows and 1 column,https://pandas.pydata.org/docs/user_guide/timeseries.html
What is the frequency of the date range in the second DataFrame?,12 hours,https://pandas.pydata.org/docs/user_guide/timeseries.html
What is the result of swapping the levels and sorting the index of the second DataFrame?,The levels are swapped and the index is sorted,https://pandas.pydata.org/docs/user_guide/timeseries.html
How does string indexing work on a DataFrame with a MultiIndex?,It honors UTC offset and also works on a partial string index,https://pandas.pydata.org/docs/user_guide/timeseries.html
What is the time zone of the DatetimeIndex?,The time zone of the DatetimeIndex is 'US/Pacific'.,https://pandas.pydata.org/docs/user_guide/timeseries.html
What is the result of slicing a DataFrame with a timestamp string less accurate than the index resolution?,The result is a Series object.,https://pandas.pydata.org/docs/user_guide/timeseries.html
What is the result of slicing a Series with a timestamp string with minute resolution (or more accurate) when the index resolution is minute?,"The result is a scalar, i.e. it is not casted to a slice.",https://pandas.pydata.org/docs/user_guide/timeseries.html
What is the result of slicing a Series with a minute-accurate timestamp when the index resolution is second?,The result is a Series object.,https://pandas.pydata.org/docs/user_guide/timeseries.html
What is the type of the result of slicing a Series with a timestamp string with minute resolution (or more accurate) when the index resolution is minute?,The type of the result is np.int64.,https://pandas.pydata.org/docs/user_guide/timeseries.html
What is the resolution of the index in the 'series_second' object?,The resolution of the index in the 'series_second' object is 'second'.,https://pandas.pydata.org/docs/user_guide/timeseries.html
What happens when a timestamp string is treated as an exact match in a DataFrame?,"When a timestamp string is treated as an exact match in a DataFrame, the selection is column-wise and not row-wise, which can lead to a KeyError.",https://pandas.pydata.org/docs/user_guide/timeseries.html
How can you ensure unambiguous selection in a DataFrame using a timestamp string?,You can ensure unambiguous selection in a DataFrame using a timestamp string by using the .loc[] method.,https://pandas.pydata.org/docs/user_guide/timeseries.html
What is the DatetimeIndex resolution limit in pandas?,The DatetimeIndex resolution cannot be less precise than day.,https://pandas.pydata.org/docs/user_guide/timeseries.html
What type of object is 'series_minute'?,The 'series_minute' object is a pandas Series.,https://pandas.pydata.org/docs/user_guide/timeseries.html
What is the resolution of the DatetimeIndex?,The resolution of the DatetimeIndex is 'day'.,https://pandas.pydata.org/docs/user_guide/timeseries.html
What type of indexing is exact when using Timestamp or datetime objects?,"Exact indexing, because the objects have exact meaning and follow the semantics of including both endpoints.",https://pandas.pydata.org/docs/user_guide/timeseries.html
What is the default behavior when specifying a DatetimeIndex with a partial string?,"The default behavior depends on the 'accuracy' of the period, in other words how specific the interval is in relation to the resolution of the index.",https://pandas.pydata.org/docs/user_guide/timeseries.html
"What is the effect of specifying hours, minutes, and seconds when using datetime objects for indexing?","These datetime objects have exact hours, minutes, and seconds, even though they were not explicitly specified (they are 0).",https://pandas.pydata.org/docs/user_guide/timeseries.html
What is the format of the output when indexing a DataFrame with datetime objects for a specific date range?,"The output is a Series with a DatetimeIndex, where each row represents a specific time point within the date range.",https://pandas.pydata.org/docs/user_guide/timeseries.html
What is the property that returns the year of the datetime?,The year of the datetime is returned by the 'year' property.,https://pandas.pydata.org/docs/user_guide/timeseries.html
What type of object is returned by the 'date' property?,"The 'date' property returns a datetime.date object, which does not contain timezone information.",https://pandas.pydata.org/docs/user_guide/timeseries.html
How is the day of the week numbered in the 'dayofweek' property?,"In the 'dayofweek' property, the day of the week is numbered with Monday=0 and Sunday=6.",https://pandas.pydata.org/docs/user_guide/timeseries.html
What is the range of values for the 'quarter' property?,"The 'quarter' property returns a value between 1 and 4, representing the quarter of the year: Jan-Mar = 1, Apr-Jun = 2, etc.",https://pandas.pydata.org/docs/user_guide/timeseries.html
What type of object is returned by the 'time' property?,"The 'time' property returns a datetime.time object, which does not contain timezone information.",https://pandas.pydata.org/docs/user_guide/timeseries.html
What is the main difference between a Timedelta and a DateOffset?,"A Timedelta represents a duration of time, while a DateOffset represents a duration of time that follows specific calendar duration rules.",https://pandas.pydata.org/docs/user_guide/timeseries.html
How does a DateOffset behave when the duration is an hour or smaller?,It behaves like a Timedelta and respects absolute time.,https://pandas.pydata.org/docs/user_guide/timeseries.html
What is the purpose of the arithmetic operator (+) with DateOffset?,It can be used to perform the shift of a date time by the corresponding calendar duration specified.,https://pandas.pydata.org/docs/user_guide/timeseries.html
What is the relationship between DateOffset and relativedelta from the dateutil library?,"DateOffset acts similar to relativedelta, shifting a date time by the corresponding calendar duration specified.",https://pandas.pydata.org/docs/user_guide/timeseries.html
How does a DateOffset handle daylight savings time?,"It will increment datetimes to the same time the next day, taking into account the daylight savings time transition.",https://pandas.pydata.org/docs/user_guide/timeseries.html
What is the day of the week for the date '2018-01-05'?,The day of the week for the date '2018-01-05' is 'Friday'.,https://pandas.pydata.org/docs/user_guide/timeseries.html
How can you add 2 business days to a date in pandas?,"You can add 2 business days to a date in pandas using the pd.offsets.BDay() function, as shown in the example: two_business_days = 2 * pd.offsets.BDay().",https://pandas.pydata.org/docs/user_guide/timeseries.html
What is the result of adding 2 business days to '2018-01-05'?,The result of adding 2 business days to '2018-01-05' is a Timestamp object representing '2018-01-09 00:00:00'.,https://pandas.pydata.org/docs/user_guide/timeseries.html
What is the day of the week for the date '2018-01-09'?,The day of the week for the date '2018-01-09' is 'Tuesday'.,https://pandas.pydata.org/docs/user_guide/timeseries.html
What is the purpose of the freq keyword argument in pandas DateOffsets?,The freq keyword argument in pandas DateOffsets is used to specify the frequency string or offset alias associated with the DateOffset.,https://pandas.pydata.org/docs/user_guide/timeseries.html
What is the default behavior of the DateOffset class?,The DateOffset class defaults to an absolute 24-hour offset.,https://pandas.pydata.org/docs/user_guide/timeseries.html
What is the frequency string for a business day?,The frequency string for a business day is 'B'. It can also be represented as 'or' 'BusinessDay'.,https://pandas.pydata.org/docs/user_guide/timeseries.html
What is the description of the 'SemiMonthEnd' offset?,The 'SemiMonthEnd' offset is the 15th (or other day_of_month) and calendar month end.,https://pandas.pydata.org/docs/user_guide/timeseries.html
What methods are available for DateOffsets to move a date forward or backward?,The 'rollforward()' and 'rollback()' methods are available for moving a date forward or backward respectively to a valid offset date relative to the offset.,https://pandas.pydata.org/docs/user_guide/timeseries.html
What is the frequency string for a quarter end?,"The frequency string for a quarter end is 'QE', which represents a calendar quarter end.",https://pandas.pydata.org/docs/user_guide/timeseries.html
What is the effect of using the 'normalize' option when adding a Week offset?,The 'normalize' option will result in the generated dates always lying on midnight (00:00:00) of the target day of the week.,https://pandas.pydata.org/docs/user_guide/timeseries.html
How does the Week offset parameter 'weekday' affect the generated dates?,"The 'weekday' parameter results in the generated dates always lying on a particular day of the week, as specified by the parameter value.",https://pandas.pydata.org/docs/user_guide/timeseries.html
What is the result of subtracting a Week offset from a datetime object without using the 'normalize' option?,"The result is a datetime object with the same time as the original, but the date is shifted back by one week.",https://pandas.pydata.org/docs/user_guide/timeseries.html
Can offsets be used with Series or DatetimeIndex?,"Yes, offsets can be used with either a Series or DatetimeIndex to apply the offset to each element.",https://pandas.pydata.org/docs/user_guide/timeseries.html
How does the YearEnd offset parameter 'month' affect the generated dates?,The 'month' parameter results in the generated dates always lying on the last day of the specified month.,https://pandas.pydata.org/docs/user_guide/timeseries.html
What is the frequency of the DatetimeIndex 'rng'?,"The frequency of 'rng' is 'D', which means it is a daily frequency.",https://pandas.pydata.org/docs/user_guide/timeseries.html
What is the result of adding 2 months to the Series 's'?,"The result is a DatetimeIndex with dates 2 months ahead of the original dates, starting from '2012-03-01'.",https://pandas.pydata.org/docs/user_guide/timeseries.html
What is the type of the offset class 'Day'?,The offset class 'Day' is a subclass of 'Offset'.,https://pandas.pydata.org/docs/user_guide/timeseries.html
What is the result of subtracting 2 months from the Series 's'?,"The result is a DatetimeIndex with dates 2 months before the original dates, starting from '2011-11-01'.",https://pandas.pydata.org/docs/user_guide/timeseries.html
Can offsets that map directly to a Timedelta be used exactly like a Timedelta?,"Yes, they can be used exactly like a Timedelta.",https://pandas.pydata.org/docs/user_guide/timeseries.html
What calendar is used to define a CustomBusinessDay in the code?,The USFederalHolidayCalendar is used to define a CustomBusinessDay in the code.,https://pandas.pydata.org/docs/user_guide/timeseries.html
What is the result of adding a CustomBusinessDay offset to a datetime object '2014-01-17'?,The result is a datetime object '2014-01-21 00:00:00'.,https://pandas.pydata.org/docs/user_guide/timeseries.html
How does the CustomBusinessMonthBegin offset behave when it encounters a holiday?,"The CustomBusinessMonthBegin offset skips holidays, as seen in the code where January 1st, 2014 is skipped.",https://pandas.pydata.org/docs/user_guide/timeseries.html
What frequency string is used to indicate that a CustomBusinessDay DateOffset is used?,The frequency string 'C' is used to indicate that a CustomBusinessDay DateOffset is used.,https://pandas.pydata.org/docs/user_guide/timeseries.html
What is returned when creating a date range with a CustomBusinessMonthBegin offset from '2010-01-01' to '2012-01-01'?,"A DatetimeIndex is returned, which includes dates such as '2010-01-04', '2010-02-01', and '2010-03-01'.",https://pandas.pydata.org/docs/user_guide/timeseries.html
What is the default business hour range used by the BusinessHour class?,The default business hour range used by the BusinessHour class is 9:00 - 17:00.,https://pandas.pydata.org/docs/user_guide/timeseries.html
What happens when a target Timestamp is out of business hours?,"If a target Timestamp is out of business hours, it is moved to the next business hour, and if the result exceeds the business hours end, the remaining hours are added to the next business day.",https://pandas.pydata.org/docs/user_guide/timeseries.html
How does the BusinessHour class increment a Timestamp?,"The BusinessHour class increments a Timestamp by hourly frequency, adding one hour at a time.",https://pandas.pydata.org/docs/user_guide/timeseries.html
What is the effect of adding 2 business hours to a Timestamp?,"Adding 2 business hours to a Timestamp increments it by two hours, following the business hour range defined by the BusinessHour class.",https://pandas.pydata.org/docs/user_guide/timeseries.html
What is the purpose of the BusinessHour class?,"The BusinessHour class provides a business hour representation on BusinessDay, allowing to use specific start and end times.",https://pandas.pydata.org/docs/user_guide/timeseries.html
What is the result of subtracting 3 business hours from '2014-08-01 10:00'?,The result is '2014-07-31 15:00:00'.,https://pandas.pydata.org/docs/user_guide/timeseries.html
What is the format of the start and end time arguments in the BusinessHour offset?,The start and end time arguments must be a str with an hour:minute representation or a datetime.time instance.,https://pandas.pydata.org/docs/user_guide/timeseries.html
"What happens if seconds, microseconds, and nanoseconds are specified as business hour?",It results in a ValueError.,https://pandas.pydata.org/docs/user_guide/timeseries.html
What is the result of adding the BusinessHour offset '11:00-20:00' to '2014-08-01 13:00'?,The result is '2014-08-01 14:00:00'.,https://pandas.pydata.org/docs/user_guide/timeseries.html
What is the effect of passing a start time later than the end time in the BusinessHour offset?,"It represents midnight business hour, where the business hour exceeds midnight and overlaps to the next day.",https://pandas.pydata.org/docs/user_guide/timeseries.html
What is the result of adding a BusinessHour offset to a Timestamp of '2014-08-02 04:00'?,The result is a Timestamp of '2014-08-02 05:00:00'.,https://pandas.pydata.org/docs/user_guide/timeseries.html
What happens when a BusinessHour offset is applied to a day that is out of business hours?,The offset rolls forward to the next business hour start or rolls back to the previous day's end.,https://pandas.pydata.org/docs/user_guide/timeseries.html
How does the BusinessHour.rollforward method differ from other offsets?,It may output different results due to the definition that one day's business hour end is equal to the next day's business hour start.,https://pandas.pydata.org/docs/user_guide/timeseries.html
What is the result of rolling back a Timestamp of '2014-08-02 15:00' by a BusinessHour offset?,The result is a Timestamp of '2014-08-01 17:00:00'.,https://pandas.pydata.org/docs/user_guide/timeseries.html
Is the result of rolling forward a Timestamp of '2014-08-02 15:00' by a BusinessHour offset the same as adding a BusinessHour offset to the same Timestamp?,"Yes, the results are the same.",https://pandas.pydata.org/docs/user_guide/timeseries.html
What is the start time of the custom business hour defined in the code?,The start time of the custom business hour is 10:00.,https://pandas.pydata.org/docs/user_guide/timeseries.html
Why are timestamps returned by date_range() and bdate_range() functions limited?,Timestamps returned by date_range() and bdate_range() functions are limited to the interval defined by start_date and end_date.,https://pandas.pydata.org/docs/user_guide/timeseries.html
What is the description of the alias 'B' in the offset aliases table?,The alias 'B' represents business day frequency.,https://pandas.pydata.org/docs/user_guide/timeseries.html
What is the difference between the 'B' and 'C' aliases in the offset aliases table?,"The 'B' alias represents business day frequency, while the 'C' alias represents custom business day frequency.",https://pandas.pydata.org/docs/user_guide/timeseries.html
What is the start time of the custom business hour 'bhour_mon' when multiplied by 2?,The start time of the custom business hour 'bhour_mon' when multiplied by 2 is 10:00.,https://pandas.pydata.org/docs/user_guide/timeseries.html
What is the alias for business day frequency?,The alias for business day frequency is 'B'.,https://pandas.pydata.org/docs/user_guide/timeseries.html
What is the output data type of the date_range function when using the 'B' frequency?,The output data type is 'datetime64[us]'.,https://pandas.pydata.org/docs/user_guide/timeseries.html
How can you combine day and intraday offsets in the date_range function?,"You can combine day and intraday offsets by using a string that represents the frequency, such as '2h20min'.",https://pandas.pydata.org/docs/user_guide/timeseries.html
What is the frequency of the DatetimeIndex returned by the date_range function when using the '2h20min' frequency?,The frequency of the DatetimeIndex is '140min'.,https://pandas.pydata.org/docs/user_guide/timeseries.html
How can you create a DatetimeIndex with a specific frequency using the date_range function?,"You can create a DatetimeIndex with a specific frequency by passing the frequency as the 'freq' argument to the date_range function, or by using the corresponding alias, such as 'B' for business day frequency.",https://pandas.pydata.org/docs/user_guide/timeseries.html
How many periods are generated in the date range?,10 periods are generated in the date range.,https://pandas.pydata.org/docs/user_guide/timeseries.html
What is the purpose of an anchoring suffix in frequencies?,An anchoring suffix is used to specify a particular day of the week for weekly frequencies.,https://pandas.pydata.org/docs/user_guide/timeseries.html
What is the quarterly frequency described by (B)Q(E)(S)-DEC?,The quarterly frequency described by (B)Q(E)(S)-DEC is a quarterly frequency where the year ends in December.,https://pandas.pydata.org/docs/user_guide/timeseries.html
What frequency does (B)Q(E)(S)-JAN represent?,"quarterly frequency, year ends in January",https://pandas.pydata.org/docs/user_guide/timeseries.html
What type of frequency does (B)Y(E)(S)-DEC represent?,"annual frequency, anchored end of December",https://pandas.pydata.org/docs/user_guide/timeseries.html
What functions in pandas can use these frequency strings as arguments?,"date_range, bdate_range, constructors for DatetimeIndex, as well as various other timeseries-related functions",https://pandas.pydata.org/docs/user_guide/timeseries.html
How often does (B)Q(E)(S)-MAY occur?,quarterly,https://pandas.pydata.org/docs/user_guide/timeseries.html
What is the end of the year for (B)Y(E)(S)-SEP?,September,https://pandas.pydata.org/docs/user_guide/timeseries.html
What happens when the given date is not on an anchor point during rolling forward or backwards?,It is snapped to the next (previous) anchor point and moved |n|-1 additional steps forwards or backwards.,https://pandas.pydata.org/docs/user_guide/timeseries.html
What is the effect of n=1 on a date that is already on an anchor point?,"The date is moved |n| points forwards or backwards, which is equivalent to moving it 1 point.",https://pandas.pydata.org/docs/user_guide/timeseries.html
What is the output of pd.Timestamp('2014-01-02') + pd.offsets.MonthBegin(n=1)?,Timestamp('2014-02-01 00:00:00'),https://pandas.pydata.org/docs/user_guide/timeseries.html
How does the value of n affect the movement of a date that is not on an anchor point?,The date is moved |n|-1 additional steps forwards or backwards.,https://pandas.pydata.org/docs/user_guide/timeseries.html
What is the output of pd.Timestamp('2014-01-01') - pd.offsets.MonthBegin(n=1)?,Timestamp('2013-12-01 00:00:00'),https://pandas.pydata.org/docs/user_guide/timeseries.html
What class attributes determine the date range for holidays?,The start_date and end_date class attributes determine the date range for holidays.,https://pandas.pydata.org/docs/user_guide/timeseries.html
Which calendar subclass exists and serves as an example for other calendars?,USFederalHolidayCalendar is the only calendar that exists and primarily serves as an example for developing other calendars.,https://pandas.pydata.org/docs/user_guide/timeseries.html
What happens if a holiday falls on a weekend or non-observed day?,An observance rule determines when that holiday is observed.,https://pandas.pydata.org/docs/user_guide/timeseries.html
What type of holidays are determined by a fixed date?,"Holidays that occur on fixed dates, such as US Memorial Day or July 4th.",https://pandas.pydata.org/docs/user_guide/timeseries.html
Which class should have its range applied to all calendar subclasses?,The AbstractHolidayCalendar class should have its range applied to all calendar subclasses.,https://pandas.pydata.org/docs/user_guide/timeseries.html
What is the DatetimeIndex created by the given datetime object?,"The DatetimeIndex created is ['2012-05-28', '2012-07-04', '2012-10-08'].",https://pandas.pydata.org/docs/user_guide/timeseries.html
What is the equivalent expression for weekday=MO(2) using Week?,The equivalent expression is 2 * Week(weekday=2).,https://pandas.pydata.org/docs/user_guide/timeseries.html
How does creating an index or doing offset arithmetic with this calendar affect weekends and holidays?,Creating an index or doing offset arithmetic skips weekends and holidays.,https://pandas.pydata.org/docs/user_guide/timeseries.html
What is the output of pd.date_range with the given parameters?,The output is an array of datetime objects from 2012-07-02 to 2012-07-10.,https://pandas.pydata.org/docs/user_guide/timeseries.html
How are holiday dates defined in an AbstractHolidayCalendar?,Holiday dates are defined by the start_date and end_date class attributes of AbstractHolidayCalendar.,https://pandas.pydata.org/docs/user_guide/timeseries.html
What is the default value of the 'closed' parameter for the 'resample' method?,"The default value of the 'closed' parameter is 'left' for all frequency offsets except for 'ME', 'YE', 'QE', 'BME', 'BYE', 'BQE', and 'W', which all have a default of 'right'.",https://pandas.pydata.org/docs/user_guide/timeseries.html
What is the effect of setting 'closed' to 'right' in the 'resample' method?,"Setting 'closed' to 'right' means that the end of the interval is closed, and the result is a time series that includes the value at the end of the interval.",https://pandas.pydata.org/docs/user_guide/timeseries.html
What is the effect of setting 'label' to 'left' in the 'resample' method?,"Setting 'label' to 'left' means that the result is labeled with the beginning of the interval, rather than the end.",https://pandas.pydata.org/docs/user_guide/timeseries.html
What is the default value of the 'label' parameter for the 'resample' method?,The default value of the 'label' parameter is 'left'.,https://pandas.pydata.org/docs/user_guide/timeseries.html
What is the warning about the default values of 'label' and 'closed' in the 'resample' method?,"The default values of 'label' and 'closed' might lead to looking ahead, where the value for a later time is pulled back to a previous time.",https://pandas.pydata.org/docs/user_guide/timeseries.html
What is the default behavior of the resample method when closing periods?,The default behavior is 'left' when closing periods.,https://pandas.pydata.org/docs/user_guide/timeseries.html
How can you resample a series to push the value for Sunday to Monday instead of pulling it back to the previous Friday?,You can use label='right' and closed='right' when calling the resample method.,https://pandas.pydata.org/docs/user_guide/timeseries.html
What is the purpose of the axis parameter in the resample method?,The axis parameter allows you to resample the specified axis for a DataFrame.,https://pandas.pydata.org/docs/user_guide/timeseries.html
What are the two possible values for the kind parameter in the resample method?,The two possible values are 'timestamp' and 'period'.,https://pandas.pydata.org/docs/user_guide/timeseries.html
What is the purpose of the convention parameter in the resample method when resampling period data?,The convention parameter specifies how low frequency periods are converted to higher frequency periods when resampling period data.,https://pandas.pydata.org/docs/user_guide/timeseries.html
What is the default frequency of the time series object 'ts' before resampling?,"The default frequency of the time series object 'ts' before resampling is 3 minutes, as indicated by the 'Freq: 3min' in the output.",https://pandas.pydata.org/docs/user_guide/timeseries.html
What is the purpose of the 'round' function defined in the code snippet?,"The 'round' function is used to round a timestamp to the nearest multiple of a given frequency, in this case 3 minutes.",https://pandas.pydata.org/docs/user_guide/timeseries.html
What type of object is returned by the 'resample()' method?,"The 'resample()' method returns a pandas.api.typing.Resampler instance, which can be selectively resampled.",https://pandas.pydata.org/docs/user_guide/timeseries.html
How does the 'resample()' method handle columns with different functions in a DataFrame?,The 'resample()' method will act on all columns with the same function by default.,https://pandas.pydata.org/docs/user_guide/timeseries.html
What is the shape of the DataFrame 'df' created in the code snippet?,"The DataFrame 'df' has 1000 rows and 3 columns, as indicated by the output of 'np.random.randn(1000, 3)'.",https://pandas.pydata.org/docs/user_guide/timeseries.html
What is the frequency of the index in the result of selecting column 'A'?,The frequency of the index is 3min.,https://pandas.pydata.org/docs/user_guide/timeseries.html
What is the data type of the column 'A' in the result of selecting column 'A'?,The data type of column 'A' is float64.,https://pandas.pydata.org/docs/user_guide/timeseries.html
What is the output of selecting columns 'A' and 'B'?,The output is a DataFrame with columns 'A' and 'B'. The index is still of frequency 3min.,https://pandas.pydata.org/docs/user_guide/timeseries.html
What is the purpose of passing a list or dict of functions to the mean() method?,"To do aggregation with, outputting a DataFrame.",https://pandas.pydata.org/docs/user_guide/timeseries.html
What is the shape of the result of selecting columns 'A' and 'B'?,The shape is 6 rows and 2 columns.,https://pandas.pydata.org/docs/user_guide/timeseries.html
What is the purpose of passing a list of functions to the agg method of a DataFrame?,This produces an aggregated result with a hierarchical index.,https://pandas.pydata.org/docs/user_guide/timeseries.html
What is the default behavior when passing a list of functions to the agg method of a DataFrame?,"The default behavior is to apply the functions to each column, producing an aggregated result.",https://pandas.pydata.org/docs/user_guide/timeseries.html
What is the difference between passing a list of functions and a dictionary to the agg method of a DataFrame?,"Passing a list of functions applies the same function to all columns, while passing a dictionary allows for different aggregation functions to be applied to different columns.",https://pandas.pydata.org/docs/user_guide/timeseries.html
What is the output of the lambda function in the dictionary passed to the agg method?,"The output of the lambda function is not explicitly shown in the text, but it is implied to be the result of applying the lambda function to column B.",https://pandas.pydata.org/docs/user_guide/timeseries.html
What is the data type of the index in the output of the agg method when a list of functions is passed?,The index is a hierarchical index.,https://pandas.pydata.org/docs/user_guide/timeseries.html
What is the frequency of the time series 'ts'?,The frequency of 'ts' is 7 minutes.,https://pandas.pydata.org/docs/user_guide/timeseries.html
What is the default value of the 'origin' parameter in the resample function?,The default value of 'origin' is 'start_day'.,https://pandas.pydata.org/docs/user_guide/timeseries.html
What is the result of resampling 'ts' with a frequency of 17 minutes and 'origin' set to 'start_day'?,The result of resampling 'ts' with a frequency of 17 minutes and 'origin' set to 'start_day' is a new time series with a sum of values at each 17-minute interval.,https://pandas.pydata.org/docs/user_guide/timeseries.html
What is the difference between setting 'origin' to 'start_day' and setting it to 'epoch' in the resample function?,"The difference is that the result after '2000-10-02 00:00:00' is not identical when 'origin' is set to 'start_day', but it is identical when 'origin' is set to 'epoch'.",https://pandas.pydata.org/docs/user_guide/timeseries.html
What is the result of resampling the middle to the end of 'ts' with a frequency of 17 minutes and 'origin' set to 'epoch'?,"The result of resampling the middle to the end of 'ts' with a frequency of 17 minutes and 'origin' set to 'epoch' is a new time series with a sum of values at each 17-minute interval, starting from '2000-10-02 00:00:00'.",https://pandas.pydata.org/docs/user_guide/timeseries.html
What does the freq keyword in Period represent?,"The freq keyword represents a span of time, such as a day, a month, a quarter, etc.",https://pandas.pydata.org/docs/user_guide/timeseries.html
Can you specify the span via freq keyword using a frequency alias?,"Yes, you can specify the span via freq keyword using a frequency alias like 'Y-DEC' for year-december.",https://pandas.pydata.org/docs/user_guide/timeseries.html
What happens when you add or subtract integers from periods?,Adding or subtracting integers from periods shifts the period by its own frequency.,https://pandas.pydata.org/docs/user_guide/timeseries.html
What happens when you try to add or subtract integers from a period with a different freq?,Arithmetic is not allowed between Period with different freq (span).,https://pandas.pydata.org/docs/user_guide/timeseries.html
Can you add offsets or timedelta-like objects to a period if the result can have the same freq?,"Yes, if the freq is daily or higher, offsets and timedelta-like can be added if the result can have the same freq.",https://pandas.pydata.org/docs/user_guide/timeseries.html
What is the result of adding 120 minutes to the date '2014-07-01 11:00'?,"The result is a Period object '2014-07-01 11:00', representing the same date and time.",https://pandas.pydata.org/docs/user_guide/timeseries.html
What is the output of adding 7200 seconds to the Period object p?,"The output is a Period object '2014-07-01 11:00', representing the same date and time.",https://pandas.pydata.org/docs/user_guide/timeseries.html
What is the error message when trying to add 5 minutes to the Period object p using pd.offsets.Minute(5)?,The error message is 'ValueError: Cannot losslessly convert units'. This is due to an incompatible frequency between the Period object and the timedelta.,https://pandas.pydata.org/docs/user_guide/timeseries.html
What is the frequency of the Period object created by adding 120 minutes to the date '2014-07-01 11:00'?,"The frequency of the Period object is 'h', representing hours.",https://pandas.pydata.org/docs/user_guide/timeseries.html
What is the unit of the timedelta object created by adding 7200 seconds to the Period object p?,"The unit of the timedelta object is 's', representing seconds.",https://pandas.pydata.org/docs/user_guide/timeseries.html
What is the error message when trying to add a Period object with frequency 'h' to another Period object?,"The error message is 'Could not get source, probably due dynamically evaluated source code.'",https://pandas.pydata.org/docs/user_guide/timeseries.html
What is the condition for adding offsets to a Period object?,"The same offsets can be added if the Period object has other frequencies. Otherwise, a ValueError will be raised.",https://pandas.pydata.org/docs/user_guide/timeseries.html
What is the result of adding a MonthEnd offset to a Period object '2014-07' with frequency 'M'?,The result is a Period object '2014-10' with frequency 'M'.,https://pandas.pydata.org/docs/user_guide/timeseries.html
What type of error is raised when trying to add a MonthBegin offset to a Period object '2014-07' with frequency 'M'?,An IncompatibleFrequency error is raised.,https://pandas.pydata.org/docs/user_guide/timeseries.html
What is the input that cannot be converted to a Period object with frequency 'h'?,Input that cannot be converted to a Period object with frequency 'h' is any input that is not compatible with the frequency 'h'.,https://pandas.pydata.org/docs/user_guide/timeseries.html
What is the frequency of the PeriodIndex created in the first code snippet?,The frequency of the PeriodIndex is monthly (M).,https://pandas.pydata.org/docs/user_guide/timeseries.html
"What is the output of pd.period_range with start='2014-01', freq='3M', periods=4?","The output is a PeriodIndex with frequencies '2014-01', '2014-04', '2014-07', and '2014-10'.",https://pandas.pydata.org/docs/user_guide/timeseries.html
What happens when start or end are Period objects in pd.period_range?,They will be used as anchor endpoints for a PeriodIndex with frequency matching that of the PeriodIndex constructor.,https://pandas.pydata.org/docs/user_guide/timeseries.html
What is the frequency of the PeriodIndex created in the third code snippet?,The frequency of the PeriodIndex is monthly (M).,https://pandas.pydata.org/docs/user_guide/timeseries.html
Can a PeriodIndex be used to index pandas objects?,"Yes, a PeriodIndex can be used to index pandas objects, just like DatetimeIndex.",https://pandas.pydata.org/docs/user_guide/timeseries.html
What is the frequency of the period index created in In [386]?,"The frequency of the period index created in In [386] is 'h', which represents hours.",https://pandas.pydata.org/docs/user_guide/timeseries.html
How many periods are created by the period_range function in In [386]?,The period_range function in In [386] creates 5 periods.,https://pandas.pydata.org/docs/user_guide/timeseries.html
What is the result of adding 2 hours to the period index created in In [386]?,The result of adding 2 hours to the period index created in In [386] is a new period index with the periods shifted by 2 hours.,https://pandas.pydata.org/docs/user_guide/timeseries.html
What is the dtype of the period index created in In [389]?,"The dtype of the period index created in In [389] is 'period[M]', which represents months.",https://pandas.pydata.org/docs/user_guide/timeseries.html
Can the period dtype be used with the .astype(...) function?,"Yes, the period dtype can be used with the .astype(...) function, as shown in In [393].",https://pandas.pydata.org/docs/user_guide/timeseries.html
How can you change the frequency of a PeriodIndex using pandas?,"You can change the frequency of a PeriodIndex using the .astype() method with the desired frequency as a string, for example, 'period[D]' for daily frequency.",https://pandas.pydata.org/docs/user_guide/timeseries.html
What is the result of converting a DatetimeIndex to a PeriodIndex?,"The result is a PeriodIndex with the same dates, but with a PeriodIndex dtype and a frequency based on the original DatetimeIndex.",https://pandas.pydata.org/docs/user_guide/timeseries.html
How can you convert a DatetimeIndex to a PeriodIndex?,"You can convert a DatetimeIndex to a PeriodIndex using the .astype() method with the 'period[M]' or similar string, depending on the desired frequency.",https://pandas.pydata.org/docs/user_guide/timeseries.html
What is partial string indexing in PeriodIndex?,"Partial string indexing in PeriodIndex allows you to pass in dates and strings to Series and DataFrame with PeriodIndex, in the same manner as DatetimeIndex.",https://pandas.pydata.org/docs/user_guide/timeseries.html
What is the result of accessing a PeriodIndex with a partial string index?,"The result is a float value, which represents the numerical value of the period.",https://pandas.pydata.org/docs/user_guide/timeseries.html
What is the format of the initial data provided in the example?,The initial data is in a DatetimeIndex format with a single column containing time values.,https://pandas.pydata.org/docs/user_guide/timeseries.html
How are the endpoints handled when slicing the data?,The endpoints will be included in the result when slicing the data.,https://pandas.pydata.org/docs/user_guide/timeseries.html
What is the purpose of the asfreq method in PeriodIndex?,The asfreq method is used to convert the frequency of Period and PeriodIndex.,https://pandas.pydata.org/docs/user_guide/timeseries.html
What is the result of converting the fiscal year 2011 to a monthly frequency with the 'start' parameter?,The result is a Period with the value '2011-01' and a monthly frequency.,https://pandas.pydata.org/docs/user_guide/timeseries.html
What are the shorthands provided for convenience when using the asfreq method?,The shorthands 's' and 'e' are provided for convenience to specify the 'start' or 'end' month.,https://pandas.pydata.org/docs/user_guide/timeseries.html
What is the result of converting a monthly period to a super-period of annual frequency?,The result is the super-period that includes the input period.,https://pandas.pydata.org/docs/user_guide/timeseries.html
What is the output of converting a monthly period to an annual frequency that ends the year in November?,"The output is the annual period '2012', 'Y-NOV'. Note that the monthly period of December 2011 is actually in the 2012 Y-NOV period.",https://pandas.pydata.org/docs/user_guide/timeseries.html
What are the quarterly frequencies that pandas supports for anchored frequencies?,"pandas supports Q-JAN through Q-DEC frequencies, where Q-DEC defines regular calendar quarters.",https://pandas.pydata.org/docs/user_guide/timeseries.html
What is the effect of using 's' as the end argument in the asfreq method for a period with frequency 'Q-DEC'?,"The result is the start date of the period, which is '2012-01-01'.",https://pandas.pydata.org/docs/user_guide/timeseries.html
What is the effect of using 'e' as the end argument in the asfreq method for a period with frequency 'Q-MAR'?,"The result is the end date of the period, which is '2011-03-31'. Note that this is the fiscal year end in March.",https://pandas.pydata.org/docs/user_guide/timeseries.html
What is the result of converting the date range '1/1/2012' to '5/31/2012' with a frequency of 'ME'?,"pd.date_range('1/1/2012', periods=5, freq='ME')",https://pandas.pydata.org/docs/user_guide/timeseries.html
What is the frequency of the Series 'ts' after it is converted to a PeriodIndex using 'to_period'?,The frequency of the Series 'ps' is 'M'.,https://pandas.pydata.org/docs/user_guide/timeseries.html
What is the result of converting the Series 'ps' to a TimestampIndex with a frequency of 'D'?,ps.to_timestamp('D') returns the timestamps at the end of each period.,https://pandas.pydata.org/docs/user_guide/timeseries.html
What is the effect of using 's' in the 'to_timestamp' function?,Using 's' in the 'to_timestamp' function returns the timestamps at the start of each period.,https://pandas.pydata.org/docs/user_guide/timeseries.html
What is the purpose of converting between period and timestamp?,Converting between period and timestamp enables the use of convenient arithmetic functions.,https://pandas.pydata.org/docs/user_guide/timeseries.html
What is the frequency of the period range from '1990Q1' to '2000Q4'?,"The frequency of the period range is 'Q-NOV', which means quarterly with November as the end month.",https://pandas.pydata.org/docs/user_guide/timeseries.html
How is the index of the 'ts' series created?,"The index of the 'ts' series is created by first converting the 'prng' period range to a monthly frequency, adding 1 to it, and then converting it to a hourly frequency with seconds, and finally adding 9 hours to it.",https://pandas.pydata.org/docs/user_guide/timeseries.html
What is the purpose of the 'PeriodIndex' and/or 'Series' of 'Periods'?,The 'PeriodIndex' and/or 'Series' of 'Periods' are used to perform computations when the data is outside of the 'Timestamp' bounds.,https://pandas.pydata.org/docs/user_guide/timeseries.html
How are the dates in the 's' series converted to a 'Period' format?,"The dates in the 's' series are converted to a 'Period' format by using the 'apply' function with a custom function 'conv' that splits the integer representation of the date into year, month, and day components and creates a 'Period' object with the specified frequency.",https://pandas.pydata.org/docs/user_guide/timeseries.html
What is the frequency of the period range from '1215-01-01' to '1381-01-01'?,"The frequency of the period range is 'D', which means daily.",https://pandas.pydata.org/docs/user_guide/timeseries.html
What is the start date of the date range in the first date_range call?,The start date of the date range is 3/6/2012 00:00.,https://pandas.pydata.org/docs/user_guide/timeseries.html
How many periods are generated in the date_range call with dateutil timezone?,The date_range call with dateutil timezone generates 3 periods.,https://pandas.pydata.org/docs/user_guide/timeseries.html
What is the time zone of the date range in the first date_range call with pytz?,The time zone of the date range is Europe/London.,https://pandas.pydata.org/docs/user_guide/timeseries.html
Why is the UTC time zone a special case in dateutil?,The UTC time zone is a special case in dateutil and should be constructed explicitly as an instance of dateutil.tz.tzutc.,https://pandas.pydata.org/docs/user_guide/timeseries.html
Is the time zone of the date range in the pytz call the same as the time zone object created by pytz.timezone('Europe/London')?,"Yes, the time zone of the date range in the pytz call is the same as the time zone object created by pytz.timezone('Europe/London').",https://pandas.pydata.org/docs/user_guide/timeseries.html
What can cause problems when working with stored data?,Localized data that is operated on with a different version.,https://pandas.pydata.org/docs/user_guide/timeseries.html
How should a datetime object be localized for pytz time zones?,Use the localize method on the pytz time zone object.,https://pandas.pydata.org/docs/user_guide/timeseries.html
What is the limitation of time zone libraries when dealing with times in the future?,Correct conversion between time zones (and UTC) cannot be guaranteed because a timezone's offset from UTC may be changed by the respective government.,https://pandas.pydata.org/docs/user_guide/timeseries.html
What is the issue with using dates beyond 2038-01-18 with pytz?,Daylight saving time (DST) adjustments to timezone aware dates will not be applied due to the year 2038 problem.,https://pandas.pydata.org/docs/user_guide/timeseries.html
What happens when the underlying libraries are fixed for pytz?,DST transitions will be applied for dates beyond 2038-01-18.,https://pandas.pydata.org/docs/user_guide/timeseries.html
What is the default time zone used by pandas for storing timestamps?,All timestamps are stored in UTC.,https://pandas.pydata.org/docs/user_guide/timeseries.html
What happens to the fields of a time zone aware DatetimeIndex or Timestamp when localized to a specific time zone?,"Their fields (day, hour, minute, etc.) are localized to the time zone.",https://pandas.pydata.org/docs/user_guide/timeseries.html
What is the result of comparing two timestamps with the same UTC value but in different time zones?,They are still considered to be equal.,https://pandas.pydata.org/docs/user_guide/timeseries.html
What type of Series is yielded when performing operations between Series in different time zones?,"A UTC Series, aligning the data on the UTC timestamps.",https://pandas.pydata.org/docs/user_guide/timeseries.html
How can time zone information be removed from a pandas object?,Using tz_localize(None) or tz_convert(None).,https://pandas.pydata.org/docs/user_guide/timeseries.html
What is the effect of tz_localize(None) on the time zone of a datetime index?,tz_localize(None) will remove the time zone yielding the local time representation.,https://pandas.pydata.org/docs/user_guide/timeseries.html
How does the tz_convert(None) method differ from tz_localize(None)?,tz_convert(None) will remove the time zone after converting to UTC time.,https://pandas.pydata.org/docs/user_guide/timeseries.html
What is the initial time zone of the datetime index created in In [483]?,The initial time zone of the datetime index is US/Eastern.,https://pandas.pydata.org/docs/user_guide/timeseries.html
How does the fold argument help with ambiguous times in pandas?,The fold argument helps with ambiguous times by specifying whether the datetime-like corresponds to the first (0) or the second time (1) the wall clock hits the ambiguous time.,https://pandas.pydata.org/docs/user_guide/timeseries.html
What is the relationship between tz_convert(None) and tz_convert('UTC').tz_localize(None)?,tz_convert(None) is identical to tz_convert('UTC').tz_localize(None).,https://pandas.pydata.org/docs/user_guide/timeseries.html
What timezones are supported for constructing a pandas Timestamp object?,Only dateutil timezones are supported.,https://pandas.pydata.org/docs/user_guide/timeseries.html
What is the recommended method for localizing ambiguous datetimes if direct control is needed?,We recommend relying on Timestamp.tz_localize() for direct control over how ambiguous datetimes are handled.,https://pandas.pydata.org/docs/user_guide/timeseries.html
What happens when daylight savings time (DST) causes a timestamp to occur twice within one day?,Ambiguous times may not be able to determine the UTC offset of a timestamp.,https://pandas.pydata.org/docs/user_guide/timeseries.html
What happens when constructing a pandas Timestamp object from components and specifying a timezone?,The timezone is correctly applied to the resulting Timestamp object.,https://pandas.pydata.org/docs/user_guide/timeseries.html
What is the effect of setting the 'fold' parameter to 1 when constructing a pandas Timestamp object from components?,The resulting Timestamp object has a UTC offset of +0000.,https://pandas.pydata.org/docs/user_guide/timeseries.html
What is the default behavior when attempting to localize ambiguous times?,The default behavior is to raise a ValueError.,https://pandas.pydata.org/docs/user_guide/timeseries.html
What option can be used to attempt to determine the correct offset based on the monotonicity of the timestamps?,The 'infer' option can be used to attempt to determine the correct offset based on the monotonicity of the timestamps.,https://pandas.pydata.org/docs/user_guide/timeseries.html
What value represents a DST time?,True represents a DST time.,https://pandas.pydata.org/docs/user_guide/timeseries.html
What type of value can be used to replace ambiguous times with NaT?,The value 'NaT' can be used to replace ambiguous times with NaT.,https://pandas.pydata.org/docs/user_guide/timeseries.html
What is the error that occurs when attempting to localize a DatetimeIndex with ambiguous times without specifying an option?,A ValueError is raised when attempting to localize a DatetimeIndex with ambiguous times without specifying an option.,https://pandas.pydata.org/docs/user_guide/timeseries.html
What is the default behavior when localizing a timeseries with nonexistent times?,The default behavior is to raise a ValueError.,https://pandas.pydata.org/docs/user_guide/timeseries.html
What is the effect of 'NaT' on nonexistent times when localizing a timeseries?,Nonexistent times are replaced with NaT.,https://pandas.pydata.org/docs/user_guide/timeseries.html
What is the effect of 'shift_forward' on nonexistent times when localizing a timeseries?,Nonexistent times are shifted forward to the closest real time.,https://pandas.pydata.org/docs/user_guide/timeseries.html
What is the output of dti.tz_localize('Europe/Warsaw')?,A ValueError is raised.,https://pandas.pydata.org/docs/user_guide/timeseries.html
What is the ambiguous parameter used for in the tz_localize function?,"The ambiguous parameter is used to specify how to handle ambiguous times, and can be set to 'NaT' to replace ambiguous times with NaT.",https://pandas.pydata.org/docs/user_guide/timeseries.html
What is the purpose of the tz_localize function?,The tz_localize function is used to localize a tz-naive Datetime Array/Index to a tz-aware Datetime Array/Index.,https://pandas.pydata.org/docs/user_guide/timeseries.html
What is the default behavior when a timezone is ambiguous?,The default behavior when a timezone is ambiguous is to raise a TimeAmbiguous exception.,https://pandas.pydata.org/docs/user_guide/timeseries.html
What is the return type of the tz_localize function?,"The return type of the tz_localize function is the same as the original object, i.e., Self.",https://pandas.pydata.org/docs/user_guide/timeseries.html
What is the unit of the new_dates_dt64 array?,The unit of the new_dates_dt64 array is determined by the unit attribute of the original array.,https://pandas.pydata.org/docs/user_guide/timeseries.html
What is the function tzconversion.tz_localize_to_utc used for in the tz_localize function?,The function tzconversion.tz_localize_to_utc is used to convert the dates to UTC.,https://pandas.pydata.org/docs/user_guide/timeseries.html
What is the default value for the nonexistent parameter in the tz_localize function?,The default value for the nonexistent parameter in the tz_localize function is 'NaT'.,https://pandas.pydata.org/docs/user_guide/timeseries.html
What is the data type of a Series with time zone naive values?,The data type of a Series with time zone naive values is datetime64[ns].,https://pandas.pydata.org/docs/user_guide/timeseries.html
How can you convert a naive stamp to a time zone aware value using the dt accessor?,You can convert a naive stamp to a time zone aware value using the tz_localize and tz_convert methods of the dt accessor.,https://pandas.pydata.org/docs/user_guide/timeseries.html
What is the data type of a Series with time zone aware values?,"The data type of a Series with time zone aware values is datetime64[ns, tz], where tz is the time zone.",https://pandas.pydata.org/docs/user_guide/timeseries.html
What is the effect of the tz_convert method on a Series with time zone aware values?,"The tz_convert method changes the time zone of a Series with time zone aware values, but does not change the underlying datetime values.",https://pandas.pydata.org/docs/user_guide/timeseries.html
What is the default output when using Series.to_numpy() on a time zone aware Series?,"An object array of Timestamps is returned, preserving the time zone information.",https://pandas.pydata.org/docs/user_guide/timeseries.html
Why does NumPy not support time zones despite printing in the local time zone?,"NumPy does not currently support time zones, even though it prints in the local time zone.",https://pandas.pydata.org/docs/user_guide/timeseries.html
How can you convert a Series to a NumPy array of datetime64[ns] type while converting values to UTC?,You can specify the dtype argument with 'datetime64[ns]' when calling Series.to_numpy().,https://pandas.pydata.org/docs/user_guide/timeseries.html
What is the result of converting an object array of Timestamps back to a Series?,"The time zone information is preserved, and the Series will have the original time zone.",https://pandas.pydata.org/docs/user_guide/timeseries.html
What is the difference between the output of Series.to_numpy() on a naive Series and an aware Series?,"The naive Series returns a NumPy array of datetime64[us] type, while the aware Series returns an object array of Timestamps.",https://pandas.pydata.org/docs/user_guide/timeseries.html
"What is the method used to create a bar plot for labeled, non-time series data?",You may wish to produce a bar plot by calling a DataFrame’s plot.bar() method.,https://pandas.pydata.org/docs/user_guide/visualization.html
How can you produce a stacked bar plot using the bar plot method?,"To produce a stacked bar plot, pass stacked=True to the plot.bar() method.",https://pandas.pydata.org/docs/user_guide/visualization.html
What is the method used to create a horizontal bar plot?,"To get horizontal bar plots, use the barh method.",https://pandas.pydata.org/docs/user_guide/visualization.html
How can you change the bin size of a histogram?,Bin size can be changed using the bins keyword in the plot.hist() method.,https://pandas.pydata.org/docs/user_guide/visualization.html
What is the method used to create a histogram for a DataFrame or Series?,Histograms can be drawn by using the DataFrame.plot.hist() and Series.plot.hist() methods.,https://pandas.pydata.org/docs/user_guide/visualization.html
What keyword is used to plot grouped histograms in pandas?,The by keyword can be specified to plot grouped histograms.,https://pandas.pydata.org/docs/user_guide/visualization.html
What is the purpose of the DataFrame.hist() method?,DataFrame.hist() plots the histograms of the columns on multiple subplots.,https://pandas.pydata.org/docs/user_guide/visualization.html
How can you customize the appearance of a histogram in pandas?,"You can customize the appearance of a histogram by specifying parameters such as color, alpha, and bins.",https://pandas.pydata.org/docs/user_guide/visualization.html
What is the difference between Series.plot.box() and DataFrame.boxplot()?,"Both Series.plot.box() and DataFrame.boxplot() can be used to draw box plots, but DataFrame.boxplot() is used to visualize the distribution of values within each column.",https://pandas.pydata.org/docs/user_guide/visualization.html
What is the purpose of the figsize parameter in pandas plotting functions?,The figsize parameter is used to specify the size of the figure in inches.,https://pandas.pydata.org/docs/user_guide/visualization.html
What is the default value of the alpha parameter in the DataFrame.plot method?,The default value of the alpha parameter is 0.5 unless otherwise specified.,https://pandas.pydata.org/docs/user_guide/visualization.html
What is the purpose of the x and y keywords in the DataFrame.plot.scatter method?,These keywords are used to specify the numeric columns for the x and y axes of the scatter plot.,https://pandas.pydata.org/docs/user_guide/visualization.html
How can you plot multiple column groups in a single axes using the DataFrame.plot method?,You can repeat the plot method specifying the target ax to plot multiple column groups in a single axes.,https://pandas.pydata.org/docs/user_guide/visualization.html
What is the effect of passing a categorical column to the c keyword in the DataFrame.plot.scatter method?,"If a categorical column is passed to the c keyword, then a discrete colorbar will be produced.",https://pandas.pydata.org/docs/user_guide/visualization.html
What is the purpose of the s keyword in the DataFrame.plot.scatter method?,"The s keyword is used to specify the size of the points in the scatter plot, such as in the case of a bubble chart where a column of the DataFrame is used as the bubble size.",https://pandas.pydata.org/docs/user_guide/visualization.html
What is the purpose of using hexagonal bin plots?,Hexbin plots can be a useful alternative to scatter plots if your data are too dense to plot each point individually.,https://pandas.pydata.org/docs/user_guide/visualization.html
What is the default value of the gridsize argument in the hexbin plot?,"The default value of gridsize is 100, which means there will be 100 hexagons in the x-direction.",https://pandas.pydata.org/docs/user_guide/visualization.html
What is the C argument used for in the hexbin plot?,"The C argument specifies the value at each (x, y) point in the hexbin plot.",https://pandas.pydata.org/docs/user_guide/visualization.html
What is the default aggregation function used in the hexbin plot?,"By default, a histogram of the counts around each (x, y) point is computed, which is then aggregated using NumPy's max function.",https://pandas.pydata.org/docs/user_guide/visualization.html
What is the purpose of the reduce_C_function argument in the hexbin plot?,The reduce_C_function argument allows you to specify an alternative aggregation function to reduce all the values in a bin to a single number.,https://pandas.pydata.org/docs/user_guide/visualization.html
What is the default value filled for NaN in a pie plot?,NaN values are automatically filled with 0.,https://pandas.pydata.org/docs/user_guide/visualization.html
What is the minimum requirement to plot a pie chart with a DataFrame?,You must either specify a target column by the y argument or subplots=True.,https://pandas.pydata.org/docs/user_guide/visualization.html
How can you ensure a square figure for a pie plot?,"You can create the figure with equal width and height, or force the aspect ratio to be equal after plotting by calling ax.set_aspect('equal') on the returned axes object.",https://pandas.pydata.org/docs/user_guide/visualization.html
What happens if there are negative values in the data for a pie plot?,A ValueError will be raised.,https://pandas.pydata.org/docs/user_guide/visualization.html
How can you specify the labels and colors of each wedge in a pie plot?,You can use the labels and colors keywords to specify the labels and colors of each wedge.,https://pandas.pydata.org/docs/user_guide/visualization.html
What type of plot is displayed when using autocorrelation_plot?,"An autocorrelation plot is displayed, which shows the horizontal lines corresponding to 95% and 99% confidence bands.",https://pandas.pydata.org/docs/user_guide/visualization.html
What is the purpose of a bootstrap plot?,"A bootstrap plot is used to visually assess the uncertainty of a statistic, such as mean, median, or midrange, by computing the statistic for a random subset of the data and repeating the process multiple times.",https://pandas.pydata.org/docs/user_guide/visualization.html
What type of data can be visualized using RadViz?,"RadViz is used to visualize multi-variate data by representing each attribute as a point in a plane, typically on a unit circle.",https://pandas.pydata.org/docs/user_guide/visualization.html
What is the default color used in a bootstrap plot when not specified?,"The default color used in a bootstrap plot when not specified is not mentioned in the provided text, however, it is specified as 'grey' in the example code.",https://pandas.pydata.org/docs/user_guide/visualization.html
How many samples are used to compute the bootstrap plot in the example code?,"In the example code, 500 samples are used to compute the bootstrap plot.",https://pandas.pydata.org/docs/user_guide/visualization.html
What is the purpose of the radviz function in pandas?,"The radviz function in pandas is used to create a radial visualization of the data, where each sample is represented by a dot in the plane, and the color of the dot depends on the class of the sample.",https://pandas.pydata.org/docs/user_guide/visualization.html
How are the points in the radial visualization determined?,"The points in the radial visualization are determined by the forces acting on the samples, which are proportional to the numerical value of the attributes, and are normalized to a unit interval.",https://pandas.pydata.org/docs/user_guide/visualization.html
What is the effect of setting the plot style in matplotlib?,"Setting the plot style in matplotlib gives the plot a general look, and can be easily done by calling matplotlib.style.use(my_plot_style) before creating the plot.",https://pandas.pydata.org/docs/user_guide/visualization.html
What are the general plot style arguments available in matplotlib?,"The general plot style arguments available in matplotlib are keyword arguments that control the layout and formatting of the returned plot, and can be seen at matplotlib.style.available.",https://pandas.pydata.org/docs/user_guide/visualization.html
What is the purpose of the style argument in the plot method?,"The style argument in the plot method is used to specify the style of the plot, such as the line style, and can be used to customize the appearance of the plot.",https://pandas.pydata.org/docs/user_guide/visualization.html
What is the purpose of the cumsum() function in this code snippet?,The cumsum() function is used to calculate the cumulative sum of the values in a DataFrame or Series.,https://pandas.pydata.org/docs/user_guide/visualization.html
How many rows are generated by the date_range() function?,The date_range() function generates 1000 rows.,https://pandas.pydata.org/docs/user_guide/visualization.html
What is the purpose of the subplots_adjust() function in this code snippet?,The subplots_adjust() function is used to adjust the spacing between subplots in a figure.,https://pandas.pydata.org/docs/user_guide/visualization.html
How can error bars be specified in the plot() function?,"Error bars can be specified using a DataFrame or dict of errors, a str indicating which columns contain the error values, or raw values such as lists, tuples, or np.ndarrays.",https://pandas.pydata.org/docs/user_guide/visualization.html
What is the purpose of the plot() function in this code snippet?,The plot() function is used to create a plot of the values in a DataFrame or Series.,https://pandas.pydata.org/docs/user_guide/visualization.html
What is the name of the function used to create a MultiIndex from arrays?,The function used to create a MultiIndex from arrays is MultiIndex.from_arrays().,https://pandas.pydata.org/docs/user_guide/visualization.html
What is the name of the DataFrame created in In [171]?,The DataFrame created in In [171] is named df3.,https://pandas.pydata.org/docs/user_guide/visualization.html
How are the data in df3 grouped in In [172]?,The data in df3 is grouped by the 'letter' and 'word' levels of the index.,https://pandas.pydata.org/docs/user_guide/visualization.html
What type of plot is created in In [177]?,A bar plot is created in In [177].,https://pandas.pydata.org/docs/user_guide/visualization.html
What type of error bars are supported when plotting with yerr?,Asymmetrical error bars are also supported when plotting with yerr.,https://pandas.pydata.org/docs/user_guide/visualization.html
What is the purpose of the pandas.plotting.table function?,The pandas.plotting.table function creates a table from a DataFrame or Series and adds it to an matplotlib.Axes instance.,https://pandas.pydata.org/docs/user_guide/visualization.html
How can you customize the location of the table in a plot?,"You can customize the location of the table by passing the 'loc' argument to the pandas.plotting.table function, for example, 'loc'='upper right'.",https://pandas.pydata.org/docs/user_guide/visualization.html
What is a potential issue when plotting a large number of columns in a DataFrame?,A potential issue is that it can be difficult to distinguish some series due to repetition in the default colors.,https://pandas.pydata.org/docs/user_guide/visualization.html
How can you remedy the issue of color repetition when plotting a large number of columns?,"You can remedy this issue by using the 'colormap' argument, which accepts either a Matplotlib colormap or a string that is a name of a colormap registered with Matplotlib.",https://pandas.pydata.org/docs/user_guide/visualization.html
What is the cubehelix colormap used for in DataFrame plotting?,"The cubehelix colormap is used to select colors for lines in a plot, especially when the default colors are not easily visible.",https://pandas.pydata.org/docs/user_guide/visualization.html
What is the seed value used in the np.random.randn function?,The seed value used is 123456.,https://pandas.pydata.org/docs/user_guide/visualization.html
What type of plot is shown when df.plot(colormap='cubehelix') is called?,The type of plot shown is a line plot.,https://pandas.pydata.org/docs/user_guide/visualization.html
How can a colormap be passed to the df.plot function?,"A colormap can be passed by using the colormap parameter and assigning it a string value, such as 'cubehelix', or by importing matplotlib.cm and assigning it a colormap object, such as cm.cubehelix.",https://pandas.pydata.org/docs/user_guide/visualization.html
What type of plot is shown when dd.plot.bar(colormap='Greens') is called?,The type of plot shown is a bar chart.,https://pandas.pydata.org/docs/user_guide/visualization.html
What type of objects can be passed directly to matplotlib functions without explicit casts?,Series and DataFrame objects can be passed directly to matplotlib functions without explicit casts.,https://pandas.pydata.org/docs/user_guide/visualization.html
What is the purpose of the code snippet given?,"The code snippet is used to create a pandas Series with values 1, 2, and 3.",https://pandas.pydata.org/docs/user_guide/visualization.html
What tools can be used by the backend module to generate plots?,"The backend module can use other visualization tools such as Bokeh, Altair, and hvplot to generate plots.",https://pandas.pydata.org/docs/user_guide/visualization.html
Where can developers find a list of libraries implementing a backend for pandas?,A list of libraries implementing a backend for pandas can be found on the pandas ecosystem page.,https://pandas.pydata.org/docs/user_guide/visualization.html
What is the URL of the developers guide for extending pandas?,The URL of the developers guide for extending pandas is https://pandas.pydata.org/docs/dev/development/extending.html#plotting-backends.,https://pandas.pydata.org/docs/user_guide/visualization.html
What is the function used to create a pandas Series in the code snippet?,The function used to create a pandas Series is pd.Series().,https://pandas.pydata.org/docs/user_guide/visualization.html
What is the reason for numerical imprecision in some windowing aggregation methods?,"Numerical imprecision occurs due to the underlying windowing algorithms accumulating sums, which can result in truncation when values differ by a magnitude of approximately 4.5 × 10^15.",https://pandas.pydata.org/docs/user_guide/window.html
What is used to compute rolling sums and preserve accuracy?,Kahan summation is used to compute rolling sums and preserve accuracy as much as possible.,https://pandas.pydata.org/docs/user_guide/window.html
What is the purpose of the method='table' option in the constructor?,"The method='table' option performs the windowing operation over an entire DataFrame instead of a single column at a time, which can provide a useful performance benefit for a DataFrame with many columns or the ability to utilize other columns during the windowing operation.",https://pandas.pydata.org/docs/user_guide/window.html
What is the engine option that must be specified when using the method='table' option?,The engine='numba' option must be specified when using the method='table' option.,https://pandas.pydata.org/docs/user_guide/window.html
What is an example of a weighted mean calculation that can be performed using the apply() method?,"A weighted mean calculation can be performed by specifying a separate column of weights, as shown in the example code snippet.",https://pandas.pydata.org/docs/user_guide/window.html
What is the default behavior when a window has less than the specified min_periods of non-NaN values?,The resulting value is np.nan.,https://pandas.pydata.org/docs/user_guide/window.html
What is the purpose of the 'online' method in windowing operations?,The 'online' method allows for continuous windowing calculations by passing in new DataFrame or Series objects.,https://pandas.pydata.org/docs/user_guide/window.html
How does the 'online' method handle the initial state of the calculation?,It must call the aggregation method first to 'prime' the initial state of the online calculation.,https://pandas.pydata.org/docs/user_guide/window.html
What is the effect of passing new DataFrame or Series objects to the 'online' method?,It continues the windowing calculation with the new values.,https://pandas.pydata.org/docs/user_guide/window.html
What is the purpose of the 'weighted_mean' function in the given code snippet?,It calculates the weighted mean of the values in the DataFrame.,https://pandas.pydata.org/docs/user_guide/window.html
What is the default value for min_periods when using a time-based window?,The default value for min_periods is 1 when using a time-based window.,https://pandas.pydata.org/docs/user_guide/window.html
What happens when min_periods is set to 2 in a rolling window with a window size of 3?,"When min_periods is set to 2 in a rolling window with a window size of 3, the first two values are NaN because the window does not have enough elements to meet the min_periods requirement.",https://pandas.pydata.org/docs/user_guide/window.html
What is the effect of setting min_periods to None in a rolling window with a window size of 3?,"When min_periods is set to None in a rolling window with a window size of 3, all values are NaN because the window does not meet the min_periods requirement for any of the elements.",https://pandas.pydata.org/docs/user_guide/window.html
What is the purpose of the aggregate method in windowing operations?,The aggregate method is used to return a result of multiple aggregations applied to a window.,https://pandas.pydata.org/docs/user_guide/window.html
What is a characteristic of the index when using a time-based offset in rolling window operations?,The corresponding time-based index must be monotonic when using a time-based offset in rolling window operations.,https://pandas.pydata.org/docs/user_guide/window.html
What is the frequency of the date range generated in the code?,The frequency of the date range is 1 day (1D).,https://pandas.pydata.org/docs/user_guide/window.html
What is the effect of setting the 'center' parameter to True in the rolling function?,"When 'center' is set to True, the rolling window includes the current value in the calculation, which shifts the values to the left and right by half of the window size.",https://pandas.pydata.org/docs/user_guide/window.html
What is the behavior of the 'closed' parameter when set to 'right'?,"When 'closed' is set to 'right', the right endpoint of the rolling window is closed, meaning that the statistics are computed up to and including the current point in time.",https://pandas.pydata.org/docs/user_guide/window.html
What is the purpose of using the 'right' endpoint in rolling window calculations?,The 'right' endpoint is useful in problems where it is required that there is no contamination from present information back to past information.,https://pandas.pydata.org/docs/user_guide/window.html
What is the default value of the 'closed' parameter in the rolling function?,"The default value of the 'closed' parameter is 'neither', meaning that both endpoints of the rolling window are open.",https://pandas.pydata.org/docs/user_guide/window.html
What is the initial index of the dataframe df?,The initial index of the dataframe df is 'time'.,https://pandas.pydata.org/docs/user_guide/window.html
How do you reverse the order of a pandas Series?,"You can reverse the order of a pandas Series by using the slicing syntax with a step of -1, like this: df[::-1].",https://pandas.pydata.org/docs/user_guide/window.html
What is the purpose of the raw argument in the rolling.apply function?,The raw argument in the rolling.apply function specifies whether the windows are cast as Series objects (raw=False) or ndarray objects (raw=True).,https://pandas.pydata.org/docs/user_guide/window.html
What is the mad function used for in the rolling.apply example?,"The mad function calculates the mean absolute deviation of an array from its mean, and it is used to perform generic rolling computations.",https://pandas.pydata.org/docs/user_guide/window.html
Can the apply function in rolling computations leverage Numba for performance?,"Yes, the apply function in rolling computations can leverage Numba if it is installed as an optional dependency.",https://pandas.pydata.org/docs/user_guide/window.html
What is required to use Numba engine for apply aggregation?,"To use Numba engine for apply aggregation, you need to specify 'engine='numba'' and 'engine_kwargs' arguments, and set 'raw' to True.",https://pandas.pydata.org/docs/user_guide/window.html
What happens when func is a JITed function in Numba engine?,"When func is a JITed function, the engine will not JIT the function again. It will only JIT the for loop where the apply function is applied to each window.",https://pandas.pydata.org/docs/user_guide/window.html
What keyword arguments can be passed to numba.jit decorator using engine_kwargs?,The keyword arguments passed to numba.jit decorator using engine_kwargs will be applied to both the passed function (if a standard Python function) and the apply for loop over each window.,https://pandas.pydata.org/docs/user_guide/window.html
What types of Series or DataFrame can be used as input for binary window functions cov() and corr()?,Binary window functions cov() and corr() can compute moving window statistics about two Series or any combination of DataFrame / Series or DataFrame / DataFrame.,https://pandas.pydata.org/docs/user_guide/window.html
What is the default behavior of binary window functions cov() and corr() when computing statistics for two DataFrames?,"By default, cov() and corr() compute the statistic for matching column names, returning a DataFrame.",https://pandas.pydata.org/docs/user_guide/window.html
What is the effect of passing the keyword argument `pairwise=True` to the `corr` method?,"It computes the statistic for each pair of columns, returning a DataFrame with a MultiIndex whose values are the dates in question.",https://pandas.pydata.org/docs/user_guide/window.html
What is the purpose of computing rolling pairwise covariances and correlations in financial data analysis?,"It is common to compute covariance and correlation matrices for a collection of time series, and to compute moving-window covariance and correlation matrices.",https://pandas.pydata.org/docs/user_guide/window.html
How are missing values handled when computing rolling pairwise covariances and correlations?,Missing values are ignored and each entry is computed using the pairwise complete observations.,https://pandas.pydata.org/docs/user_guide/window.html
What is the result of passing the `pairwise` argument to the `corr` method when a single DataFrame argument is used?,The `pairwise` argument can be omitted.,https://pandas.pydata.org/docs/user_guide/window.html
What is the property of the estimate for the covariance matrix obtained when missing data are missing at random?,It is unbiased.,https://pandas.pydata.org/docs/user_guide/window.html
What is the potential issue with the estimated covariance matrix in the pandas library?,"The estimated covariance matrix may not be positive semi-definite, leading to estimated correlations with absolute values greater than one, and/or a non-invertible covariance matrix.",https://pandas.pydata.org/docs/user_guide/window.html
What is the purpose of the win_type argument in the .rolling function?,The win_type argument generates a weighted window that is commonly used in filtering and spectral estimation.,https://pandas.pydata.org/docs/user_guide/window.html
What must be installed in order to use the win_type argument in the .rolling function?,Scipy must be installed in order to use the win_type argument.,https://pandas.pydata.org/docs/user_guide/window.html
What type of string is win_type?,win_type must be a string that corresponds to a scipy.signal window function.,https://pandas.pydata.org/docs/user_guide/window.html
What is the default behavior of the .rolling function when the window argument is not specified?,"This is not explicitly stated in the text, but it is implied that the default behavior is to use a standard rolling window, rather than a weighted window.",https://pandas.pydata.org/docs/user_guide/window.html
What is the initial value of the 'mean' function applied to series 's'?,"The initial value of the 'mean' function applied to series 's' is NaN for all indices except for indices 4, 5, 6, 7, 8, and 9 where the values are 2.0, 3.0, 4.0, 5.0, 6.0, and 7.0 respectively.",https://pandas.pydata.org/docs/user_guide/window.html
What is the effect of using the rolling function with a window size of 5 and a win_type of 'triang' on series 's'?,The rolling function with a window size of 5 and a win_type of 'triang' on series 's' produces the same result as the initial 'mean' function applied to series 's'.,https://pandas.pydata.org/docs/user_guide/window.html
What is the effect of passing the argument std=0.1 to the rolling function with a window size of 5 and a win_type of 'gaussian' on series 's'?,Passing the argument std=0.1 to the rolling function with a window size of 5 and a win_type of 'gaussian' on series 's' does not change the result compared to the initial 'mean' function applied to series 's'.,https://pandas.pydata.org/docs/user_guide/window.html
What is the difference between using the rolling function with a window size equal to the length of the DataFrame and the expanding function on a DataFrame with 5 rows?,"The rolling function with a window size equal to the length of the DataFrame and the expanding function produce the same result, which is an expanding window of means.",https://pandas.pydata.org/docs/user_guide/window.html
What is the effect of using the expanding function with min_periods=1 on a DataFrame with 5 rows?,"The expanding function with min_periods=1 on a DataFrame with 5 rows produces an expanding window of means, where each mean is calculated from all the data available up to that point in time.",https://pandas.pydata.org/docs/user_guide/window.html
What is the formula for a weighted moving average?,"The formula for a weighted moving average is y_t = ∑(w_i x_{t-i}) / ∑(w_i), where x_t is the input, y_t is the result, and w_i are the weights.",https://pandas.pydata.org/docs/user_guide/window.html
What is the default variant of exponential weights used by EW functions?,The default variant of exponential weights used by EW functions is w_i = (1 - α)^i.,https://pandas.pydata.org/docs/user_guide/window.html
How are moving averages calculated when adjust=False is specified?,Moving averages are calculated as y_t = (1 - α) y_{t-1} + α x_t.,https://pandas.pydata.org/docs/user_guide/window.html
What is the difference between the two variants of exponential weights?,The difference between the two variants arises because we are dealing with series which have finite history.,https://pandas.pydata.org/docs/user_guide/window.html
What is the alternative notation for α used in some equations?,The alternative notation for α is α' = 1 - α.,https://pandas.pydata.org/docs/user_guide/window.html
What is the formula for the series when adjust=True?,The formula for the series when adjust=True is y_t = (x_t + (1 - α)x_{t-1} + (1 - α)^2 x_{t-2} + ...) / (1 + (1 - α) + (1 - α)^2 + ...).,https://pandas.pydata.org/docs/user_guide/window.html
What is the denominator of the formula for the series when adjust=True?,The denominator is a geometric series with an initial term of 1 and a ratio of 1 - α.,https://pandas.pydata.org/docs/user_guide/window.html
What is the simplified formula for the series when adjust=True?,The simplified formula for the series when adjust=True is y_t = αx_t + (1 - α)y_{t-1}.,https://pandas.pydata.org/docs/user_guide/window.html
What is the value of y_0 when adjust=False?,"When adjust=False, y_0 = x_0.",https://pandas.pydata.org/docs/user_guide/window.html
What is the assumption about x_0 when adjust=False?,There is an assumption that x_0 is not an ordinary value but rather an exponentially weighted moment of the infinite series up to that point.,https://pandas.pydata.org/docs/user_guide/window.html
What is the formula for calculating ewmvar(x) when bias=True?,ewmvar(x) = ewma(x**2) - ewma(x)**2.,https://pandas.pydata.org/docs/user_guide/window.html
What happens to the biased variance statistics when bias=False?,They are scaled by debiasing factors.,https://pandas.pydata.org/docs/user_guide/window.html
What is the formula for the debiasing factor when wi = 1?,"N / (N - 1), where N = t + 1.",https://pandas.pydata.org/docs/user_guide/window.html
What is the default value for the bias parameter in ewmvar(x)?,False.,https://pandas.pydata.org/docs/user_guide/window.html
Where can you find further details on weighted sample variance?,"On Wikipedia, specifically the Weighted Sample Variance page.",https://pandas.pydata.org/docs/user_guide/window.html
