section,subsection,function_name,parameters,description,source_url
DataFrame,Constructor,DataFrame,"[data, index, columns, dtype, copy]","Two-dimensional, size-mutable, potentially heterogeneous tabular data.

Data structure also contains labeled axes (rows and columns).
Arithmetic operations align on both row and column labels. Can be
thought of as a dict-like container for Series objects. The primary
pandas data structure.

Notes

Please reference the User Guide for more information.

Examples

Constructing DataFrame from a dictionary.

Notice that the inferred dtype is int64.

To enforce a single dtype:

Constructing DataFrame from a dictionary including Series:

Constructing DataFrame from numpy ndarray:

Constructing DataFrame from a numpy ndarray that has labeled columns:

Constructing DataFrame from dataclass:

Constructing DataFrame from Series/DataFrame:

Attributes

Methods",https://pandas.pydata.org/docs/reference/api/pandas.DataFrame.html
DataFrame,Attributes and underlying data,DataFrame.index,,"The index (row labels) of the DataFrame.

The index of a DataFrame is a series of labels that identify each row.
The labels can be integers, strings, or any other hashable type. The index
is used for label-based access and alignment, and can be accessed or
modified using this attribute.

Examples

In this example, we create a DataFrame with 3 rows and 3 columns,
including Name, Age, and Location information. We set the index labels to
be the integers 10, 20, and 30. We then access the index attribute of the
DataFrame, which returns an Index object containing the index labels.

In this example, we modify the index labels of the DataFrame by assigning
a new list of labels to the index attribute. The DataFrame is then
updated with the new labels, and the output shows the modified DataFrame.",https://pandas.pydata.org/docs/reference/api/pandas.DataFrame.index.html
DataFrame,Attributes and underlying data,DataFrame.columns,,"The column labels of the DataFrame.

This property holds the column names as a pandas Index object.
It provides an immutable sequence of column labels that can be
used for data selection, renaming, and alignment in DataFrame operations.

Examples",https://pandas.pydata.org/docs/reference/api/pandas.DataFrame.columns.html
DataFrame,Attributes and underlying data,DataFrame.dtypes,,"Return the dtypes in the DataFrame.

This returns a Series with the data type of each column.
The result’s index is the original DataFrame’s columns. Columns
with mixed types are stored with the object dtype. See the User Guide for more.

Examples",https://pandas.pydata.org/docs/reference/api/pandas.DataFrame.dtypes.html
DataFrame,Attributes and underlying data,DataFrame.info,"[verbose, buf, max_cols, ...]","Print a concise summary of a DataFrame.

This method prints information about a DataFrame including
the index dtype and columns, non-NA values and memory usage.

Examples

Prints information of all columns:

Prints a summary of columns count and its dtypes but not per column
information:

Pipe output of DataFrame.info to buffer instead of sys.stdout, get
buffer content and writes to a text file:

The memory_usage parameter allows deep introspection mode, specially
useful for big DataFrames and fine-tune memory optimization:",https://pandas.pydata.org/docs/reference/api/pandas.DataFrame.info.html
DataFrame,Attributes and underlying data,DataFrame.select_dtypes,"[include, exclude]","Return a subset of the DataFrame’s columns based on the column dtypes.

This method allows for filtering columns based on their data types.
It is useful when working with heterogeneous DataFrames where operations
need to be performed on a specific subset of data types.

Notes

Examples",https://pandas.pydata.org/docs/reference/api/pandas.DataFrame.select_dtypes.html
DataFrame,Attributes and underlying data,DataFrame.values,,"Return a Numpy representation of the DataFrame.

Only the values in the DataFrame will be returned, the axes labels
will be removed.

Notes

The dtype will be a lower-common-denominator dtype (implicit
upcasting); that is to say if the dtypes (even of numeric types)
are mixed, the one that accommodates all will be chosen. Use this
with care if you are not dealing with the blocks.

e.g. If the dtypes are float16 and float32, dtype will be upcast to
float32.  If dtypes are int32 and uint8, dtype will be upcast to
int32. By numpy.find_common_type() convention, mixing int64
and uint64 will result in a float64 dtype.

Examples

A DataFrame where all columns are the same type (e.g., int64) results
in an array of the same type.

A DataFrame with mixed type columns(e.g., str/object, int64, float32)
results in an ndarray of the broadest type that accommodates these
mixed types (e.g., object).",https://pandas.pydata.org/docs/reference/api/pandas.DataFrame.values.html
DataFrame,Attributes and underlying data,DataFrame.axes,,"Return a list representing the axes of the DataFrame.

It has the row axis labels and column axis labels as the only members.
They are returned in that order.

Examples",https://pandas.pydata.org/docs/reference/api/pandas.DataFrame.axes.html
DataFrame,Attributes and underlying data,DataFrame.ndim,,"Return an int representing the number of axes / array dimensions.

Return 1 if Series. Otherwise return 2 if DataFrame.

Examples",https://pandas.pydata.org/docs/reference/api/pandas.DataFrame.ndim.html
DataFrame,Attributes and underlying data,DataFrame.size,,"Return an int representing the number of elements in this object.

Return the number of rows if Series. Otherwise return the number of
rows times number of columns if DataFrame.

Examples",https://pandas.pydata.org/docs/reference/api/pandas.DataFrame.size.html
DataFrame,Attributes and underlying data,DataFrame.shape,,"Return a tuple representing the dimensionality of the DataFrame.

Unlike the len() method, which only returns the number of rows, shape provides both row and column counts, making it a more informative method for
understanding dataset size.

Examples",https://pandas.pydata.org/docs/reference/api/pandas.DataFrame.shape.html
DataFrame,Attributes and underlying data,DataFrame.memory_usage,"[index, deep]","Return the memory usage of each column in bytes.

The memory usage can optionally include the contribution of
the index and elements of object dtype.

This value is displayed in DataFrame.info by default. This can be
suppressed by setting pandas.options.display.memory_usage to False.

Notes

See the Frequently Asked Questions for more
details.

Examples

The memory footprint of object dtype columns is ignored by default:

Use a Categorical for efficient storage of an object-dtype column with
many repeated values.",https://pandas.pydata.org/docs/reference/api/pandas.DataFrame.memory_usage.html
DataFrame,Attributes and underlying data,DataFrame.empty,,"Indicator whether Series/DataFrame is empty.

True if Series/DataFrame is entirely empty (no items), meaning any of the
axes are of length 0.

Notes

If Series/DataFrame contains only NaNs, it is still not considered empty. See
the example below.

Examples

An example of an actual empty DataFrame. Notice the index is empty:

If we only have NaNs in our DataFrame, it is not considered empty! We
will need to drop the NaNs to make the DataFrame empty:",https://pandas.pydata.org/docs/reference/api/pandas.DataFrame.empty.html
DataFrame,Attributes and underlying data,DataFrame.set_flags,"*[, copy, ...]","Return a new object with updated flags.

This method creates a shallow copy of the original object, preserving its
underlying data while modifying its global flags. In particular, it allows
you to update properties such as whether duplicate labels are permitted. This
behavior is especially useful in method chains, where one wishes to
adjust DataFrame or Series characteristics without altering the original object.

Notes

This method returns a new object that’s a view on the same data
as the input. Mutating the input or the output values will be reflected
in the other.

This method is intended to be used in method chains.

“Flags” differ from “metadata”. Flags reflect properties of the
pandas object (the Series or DataFrame). Metadata refer to properties
of the dataset, and should be stored in DataFrame.attrs .

Examples",https://pandas.pydata.org/docs/reference/api/pandas.DataFrame.set_flags.html
DataFrame,Conversion,DataFrame.astype,"dtype[, copy, errors]","Cast a pandas object to a specified dtype dtype .

This method allows the conversion of the data types of pandas objects,
including DataFrames and Series, to the specified dtype. It supports casting
entire objects to a single data type or applying different data types to
individual columns using a mapping.

Notes

Examples

Create a DataFrame:

Cast all columns to int32:

Cast col1 to int32 using a dictionary:

Create a series:

Convert to categorical type:

Convert to ordered categorical type with custom ordering:

Create a series of dates:",https://pandas.pydata.org/docs/reference/api/pandas.DataFrame.astype.html
DataFrame,Conversion,DataFrame.convert_dtypes,"[infer_objects, ...]","Convert columns from numpy dtypes to the best dtypes that support pd.NA .

Notes

By default, convert_dtypes will attempt to convert a Series (or each
Series in a DataFrame) to dtypes that support pd.NA . By using the options convert_string , convert_integer , convert_boolean and convert_floating , it is possible to turn off individual conversions
to StringDtype , the integer extension types, BooleanDtype or floating extension types, respectively.

For object-dtyped columns, if infer_objects is True , use the inference
rules as during normal Series/DataFrame construction.  Then, if possible,
convert to StringDtype , BooleanDtype or an appropriate integer
or floating extension type, otherwise leave as object .

If the dtype is integer, convert to an appropriate integer extension type.

If the dtype is numeric, and consists of all integers, convert to an
appropriate integer extension type. Otherwise, convert to an
appropriate floating extension type.

In the future, as new dtypes are added that support pd.NA , the results
of this method will change to support those new dtypes.

Examples

Start with a DataFrame with default dtypes.

Convert the DataFrame to use best possible dtypes.

Start with a Series of strings and missing data represented by np.nan .

Obtain a Series with dtype StringDtype .",https://pandas.pydata.org/docs/reference/api/pandas.DataFrame.convert_dtypes.html
DataFrame,Conversion,DataFrame.infer_objects,[copy],"Attempt to infer better dtypes for object columns.

Attempts soft conversion of object-dtyped
columns, leaving non-object and unconvertible
columns unchanged. The inference rules are the
same as during normal Series/DataFrame construction.

Examples",https://pandas.pydata.org/docs/reference/api/pandas.DataFrame.infer_objects.html
DataFrame,Conversion,DataFrame.copy,[deep],"Make a copy of this object’s indices and data.

When deep=True (default), a new object will be created with a
copy of the calling object’s data and indices. Modifications to
the data or indices of the copy will not be reflected in the
original object (see notes below).

When deep=False , a new object will be created without copying
the calling object’s data or index (only references to the data
and index are copied). With Copy-on-Write, changes to the original
will not be reflected in the shallow copy (and vice versa). The
shallow copy uses a lazy (deferred) copy mechanism that copies the
data only when any changes to the original or shallow copy are made,
ensuring memory efficiency while maintaining data integrity.

Notes

When deep=True , data is copied but actual Python objects
will not be copied recursively, only the reference to the object.
This is in contrast to copy.deepcopy in the Standard Library,
which recursively copies object data (see examples below).

While Index objects are copied when deep=True , the underlying
numpy array is not copied for performance reasons. Since Index is
immutable, the underlying data can be safely shared and a copy
is not needed.

Since pandas is not thread safe, see the gotchas when copying in a threading
environment.

Copy-on-Write protects shallow copies against accidental modifications.
This means that any changes to the copied data would make a new copy
of the data upon write (and vice versa). Changes made to either the
original or copied variable would not be reflected in the counterpart.
See Copy_on_Write for more information.

Examples

Due to Copy-on-Write, shallow copies still protect data modifications.
Note shallow does not get modified below.

When the data has object dtype, even a deep copy does not copy the
underlying Python objects. Updating a nested data object will be
reflected in the deep copy.",https://pandas.pydata.org/docs/reference/api/pandas.DataFrame.copy.html
DataFrame,Conversion,DataFrame.to_numpy,"[dtype, copy, na_value]","Convert the DataFrame to a NumPy array.

By default, the dtype of the returned array will be the common NumPy
dtype of all types in the DataFrame. For example, if the dtypes are float16 and float32 , the results dtype will be float32 .
This may require copying data and coercing values, which may be
expensive.

Examples

With heterogeneous data, the lowest common type will have to
be used.

For a mix of numeric and non-numeric types, the output array will
have object dtype.",https://pandas.pydata.org/docs/reference/api/pandas.DataFrame.to_numpy.html
DataFrame,"Indexing, iteration",DataFrame.head,[n],"Return the first n rows.

This function exhibits the same behavior as df[:n] , returning the
first n rows based on position. It is useful for quickly checking
if your object has the right type of data in it.

When n is positive, it returns the first n rows. For n equal to 0,
it returns an empty object. When n is negative, it returns
all rows except the last |n| rows, mirroring the behavior of df[:n] .

If n is larger than the number of rows, this function returns all rows.

Examples

Viewing the first 5 lines

Viewing the first n lines (three in this case)

For negative values of n",https://pandas.pydata.org/docs/reference/api/pandas.DataFrame.head.html
DataFrame,"Indexing, iteration",DataFrame.at,,"Access a single value for a row/column label pair.

Similar to loc , in that both provide label-based lookups. Use at if you only need to get or set a single value in a DataFrame
or Series.

Notes

See Fast scalar value getting and setting for more details.

Examples

Get value at specified row/column pair

Set value at specified row/column pair

Get value within a Series",https://pandas.pydata.org/docs/reference/api/pandas.DataFrame.at.html
DataFrame,"Indexing, iteration",DataFrame.iat,,"Access a single value for a row/column pair by integer position.

Similar to iloc , in that both provide integer-based lookups. Use iat if you only need to get or set a single value in a DataFrame
or Series.

Examples

Get value at specified row/column pair

Set value at specified row/column pair

Get value within a series",https://pandas.pydata.org/docs/reference/api/pandas.DataFrame.iat.html
DataFrame,"Indexing, iteration",DataFrame.loc,,"Access a group of rows and columns by label(s) or a boolean array.

.loc[] is primarily label based, but may also be used with a
boolean array.

Allowed inputs are:

See more at Selection by Label .

Examples

Getting values

Single label. Note this returns the row as a Series.

List of labels. Note using [[]] returns a DataFrame.

Single label for row and column

Slice with labels for row and single label for column. As mentioned
above, note that both the start and stop of the slice are included.

Boolean list with the same length as the row axis

Alignable boolean Series:

Index (same behavior as df.reindex )

Conditional that returns a boolean Series

Conditional that returns a boolean Series with column labels specified

Multiple conditional using & that returns a boolean Series

Multiple conditional using | that returns a boolean Series

Please ensure that each condition is wrapped in parentheses () .
See the user guide for more details and explanations of Boolean indexing.

Callable that returns a boolean Series

Setting values

Set value for all items matching the list of labels

Set value for an entire row

Set value for an entire column

Set value for rows matching callable condition

Add value matching location

Setting using a Series or a DataFrame sets the values matching the
index labels, not the index positions.

Getting values on a DataFrame with an index that has integer labels

Another example using integers for the index

Slice with integer labels for rows. As mentioned above, note that both
the start and stop of the slice are included.

Getting values with a MultiIndex

A number of examples using a DataFrame with a MultiIndex

Single label. Note this returns a DataFrame with a single index.

Single index tuple. Note this returns a Series.

Single label for row and column. Similar to passing in a tuple, this
returns a Series.

Single tuple. Note using [[]] returns a DataFrame.

Single tuple for the index with a single label for the column

Slice from index tuple to single label

Slice from index tuple to index tuple

Please see the user guide for more details and explanations of advanced indexing.

Assignment with Series

When assigning a Series to .loc[row_indexer, col_indexer], pandas aligns
the Series by index labels, not by order or position.

Series assignment with .loc and index alignment:",https://pandas.pydata.org/docs/reference/api/pandas.DataFrame.loc.html
DataFrame,"Indexing, iteration",DataFrame.iloc,,"Purely integer-location based indexing for selection by position.

.iloc[] is primarily integer position based (from 0 to length-1 of the axis), but may also be used with a boolean
array.

Allowed inputs are:

.iloc will raise IndexError if a requested indexer is
out-of-bounds, except slice indexers which allow out-of-bounds
indexing (this conforms with python/numpy slice semantics).

See more at Selection by Position .

Examples

Indexing just the rows

With a scalar integer.

With a list of integers.

With a slice object.

With a boolean mask the same length as the index.

With a callable, useful in method chains. The x passed
to the lambda is the DataFrame being sliced. This selects
the rows whose index label even.

Indexing both axes

You can mix the indexer types for the index and columns. Use : to
select the entire axis.

With scalar integers.

With lists of integers.

With slice objects.

With a boolean array whose length matches the columns.

With a callable function that expects the Series or DataFrame.",https://pandas.pydata.org/docs/reference/api/pandas.DataFrame.iloc.html
DataFrame,"Indexing, iteration",DataFrame.insert,"loc, column, value[, ...]","Insert column into DataFrame at specified location.

Raises a ValueError if column is already contained in the DataFrame,
unless allow_duplicates is set to True.

Examples

Notice that pandas uses index alignment in case of value from type Series :",https://pandas.pydata.org/docs/reference/api/pandas.DataFrame.insert.html
DataFrame,"Indexing, iteration",DataFrame.__iter__,,"Iterate over info axis.

Examples",https://pandas.pydata.org/docs/reference/api/pandas.DataFrame.__iter__.html
DataFrame,"Indexing, iteration",DataFrame.items,,"Iterate over (column name, Series) pairs.

Iterates over the DataFrame columns, returning a tuple with
the column name and the content as a Series.

Examples",https://pandas.pydata.org/docs/reference/api/pandas.DataFrame.items.html
DataFrame,"Indexing, iteration",DataFrame.keys,,"Get the ‘info axis’ (see Indexing for more).

This is index for Series, columns for DataFrame.

Examples",https://pandas.pydata.org/docs/reference/api/pandas.DataFrame.keys.html
DataFrame,"Indexing, iteration",DataFrame.iterrows,,"Iterate over DataFrame rows as (index, Series) pairs.

Notes

Examples",https://pandas.pydata.org/docs/reference/api/pandas.DataFrame.iterrows.html
DataFrame,"Indexing, iteration",DataFrame.itertuples,"[index, name]","Iterate over DataFrame rows as namedtuples.

Notes

The column names will be renamed to positional names if they are
invalid Python identifiers, repeated, or start with an underscore.

Examples

By setting the index parameter to False we can remove the index
as the first element of the tuple:

With the name parameter set we set a custom name for the yielded
namedtuples:",https://pandas.pydata.org/docs/reference/api/pandas.DataFrame.itertuples.html
DataFrame,"Indexing, iteration",DataFrame.pop,item,"Return item and drop it from DataFrame. Raise KeyError if not found.

Examples",https://pandas.pydata.org/docs/reference/api/pandas.DataFrame.pop.html
DataFrame,"Indexing, iteration",DataFrame.tail,[n],"Return the last n rows.

This function returns last n rows from the object based on
position. It is useful for quickly verifying data, for example,
after sorting or appending rows.

For negative values of n , this function returns all rows except
the first |n| rows, equivalent to df[|n|:] .

If n is larger than the number of rows, this function returns all rows.

Examples

Viewing the last 5 lines

Viewing the last n lines (three in this case)

For negative values of n",https://pandas.pydata.org/docs/reference/api/pandas.DataFrame.tail.html
DataFrame,"Indexing, iteration",DataFrame.xs,"key[, axis, level, drop_level]","Return cross-section from the Series/DataFrame.

This method takes a key argument to select data at a particular
level of a MultiIndex.

Notes

xs can not be used to set values.

MultiIndex Slicers is a generic way to get/set values on
any level or levels.
It is a superset of xs functionality, see MultiIndex Slicers .

Examples

Get values at specified index

Get values at several indexes

Get values at specified index and level

Get values at several indexes and levels

Get values at specified column and axis",https://pandas.pydata.org/docs/reference/api/pandas.DataFrame.xs.html
DataFrame,"Indexing, iteration",DataFrame.get,"key[, default]","Get item from object for given key (ex: DataFrame column).

Returns default value if not found.

Examples

If the key isn’t found, the default value will be used.",https://pandas.pydata.org/docs/reference/api/pandas.DataFrame.get.html
DataFrame,"Indexing, iteration",DataFrame.isin,values,"Whether each element in the DataFrame is contained in values.

Notes

__iter__ is used (and not __contains__ ) to iterate over values
when checking if it contains the elements in DataFrame.

Examples

When values is a list check whether every value in the DataFrame
is present in the list (which animals have 0 or 2 legs or wings)

To check if values is not in the DataFrame, use the ~ operator:

When values is a dict, we can pass values to check for each
column separately:

When values is a Series or DataFrame the index and column must
match. Note that ‘falcon’ does not match based on the number of legs
in other.",https://pandas.pydata.org/docs/reference/api/pandas.DataFrame.isin.html
DataFrame,"Indexing, iteration",DataFrame.where,"cond[, other, inplace, ...]","Replace values where the condition is False.

This method allows conditional replacement of values. Where the
condition evaluates to True, the original values are retained; where
it evaluates to False, values are replaced with corresponding entries
from other .

Notes

The where method is an application of the if-then idiom. For each
element in the caller, if cond is True the
element is used; otherwise the corresponding element from other is used. If the axis of other does not align with axis of cond Series/DataFrame, the values of cond on misaligned index positions
will be filled with False.

The signature for Series.where() or DataFrame.where() differs from numpy.where() .
Roughly df1.where(m, df2) is equivalent to np.where(m, df1, df2) .

For further details and examples see the where documentation in indexing .

The dtype of the object takes precedence. The fill value is casted to
the object’s dtype, if this can be done losslessly.

Examples",https://pandas.pydata.org/docs/reference/api/pandas.DataFrame.where.html
DataFrame,"Indexing, iteration",DataFrame.mask,"cond[, other, inplace, axis, ...]","Replace values where the condition is True.

Notes

The mask method is an application of the if-then idiom. For each
element in the caller, if cond is False the
element is used; otherwise the corresponding element from other is used. If the axis of other does not align with axis of cond Series/DataFrame, the values of cond on misaligned index positions
will be filled with True.

The signature for Series.where() or DataFrame.where() differs from numpy.where() .
Roughly df1.where(m, df2) is equivalent to np.where(m, df1, df2) .

For further details and examples see the mask documentation in indexing .

The dtype of the object takes precedence. The fill value is casted to
the object’s dtype, if this can be done losslessly.

Examples",https://pandas.pydata.org/docs/reference/api/pandas.DataFrame.mask.html
DataFrame,"Indexing, iteration",DataFrame.query,"expr, *[, parser, engine, ...]","Query the columns of a DataFrame with a boolean expression.

Notes

The result of the evaluation of this expression is first passed to DataFrame.loc and if that fails because of a
multidimensional key (e.g., a DataFrame) then the result will be passed
to DataFrame.__getitem__() .

This method uses the top-level eval() function to
evaluate the passed query.

The query() method uses a slightly
modified Python syntax by default. For example, the & and | (bitwise) operators have the precedence of their boolean cousins, and and or . This is syntactically valid Python,
however the semantics are different.

You can change the semantics of the expression by passing the keyword
argument parser='python' . This enforces the same semantics as
evaluation in Python space. Likewise, you can pass engine='python' to evaluate an expression using Python itself as a backend. This is not
recommended as it is inefficient compared to using numexpr as the
engine.

The DataFrame.index and DataFrame.columns attributes of the DataFrame instance are placed in the query namespace
by default, which allows you to treat both the index and columns of the
frame as a column in the frame.
The identifier index is used for the frame index; you can also
use the name of the index to identify it in a query. Please note that
Python keywords may not be used as identifiers.

For further details and examples see the query documentation in indexing .

Backtick quoted variables

Backtick quoted variables are parsed as literal Python code and
are converted internally to a Python valid identifier.
This can lead to the following problems.

During parsing a number of disallowed characters inside the backtick
quoted string are replaced by strings that are allowed as a Python identifier.
These characters include all operators in Python, the space character, the
question mark, the exclamation mark, the dollar sign, and the euro sign.

A backtick can be escaped by double backticks.

See also the Python documentation about lexical analysis in combination with the source code in pandas.core.computation.parsing .

Examples

The previous expression is equivalent to

For columns with spaces in their name, you can use backtick quoting.

The previous expression is equivalent to

Using local variable:",https://pandas.pydata.org/docs/reference/api/pandas.DataFrame.query.html
DataFrame,"Indexing, iteration",DataFrame.isetitem,"loc, value","Set the given value in the column with position loc .

This is a positional analogue to __setitem__ .

Notes

frame.isetitem(loc, value) is an in-place method as it will
modify the DataFrame in place (not returning a new object). In contrast to frame.iloc[:, i] = value which will try to update the existing values in
place, frame.isetitem(loc, value) will not update the values of the column
itself in place, it will instead insert a new array.

In cases where frame.columns is unique, this is equivalent to frame[frame.columns[i]] = value .

Examples",https://pandas.pydata.org/docs/reference/api/pandas.DataFrame.isetitem.html
DataFrame,Binary operator functions,DataFrame.__add__,other,"Get Addition of DataFrame and other, column-wise.

Equivalent to DataFrame.add(other) .

Examples

Adding a scalar affects all rows and columns.

Each element of a list is added to a column of the DataFrame, in order.

Keys of a dictionary are aligned to the DataFrame, based on column names;
each value in the dictionary is added to the corresponding column.

When other is a Series , the index of other is aligned with the
columns of the DataFrame.

Even when the index of other is the same as the index of the DataFrame,
the Series will not be reoriented. If index-wise alignment is desired, DataFrame.add() should be used with axis=’index’ .

When other is a DataFrame , both columns names and the
index are aligned.",https://pandas.pydata.org/docs/reference/api/pandas.DataFrame.__add__.html
DataFrame,Binary operator functions,DataFrame.add,"other[, axis, level, fill_value]","Get Addition of dataframe and other, element-wise (binary operator add ).

Equivalent to dataframe + other , but with support to substitute a fill_value
for missing data in one of the inputs. With reverse version, radd .

Among flexible wrappers ( add , sub , mul , div , floordiv , mod , pow ) to
arithmetic operators: + , - , * , / , // , % , ** .

Notes

Mismatched indices will be unioned together.

Examples

Add a scalar with operator version which return the same
results.

Divide by constant with reverse version.

Subtract a list and Series by axis with operator version.

Multiply a dictionary by axis.

Multiply a DataFrame of different shape with operator version.

Divide by a MultiIndex by level.",https://pandas.pydata.org/docs/reference/api/pandas.DataFrame.add.html
DataFrame,Binary operator functions,DataFrame.sub,"other[, axis, level, fill_value]","Get Subtraction of dataframe and other, element-wise (binary operator sub ).

Equivalent to dataframe - other , but with support to substitute a fill_value
for missing data in one of the inputs. With reverse version, rsub .

Among flexible wrappers ( add , sub , mul , div , floordiv , mod , pow ) to
arithmetic operators: + , - , * , / , // , % , ** .

Notes

Mismatched indices will be unioned together.

Examples

Add a scalar with operator version which return the same
results.

Divide by constant with reverse version.

Subtract a list and Series by axis with operator version.

Multiply a dictionary by axis.

Multiply a DataFrame of different shape with operator version.

Divide by a MultiIndex by level.",https://pandas.pydata.org/docs/reference/api/pandas.DataFrame.sub.html
DataFrame,Binary operator functions,DataFrame.mul,"other[, axis, level, fill_value]","Get Multiplication of dataframe and other, element-wise (binary operator mul ).

Equivalent to dataframe * other , but with support to substitute a fill_value
for missing data in one of the inputs. With reverse version, rmul .

Among flexible wrappers ( add , sub , mul , div , floordiv , mod , pow ) to
arithmetic operators: + , - , * , / , // , % , ** .

Notes

Mismatched indices will be unioned together.

Examples

Add a scalar with operator version which return the same
results.

Divide by constant with reverse version.

Subtract a list and Series by axis with operator version.

Multiply a dictionary by axis.

Multiply a DataFrame of different shape with operator version.

Divide by a MultiIndex by level.",https://pandas.pydata.org/docs/reference/api/pandas.DataFrame.mul.html
DataFrame,Binary operator functions,DataFrame.div,"other[, axis, level, fill_value]","Get Floating division of dataframe and other, element-wise (binary operator truediv ).

Equivalent to dataframe / other , but with support to substitute a fill_value
for missing data in one of the inputs. With reverse version, rtruediv .

Among flexible wrappers ( add , sub , mul , div , floordiv , mod , pow ) to
arithmetic operators: + , - , * , / , // , % , ** .

Notes

Mismatched indices will be unioned together.

Examples

Add a scalar with operator version which return the same
results.

Divide by constant with reverse version.

Subtract a list and Series by axis with operator version.

Multiply a dictionary by axis.

Multiply a DataFrame of different shape with operator version.

Divide by a MultiIndex by level.",https://pandas.pydata.org/docs/reference/api/pandas.DataFrame.div.html
DataFrame,Binary operator functions,DataFrame.truediv,"other[, axis, level, ...]","Get Floating division of dataframe and other, element-wise (binary operator truediv ).

Equivalent to dataframe / other , but with support to substitute a fill_value
for missing data in one of the inputs. With reverse version, rtruediv .

Among flexible wrappers ( add , sub , mul , div , floordiv , mod , pow ) to
arithmetic operators: + , - , * , / , // , % , ** .

Notes

Mismatched indices will be unioned together.

Examples

Add a scalar with operator version which return the same
results.

Divide by constant with reverse version.

Subtract a list and Series by axis with operator version.

Multiply a dictionary by axis.

Multiply a DataFrame of different shape with operator version.

Divide by a MultiIndex by level.",https://pandas.pydata.org/docs/reference/api/pandas.DataFrame.truediv.html
DataFrame,Binary operator functions,DataFrame.floordiv,"other[, axis, level, ...]","Get Integer division of dataframe and other, element-wise (binary operator floordiv ).

Equivalent to dataframe // other , but with support to substitute a fill_value
for missing data in one of the inputs. With reverse version, rfloordiv .

Among flexible wrappers ( add , sub , mul , div , floordiv , mod , pow ) to
arithmetic operators: + , - , * , / , // , % , ** .

Notes

Mismatched indices will be unioned together.

Examples

Add a scalar with operator version which return the same
results.

Divide by constant with reverse version.

Subtract a list and Series by axis with operator version.

Multiply a dictionary by axis.

Multiply a DataFrame of different shape with operator version.

Divide by a MultiIndex by level.",https://pandas.pydata.org/docs/reference/api/pandas.DataFrame.floordiv.html
DataFrame,Binary operator functions,DataFrame.mod,"other[, axis, level, fill_value]","Get Modulo of dataframe and other, element-wise (binary operator mod ).

Equivalent to dataframe % other , but with support to substitute a fill_value
for missing data in one of the inputs. With reverse version, rmod .

Among flexible wrappers ( add , sub , mul , div , floordiv , mod , pow ) to
arithmetic operators: + , - , * , / , // , % , ** .

Notes

Mismatched indices will be unioned together.

Examples

Add a scalar with operator version which return the same
results.

Divide by constant with reverse version.

Subtract a list and Series by axis with operator version.

Multiply a dictionary by axis.

Multiply a DataFrame of different shape with operator version.

Divide by a MultiIndex by level.",https://pandas.pydata.org/docs/reference/api/pandas.DataFrame.mod.html
DataFrame,Binary operator functions,DataFrame.pow,"other[, axis, level, fill_value]","Get Exponential power of dataframe and other, element-wise (binary operator pow ).

Equivalent to dataframe ** other , but with support to substitute a fill_value
for missing data in one of the inputs. With reverse version, rpow .

Among flexible wrappers ( add , sub , mul , div , floordiv , mod , pow ) to
arithmetic operators: + , - , * , / , // , % , ** .

Notes

Mismatched indices will be unioned together.

Examples

Add a scalar with operator version which return the same
results.

Divide by constant with reverse version.

Subtract a list and Series by axis with operator version.

Multiply a dictionary by axis.

Multiply a DataFrame of different shape with operator version.

Divide by a MultiIndex by level.",https://pandas.pydata.org/docs/reference/api/pandas.DataFrame.pow.html
DataFrame,Binary operator functions,DataFrame.dot,other,"Compute the matrix multiplication between the DataFrame and other.

This method computes the matrix product between the DataFrame and the
values of an other Series, DataFrame or a numpy array.

It can also be called using self @ other .

Notes

The dimensions of DataFrame and other must be compatible in order to
compute the matrix multiplication. In addition, the column names of
DataFrame and the index of other must contain the same values, as they
will be aligned prior to the multiplication.

The dot method for Series computes the inner product, instead of the
matrix product here.

Examples

Here we multiply a DataFrame with a Series.

Here we multiply a DataFrame with another DataFrame.

Note that the dot method give the same result as @

The dot method works also if other is an np.array.

Note how shuffling of the objects does not change the result.",https://pandas.pydata.org/docs/reference/api/pandas.DataFrame.dot.html
DataFrame,Binary operator functions,DataFrame.radd,"other[, axis, level, fill_value]","Get Addition of dataframe and other, element-wise (binary operator radd ).

Equivalent to other + dataframe , but with support to substitute a fill_value
for missing data in one of the inputs. With reverse version, add .

Among flexible wrappers ( add , sub , mul , div , floordiv , mod , pow ) to
arithmetic operators: + , - , * , / , // , % , ** .

Notes

Mismatched indices will be unioned together.

Examples

Add a scalar with operator version which return the same
results.

Divide by constant with reverse version.

Subtract a list and Series by axis with operator version.

Multiply a dictionary by axis.

Multiply a DataFrame of different shape with operator version.

Divide by a MultiIndex by level.",https://pandas.pydata.org/docs/reference/api/pandas.DataFrame.radd.html
DataFrame,Binary operator functions,DataFrame.rsub,"other[, axis, level, fill_value]","Get Subtraction of dataframe and other, element-wise (binary operator rsub ).

Equivalent to other - dataframe , but with support to substitute a fill_value
for missing data in one of the inputs. With reverse version, sub .

Among flexible wrappers ( add , sub , mul , div , floordiv , mod , pow ) to
arithmetic operators: + , - , * , / , // , % , ** .

Notes

Mismatched indices will be unioned together.

Examples

Add a scalar with operator version which return the same
results.

Divide by constant with reverse version.

Subtract a list and Series by axis with operator version.

Multiply a dictionary by axis.

Multiply a DataFrame of different shape with operator version.

Divide by a MultiIndex by level.",https://pandas.pydata.org/docs/reference/api/pandas.DataFrame.rsub.html
DataFrame,Binary operator functions,DataFrame.rmul,"other[, axis, level, fill_value]","Get Multiplication of dataframe and other, element-wise (binary operator rmul ).

Equivalent to other * dataframe , but with support to substitute a fill_value
for missing data in one of the inputs. With reverse version, mul .

Among flexible wrappers ( add , sub , mul , div , floordiv , mod , pow ) to
arithmetic operators: + , - , * , / , // , % , ** .

Notes

Mismatched indices will be unioned together.

Examples

Add a scalar with operator version which return the same
results.

Divide by constant with reverse version.

Subtract a list and Series by axis with operator version.

Multiply a dictionary by axis.

Multiply a DataFrame of different shape with operator version.

Divide by a MultiIndex by level.",https://pandas.pydata.org/docs/reference/api/pandas.DataFrame.rmul.html
DataFrame,Binary operator functions,DataFrame.rdiv,"other[, axis, level, fill_value]","Get Floating division of dataframe and other, element-wise (binary operator rtruediv ).

Equivalent to other / dataframe , but with support to substitute a fill_value
for missing data in one of the inputs. With reverse version, truediv .

Among flexible wrappers ( add , sub , mul , div , floordiv , mod , pow ) to
arithmetic operators: + , - , * , / , // , % , ** .

Notes

Mismatched indices will be unioned together.

Examples

Add a scalar with operator version which return the same
results.

Divide by constant with reverse version.

Subtract a list and Series by axis with operator version.

Multiply a dictionary by axis.

Multiply a DataFrame of different shape with operator version.

Divide by a MultiIndex by level.",https://pandas.pydata.org/docs/reference/api/pandas.DataFrame.rdiv.html
DataFrame,Binary operator functions,DataFrame.rtruediv,"other[, axis, level, ...]","Get Floating division of dataframe and other, element-wise (binary operator rtruediv ).

Equivalent to other / dataframe , but with support to substitute a fill_value
for missing data in one of the inputs. With reverse version, truediv .

Among flexible wrappers ( add , sub , mul , div , floordiv , mod , pow ) to
arithmetic operators: + , - , * , / , // , % , ** .

Notes

Mismatched indices will be unioned together.

Examples

Add a scalar with operator version which return the same
results.

Divide by constant with reverse version.

Subtract a list and Series by axis with operator version.

Multiply a dictionary by axis.

Multiply a DataFrame of different shape with operator version.

Divide by a MultiIndex by level.",https://pandas.pydata.org/docs/reference/api/pandas.DataFrame.rtruediv.html
DataFrame,Binary operator functions,DataFrame.rfloordiv,"other[, axis, level, ...]","Get Integer division of dataframe and other, element-wise (binary operator rfloordiv ).

Equivalent to other // dataframe , but with support to substitute a fill_value
for missing data in one of the inputs. With reverse version, floordiv .

Among flexible wrappers ( add , sub , mul , div , floordiv , mod , pow ) to
arithmetic operators: + , - , * , / , // , % , ** .

Notes

Mismatched indices will be unioned together.

Examples

Add a scalar with operator version which return the same
results.

Divide by constant with reverse version.

Subtract a list and Series by axis with operator version.

Multiply a dictionary by axis.

Multiply a DataFrame of different shape with operator version.

Divide by a MultiIndex by level.",https://pandas.pydata.org/docs/reference/api/pandas.DataFrame.rfloordiv.html
DataFrame,Binary operator functions,DataFrame.rmod,"other[, axis, level, fill_value]","Get Modulo of dataframe and other, element-wise (binary operator rmod ).

Equivalent to other % dataframe , but with support to substitute a fill_value
for missing data in one of the inputs. With reverse version, mod .

Among flexible wrappers ( add , sub , mul , div , floordiv , mod , pow ) to
arithmetic operators: + , - , * , / , // , % , ** .

Notes

Mismatched indices will be unioned together.

Examples

Add a scalar with operator version which return the same
results.

Divide by constant with reverse version.

Subtract a list and Series by axis with operator version.

Multiply a dictionary by axis.

Multiply a DataFrame of different shape with operator version.

Divide by a MultiIndex by level.",https://pandas.pydata.org/docs/reference/api/pandas.DataFrame.rmod.html
DataFrame,Binary operator functions,DataFrame.rpow,"other[, axis, level, fill_value]","Get Exponential power of dataframe and other, element-wise (binary operator rpow ).

Equivalent to other ** dataframe , but with support to substitute a fill_value
for missing data in one of the inputs. With reverse version, pow .

Among flexible wrappers ( add , sub , mul , div , floordiv , mod , pow ) to
arithmetic operators: + , - , * , / , // , % , ** .

Notes

Mismatched indices will be unioned together.

Examples

Add a scalar with operator version which return the same
results.

Divide by constant with reverse version.

Subtract a list and Series by axis with operator version.

Multiply a dictionary by axis.

Multiply a DataFrame of different shape with operator version.

Divide by a MultiIndex by level.",https://pandas.pydata.org/docs/reference/api/pandas.DataFrame.rpow.html
DataFrame,Binary operator functions,DataFrame.lt,"other[, axis, level]","Get Greater than of dataframe and other, element-wise (binary operator lt ).

Among flexible wrappers ( eq , ne , le , lt , ge , gt ) to comparison
operators.

Equivalent to == , != , <= , < , >= , > with support to choose axis
(rows or columns) and level for comparison.

Notes

Mismatched indices will be unioned together. NaN values are considered different (i.e. NaN != NaN ).

Examples

Comparison with a scalar, using either the operator or method:

When other is a Series , the columns of a DataFrame are aligned
with the index of other and broadcast:

Use the method to control the broadcast axis:

When comparing to an arbitrary sequence, the number of columns must
match the number elements in other :

Use the method to control the axis:

Compare to a DataFrame of different shape.

Compare to a MultiIndex by level.",https://pandas.pydata.org/docs/reference/api/pandas.DataFrame.lt.html
DataFrame,Binary operator functions,DataFrame.gt,"other[, axis, level]","Get Greater than of dataframe and other, element-wise (binary operator gt ).

Among flexible wrappers ( eq , ne , le , lt , ge , gt ) to comparison
operators.

Equivalent to == , != , <= , < , >= , > with support to choose axis
(rows or columns) and level for comparison.

Notes

Mismatched indices will be unioned together. NaN values are considered different (i.e. NaN != NaN ).

Examples

Comparison with a scalar, using either the operator or method:

When other is a Series , the columns of a DataFrame are aligned
with the index of other and broadcast:

Use the method to control the broadcast axis:

When comparing to an arbitrary sequence, the number of columns must
match the number elements in other :

Use the method to control the axis:

Compare to a DataFrame of different shape.

Compare to a MultiIndex by level.",https://pandas.pydata.org/docs/reference/api/pandas.DataFrame.gt.html
DataFrame,Binary operator functions,DataFrame.le,"other[, axis, level]","Get Greater than or equal to of dataframe and other, element-wise (binary operator le ).

Among flexible wrappers ( eq , ne , le , lt , ge , gt ) to comparison
operators.

Equivalent to == , != , <= , < , >= , > with support to choose axis
(rows or columns) and level for comparison.

Notes

Mismatched indices will be unioned together. NaN values are considered different (i.e. NaN != NaN ).

Examples

Comparison with a scalar, using either the operator or method:

When other is a Series , the columns of a DataFrame are aligned
with the index of other and broadcast:

Use the method to control the broadcast axis:

When comparing to an arbitrary sequence, the number of columns must
match the number elements in other :

Use the method to control the axis:

Compare to a DataFrame of different shape.

Compare to a MultiIndex by level.",https://pandas.pydata.org/docs/reference/api/pandas.DataFrame.le.html
DataFrame,Binary operator functions,DataFrame.ge,"other[, axis, level]","Get Greater than or equal to of dataframe and other, element-wise (binary operator ge ).

Among flexible wrappers ( eq , ne , le , lt , ge , gt ) to comparison
operators.

Equivalent to == , != , <= , < , >= , > with support to choose axis
(rows or columns) and level for comparison.

Notes

Mismatched indices will be unioned together. NaN values are considered different (i.e. NaN != NaN ).

Examples

Comparison with a scalar, using either the operator or method:

When other is a Series , the columns of a DataFrame are aligned
with the index of other and broadcast:

Use the method to control the broadcast axis:

When comparing to an arbitrary sequence, the number of columns must
match the number elements in other :

Use the method to control the axis:

Compare to a DataFrame of different shape.

Compare to a MultiIndex by level.",https://pandas.pydata.org/docs/reference/api/pandas.DataFrame.ge.html
DataFrame,Binary operator functions,DataFrame.ne,"other[, axis, level]","Get Not equal to of dataframe and other, element-wise (binary operator ne ).

Among flexible wrappers ( eq , ne , le , lt , ge , gt ) to comparison
operators.

Equivalent to == , != , <= , < , >= , > with support to choose axis
(rows or columns) and level for comparison.

Notes

Mismatched indices will be unioned together. NaN values are considered different (i.e. NaN != NaN ).

Examples

Comparison with a scalar, using either the operator or method:

When other is a Series , the columns of a DataFrame are aligned
with the index of other and broadcast:

Use the method to control the broadcast axis:

When comparing to an arbitrary sequence, the number of columns must
match the number elements in other :

Use the method to control the axis:

Compare to a DataFrame of different shape.

Compare to a MultiIndex by level.",https://pandas.pydata.org/docs/reference/api/pandas.DataFrame.ne.html
DataFrame,Binary operator functions,DataFrame.eq,"other[, axis, level]","Get Not equal to of dataframe and other, element-wise (binary operator eq ).

Among flexible wrappers ( eq , ne , le , lt , ge , gt ) to comparison
operators.

Equivalent to == , != , <= , < , >= , > with support to choose axis
(rows or columns) and level for comparison.

Notes

Mismatched indices will be unioned together. NaN values are considered different (i.e. NaN != NaN ).

Examples

Comparison with a scalar, using either the operator or method:

When other is a Series , the columns of a DataFrame are aligned
with the index of other and broadcast:

Use the method to control the broadcast axis:

When comparing to an arbitrary sequence, the number of columns must
match the number elements in other :

Use the method to control the axis:

Compare to a DataFrame of different shape.

Compare to a MultiIndex by level.",https://pandas.pydata.org/docs/reference/api/pandas.DataFrame.eq.html
DataFrame,Binary operator functions,DataFrame.combine,"other, func[, fill_value, ...]","Perform column-wise combine with another DataFrame.

Combines a DataFrame with other DataFrame using func to element-wise combine columns. The row and column indexes of the
resulting DataFrame will be the union of the two.

Examples

Combine using a simple function that chooses the smaller column.

Example using a true element-wise combine function.

Using fill_value fills Nones prior to passing the column to the
merge function.

Example that demonstrates the use of overwrite and behavior when
the axis differ between the dataframes.

Demonstrating the preference of the passed in dataframe.",https://pandas.pydata.org/docs/reference/api/pandas.DataFrame.combine.html
DataFrame,Binary operator functions,DataFrame.combine_first,other,"Update null elements with value in the same location in other .

Combine two DataFrame objects by filling null values in one DataFrame
with non-null values from other DataFrame. The row and column indexes
of the resulting DataFrame will be the union of the two. The resulting
dataframe contains the ‘first’ dataframe values and overrides the
second one values where both first.loc[index, col] and
second.loc[index, col] are not missing values, upon calling
first.combine_first(second).

Examples

Null values still persist if the location of that null value
does not exist in other",https://pandas.pydata.org/docs/reference/api/pandas.DataFrame.combine_first.html
DataFrame,"Function application, GroupBy & window",DataFrame.apply,"func[, axis, raw, ...]","Apply a function along an axis of the DataFrame.

Objects passed to the function are Series objects whose index is
either the DataFrame’s index ( axis=0 ) or the DataFrame’s columns
( axis=1 ). By default ( result_type=None ), the final return type
is inferred from the return type of the applied function. Otherwise,
it depends on the result_type argument. The return type of the applied
function is inferred based on the first computed result obtained after
applying the function to a Series object.

Notes

Functions that mutate the passed object can produce unexpected
behavior or errors and are not supported. See Mutating with User Defined Function (UDF) methods for more details.

References

Examples

Using a numpy universal function (in this case the same as np.sqrt(df) ):

Using a reducing function on either axis

Returning a list-like will result in a Series

Passing result_type='expand' will expand list-like results
to columns of a Dataframe

Returning a Series inside the function is similar to passing result_type='expand' . The resulting column names
will be the Series index.

Passing result_type='broadcast' will ensure the same shape
result, whether list-like or scalar is returned by the function,
and broadcast it along the axis. The resulting column names will
be the originals.

Advanced users can speed up their code by using a Just-in-time (JIT) compiler
with apply . The main JIT compilers available for pandas are Numba and Bodo.
In general, JIT compilation is only possible when the function passed to apply has type stability (variables in the function do not change their
type during the execution).

Note that JIT compilation is only recommended for functions that take a
significant amount of time to run. Fast functions are unlikely to run faster
with JIT compilation.",https://pandas.pydata.org/docs/reference/api/pandas.DataFrame.apply.html
DataFrame,"Function application, GroupBy & window",DataFrame.map,"func[, na_action]","Apply a function to a Dataframe elementwise.

This method applies a function that accepts and returns a scalar
to every element of a DataFrame.

Examples

Like Series.map, NA values can be ignored:

It is also possible to use map with functions that are not lambda functions:

Note that a vectorized version of func often exists, which will
be much faster. You could square each number elementwise.

But it’s better to avoid map in that case.",https://pandas.pydata.org/docs/reference/api/pandas.DataFrame.map.html
DataFrame,"Function application, GroupBy & window",DataFrame.pipe,"func, *args, **kwargs","Apply chainable functions that expect Series or DataFrames.

Notes

Use .pipe when chaining together functions that expect
Series, DataFrames or GroupBy objects.

Examples

Constructing an income DataFrame from a dictionary.

Functions that perform tax reductions on an income DataFrame.

Instead of writing

You can write

If you have a function that takes the data as (say) the second
argument, pass a tuple indicating which keyword expects the
data. For example, suppose national_insurance takes its data as df in the second argument:",https://pandas.pydata.org/docs/reference/api/pandas.DataFrame.pipe.html
DataFrame,"Function application, GroupBy & window",DataFrame.agg,"[func, axis]","Aggregate using one or more operations over the specified axis.

Notes

The aggregation operations are always performed over an axis, either the
index (default) or the column axis. This behavior is different from numpy aggregation functions ( mean , median , prod , sum , std , var ), where the default is to compute the aggregation of the flattened
array, e.g., numpy.mean(arr_2d) as opposed to numpy.mean(arr_2d, axis=0) .

agg is an alias for aggregate . Use the alias.

Functions that mutate the passed object can produce unexpected
behavior or errors and are not supported. See Mutating with User Defined Function (UDF) methods for more details.

A passed user-defined-function will be passed a Series for evaluation.

If func defines an index relabeling, axis must be 0 or index .

Examples

Aggregate these functions over the rows.

Different aggregations per column.

Aggregate different functions over the columns and rename the index of
the resulting DataFrame.

Aggregate over the columns.",https://pandas.pydata.org/docs/reference/api/pandas.DataFrame.agg.html
DataFrame,"Function application, GroupBy & window",DataFrame.aggregate,"[func, axis]","Aggregate using one or more operations over the specified axis.

Notes

The aggregation operations are always performed over an axis, either the
index (default) or the column axis. This behavior is different from numpy aggregation functions ( mean , median , prod , sum , std , var ), where the default is to compute the aggregation of the flattened
array, e.g., numpy.mean(arr_2d) as opposed to numpy.mean(arr_2d, axis=0) .

agg is an alias for aggregate . Use the alias.

Functions that mutate the passed object can produce unexpected
behavior or errors and are not supported. See Mutating with User Defined Function (UDF) methods for more details.

A passed user-defined-function will be passed a Series for evaluation.

If func defines an index relabeling, axis must be 0 or index .

Examples

Aggregate these functions over the rows.

Different aggregations per column.

Aggregate different functions over the columns and rename the index of
the resulting DataFrame.

Aggregate over the columns.",https://pandas.pydata.org/docs/reference/api/pandas.DataFrame.aggregate.html
DataFrame,"Function application, GroupBy & window",DataFrame.transform,"func[, axis]","Call func on self producing a DataFrame with the same axis shape as self.

Notes

Functions that mutate the passed object can produce unexpected
behavior or errors and are not supported. See Mutating with User Defined Function (UDF) methods for more details.

Examples

Even though the resulting DataFrame must have the same length as the
input DataFrame, it is possible to provide several input functions:

You can call transform on a GroupBy object:",https://pandas.pydata.org/docs/reference/api/pandas.DataFrame.transform.html
DataFrame,"Function application, GroupBy & window",DataFrame.groupby,"[by, level, as_index, ...]","Group DataFrame using a mapper or by a Series of columns.

A groupby operation involves some combination of splitting the
object, applying a function, and combining the results. This can be
used to group large amounts of data and compute operations on these
groups.

Notes

See the user guide for more
detailed usage and examples, including splitting an object into groups,
iterating through groups, selecting a group, aggregation, and more.

The implementation of groupby is hash-based, meaning in particular that
objects that compare as equal will be considered to be in the same group.
An exception to this is that pandas has special handling of NA values:
any NA values will be collapsed to a single group, regardless of how
they compare. See the user guide linked above for more details.

Examples

Hierarchical Indexes

We can groupby different levels of a hierarchical index
using the level parameter:

We can also choose to include NA in group keys or not by setting dropna parameter, the default setting is True .

When using .apply() , use group_keys to include or exclude the
group keys. The group_keys argument defaults to True (include).",https://pandas.pydata.org/docs/reference/api/pandas.DataFrame.groupby.html
DataFrame,"Function application, GroupBy & window",DataFrame.rolling,"window[, min_periods, ...]","Provide rolling window calculations.

Notes

See Windowing Operations for further usage details
and examples.

Examples

window

Rolling sum with a window length of 2 observations.

Rolling sum with a window span of 2 seconds.

Rolling sum with forward looking windows with 2 observations.

min_periods

Rolling sum with a window length of 2 observations, but only needs a minimum
of 1 observation to calculate a value.

center

Rolling sum with the result assigned to the center of the window index.

step

Rolling sum with a window length of 2 observations, minimum of 1 observation to
calculate a value, and a step of 2.

win_type

Rolling sum with a window length of 2, using the Scipy 'gaussian' window type. std is required in the aggregation function.

on

Rolling sum with a window length of 2 days.",https://pandas.pydata.org/docs/reference/api/pandas.DataFrame.rolling.html
DataFrame,"Function application, GroupBy & window",DataFrame.expanding,"[min_periods, method]","Provide expanding window calculations.

An expanding window yields the value of an aggregation statistic with all
the data available up to that point in time.

Notes

See Windowing Operations for further usage details
and examples.

Examples

min_periods

Expanding sum with 1 vs 3 observations needed to calculate a value.",https://pandas.pydata.org/docs/reference/api/pandas.DataFrame.expanding.html
DataFrame,"Function application, GroupBy & window",DataFrame.ewm,"[com, span, halflife, alpha, ...]","Provide exponentially weighted (EW) calculations.

Exactly one of com , span , halflife , or alpha must be
provided if times is not provided. If times is provided and adjust=True , halflife and one of com , span or alpha may be provided.
If times is provided and adjust=False , halflife must be the only
provided decay-specification parameter.

Notes

See Windowing Operations for further usage details and examples.

Examples

adjust

ignore_na

times

Exponentially weighted mean with weights calculated with a timedelta halflife relative to times .",https://pandas.pydata.org/docs/reference/api/pandas.DataFrame.ewm.html
DataFrame,Computations / descriptive stats,DataFrame.abs,,"Return a Series/DataFrame with absolute numeric value of each element.

This function only applies to elements that are all numeric.

Notes

For complex inputs, 1.2 + 1j , the absolute value is \(\sqrt{ a^2 + b^2 }\) .

Examples

Absolute numeric values in a Series.

Absolute numeric values in a Series with complex numbers.

Absolute numeric values in a Series with a Timedelta element.

Select rows with data closest to certain value using argsort (from StackOverflow ).",https://pandas.pydata.org/docs/reference/api/pandas.DataFrame.abs.html
DataFrame,Computations / descriptive stats,DataFrame.all,"*[, axis, bool_only, skipna]","Return whether all elements are True, potentially over an axis.

Returns True unless there at least one element within a series or
along a Dataframe axis that is False or equivalent (e.g. zero or
empty).

Examples

Series

DataFrames

Create a DataFrame from a dictionary.

Default behaviour checks if values in each column all return True.

Specify axis='columns' to check if values in each row all return True.

Or axis=None for whether every value is True.",https://pandas.pydata.org/docs/reference/api/pandas.DataFrame.all.html
DataFrame,Computations / descriptive stats,DataFrame.any,"*[, axis, bool_only, skipna]","Return whether any element is True, potentially over an axis.

Returns False unless there is at least one element within a series or
along a Dataframe axis that is True or equivalent (e.g. non-zero or
non-empty).

Examples

Series

For Series input, the output is a scalar indicating whether any element
is True.

DataFrame

Whether each column contains at least one True element (the default).

Aggregating over the columns.

Aggregating over the entire DataFrame with axis=None .

any for an empty DataFrame is an empty Series.",https://pandas.pydata.org/docs/reference/api/pandas.DataFrame.any.html
DataFrame,Computations / descriptive stats,DataFrame.clip,"[lower, upper, axis, inplace]","Trim values at input threshold(s).

Assigns values outside boundary to boundary values. Thresholds
can be singular values or array like, and in the latter case
the clipping is performed element-wise in the specified axis.

Examples

Clips per column using lower and upper thresholds:

Clips using specific lower and upper thresholds per column:

Clips using specific lower and upper thresholds per column element:

Clips using specific lower threshold per column element, with missing values:",https://pandas.pydata.org/docs/reference/api/pandas.DataFrame.clip.html
DataFrame,Computations / descriptive stats,DataFrame.corr,"[method, min_periods, ...]","Compute pairwise correlation of columns, excluding NA/null values.

Notes

Pearson, Kendall and Spearman correlation are currently computed using pairwise complete observations.

Examples",https://pandas.pydata.org/docs/reference/api/pandas.DataFrame.corr.html
DataFrame,Computations / descriptive stats,DataFrame.corrwith,"other[, axis, drop, ...]","Compute pairwise correlation.

Pairwise correlation is computed between rows or columns of
DataFrame with rows or columns of Series or DataFrame. DataFrames
are first aligned along both axes before computing the
correlations.

Examples",https://pandas.pydata.org/docs/reference/api/pandas.DataFrame.corrwith.html
DataFrame,Computations / descriptive stats,DataFrame.count,"[axis, numeric_only]","Count non-NA cells for each column or row.

The values None , NaN , NaT , pandas.NA are considered NA.

Examples

Constructing DataFrame from a dictionary:

Notice the uncounted NA values:

Counts for each row :",https://pandas.pydata.org/docs/reference/api/pandas.DataFrame.count.html
DataFrame,Computations / descriptive stats,DataFrame.cov,"[min_periods, ddof, numeric_only]","Compute pairwise covariance of columns, excluding NA/null values.

Compute the pairwise covariance among the series of a DataFrame.
The returned data frame is the covariance matrix of the columns
of the DataFrame.

Both NA and null values are automatically excluded from the
calculation. (See the note below about bias from missing values.)
A threshold can be set for the minimum number of
observations for each value created. Comparisons with observations
below this threshold will be returned as NaN .

This method is generally used for the analysis of time series data to
understand the relationship between different measures
across time.

Notes

Returns the covariance matrix of the DataFrame’s time series.
The covariance is normalized by N-ddof.

For DataFrames that have Series that are missing data (assuming that
data is missing at random )
the returned covariance matrix will be an unbiased estimate
of the variance and covariance between the member Series.

However, for many applications this estimate may not be acceptable
because the estimate covariance matrix is not guaranteed to be positive
semi-definite. This could lead to estimate correlations having
absolute values which are greater than one, and/or a non-invertible
covariance matrix. See Estimation of covariance matrices for more details.

Examples

Minimum number of periods

This method also supports an optional min_periods keyword
that specifies the required minimum number of non-NA observations for
each column pair in order to have a valid result:",https://pandas.pydata.org/docs/reference/api/pandas.DataFrame.cov.html
DataFrame,Computations / descriptive stats,DataFrame.cummax,"[axis, skipna, numeric_only]","Return cumulative maximum over a DataFrame or Series axis.

Returns a DataFrame or Series of the same size containing the cumulative
maximum.

Examples

Series

By default, NA values are ignored.

To include NA values in the operation, use skipna=False

DataFrame

By default, iterates over rows and finds the maximum
in each column. This is equivalent to axis=None or axis='index' .

To iterate over columns and find the maximum in each row,
use axis=1",https://pandas.pydata.org/docs/reference/api/pandas.DataFrame.cummax.html
DataFrame,Computations / descriptive stats,DataFrame.cummin,"[axis, skipna, numeric_only]","Return cumulative minimum over a DataFrame or Series axis.

Returns a DataFrame or Series of the same size containing the cumulative
minimum.

Examples

Series

By default, NA values are ignored.

To include NA values in the operation, use skipna=False

DataFrame

By default, iterates over rows and finds the minimum
in each column. This is equivalent to axis=None or axis='index' .

To iterate over columns and find the minimum in each row,
use axis=1",https://pandas.pydata.org/docs/reference/api/pandas.DataFrame.cummin.html
DataFrame,Computations / descriptive stats,DataFrame.cumprod,"[axis, skipna, numeric_only]","Return cumulative product over a DataFrame or Series axis.

Returns a DataFrame or Series of the same size containing the cumulative
product.

Examples

Series

By default, NA values are ignored.

To include NA values in the operation, use skipna=False

DataFrame

By default, iterates over rows and finds the product
in each column. This is equivalent to axis=None or axis='index' .

To iterate over columns and find the product in each row,
use axis=1",https://pandas.pydata.org/docs/reference/api/pandas.DataFrame.cumprod.html
DataFrame,Computations / descriptive stats,DataFrame.cumsum,"[axis, skipna, numeric_only]","Return cumulative sum over a DataFrame or Series axis.

Returns a DataFrame or Series of the same size containing the cumulative
sum.

Examples

Series

By default, NA values are ignored.

To include NA values in the operation, use skipna=False

DataFrame

By default, iterates over rows and finds the sum
in each column. This is equivalent to axis=None or axis='index' .

To iterate over columns and find the sum in each row,
use axis=1",https://pandas.pydata.org/docs/reference/api/pandas.DataFrame.cumsum.html
DataFrame,Computations / descriptive stats,DataFrame.describe,"[percentiles, include, ...]","Generate descriptive statistics.

Descriptive statistics include those that summarize the central
tendency, dispersion and shape of a
dataset’s distribution, excluding NaN values.

Analyzes both numeric and object series, as well
as DataFrame column sets of mixed data types. The output
will vary depending on what is provided. Refer to the notes
below for more detail.

Notes

For numeric data, the result’s index will include count , mean , std , min , max as well as lower, 50 and
upper percentiles. By default the lower percentile is 25 and the
upper percentile is 75 . The 50 percentile is the
same as the median.

For object data (e.g. strings), the result’s index
will include count , unique , top , and freq . The top is the most common value. The freq is the most common value’s
frequency.

If multiple object values have the highest count, then the count and top results will be arbitrarily chosen from
among those with the highest count.

For mixed data types provided via a DataFrame , the default is to
return only an analysis of numeric columns. If the DataFrame consists
only of object and categorical data without any numeric columns, the
default is to return an analysis of both the object and categorical
columns. If include='all' is provided as an option, the result
will include a union of attributes of each type.

The include and exclude parameters can be used to limit
which columns in a DataFrame are analyzed for the output.
The parameters are ignored when analyzing a Series .

Examples

Describing a numeric Series .

Describing a categorical Series .

Describing a timestamp Series .

Describing a DataFrame . By default only numeric fields
are returned.

Describing all columns of a DataFrame regardless of data type.

Describing a column from a DataFrame by accessing it as
an attribute.

Including only numeric columns in a DataFrame description.

Including only string columns in a DataFrame description.

Including only categorical columns from a DataFrame description.

Excluding numeric columns from a DataFrame description.

Excluding object columns from a DataFrame description.",https://pandas.pydata.org/docs/reference/api/pandas.DataFrame.describe.html
DataFrame,Computations / descriptive stats,DataFrame.diff,"[periods, axis]","First discrete difference of element.

Calculates the difference of a DataFrame element compared with another
element in the DataFrame (default is element in previous row).

Notes

For boolean dtypes, this uses operator.xor() rather than operator.sub() .
The result is calculated according to current dtype in DataFrame,
however dtype of the result is always float64.

Examples

Difference with previous row

Difference with previous column

Difference with 3rd previous row

Difference with following row

Overflow in input dtype",https://pandas.pydata.org/docs/reference/api/pandas.DataFrame.diff.html
DataFrame,Computations / descriptive stats,DataFrame.eval,"expr, *[, inplace]","Evaluate a string describing operations on DataFrame columns.

Operates on columns only, not specific rows or elements.  This allows eval to run arbitrary code, which can make you vulnerable to code
injection if you pass user input to this function.

Notes

For more details see the API documentation for eval() .
For detailed examples see enhancing performance with eval .

Examples

Assignment is allowed though by default the original DataFrame is not
modified.

Multiple columns can be assigned to using multi-line expressions:

For columns with spaces or other disallowed characters in their name, you can
use backtick quoting.

Local variables shall be explicitly referenced using @ character in front of the name:",https://pandas.pydata.org/docs/reference/api/pandas.DataFrame.eval.html
DataFrame,Computations / descriptive stats,DataFrame.kurt,"*[, axis, skipna, numeric_only]","Return unbiased kurtosis over requested axis.

Kurtosis obtained using Fisher’s definition of
kurtosis (kurtosis of normal == 0.0). Normalized by N-1.

Examples

With a DataFrame

With axis=None

Using axis=1",https://pandas.pydata.org/docs/reference/api/pandas.DataFrame.kurt.html
DataFrame,Computations / descriptive stats,DataFrame.kurtosis,"*[, axis, skipna, ...]","Return unbiased kurtosis over requested axis.

Kurtosis obtained using Fisher’s definition of
kurtosis (kurtosis of normal == 0.0). Normalized by N-1.

Examples

With a DataFrame

With axis=None

Using axis=1",https://pandas.pydata.org/docs/reference/api/pandas.DataFrame.kurtosis.html
DataFrame,Computations / descriptive stats,DataFrame.max,"*[, axis, skipna, numeric_only]","Return the maximum of the values over the requested axis.

If you want the index of the maximum, use idxmax .
This is the equivalent of the numpy.ndarray method argmax .

Examples",https://pandas.pydata.org/docs/reference/api/pandas.DataFrame.max.html
DataFrame,Computations / descriptive stats,DataFrame.mean,"*[, axis, skipna, numeric_only]","Return the mean of the values over the requested axis.

Examples

With a DataFrame

Using axis=1

In this case, numeric_only should be set to True to avoid
getting an error.",https://pandas.pydata.org/docs/reference/api/pandas.DataFrame.mean.html
DataFrame,Computations / descriptive stats,DataFrame.median,"*[, axis, skipna, numeric_only]","Return the median of the values over the requested axis.

Examples

With a DataFrame

Using axis=1

In this case, numeric_only should be set to True to avoid getting an error.",https://pandas.pydata.org/docs/reference/api/pandas.DataFrame.median.html
DataFrame,Computations / descriptive stats,DataFrame.min,"*[, axis, skipna, numeric_only]","Return the minimum of the values over the requested axis.

If you want the index of the minimum, use idxmin .
This is the equivalent of the numpy.ndarray method argmin .

Examples",https://pandas.pydata.org/docs/reference/api/pandas.DataFrame.min.html
DataFrame,Computations / descriptive stats,DataFrame.mode,"[axis, numeric_only, dropna]","Get the mode(s) of each element along the selected axis.

The mode of a set of values is the value that appears most often.
It can be multiple values.

Examples

By default, missing values are not considered, and the mode of wings
are both 0 and 2. Because the resulting DataFrame has two rows,
the second row of species and legs contains NaN .

Setting dropna=False NaN values are considered and they can be
the mode (like for wings).

Setting numeric_only=True , only the mode of numeric columns is
computed, and columns of other types are ignored.

To compute the mode over columns and not rows, use the axis parameter:",https://pandas.pydata.org/docs/reference/api/pandas.DataFrame.mode.html
DataFrame,Computations / descriptive stats,DataFrame.pct_change,"[periods, fill_method, ...]","Fractional change between the current and a prior element.

Computes the fractional change from the immediately previous row by
default. This is useful in comparing the fraction of change in a time
series of elements.

Examples

Series

See the percentage change in a Series where filling NAs with last
valid observation forward to next valid.

DataFrame

Percentage change in French franc, Deutsche Mark, and Italian lira from
1980-01-01 to 1980-03-01.

Percentage of change in GOOG and APPL stock volume. Shows computing
the percentage change between columns.",https://pandas.pydata.org/docs/reference/api/pandas.DataFrame.pct_change.html
DataFrame,Computations / descriptive stats,DataFrame.prod,"*[, axis, skipna, ...]","Return the product of the values over the requested axis.

Examples

By default, the product of an empty or all-NA Series is 1

This can be controlled with the min_count parameter

Thanks to the skipna parameter, min_count handles all-NA and
empty series identically.",https://pandas.pydata.org/docs/reference/api/pandas.DataFrame.prod.html
DataFrame,Computations / descriptive stats,DataFrame.product,"*[, axis, skipna, ...]","Return the product of the values over the requested axis.

Examples

By default, the product of an empty or all-NA Series is 1

This can be controlled with the min_count parameter

Thanks to the skipna parameter, min_count handles all-NA and
empty series identically.",https://pandas.pydata.org/docs/reference/api/pandas.DataFrame.product.html
DataFrame,Computations / descriptive stats,DataFrame.quantile,"[q, axis, numeric_only, ...]","Return values at the given quantile over requested axis.

Examples

Specifying method=’table’ will compute the quantile over all columns.

Specifying numeric_only=False will compute the quantiles for all
columns.",https://pandas.pydata.org/docs/reference/api/pandas.DataFrame.quantile.html
DataFrame,Computations / descriptive stats,DataFrame.rank,"[axis, method, numeric_only, ...]","Compute numerical data ranks (1 through n) along axis.

By default, equal values are assigned a rank that is the average of the
ranks of those values.

Examples

Ties are assigned the mean of the ranks (by default) for the group.

The following example shows how the method behaves with the above
parameters:",https://pandas.pydata.org/docs/reference/api/pandas.DataFrame.rank.html
DataFrame,Computations / descriptive stats,DataFrame.round,[decimals],"Round numeric columns in a DataFrame to a variable number of decimal places.

Notes

For values exactly halfway between rounded decimal values, pandas rounds
to the nearest even value (e.g. -0.5 and 0.5 round to 0.0, 1.5 and 2.5
round to 2.0, etc.).

Examples

By providing an integer each column is rounded to the same number
of decimal places

With a dict, the number of places for specific columns can be
specified with the column names as key and the number of decimal
places as value

Using a Series, the number of places for specific columns can be
specified with the column names as index and the number of
decimal places as value",https://pandas.pydata.org/docs/reference/api/pandas.DataFrame.round.html
DataFrame,Computations / descriptive stats,DataFrame.sem,"*[, axis, skipna, ddof, ...]","Return unbiased standard error of the mean over requested axis.

Normalized by N-1 by default. This can be changed using the ddof argument

Examples

With a DataFrame

Using axis=1

In this case, numeric_only should be set to True to avoid getting an error.",https://pandas.pydata.org/docs/reference/api/pandas.DataFrame.sem.html
DataFrame,Computations / descriptive stats,DataFrame.skew,"*[, axis, skipna, numeric_only]","Return unbiased skew over requested axis.

Normalized by N-1.

Examples

With a DataFrame

Using axis=1

In this case, numeric_only should be set to True to avoid
getting an error.",https://pandas.pydata.org/docs/reference/api/pandas.DataFrame.skew.html
DataFrame,Computations / descriptive stats,DataFrame.sum,"*[, axis, skipna, ...]","Return the sum of the values over the requested axis.

This is equivalent to the method numpy.sum .

Examples

By default, the sum of an empty or all-NA Series is 0 .

This can be controlled with the min_count parameter. For example, if
you’d like the sum of an empty series to be NaN, pass min_count=1 .

Thanks to the skipna parameter, min_count handles all-NA and
empty series identically.",https://pandas.pydata.org/docs/reference/api/pandas.DataFrame.sum.html
DataFrame,Computations / descriptive stats,DataFrame.std,"*[, axis, skipna, ddof, ...]","Return sample standard deviation over requested axis.

Normalized by N-1 by default. This can be changed using the ddof argument.

Notes

To have the same behaviour as numpy.std , use ddof=0 (instead of the
default ddof=1 )

Examples

The standard deviation of the columns can be found as follows:

Alternatively, ddof=0 can be set to normalize by N instead of N-1:",https://pandas.pydata.org/docs/reference/api/pandas.DataFrame.std.html
DataFrame,Computations / descriptive stats,DataFrame.var,"*[, axis, skipna, ddof, ...]","Return unbiased variance over requested axis.

Normalized by N-1 by default. This can be changed using the ddof argument.

Examples

Alternatively, ddof=0 can be set to normalize by N instead of N-1:",https://pandas.pydata.org/docs/reference/api/pandas.DataFrame.var.html
DataFrame,Computations / descriptive stats,DataFrame.nunique,"[axis, dropna]","Count number of distinct elements in specified axis.

Return Series with number of distinct elements. Can ignore NaN
values.

Examples",https://pandas.pydata.org/docs/reference/api/pandas.DataFrame.nunique.html
DataFrame,Computations / descriptive stats,DataFrame.value_counts,"[subset, normalize, ...]","Return a Series containing the frequency of each distinct row in the DataFrame.

Notes

The returned Series will have a MultiIndex with one level per input
column but an Index (non-multi) for a single label. By default, rows
that contain any NA values are omitted from the result. By default,
the resulting Series will be sorted by frequencies in descending order so that
the first element is the most frequently-occurring row.

Examples

With dropna set to False we can also count rows with NA values.",https://pandas.pydata.org/docs/reference/api/pandas.DataFrame.value_counts.html
DataFrame,Reindexing / selection / label manipulation,DataFrame.add_prefix,"prefix[, axis]","Prefix labels with string prefix .

For Series, the row labels are prefixed.
For DataFrame, the column labels are prefixed.

Examples",https://pandas.pydata.org/docs/reference/api/pandas.DataFrame.add_prefix.html
DataFrame,Reindexing / selection / label manipulation,DataFrame.add_suffix,"suffix[, axis]","Suffix labels with string suffix .

For Series, the row labels are suffixed.
For DataFrame, the column labels are suffixed.

Examples",https://pandas.pydata.org/docs/reference/api/pandas.DataFrame.add_suffix.html
DataFrame,Reindexing / selection / label manipulation,DataFrame.align,"other[, join, axis, level, ...]","Align two objects on their axes with the specified join method.

Join method is specified for each axis Index.

Examples

Align on columns:

We can also align on the index:

Finally, the default axis=None will align on both index and columns:",https://pandas.pydata.org/docs/reference/api/pandas.DataFrame.align.html
DataFrame,Reindexing / selection / label manipulation,DataFrame.at_time,"time[, asof, axis]","Select values at particular time of day (e.g., 9:30AM).

Examples",https://pandas.pydata.org/docs/reference/api/pandas.DataFrame.at_time.html
DataFrame,Reindexing / selection / label manipulation,DataFrame.between_time,"start_time, end_time","Select values between particular times of the day (e.g., 9:00-9:30 AM).

By setting start_time to be later than end_time ,
you can get the times that are not between the two times.

Examples

You get the times that are not between two times by setting start_time later than end_time :",https://pandas.pydata.org/docs/reference/api/pandas.DataFrame.between_time.html
DataFrame,Reindexing / selection / label manipulation,DataFrame.drop,"[labels, axis, index, ...]","Drop specified labels from rows or columns.

Remove rows or columns by specifying label names and corresponding
axis, or by directly specifying index or column names. When using a
multi-index, labels on different levels can be removed by specifying
the level. See the user guide for more information about the now unused levels.

Examples

Drop columns

Drop a row by index

Drop columns and/or rows of MultiIndex DataFrame

Drop a specific index combination from the MultiIndex
DataFrame, i.e., drop the combination 'falcon' and 'weight' , which deletes only the corresponding row",https://pandas.pydata.org/docs/reference/api/pandas.DataFrame.drop.html
DataFrame,Reindexing / selection / label manipulation,DataFrame.drop_duplicates,"[subset, keep, ...]","Return DataFrame with duplicate rows removed.

Considering certain columns is optional. Indexes, including time indexes
are ignored.

Notes

This method requires columns specified by subset to be of hashable type.
Passing unhashable columns will raise a TypeError .

Examples

Consider dataset containing ramen rating.

By default, it removes duplicate rows based on all columns.

To remove duplicates on specific column(s), use subset .

To remove duplicates and keep last occurrences, use keep .",https://pandas.pydata.org/docs/reference/api/pandas.DataFrame.drop_duplicates.html
DataFrame,Reindexing / selection / label manipulation,DataFrame.duplicated,"[subset, keep]","Return boolean Series denoting duplicate rows.

Considering certain columns is optional.

Examples

Consider dataset containing ramen rating.

By default, for each set of duplicated values, the first occurrence
is set on False and all others on True.

By using ‘last’, the last occurrence of each set of duplicated values
is set on False and all others on True.

By setting keep on False, all duplicates are True.

To find duplicates on specific column(s), use subset .",https://pandas.pydata.org/docs/reference/api/pandas.DataFrame.duplicated.html
DataFrame,Reindexing / selection / label manipulation,DataFrame.equals,other,"Test whether two objects contain the same elements.

This function allows two Series or DataFrames to be compared against
each other to see if they have the same shape and elements. NaNs in
the same location are considered equal.

The row/column index do not need to have the same type, as long
as the values are considered equal. Corresponding columns and
index must be of the same dtype.

Examples

DataFrames df and exactly_equal have the same types and values for
their elements and column labels, which will return True.

DataFrames df and different_column_type have the same element
types and values, but have different types for the column labels,
which will still return True.

DataFrames df and different_data_type have different types for the
same values for their elements, and will return False even though
their column labels are the same values and types.

DataFrames with NaN in the same locations compare equal.

If the NaN values are not in the same locations, they compare unequal.",https://pandas.pydata.org/docs/reference/api/pandas.DataFrame.equals.html
DataFrame,Reindexing / selection / label manipulation,DataFrame.filter,"[items, like, regex, axis]","Subset the DataFrame or Series according to the specified index labels.

For DataFrame, filter rows or columns depending on axis argument.
Note that this routine does not filter based on content.
The filter is applied to the labels of the index.

Notes

The items , like , and regex parameters are
enforced to be mutually exclusive.

axis defaults to the info axis that is used when indexing
with [] .

Examples",https://pandas.pydata.org/docs/reference/api/pandas.DataFrame.filter.html
DataFrame,Reindexing / selection / label manipulation,DataFrame.idxmax,"[axis, skipna, numeric_only]","Return index of first occurrence of maximum over requested axis.

NA/null values are excluded.

Notes

This method is the DataFrame version of ndarray.argmax .

Examples

Consider a dataset containing food consumption in Argentina.

By default, it returns the index for the maximum value in each column.

To return the index for the maximum value in each row, use axis=""columns"" .",https://pandas.pydata.org/docs/reference/api/pandas.DataFrame.idxmax.html
DataFrame,Reindexing / selection / label manipulation,DataFrame.idxmin,"[axis, skipna, numeric_only]","Return index of first occurrence of minimum over requested axis.

NA/null values are excluded.

Notes

This method is the DataFrame version of ndarray.argmin .

Examples

Consider a dataset containing food consumption in Argentina.

By default, it returns the index for the minimum value in each column.

To return the index for the minimum value in each row, use axis=""columns"" .",https://pandas.pydata.org/docs/reference/api/pandas.DataFrame.idxmin.html
DataFrame,Reindexing / selection / label manipulation,DataFrame.reindex,"[labels, index, columns, ...]","Conform DataFrame to new index with optional filling logic.

Places NA/NaN in locations having no value in the previous index. A new object
is produced unless the new index is equivalent to the current one and copy=False .

Examples

DataFrame.reindex supports two calling conventions

We highly recommend using keyword arguments to clarify your
intent.

Create a DataFrame with some fictional data.

Create a new index and reindex the DataFrame. By default
values in the new index that do not have corresponding
records in the DataFrame are assigned NaN .

We can fill in the missing values by passing a value to
the keyword fill_value . Because the index is not monotonically
increasing or decreasing, we cannot use arguments to the keyword method to fill the NaN values.

We can also reindex the columns.

Or we can use “axis-style” keyword arguments

To further illustrate the filling functionality in reindex , we will create a DataFrame with a
monotonically increasing index (for example, a sequence
of dates).

Suppose we decide to expand the DataFrame to cover a wider
date range.

The index entries that did not have a value in the original data frame
(for example, ‘2009-12-29’) are by default filled with NaN .
If desired, we can fill in the missing values using one of several
options.

For example, to back-propagate the last valid value to fill the NaN values, pass bfill as an argument to the method keyword.

Please note that the NaN value present in the original DataFrame
(at index value 2010-01-03) will not be filled by any of the
value propagation schemes. This is because filling while reindexing
does not look at DataFrame values, but only compares the original and
desired indexes. If you do want to fill in the NaN values present
in the original DataFrame, use the fillna() method.

See the user guide for more.",https://pandas.pydata.org/docs/reference/api/pandas.DataFrame.reindex.html
DataFrame,Reindexing / selection / label manipulation,DataFrame.reindex_like,"other[, method, ...]","Return an object with matching indices as other object.

Conform the object to the same index on all axes. Optional
filling logic, placing NaN in locations having no value
in the previous index. A new object is produced unless the
new index is equivalent to the current one and copy=False.

Notes

Same as calling .reindex(index=other.index, columns=other.columns,...) .

Examples",https://pandas.pydata.org/docs/reference/api/pandas.DataFrame.reindex_like.html
DataFrame,Reindexing / selection / label manipulation,DataFrame.rename,"[mapper, index, columns, ...]","Rename columns or index labels.

Function / dict values must be unique (1-to-1). Labels not contained in
a dict / Series will be left as-is. Extra labels listed don’t throw an
error.

See the user guide for more.

Examples

DataFrame.rename supports two calling conventions

We highly recommend using keyword arguments to clarify your
intent.

Rename columns using a mapping:

Rename index using a mapping:

Cast index labels to a different type:

Using axis-style parameters:",https://pandas.pydata.org/docs/reference/api/pandas.DataFrame.rename.html
DataFrame,Reindexing / selection / label manipulation,DataFrame.rename_axis,"[mapper, index, ...]","Set the name of the axis for the index or columns.

Notes

DataFrame.rename_axis supports two calling conventions

The first calling convention will only modify the names of
the index and/or the names of the Index object that is the columns.
In this case, the parameter copy is ignored.

The second calling convention will modify the names of the
corresponding index if mapper is a list or a scalar.
However, if mapper is dict-like or a function, it will use the
deprecated behavior of modifying the axis labels .

We highly recommend using keyword arguments to clarify your
intent.

Examples

DataFrame

MultiIndex",https://pandas.pydata.org/docs/reference/api/pandas.DataFrame.rename_axis.html
DataFrame,Reindexing / selection / label manipulation,DataFrame.reset_index,"[level, drop, ...]","Reset the index, or a level of it.

Reset the index of the DataFrame, and use the default one instead.
If the DataFrame has a MultiIndex, this method can remove one or more
levels.

Examples

When we reset the index, the old index is added as a column, and a
new sequential index is used:

We can use the drop parameter to avoid the old index being added as
a column:

You can also use reset_index with MultiIndex .

Using the names parameter, choose a name for the index column:

If the index has multiple levels, we can reset a subset of them:

If we are not dropping the index, by default, it is placed in the top
level. We can place it in another level:

When the index is inserted under another level, we can specify under
which one with the parameter col_fill :

If we specify a nonexistent level for col_fill , it is created:",https://pandas.pydata.org/docs/reference/api/pandas.DataFrame.reset_index.html
DataFrame,Reindexing / selection / label manipulation,DataFrame.sample,"[n, frac, replace, ...]","Return a random sample of items from an axis of object.

You can use random_state for reproducibility.

Notes

If frac > 1, replacement should be set to True .

When replace = False will not allow (n * max(weights) / sum(weights)) > 1 ,
since that would cause results to be biased. E.g. sampling 2 items without replacement
with weights [100, 1, 1] would yield two last items in 1/2 of cases, instead of 1/102.
This is similar to specifying n=4 without replacement on a Series with 3 elements.

Examples

Extract 3 random elements from the Series df['num_legs'] :
Note that we use random_state to ensure the reproducibility of
the examples.

A random 50% sample of the DataFrame with replacement:

An upsample sample of the DataFrame with replacement:
Note that replace parameter has to be True for frac parameter > 1.

Using a DataFrame column as weights. Rows with larger value in the num_specimen_seen column are more likely to be sampled.",https://pandas.pydata.org/docs/reference/api/pandas.DataFrame.sample.html
DataFrame,Reindexing / selection / label manipulation,DataFrame.set_axis,"labels, *[, axis, copy]","Assign desired index to given axis.

Indexes for column or row labels can be changed by assigning
a list-like or Index.

Examples

Change the row labels.

Change the column labels.",https://pandas.pydata.org/docs/reference/api/pandas.DataFrame.set_axis.html
DataFrame,Reindexing / selection / label manipulation,DataFrame.set_index,"keys, *[, drop, append, ...]","Set the DataFrame index using existing columns.

Set the DataFrame index (row labels) using one or more existing
columns or arrays (of the correct length). The index can replace the
existing index or expand on it.

Examples

Set the index to become the ‘month’ column:

Create a MultiIndex using columns ‘year’ and ‘month’:

Create a MultiIndex using an Index and a column:

Create a MultiIndex using two Series:

Append a column to the existing index:",https://pandas.pydata.org/docs/reference/api/pandas.DataFrame.set_index.html
DataFrame,Reindexing / selection / label manipulation,DataFrame.take,"indices[, axis]","Return the elements in the given positional indices along an axis.

This means that we are not indexing according to actual values in
the index attribute of the object. We are indexing according to the
actual position of the element in the object.

Examples

Take elements at positions 0 and 3 along the axis 0 (default).

Note how the actual indices selected (0 and 1) do not correspond to
our selected indices 0 and 3. That’s because we are selecting the 0th
and 3rd rows, not rows whose indices equal 0 and 3.

Take elements at indices 1 and 2 along the axis 1 (column selection).

We may take elements using negative integers for positive indices,
starting from the end of the object, just like with Python lists.",https://pandas.pydata.org/docs/reference/api/pandas.DataFrame.take.html
DataFrame,Reindexing / selection / label manipulation,DataFrame.truncate,"[before, after, axis, copy]","Truncate a Series or DataFrame before and after some index value.

This is a useful shorthand for boolean indexing based on index
values above or below certain thresholds.

Notes

If the index being truncated contains only datetime values, before and after may be specified as strings instead of
Timestamps.

Examples

The columns of a DataFrame can be truncated.

For Series, only rows can be truncated.

The index values in truncate can be datetimes or string
dates.

Because the index is a DatetimeIndex containing only dates, we can
specify before and after as strings. They will be coerced to
Timestamps before truncation.

Note that truncate assumes a 0 value for any unspecified time
component (midnight). This differs from partial string slicing, which
returns any partially matching dates.",https://pandas.pydata.org/docs/reference/api/pandas.DataFrame.truncate.html
DataFrame,Missing data handling,DataFrame.bfill,"*[, axis, inplace, limit, ...]","Fill NA/NaN values by using the next valid observation to fill the gap.

This method fills missing values in a backward direction along the
specified axis, propagating non-null values from later positions to
earlier positions containing NaN.

Examples

For Series:

With DataFrame:",https://pandas.pydata.org/docs/reference/api/pandas.DataFrame.bfill.html
DataFrame,Missing data handling,DataFrame.dropna,"*[, axis, how, thresh, ...]","Remove missing values.

See the User Guide for more on which values are
considered missing, and how to work with missing data.

Examples

Drop the rows where at least one element is missing.

Drop the columns where at least one element is missing.

Drop the rows where all elements are missing.

Keep only the rows with at least 2 non-NA values.

Define in which columns to look for missing values.",https://pandas.pydata.org/docs/reference/api/pandas.DataFrame.dropna.html
DataFrame,Missing data handling,DataFrame.ffill,"*[, axis, inplace, limit, ...]","Fill NA/NaN values by propagating the last valid observation to next valid.

Examples",https://pandas.pydata.org/docs/reference/api/pandas.DataFrame.ffill.html
DataFrame,Missing data handling,DataFrame.fillna,"value, *[, axis, inplace, ...]","Fill NA/NaN values with value .

Notes

For non-object dtype, value=None will use the NA value of the dtype.
See more details in the Filling missing data section.

Examples

Replace all NaN elements with 0s.

Replace all NaN elements in column ‘A’, ‘B’, ‘C’, and ‘D’, with 0, 1,
2, and 3 respectively.

Only replace the first NaN element.

When filling using a DataFrame, replacement happens along
the same column names and same indices

Note that column D is not affected since it is not present in df2.",https://pandas.pydata.org/docs/reference/api/pandas.DataFrame.fillna.html
DataFrame,Missing data handling,DataFrame.interpolate,"[method, axis, limit, ...]","Fill NaN values using an interpolation method.

Please note that only method='linear' is supported for
DataFrame/Series with a MultiIndex.

Notes

The ‘krogh’, ‘piecewise_polynomial’, ‘spline’, ‘pchip’ and ‘akima’
methods are wrappers around the respective SciPy implementations of
similar names. These use the actual numerical values of the index.
For more information on their behavior, see the SciPy documentation .

Examples

Filling in NaN in a Series via linear
interpolation.

Filling in NaN in a Series via polynomial interpolation or splines:
Both ‘polynomial’ and ‘spline’ methods require that you also specify
an order (int).

Fill the DataFrame forward (that is, going down) along each column
using linear interpolation.

Note how the last entry in column ‘a’ is interpolated differently,
because there is no entry after it to use for interpolation.
Note how the first entry in column ‘b’ remains NaN , because there
is no entry before it to use for interpolation.

Using polynomial interpolation.",https://pandas.pydata.org/docs/reference/api/pandas.DataFrame.interpolate.html
DataFrame,Missing data handling,DataFrame.isna,,"Detect missing values.

Return a boolean same-sized object indicating if the values are NA.
NA values, such as None or numpy.NaN , gets mapped to True
values.
Everything else gets mapped to False values. Characters such as empty
strings '' or numpy.inf are not considered NA values.

Examples

Show which entries in a DataFrame are NA.

Show which entries in a Series are NA.",https://pandas.pydata.org/docs/reference/api/pandas.DataFrame.isna.html
DataFrame,Missing data handling,DataFrame.isnull,,"DataFrame.isnull is an alias for DataFrame.isna.

Detect missing values.

Return a boolean same-sized object indicating if the values are NA.
NA values, such as None or numpy.NaN , gets mapped to True
values.
Everything else gets mapped to False values. Characters such as empty
strings '' or numpy.inf are not considered NA values.

Examples

Show which entries in a DataFrame are NA.

Show which entries in a Series are NA.",https://pandas.pydata.org/docs/reference/api/pandas.DataFrame.isnull.html
DataFrame,Missing data handling,DataFrame.notna,,"Detect existing (non-missing) values.

Return a boolean same-sized object indicating if the values are not NA.
Non-missing values get mapped to True. Characters such as empty
strings '' or numpy.inf are not considered NA values.
NA values, such as None or numpy.NaN , get mapped to False
values.

Examples

Show which entries in a DataFrame are not NA.

Show which entries in a Series are not NA.",https://pandas.pydata.org/docs/reference/api/pandas.DataFrame.notna.html
DataFrame,Missing data handling,DataFrame.notnull,,"DataFrame.notnull is an alias for DataFrame.notna.

Detect existing (non-missing) values.

Return a boolean same-sized object indicating if the values are not NA.
Non-missing values get mapped to True. Characters such as empty
strings '' or numpy.inf are not considered NA values.
NA values, such as None or numpy.NaN , get mapped to False
values.

Examples

Show which entries in a DataFrame are not NA.

Show which entries in a Series are not NA.",https://pandas.pydata.org/docs/reference/api/pandas.DataFrame.notnull.html
DataFrame,Missing data handling,DataFrame.replace,"[to_replace, value, ...]","Replace values given in to_replace with value .

Values of the Series/DataFrame are replaced with other values dynamically.
This differs from updating with .loc or .iloc , which require
you to specify a location to update with some value.

Notes

Examples

Scalar `to_replace` and `value`

List-like `to_replace`

dict-like `to_replace`

Regular expression `to_replace`

Compare the behavior of s.replace({'a': None}) and s.replace('a', None) to understand the peculiarities
of the to_replace parameter:

When one uses a dict as the to_replace value, it is like the
value(s) in the dict are equal to the value parameter. s.replace({'a': None}) is equivalent to s.replace(to_replace={'a': None}, value=None) :

If None is explicitly passed for value , it will be respected:

When regex=True , value is not None and to_replace is a string,
the replacement will be applied in all columns of the DataFrame.

If value is not None and to_replace is a dictionary, the dictionary
keys will be the DataFrame columns that the replacement will be applied.",https://pandas.pydata.org/docs/reference/api/pandas.DataFrame.replace.html
DataFrame,"Reshaping, sorting, transposing",DataFrame.droplevel,"level[, axis]","Return Series/DataFrame with requested index / column level(s) removed.

Examples",https://pandas.pydata.org/docs/reference/api/pandas.DataFrame.droplevel.html
DataFrame,"Reshaping, sorting, transposing",DataFrame.pivot,"*, columns[, index, values]","Return reshaped DataFrame organized by given index / column values.

Reshape data (produce a “pivot” table) based on column values. Uses
unique values from specified index / columns to form axes of the
resulting DataFrame. This function does not support data
aggregation, multiple values will result in a MultiIndex in the
columns. See the User Guide for more on reshaping.

Notes

For finer-tuned control, see hierarchical indexing documentation along
with the related stack/unstack methods.

Reference the user guide for more examples.

Examples

You could also assign a list of column names or a list of index names.

A ValueError is raised if there are any duplicates.

Notice that the first two rows are the same for our index and columns arguments.",https://pandas.pydata.org/docs/reference/api/pandas.DataFrame.pivot.html
DataFrame,"Reshaping, sorting, transposing",DataFrame.pivot_table,"[values, index, ...]","Create a spreadsheet-style pivot table as a DataFrame.

The levels in the pivot table will be stored in MultiIndex objects
(hierarchical indexes) on the index and columns of the result DataFrame.

Notes

Reference the user guide for more examples.

Examples

This first example aggregates values by taking the sum.

We can also fill missing values using the fill_value parameter.

The next example aggregates by taking the mean across multiple columns.

We can also calculate multiple types of aggregations for any given
value column.",https://pandas.pydata.org/docs/reference/api/pandas.DataFrame.pivot_table.html
DataFrame,"Reshaping, sorting, transposing",DataFrame.reorder_levels,"order[, axis]","Rearrange index or column levels using input order .

May not drop or duplicate levels.

Examples

Let’s reorder the levels of the index:",https://pandas.pydata.org/docs/reference/api/pandas.DataFrame.reorder_levels.html
DataFrame,"Reshaping, sorting, transposing",DataFrame.sort_values,"by, *[, axis, ...]","Sort by the values along either axis.

Examples

Sort by a single column

In this case, we are sorting the rows according to values in col1 :

Sort by multiple columns

You can also provide multiple columns to by argument, as shown below.
In this example, the rows are first sorted according to col1 , and then
the rows that have an identical value in col1 are sorted according
to col2 .

Sort in a descending order

The sort order can be reversed using ascending argument, as shown below:

Placing any NA first

Note that in the above example, the rows that contain an NA value in their col1 are placed at the end of the dataframe. This behavior can be modified
via na_position argument, as shown below:

Customized sort order

The key argument allows for a further customization of sorting behaviour.
For example, you may want
to ignore the letter’s case when sorting strings:

Another typical example is natural sorting .
This can be done using natsort package ,
which provides a function to generate a key
to sort data in their natural order:",https://pandas.pydata.org/docs/reference/api/pandas.DataFrame.sort_values.html
DataFrame,"Reshaping, sorting, transposing",DataFrame.sort_index,"*[, axis, level, ...]","Sort object by labels (along an axis).

Returns a new DataFrame sorted by label if inplace argument is False , otherwise updates the original DataFrame and returns None.

Examples

By default, it sorts in ascending order, to sort in descending order,
use ascending=False

A key function can be specified which is applied to the index before
sorting. For a MultiIndex this is applied to each level separately.",https://pandas.pydata.org/docs/reference/api/pandas.DataFrame.sort_index.html
DataFrame,"Reshaping, sorting, transposing",DataFrame.nlargest,"n, columns[, keep]","Return the first n rows ordered by columns in descending order.

Return the first n rows with the largest values in columns , in
descending order. The columns that are not specified are returned as
well, but not used for ordering.

This method is equivalent to df.sort_values(columns, ascending=False).head(n) , but more
performant.

Notes

This function cannot be used with all column types. For example, when
specifying columns with object or category dtypes, TypeError is
raised.

Examples

In the following example, we will use nlargest to select the three
rows having the largest values in column “population”.

When using keep='last' , ties are resolved in reverse order:

When using keep='all' , the number of element kept can go beyond n if there are duplicate values for the smallest element, all the
ties are kept:

However, nlargest does not keep n distinct largest elements:

To order by the largest values in column “population” and then “GDP”,
we can specify multiple columns like in the next example.",https://pandas.pydata.org/docs/reference/api/pandas.DataFrame.nlargest.html
DataFrame,"Reshaping, sorting, transposing",DataFrame.nsmallest,"n, columns[, keep]","Return the first n rows ordered by columns in ascending order.

Return the first n rows with the smallest values in columns , in
ascending order. The columns that are not specified are returned as
well, but not used for ordering.

This method is equivalent to df.sort_values(columns, ascending=True).head(n) , but more
performant.

Examples

In the following example, we will use nsmallest to select the
three rows having the smallest values in column “population”.

When using keep='last' , ties are resolved in reverse order:

When using keep='all' , the number of element kept can go beyond n if there are duplicate values for the largest element, all the
ties are kept.

However, nsmallest does not keep n distinct
smallest elements:

To order by the smallest values in column “population” and then “GDP”, we can
specify multiple columns like in the next example.",https://pandas.pydata.org/docs/reference/api/pandas.DataFrame.nsmallest.html
DataFrame,"Reshaping, sorting, transposing",DataFrame.swaplevel,"[i, j, axis]","Swap levels i and j in a MultiIndex .

Default is to swap the two innermost levels of the index.

Examples

In the following example, we will swap the levels of the indices.
Here, we will swap the levels column-wise, but levels can be swapped row-wise
in a similar manner. Note that column-wise is the default behaviour.
By not supplying any arguments for i and j, we swap the last and second to
last indices.

By supplying one argument, we can choose which index to swap the last
index with. We can for example swap the first index with the last one as
follows.

We can also define explicitly which indices we want to swap by supplying values
for both i and j. Here, we for example swap the first and second indices.",https://pandas.pydata.org/docs/reference/api/pandas.DataFrame.swaplevel.html
DataFrame,"Reshaping, sorting, transposing",DataFrame.stack,"[level, dropna, sort, ...]","Stack the prescribed level(s) from columns to index.

Return a reshaped DataFrame or Series having a multi-level
index with one or more new inner-most levels compared to the current
DataFrame. The new inner-most levels are created by pivoting the
columns of the current dataframe:

Notes

The function is named by analogy with a collection of books
being reorganized from being side by side on a horizontal
position (the columns of the dataframe) to being stacked
vertically on top of each other (in the index of the
dataframe).

Reference the user guide for more examples.

Examples

Single level columns

Stacking a dataframe with a single level column axis returns a Series:

Multi level columns: simple case

Stacking a dataframe with a multi-level column axis:

Missing values

It is common to have missing values when stacking a dataframe
with multi-level columns, as the stacked dataframe typically
has more values than the original dataframe. Missing values
are filled with NaNs:

Prescribing the level(s) to be stacked

The first parameter controls which level or levels are stacked:",https://pandas.pydata.org/docs/reference/api/pandas.DataFrame.stack.html
DataFrame,"Reshaping, sorting, transposing",DataFrame.unstack,"[level, fill_value, sort]","Pivot a level of the (necessarily hierarchical) index labels.

Returns a DataFrame having a new level of column labels whose inner-most level
consists of the pivoted index labels.

If the index is not a MultiIndex, the output will be a Series
(the analogue of stack when the columns are not a MultiIndex).

Notes

Reference the user guide for more examples.

Examples",https://pandas.pydata.org/docs/reference/api/pandas.DataFrame.unstack.html
DataFrame,"Reshaping, sorting, transposing",DataFrame.melt,"[id_vars, value_vars, ...]","Unpivot DataFrame from wide to long format, optionally leaving identifiers set.

This function is useful to massage a DataFrame into a format where one
or more columns are identifier variables ( id_vars ), while all other
columns, considered measured variables ( value_vars ), are “unpivoted” to
the row axis, leaving just two non-identifier columns, ‘variable’ and
‘value’.

Notes

Reference the user guide for more examples.

Examples

The names of ‘variable’ and ‘value’ columns can be customized:

Original index values can be kept around:

If you have multi-index columns:",https://pandas.pydata.org/docs/reference/api/pandas.DataFrame.melt.html
DataFrame,"Reshaping, sorting, transposing",DataFrame.explode,"column[, ignore_index]","Transform each element of a list-like to a row, replicating index values.

Notes

This routine will explode list-likes including lists, tuples, sets,
Series, and np.ndarray. The result dtype of the subset rows will
be object. Scalars will be returned unchanged, and empty list-likes will
result in a np.nan for that row. In addition, the ordering of rows in the
output will be non-deterministic when exploding sets.

Reference the user guide for more examples.

Examples

Single-column explode.

Multi-column explode.",https://pandas.pydata.org/docs/reference/api/pandas.DataFrame.explode.html
DataFrame,"Reshaping, sorting, transposing",DataFrame.squeeze,[axis],"Squeeze 1 dimensional axis objects into scalars.

Series or DataFrames with a single element are squeezed to a scalar.
DataFrames with a single column or a single row are squeezed to a
Series. Otherwise the object is unchanged.

This method is most useful when you don’t know if your
object is a Series or DataFrame, but you do know it has just a single
column. In that case you can safely call squeeze to ensure you have a
Series.

Examples

Slicing might produce a Series with a single value:

Squeezing objects with more than one value in every axis does nothing:

Squeezing is even more effective when used with DataFrames.

Slicing a single column will produce a DataFrame with the columns
having only one value:

So the columns can be squeezed down, resulting in a Series:

Slicing a single row from a single column will produce a single
scalar DataFrame:

Squeezing the rows produces a single scalar Series:

Squeezing all axes will project directly into a scalar:",https://pandas.pydata.org/docs/reference/api/pandas.DataFrame.squeeze.html
DataFrame,"Reshaping, sorting, transposing",DataFrame.to_xarray,,"Return an xarray object from the pandas object.

Notes

See the xarray docs

Examples",https://pandas.pydata.org/docs/reference/api/pandas.DataFrame.to_xarray.html
DataFrame,"Reshaping, sorting, transposing",DataFrame.T,,"The transpose of the DataFrame.

Examples",https://pandas.pydata.org/docs/reference/api/pandas.DataFrame.T.html
DataFrame,"Reshaping, sorting, transposing",DataFrame.transpose,"*args[, copy]","Transpose index and columns.

Reflect the DataFrame over its main diagonal by writing rows as columns
and vice-versa. The property T is an accessor to the method transpose() .

Notes

Transposing a DataFrame with mixed dtypes will result in a homogeneous
DataFrame with the object dtype. In such a case, a copy of the data
is always made.

Examples

Square DataFrame with homogeneous dtype

When the dtype is homogeneous in the original DataFrame, we get a
transposed DataFrame with the same dtype:

Non-square DataFrame with mixed dtypes

When the DataFrame has mixed dtypes, we get a transposed DataFrame with
the object dtype:",https://pandas.pydata.org/docs/reference/api/pandas.DataFrame.transpose.html
DataFrame,Combining / comparing / joining / merging,DataFrame.assign,**kwargs,"Assign new columns to a DataFrame.

Returns a new object with all original columns in addition to new ones.
Existing columns that are re-assigned will be overwritten.

Notes

Assigning multiple columns within the same assign is possible.
Later items in ‘**kwargs’ may refer to newly created or modified
columns in ‘df’; items are computed and assigned into ‘df’ in order.

Examples

Where the value is a callable, evaluated on df :

Alternatively, the same behavior can be achieved by directly
referencing an existing Series or sequence:

or by using pandas.col() :

You can create multiple columns within the same assign where one
of the columns depends on another one defined within the same assign:",https://pandas.pydata.org/docs/reference/api/pandas.DataFrame.assign.html
DataFrame,Combining / comparing / joining / merging,DataFrame.compare,"other[, align_axis, ...]","Compare to another DataFrame and show the differences.

Notes

Matching NaNs will not appear as a difference.

Can only compare identically-labeled
(i.e. same shape, identical row and column labels) DataFrames

Examples

Align the differences on columns

Assign result_names

Stack the differences on rows

Keep the equal values

Keep all original rows and columns

Keep all original rows and columns and also all original values",https://pandas.pydata.org/docs/reference/api/pandas.DataFrame.compare.html
DataFrame,Combining / comparing / joining / merging,DataFrame.join,"other[, on, how, lsuffix, ...]","Join columns of another DataFrame.

Join columns with other DataFrame either on index or on a key
column. Efficiently join multiple DataFrame objects by index at once by
passing a list.

Notes

Parameters on , lsuffix , and rsuffix are not supported when
passing a list of DataFrame objects.

Examples

Join DataFrames using their indexes.

If we want to join using the key columns, we need to set key to be
the index in both df and other . The joined DataFrame will have
key as its index.

Another option to join using the key columns is to use the on parameter. DataFrame.join always uses other ’s index but we can use
any column in df . This method preserves the original DataFrame’s
index in the result.

Using non-unique key values shows how they are matched.",https://pandas.pydata.org/docs/reference/api/pandas.DataFrame.join.html
DataFrame,Combining / comparing / joining / merging,DataFrame.merge,"right[, how, on, left_on, ...]","Merge DataFrame or named Series objects with a database-style join.

A named Series object is treated as a DataFrame with a single named column.

The join is done on columns or indexes. If joining columns on
columns, the DataFrame indexes will be ignored . Otherwise if joining indexes
on indexes or indexes on a column or columns, the index will be passed on.
When performing a cross merge, no column specifications to merge on are
allowed.

Examples

Merge df1 and df2 on the lkey and rkey columns. The value columns have
the default suffixes, _x and _y, appended.

Merge DataFrames df1 and df2 with specified left and right suffixes
appended to any overlapping columns.

Merge DataFrames df1 and df2, but raise an exception if the DataFrames have
any overlapping columns.",https://pandas.pydata.org/docs/reference/api/pandas.DataFrame.merge.html
DataFrame,Combining / comparing / joining / merging,DataFrame.update,"other[, join, overwrite, ...]","Modify in place using non-NA values from another DataFrame.

Aligns on indices. There is no return value.

Notes

Examples

The DataFrame’s length does not increase as a result of the update,
only values at matching index/column labels are updated.

For Series, its name attribute must be set.

If other contains NaNs the corresponding values are not updated
in the original dataframe.",https://pandas.pydata.org/docs/reference/api/pandas.DataFrame.update.html
DataFrame,Time Series-related,DataFrame.asfreq,"freq[, method, how, ...]","Convert time series to specified frequency.

Returns the original data conformed to a new index with the specified
frequency.

If the index of this Series/DataFrame is a PeriodIndex , the
new index is the result of transforming the original index with PeriodIndex.asfreq (so the original index
will map one-to-one to the new index).

Otherwise, the new index will be equivalent to pd.date_range(start, end, freq=freq) where start and end are, respectively, the min and
max entries in the original index (see pandas.date_range() ). The
values corresponding to any timesteps in the new index which were not present
in the original index will be null ( NaN ), unless a method for filling
such unknowns is provided (see the method parameter below).

The resample() method is more appropriate if an operation on each group of
timesteps (such as an aggregate) is necessary to represent the data at the new
frequency.

Notes

To learn more about the frequency strings, please see this link .

Examples

Start by creating a series with 4 one minute timestamps.

Upsample the series into 30 second bins.

Upsample again, providing a fill value .

Upsample again, providing a method .",https://pandas.pydata.org/docs/reference/api/pandas.DataFrame.asfreq.html
DataFrame,Time Series-related,DataFrame.asof,"where[, subset]","Return the last row(s) without any NaNs before where .

The last row (for each element in where , if list) without any
NaN is taken.
In case of a DataFrame , the last row without NaN
considering only the subset of columns (if not None )

If there is no good value, NaN is returned for a Series or
a Series of NaN values for a DataFrame

Notes

Dates are assumed to be sorted. Raises if this is not the case.

Examples

A Series and a scalar where .

For a sequence where , a Series is returned. The first value is
NaN, because the first element of where is before the first
index value.

Missing values are not considered. The following is 2.0 , not
NaN, even though NaN is at the index location for 30 .

Take all columns into consideration

Take a single column into consideration",https://pandas.pydata.org/docs/reference/api/pandas.DataFrame.asof.html
DataFrame,Time Series-related,DataFrame.shift,"[periods, freq, axis, ...]","Shift index by desired number of periods with an optional time freq .

When freq is not passed, shift the index without realigning the data.
If freq is passed (in this case, the index must be date or datetime,
or it will raise a NotImplementedError ), the index will be
increased using the periods and the freq . freq can be inferred
when specified as “infer” as long as either freq or inferred_freq
attribute is set in the index.

Examples",https://pandas.pydata.org/docs/reference/api/pandas.DataFrame.shift.html
DataFrame,Time Series-related,DataFrame.first_valid_index,,"Return index for first non-missing value or None, if no value is found.

See the User Guide for more information
on which values are considered missing.

Examples

For Series:

If all elements in Series are NA/null, returns None.

If Series is empty, returns None.

For DataFrame:

If all elements in DataFrame are NA/null, returns None.

If DataFrame is empty, returns None.",https://pandas.pydata.org/docs/reference/api/pandas.DataFrame.first_valid_index.html
DataFrame,Time Series-related,DataFrame.last_valid_index,,"Return index for last non-missing value or None, if no value is found.

See the User Guide for more information
on which values are considered missing.

Examples

For Series:

If all elements in Series are NA/null, returns None.

If Series is empty, returns None.

For DataFrame:

If all elements in DataFrame are NA/null, returns None.

If DataFrame is empty, returns None.",https://pandas.pydata.org/docs/reference/api/pandas.DataFrame.last_valid_index.html
DataFrame,Time Series-related,DataFrame.resample,"rule[, closed, label, ...]","Resample time-series data.

Convenience method for frequency conversion and resampling of time series.
The object must have a datetime-like index ( DatetimeIndex , PeriodIndex ,
or TimedeltaIndex ), or the caller must pass the label of a datetime-like
series/index to the on / level keyword parameter.

Notes

See the user guide for more.

To learn more about the offset strings, please see this link .

Examples

Start by creating a series with 9 one minute timestamps.

Downsample the series into 3 minute bins and sum the values
of the timestamps falling into a bin.

Downsample the series into 3 minute bins as above, but label each
bin using the right edge instead of the left. Please note that the
value in the bucket used as the label is not included in the bucket,
which it labels. For example, in the original series the
bucket 2000-01-01 00:03:00 contains the value 3, but the summed
value in the resampled bucket with the label 2000-01-01 00:03:00 does not include 3 (if it did, the summed value would be 6, not 3).

To include this value close the right side of the bin interval,
as shown below.

Upsample the series into 30 second bins.

Upsample the series into 30 second bins and fill the NaN values using the ffill method.

Upsample the series into 30 second bins and fill the NaN values using the bfill method.

Pass a custom function via apply

For a Series with a PeriodIndex, the keyword convention can be
used to control whether to use the start or end of rule .

Resample a year by quarter using ‘start’ convention . Values are
assigned to the first quarter of the period.

Resample quarters by month using ‘end’ convention . Values are
assigned to the last month of the period.

For DataFrame objects, the keyword on can be used to specify the
column instead of the index for resampling.

For a DataFrame with MultiIndex, the keyword level can be used to
specify on which level the resampling needs to take place.

If you want to adjust the start of the bins based on a fixed timestamp:

If you want to adjust the start of the bins with an offset Timedelta, the two
following lines are equivalent:

If you want to take the largest Timestamp as the end of the bins:

In contrast with the start_day , you can use end_day to take the ceiling
midnight of the largest Timestamp as the end of the bins and drop the bins
not containing data:",https://pandas.pydata.org/docs/reference/api/pandas.DataFrame.resample.html
DataFrame,Time Series-related,DataFrame.to_period,"[freq, axis, copy]","Convert DataFrame from DatetimeIndex to PeriodIndex.

Convert DataFrame from DatetimeIndex to PeriodIndex with desired
frequency (inferred from index if not passed). Either index of columns can be
converted, depending on axis argument.

Examples

For the yearly frequency",https://pandas.pydata.org/docs/reference/api/pandas.DataFrame.to_period.html
DataFrame,Time Series-related,DataFrame.to_timestamp,"[freq, how, axis, copy]","Cast PeriodIndex to DatetimeIndex of timestamps, at beginning of period.

This can be changed to the end of the period, by specifying how=”e” .

Examples

The resulting timestamps will be at the beginning of the year in this case

Using freq which is the offset that the Timestamps will have",https://pandas.pydata.org/docs/reference/api/pandas.DataFrame.to_timestamp.html
DataFrame,Time Series-related,DataFrame.tz_convert,"tz[, axis, level, copy]","Convert tz-aware axis to target time zone.

Examples

Change to another time zone:

Pass None to convert to UTC and get a tz-naive index:",https://pandas.pydata.org/docs/reference/api/pandas.DataFrame.tz_convert.html
DataFrame,Time Series-related,DataFrame.tz_localize,"tz[, axis, level, ...]","Localize time zone naive index of a Series or DataFrame to target time zone.

This operation localizes the Index. To localize the values in a
time zone naive Series, use Series.dt.tz_localize() .

Examples

Localize local times:

Pass None to convert to tz-naive index and preserve local time:

Be careful with DST changes. When there is sequential data, pandas
can infer the DST time:

In some cases, inferring the DST is impossible. In such cases, you can
pass an ndarray to the ambiguous parameter to set the DST explicitly

If the DST transition causes nonexistent times, you can shift these
dates forward or backward with a timedelta object or ‘shift_forward’ or ‘shift_backward’ .",https://pandas.pydata.org/docs/reference/api/pandas.DataFrame.tz_localize.html
DataFrame,Flags,Flags,"obj, *, allows_duplicate_labels","Flags that apply to pandas objects.

“Flags” differ from “metadata”. Flags reflect properties of the pandas
object (the Series or DataFrame). Metadata refer to properties of the
dataset, and should be stored in DataFrame.attrs.

Examples

Attributes can be set in two ways:

Attributes

Methods",https://pandas.pydata.org/docs/reference/api/pandas.Flags.html
DataFrame,Metadata,DataFrame.attrs,,"Dictionary of global attributes of this dataset.

Notes

Many operations that create new datasets will copy attrs . Copies
are always deep so that changing attrs will only affect the
present dataset. pandas.concat() and pandas.merge() will
only copy attrs if all input datasets have the same attrs .

Examples

For Series:

For DataFrame:",https://pandas.pydata.org/docs/reference/api/pandas.DataFrame.attrs.html
DataFrame,Plotting,DataFrame.plot,"[x, y, kind, ax, ....]","Make plots of Series or DataFrame.

Uses the backend specified by the
option plotting.backend . By default, matplotlib is used.

Attributes

Notes

Examples

For Series:

For DataFrame:

For SeriesGroupBy:

For DataFrameGroupBy:",https://pandas.pydata.org/docs/reference/api/pandas.DataFrame.plot.html
DataFrame,Plotting,DataFrame.plot.area,"[x, y, stacked]","Draw a stacked area plot.

An area plot displays quantitative data visually.
This function wraps the matplotlib area function.

Examples

Draw an area plot based on basic business metrics:

Area plots are stacked by default. To produce an unstacked plot,
pass stacked=False :

Draw an area plot for a single column:

Draw with a different x :",https://pandas.pydata.org/docs/reference/api/pandas.DataFrame.plot.area.html
DataFrame,Plotting,DataFrame.plot.bar,"[x, y, color]","Vertical bar plot.

A bar plot is a plot that presents categorical data with
rectangular bars with lengths proportional to the values that they
represent. A bar plot shows comparisons among discrete categories. One
axis of the plot shows the specific categories being compared, and the
other axis represents a measured value.

Examples

Basic plot.

Plot a whole dataframe to a bar plot. Each column is assigned a
distinct color, and each row is nested in a group along the
horizontal axis.

Plot stacked bar charts for the DataFrame

Instead of nesting, the figure can be split by column with subplots=True . In this case, a numpy.ndarray of matplotlib.axes.Axes are returned.

If you don’t like the default colours, you can specify how you’d
like each column to be colored.

Plot a single column.

Plot only selected categories for the DataFrame.",https://pandas.pydata.org/docs/reference/api/pandas.DataFrame.plot.bar.html
DataFrame,Plotting,DataFrame.plot.barh,"[x, y, color]","Make a horizontal bar plot.

A horizontal bar plot is a plot that presents quantitative data with
rectangular bars with lengths proportional to the values that they
represent. A bar plot shows comparisons among discrete categories. One
axis of the plot shows the specific categories being compared, and the
other axis represents a measured value.

Examples

Basic example

Plot a whole DataFrame to a horizontal bar plot

Plot stacked barh charts for the DataFrame

We can specify colors for each column

Plot a column of the DataFrame to a horizontal bar plot

Plot DataFrame versus the desired column",https://pandas.pydata.org/docs/reference/api/pandas.DataFrame.plot.barh.html
DataFrame,Plotting,DataFrame.plot.box,[by],"Make a box plot of the DataFrame columns.

A box plot is a method for graphically depicting groups of numerical
data through their quartiles.
The box extends from the Q1 to Q3 quartile values of the data,
with a line at the median (Q2). The whiskers extend from the edges
of box to show the range of the data. The position of the whiskers
is set by default to 1.5*IQR (IQR = Q3 - Q1) from the edges of the
box. Outlier points are those past the end of the whiskers.

For further details see Wikipedia’s
entry for boxplot .

A consideration when using this chart is that the box and the whiskers
can overlap, which is very common when plotting small sets of data.

Examples

Draw a box plot from a DataFrame with four columns of randomly
generated data.

You can also generate groupings if you specify the by parameter (which
can take a column name, or a list or tuple of column names):",https://pandas.pydata.org/docs/reference/api/pandas.DataFrame.plot.box.html
DataFrame,Plotting,DataFrame.plot.density,"[bw_method, ind, weights]","Generate Kernel Density Estimate plot using Gaussian kernels.

In statistics, kernel density estimation (KDE) is a non-parametric
way to estimate the probability density function (PDF) of a random
variable. This function uses Gaussian kernels and includes automatic
bandwidth determination.

Examples

Given a Series of points randomly sampled from an unknown
distribution, estimate its PDF using KDE with automatic
bandwidth determination and plot the results, evaluating them at
1000 equally spaced points (default):

A scalar bandwidth can be specified. Using a small bandwidth value can
lead to over-fitting, while using a large bandwidth value may result
in under-fitting:

Finally, the ind parameter determines the evaluation points for the
plot of the estimated PDF:

For DataFrame, it works in the same way:

A scalar bandwidth can be specified. Using a small bandwidth value can
lead to over-fitting, while using a large bandwidth value may result
in under-fitting:

Finally, the ind parameter determines the evaluation points for the
plot of the estimated PDF:",https://pandas.pydata.org/docs/reference/api/pandas.DataFrame.plot.density.html
DataFrame,Plotting,DataFrame.plot.hexbin,"x, y[, C, ...]","Generate a hexagonal binning plot.

Generate a hexagonal binning plot of x versus y . If C is None (the default), this is a histogram of the number of occurrences
of the observations at (x[i], y[i]) .

If C is specified, specifies values at given coordinates (x[i], y[i]) . These values are accumulated for each hexagonal
bin and then reduced according to reduce_C_function ,
having as default the NumPy’s mean function ( numpy.mean() ).
(If C is specified, it must also be a 1-D sequence
of the same length as x and y , or a column label.)

Examples

The following examples are generated with random data from
a normal distribution.

The next example uses C and np.sum as reduce_C_function .
Note that ‘observations’ values ranges from 1 to 5 but the result
plot shows values up to more than 25. This is because of the reduce_C_function .",https://pandas.pydata.org/docs/reference/api/pandas.DataFrame.plot.hexbin.html
DataFrame,Plotting,DataFrame.plot.hist,"[by, bins]","Draw one histogram of the DataFrame’s columns.

A histogram is a representation of the distribution of data.
This function groups the values of all given Series in the DataFrame
into bins and draws all bins in one matplotlib.axes.Axes .
This is useful when the DataFrame’s Series are in a similar scale.

Examples

When we roll a die 6000 times, we expect to get each value around 1000
times. But when we roll two dice and sum the result, the distribution
is going to be quite different. A histogram illustrates those
distributions.

A grouped histogram can be generated by providing the parameter by (which
can be a column name, or a list of column names):",https://pandas.pydata.org/docs/reference/api/pandas.DataFrame.plot.hist.html
DataFrame,Plotting,DataFrame.plot.kde,"[bw_method, ind, weights]","Generate Kernel Density Estimate plot using Gaussian kernels.

In statistics, kernel density estimation (KDE) is a non-parametric
way to estimate the probability density function (PDF) of a random
variable. This function uses Gaussian kernels and includes automatic
bandwidth determination.

Examples

Given a Series of points randomly sampled from an unknown
distribution, estimate its PDF using KDE with automatic
bandwidth determination and plot the results, evaluating them at
1000 equally spaced points (default):

A scalar bandwidth can be specified. Using a small bandwidth value can
lead to over-fitting, while using a large bandwidth value may result
in under-fitting:

Finally, the ind parameter determines the evaluation points for the
plot of the estimated PDF:

For DataFrame, it works in the same way:

A scalar bandwidth can be specified. Using a small bandwidth value can
lead to over-fitting, while using a large bandwidth value may result
in under-fitting:

Finally, the ind parameter determines the evaluation points for the
plot of the estimated PDF:",https://pandas.pydata.org/docs/reference/api/pandas.DataFrame.plot.kde.html
DataFrame,Plotting,DataFrame.plot.line,"[x, y, color]","Plot Series or DataFrame as lines.

This function is useful to plot lines using DataFrame’s values
as coordinates.

Examples

The following example shows the populations for some animals
over the years.

An example with subplots, so an array of axes is returned.

Let’s repeat the same example, but specifying colors for
each column (in this case, for each animal).

The following example shows the relationship between both
populations.",https://pandas.pydata.org/docs/reference/api/pandas.DataFrame.plot.line.html
DataFrame,Plotting,DataFrame.plot.pie,[y],"Generate a pie plot.

A pie plot is a proportional representation of the numerical data in a
column. This function wraps matplotlib.pyplot.pie() for the
specified column. If no column reference is passed and subplots=True a pie plot is drawn for each numerical column
independently.

Examples

In the example below we have a DataFrame with the information about
planet’s mass and radius. We pass the ‘mass’ column to the
pie function to get a pie plot.",https://pandas.pydata.org/docs/reference/api/pandas.DataFrame.plot.pie.html
DataFrame,Plotting,DataFrame.plot.scatter,"x, y[, s, c]","Create a scatter plot with varying marker point size and color.

The coordinates of each point are defined by two dataframe columns and
filled circles are used to represent each point. This kind of plot is
useful to see complex correlations between two variables. Points could
be for instance natural 2D coordinates like longitude and latitude in
a map or, in general, any pair of metrics that can be plotted against
each other.

Examples

Let’s see how to draw a scatter plot using coordinates from the values
in a DataFrame’s columns.

And now with the color determined by a column as well.",https://pandas.pydata.org/docs/reference/api/pandas.DataFrame.plot.scatter.html
DataFrame,Plotting,DataFrame.boxplot,"[column, by, ax, ...]","Make a box plot from DataFrame columns.

Make a box-and-whisker plot from DataFrame columns, optionally grouped
by some other columns. A box plot is a method for graphically depicting
groups of numerical data through their quartiles.
The box extends from the Q1 to Q3 quartile values of the data,
with a line at the median (Q2). The whiskers extend from the edges
of box to show the range of the data. By default, they extend no more than 1.5 * IQR (IQR = Q3 - Q1) from the edges of the box, ending at the farthest
data point within that interval. Outliers are plotted as separate dots.

For further details see
Wikipedia’s entry for boxplot .

Notes

The return type depends on the return_type parameter:

For data grouped with by , return a Series of the above or a numpy
array:

Use return_type='dict' when you want to tweak the appearance
of the lines after plotting. In this case a dict containing the Lines
making up the boxes, caps, fliers, medians, and whiskers is returned.

Examples

Boxplots can be created for every column in the dataframe
by df.boxplot() or indicating the columns to be used:

Boxplots of variables distributions grouped by the values of a third
variable can be created using the option by . For instance:

A list of strings (i.e. ['X', 'Y'] ) can be passed to boxplot
in order to group the data by combination of the variables in the x-axis:

The layout of boxplot can be adjusted giving a tuple to layout :

Additional formatting can be done to the boxplot, like suppressing the grid
( grid=False ), rotating the labels in the x-axis (i.e. rot=45 )
or changing the fontsize (i.e. fontsize=15 ):

The parameter return_type can be used to select the type of element
returned by boxplot .  When return_type='axes' is selected,
the matplotlib axes on which the boxplot is drawn are returned:

When grouping with by , a Series mapping columns to return_type is returned:

If return_type is None , a NumPy array of axes with the same shape
as layout is returned:",https://pandas.pydata.org/docs/reference/api/pandas.DataFrame.boxplot.html
DataFrame,Plotting,DataFrame.hist,"[column, by, grid, ...]","Make a histogram of the DataFrame’s columns.

A histogram is a representation of the distribution of data.
This function calls matplotlib.pyplot.hist() , on each series in
the DataFrame, resulting in one histogram per column.

Examples

This example draws a histogram based on the length and width of
some animals, displayed in three bins",https://pandas.pydata.org/docs/reference/api/pandas.DataFrame.hist.html
DataFrame,Sparse accessor,DataFrame.sparse.density,,"Ratio of non-sparse points to total (dense) data points.

Examples",https://pandas.pydata.org/docs/reference/api/pandas.DataFrame.sparse.density.html
DataFrame,Sparse accessor,DataFrame.sparse.from_spmatrix,"data[, ...]","Create a new DataFrame from a scipy sparse matrix.

Examples",https://pandas.pydata.org/docs/reference/api/pandas.DataFrame.sparse.from_spmatrix.html
DataFrame,Sparse accessor,DataFrame.sparse.to_coo,,"Return the contents of the frame as a sparse SciPy COO matrix.

Notes

The dtype will be the lowest-common-denominator type (implicit
upcasting); that is to say if the dtypes (even of numeric types)
are mixed, the one that accommodates all will be chosen.

e.g. If the dtypes are float16 and float32, dtype will be upcast to
float32. By numpy.find_common_type convention, mixing int64 and
and uint64 will result in a float64 dtype.

Examples",https://pandas.pydata.org/docs/reference/api/pandas.DataFrame.sparse.to_coo.html
DataFrame,Sparse accessor,DataFrame.sparse.to_dense,,"Convert a DataFrame with sparse values to dense.

Examples",https://pandas.pydata.org/docs/reference/api/pandas.DataFrame.sparse.to_dense.html
DataFrame,Serialization / IO / conversion,DataFrame.from_arrow,data,"Construct a DataFrame from a tabular Arrow object.

This function accepts any Arrow-compatible tabular object implementing
the Arrow PyCapsule Protocol (i.e. having an __arrow_c_array__ or __arrow_c_stream__ method).

This function currently relies on pyarrow to convert the tabular
object in Arrow format to pandas.

Examples",https://pandas.pydata.org/docs/reference/api/pandas.DataFrame.from_arrow.html
DataFrame,Serialization / IO / conversion,DataFrame.from_dict,"data[, orient, dtype, ...]","Construct DataFrame from dict of array-like or dicts.

Creates DataFrame object from dictionary by columns or by index
allowing dtype specification.

Examples

By default the keys of the dict become the DataFrame columns:

Specify orient='index' to create the DataFrame using dictionary
keys as rows:

When using the ‘index’ orientation, the column names can be
specified manually:

Specify orient='tight' to create the DataFrame using a ‘tight’
format:",https://pandas.pydata.org/docs/reference/api/pandas.DataFrame.from_dict.html
DataFrame,Serialization / IO / conversion,DataFrame.from_records,"data[, index, ...]","Convert structured or record ndarray to DataFrame.

Creates a DataFrame object from a structured ndarray, or iterable of
tuples or dicts.

Examples

Data can be provided as a structured ndarray:

Data can be provided as a list of dicts:

Data can be provided as a list of tuples with corresponding columns:",https://pandas.pydata.org/docs/reference/api/pandas.DataFrame.from_records.html
DataFrame,Serialization / IO / conversion,DataFrame.to_orc,"[path, engine, index, ...]","Write a DataFrame to the Optimized Row Columnar (ORC) format.

Notes

Examples

If you want to get a buffer to the orc content you can write it to io.BytesIO",https://pandas.pydata.org/docs/reference/api/pandas.DataFrame.to_orc.html
DataFrame,Serialization / IO / conversion,DataFrame.to_parquet,"[path, engine, ...]","Write a DataFrame to the binary parquet format.

This function writes the dataframe as a parquet file . You can choose different parquet
backends, and have the option of compression. See the user guide for more details.

Notes

Examples

If you want to get a buffer to the parquet content you can use a io.BytesIO
object, as long as you don’t use partition_cols, which creates multiple files.",https://pandas.pydata.org/docs/reference/api/pandas.DataFrame.to_parquet.html
DataFrame,Serialization / IO / conversion,DataFrame.to_pickle,"path, *[, compression, ...]","Pickle (serialize) object to file.

Examples",https://pandas.pydata.org/docs/reference/api/pandas.DataFrame.to_pickle.html
DataFrame,Serialization / IO / conversion,DataFrame.to_csv,"[path_or_buf, sep, na_rep, ...]","Write object to a comma-separated values (csv) file.

Examples

Create ‘out.csv’ containing ‘df’ without indices

Create ‘out.zip’ containing ‘out.csv’

To write a csv file to a new folder or nested folder you will first
need to create it using either Pathlib or os:

Format floats to two decimal places:

Format floats using scientific notation:",https://pandas.pydata.org/docs/reference/api/pandas.DataFrame.to_csv.html
DataFrame,Serialization / IO / conversion,DataFrame.to_hdf,"path_or_buf, *, key[, ...]","Write the contained data to an HDF5 file using HDFStore.

Hierarchical Data Format (HDF) is self-describing, allowing an
application to interpret the structure and contents of a file with
no outside information. One HDF file can hold a mix of related objects
which can be accessed as a group or as individual objects.

In order to add another DataFrame or Series to an existing HDF file
please use append mode and a different a key.

For more information see the user guide .

Examples

We can add another object to the same file:

Reading from HDF file:",https://pandas.pydata.org/docs/reference/api/pandas.DataFrame.to_hdf.html
DataFrame,Serialization / IO / conversion,DataFrame.to_sql,"name, con, *[, schema, ...]","Write records stored in a DataFrame to a SQL database.

Databases supported by SQLAlchemy [1] are supported. Tables can be
newly created, appended to, or overwritten.

Notes

Timezone aware datetime columns will be written as Timestamp with timezone type with SQLAlchemy if supported by the
database. Otherwise, the datetimes will be stored as timezone unaware
timestamps local to the original timezone.

Not all datastores support method=""multi"" . Oracle, for example,
does not support multi-value insert.

References

Examples

Create an in-memory SQLite database.

Create a table from scratch with 3 rows.

An sqlalchemy.engine.Connection can also be passed to con :

This is allowed to support operations that require that the same
DBAPI connection is used for the entire operation.

Overwrite the table with just df2 .

Delete all rows before inserting new records with df3

Use method to define a callable insertion method to do nothing
if there’s a primary key conflict on a table in a PostgreSQL database.

For MySQL, a callable to update columns b and c if there’s a conflict
on a primary key.

Specify the dtype (especially useful for integers with missing values).
Notice that while pandas is forced to store the data as floating point,
the database supports nullable integers. When fetching the data with
Python, we get back integer scalars.",https://pandas.pydata.org/docs/reference/api/pandas.DataFrame.to_sql.html
DataFrame,Serialization / IO / conversion,DataFrame.to_dict,"[orient, into, index]","Convert the DataFrame to a dictionary.

The type of the key-value pairs can be customized with the parameters
(see below).

Examples

You can specify the return orientation.

You can also specify the mapping type.

If you want a defaultdict , you need to initialize it:",https://pandas.pydata.org/docs/reference/api/pandas.DataFrame.to_dict.html
DataFrame,Serialization / IO / conversion,DataFrame.to_excel,"excel_writer, *[, ...]","Write object to an Excel sheet.

To write a single object to an Excel .xlsx file it is only necessary to
specify a target file name. To write to multiple sheets it is necessary to
create an ExcelWriter object with a target file name, and specify a sheet
in the file to write to.

Multiple sheets may be written to by specifying unique sheet_name .
With all data written to the file it is necessary to save the changes.
Note that creating an ExcelWriter object with a file name that already exists
will overwrite the existing file because the default mode is write.

Notes

For compatibility with to_csv() ,
to_excel serializes lists and dicts to strings before writing.

Once a workbook has been saved it is not possible to write further
data without rewriting the whole workbook.

pandas will check the number of rows, columns,
and cell character count does not exceed Excel’s limitations.
All other limitations must be checked by the user.

Examples

Create, write to and save a workbook:

To specify the sheet name:

If you wish to write to more than one sheet in the workbook, it is
necessary to specify an ExcelWriter object:

ExcelWriter can also be used to append to an existing Excel file:

To set the library that is used to write the Excel file,
you can pass the engine keyword (the default engine is
automatically chosen depending on the file extension):",https://pandas.pydata.org/docs/reference/api/pandas.DataFrame.to_excel.html
DataFrame,Serialization / IO / conversion,DataFrame.to_json,"[path_or_buf, orient, ...]","Convert the object to a JSON string.

Note NaN’s and None will be converted to null and datetime objects
will be converted to UNIX timestamps.

Notes

The behavior of indent=0 varies from the stdlib, which does not
indent the output but does insert newlines. Currently, indent=0 and the default indent=None are equivalent in pandas, though this
may change in a future release.

orient='table' contains a ‘pandas_version’ field under ‘schema’.
This stores the version of pandas used in the latest revision of the
schema.

Examples

Encoding/decoding a Dataframe using 'records' formatted JSON.
Note that index labels are not preserved with this encoding.

Encoding/decoding a Dataframe using 'index' formatted JSON:

Encoding/decoding a Dataframe using 'columns' formatted JSON:

Encoding/decoding a Dataframe using 'values' formatted JSON:

Encoding with Table Schema:",https://pandas.pydata.org/docs/reference/api/pandas.DataFrame.to_json.html
DataFrame,Serialization / IO / conversion,DataFrame.to_html,"[buf, columns, col_space, ...]","Render a DataFrame as an HTML table.

Examples

HTML output

HTML output",https://pandas.pydata.org/docs/reference/api/pandas.DataFrame.to_html.html
DataFrame,Serialization / IO / conversion,DataFrame.to_feather,"path, **kwargs","Write a DataFrame to the binary Feather format.

Notes

This function writes the dataframe as a feather file . Requires a default
index. For saving the DataFrame with your custom index use a method that
supports custom indices e.g. to_parquet .

Examples",https://pandas.pydata.org/docs/reference/api/pandas.DataFrame.to_feather.html
DataFrame,Serialization / IO / conversion,DataFrame.to_latex,"[buf, columns, header, ...]","Render object to a LaTeX tabular, longtable, or nested table.

Requires \usepackage{booktabs} .  The output can be copy/pasted
into a main LaTeX document or read from an external file
with \input{table.tex} .

Notes

As of v2.0.0 this method has changed to use the Styler implementation as
part of Styler.to_latex() via jinja2 templating. This means
that jinja2 is a requirement, and needs to be installed, for this method
to function. It is advised that users switch to using Styler, since that
implementation is more frequently updated and contains much more
flexibility with the output.

Examples

Convert a general DataFrame to LaTeX with formatting:",https://pandas.pydata.org/docs/reference/api/pandas.DataFrame.to_latex.html
DataFrame,Serialization / IO / conversion,DataFrame.to_stata,"path, *[, convert_dates, ...]","Export DataFrame object to Stata dta format.

Writes the DataFrame to a Stata dataset file.
“dta” files contain a Stata dataset.

Examples",https://pandas.pydata.org/docs/reference/api/pandas.DataFrame.to_stata.html
DataFrame,Serialization / IO / conversion,DataFrame.to_records,"[index, column_dtypes, ...]","Convert DataFrame to a NumPy record array.

Index will be included as the first field of the record array if
requested.

Examples

If the DataFrame index has no label then the recarray field name
is set to ‘index’. If the index has a label then this is used as the
field name:

The index can be excluded from the record array:

Data types can be specified for the columns:

As well as for the index:",https://pandas.pydata.org/docs/reference/api/pandas.DataFrame.to_records.html
DataFrame,Serialization / IO / conversion,DataFrame.to_string,"[buf, columns, ...]","Render a DataFrame to a console-friendly tabular output.

Examples",https://pandas.pydata.org/docs/reference/api/pandas.DataFrame.to_string.html
DataFrame,Serialization / IO / conversion,DataFrame.to_clipboard,"*[, excel, sep]","Copy object to the system clipboard.

Write a text representation of object to the system clipboard.
This can be pasted into Excel, for example.

Notes

Requirements for your platform.

This method uses the processes developed for the package pyperclip . A
solution to render any output string format is given in the examples.

Examples

Copy the contents of a DataFrame to the clipboard.

We can omit the index by passing the keyword index and setting
it to false.

Using the original pyperclip package for any string output format.",https://pandas.pydata.org/docs/reference/api/pandas.DataFrame.to_clipboard.html
DataFrame,Serialization / IO / conversion,DataFrame.to_markdown,"[buf, mode, index, ...]","Print DataFrame in Markdown-friendly format.

Notes

Requires the tabulate package.

Examples

Output markdown with a tabulate option.",https://pandas.pydata.org/docs/reference/api/pandas.DataFrame.to_markdown.html
DataFrame,Serialization / IO / conversion,DataFrame.style,,"Returns a Styler object.

Contains methods for building a styled HTML representation of the DataFrame.

Examples

Please see Table Visualization for more examples.",https://pandas.pydata.org/docs/reference/api/pandas.DataFrame.style.html
DataFrame,Serialization / IO / conversion,DataFrame.__dataframe__,"[nan_as_null, ...]","Return the dataframe interchange object implementing the interchange protocol.

Notes

Details on the interchange protocol: https://data-apis.org/dataframe-protocol/latest/index.html

Examples

These methods ( column_names , select_columns_by_name ) should work
for any dataframe library which implements the interchange protocol.",https://pandas.pydata.org/docs/reference/api/pandas.DataFrame.__dataframe__.html
Series,Constructor,Series,"[data, index, dtype, name, copy]","One-dimensional ndarray with axis labels (including time series).

Labels need not be unique but must be a hashable type. The object
supports both integer- and label-based indexing and provides a host of
methods for performing operations involving the index. Statistical
methods from ndarray have been overridden to automatically exclude
missing data (currently represented as NaN).

Operations between Series (+, -, /, *, **) align values based on their
associated index values– they need not be the same length. The result
index will be the sorted union of the two indexes.

Notes

Please reference the User Guide for more information.

Examples

Constructing Series from a dictionary with an Index specified

The keys of the dictionary match with the Index values, hence the Index
values have no effect.

Note that the Index is first built with the keys from the dictionary.
After this the Series is reindexed with the given Index values, hence we
get all NaN as a result.

Constructing Series from a list with copy=False .

Due to input data type the Series has a copy of
the original data even though copy=False , so
the data is unchanged.

Constructing Series from a 1d ndarray with copy=False .

Due to input data type the Series has a view on
the original data, so
the data is changed as well.

Attributes

Methods",https://pandas.pydata.org/docs/reference/api/pandas.Series.html
Series,Attributes,Series.index,,"The index (axis labels) of the Series.

The index of a Series is used to label and identify each element of the
underlying data. The index can be thought of as an immutable ordered set
(technically a multi-set, as it may contain duplicate labels), and is
used to index and align data in pandas.

Notes

For more information on pandas indexing, see the indexing user guide .

Examples

To create a Series with a custom index and view the index labels:

To change the index labels of an existing Series:",https://pandas.pydata.org/docs/reference/api/pandas.Series.index.html
Series,Attributes,Series.array,,"The ExtensionArray of the data backing this Series or Index.

This property provides direct access to the underlying array data of a
Series or Index without requiring conversion to a NumPy array. It
returns an ExtensionArray, which is the native storage format for
pandas extension dtypes.

Notes

This table lays out the different array types for each extension
dtype within pandas.

For any 3rd-party extension types, the array type will be an
ExtensionArray.

For all remaining dtypes .array will be a arrays.NumpyExtensionArray wrapping the actual ndarray
stored within. If you absolutely need a NumPy array (possibly with
copying / coercing data), then use Series.to_numpy() instead.

Examples

For regular NumPy types like int, and float, a NumpyExtensionArray
is returned.

For extension types, like Categorical, the actual ExtensionArray
is returned",https://pandas.pydata.org/docs/reference/api/pandas.Series.array.html
Series,Attributes,Series.values,,"Return Series as ndarray or ndarray-like depending on the dtype.

Examples

Timezone aware datetime data is converted to UTC:",https://pandas.pydata.org/docs/reference/api/pandas.Series.values.html
Series,Attributes,Series.dtype,,"Return the dtype object of the underlying data.

Examples",https://pandas.pydata.org/docs/reference/api/pandas.Series.dtype.html
Series,Attributes,Series.info,"[verbose, buf, max_cols, ...]","Print a concise summary of a Series.

This method prints information about a Series including
the index dtype, non-NA values and memory usage.

Examples

Prints a summary excluding information about its values:

Pipe output of Series.info to buffer instead of sys.stdout, get
buffer content and writes to a text file:

The memory_usage parameter allows deep introspection mode, specially
useful for big Series and fine-tune memory optimization:",https://pandas.pydata.org/docs/reference/api/pandas.Series.info.html
Series,Attributes,Series.shape,,"Return a tuple of the shape of the underlying data.

Examples",https://pandas.pydata.org/docs/reference/api/pandas.Series.shape.html
Series,Attributes,Series.nbytes,,"Return the number of bytes in the underlying data.

Examples

For Series:

For Index:",https://pandas.pydata.org/docs/reference/api/pandas.Series.nbytes.html
Series,Attributes,Series.ndim,,"Number of dimensions of the underlying data, by definition 1.

Examples

For Index:",https://pandas.pydata.org/docs/reference/api/pandas.Series.ndim.html
Series,Attributes,Series.size,,"Return the number of elements in the underlying data.

Examples

For Series:

For Index:",https://pandas.pydata.org/docs/reference/api/pandas.Series.size.html
Series,Attributes,Series.T,,"Return the transpose, which is by definition self.

Examples

For Series:

For Index:",https://pandas.pydata.org/docs/reference/api/pandas.Series.T.html
Series,Attributes,Series.memory_usage,"[index, deep]","Return the memory usage of the Series.

The memory usage can optionally include the contribution of
the index and of elements of object dtype.

Examples

Not including the index gives the size of the rest of the data, which
is necessarily smaller:

The memory footprint of object values is ignored by default:",https://pandas.pydata.org/docs/reference/api/pandas.Series.memory_usage.html
Series,Attributes,Series.hasnans,,"Return True if there are any NaNs.

Enables various performance speedups.

Examples",https://pandas.pydata.org/docs/reference/api/pandas.Series.hasnans.html
Series,Attributes,Series.empty,,"Indicator whether Index is empty.

An Index is considered empty if it has no elements. This property can be
useful for quickly checking the state of an Index, especially in data
processing and analysis workflows where handling of empty datasets might
be required.

Examples

If we only have NaNs in our DataFrame, it is not considered empty!",https://pandas.pydata.org/docs/reference/api/pandas.Series.empty.html
Series,Attributes,Series.dtypes,,"Return the dtype object of the underlying data.

Examples",https://pandas.pydata.org/docs/reference/api/pandas.Series.dtypes.html
Series,Attributes,Series.name,,"Return the name of the Series.

The name of a Series becomes its index or column name if it is used
to form a DataFrame. It is also used whenever displaying the Series
using the interpreter.

Examples

The Series name can be set initially when calling the constructor.

The name of a Series within a DataFrame is its column name.",https://pandas.pydata.org/docs/reference/api/pandas.Series.name.html
Series,Attributes,Series.flags,,"Get the properties associated with this pandas object.

The available flags are

Notes

“Flags” differ from “metadata”. Flags reflect properties of the
pandas object (the Series or DataFrame). Metadata refer to properties
of the dataset, and should be stored in DataFrame.attrs .

Examples

Flags can be get or set using .

Or by slicing with a key",https://pandas.pydata.org/docs/reference/api/pandas.Series.flags.html
Series,Attributes,Series.set_flags,"*[, copy, ...]","Return a new object with updated flags.

This method creates a shallow copy of the original object, preserving its
underlying data while modifying its global flags. In particular, it allows
you to update properties such as whether duplicate labels are permitted. This
behavior is especially useful in method chains, where one wishes to
adjust DataFrame or Series characteristics without altering the original object.

Notes

This method returns a new object that’s a view on the same data
as the input. Mutating the input or the output values will be reflected
in the other.

This method is intended to be used in method chains.

“Flags” differ from “metadata”. Flags reflect properties of the
pandas object (the Series or DataFrame). Metadata refer to properties
of the dataset, and should be stored in DataFrame.attrs .

Examples",https://pandas.pydata.org/docs/reference/api/pandas.Series.set_flags.html
Series,Conversion,Series.astype,"dtype[, copy, errors]","Cast a pandas object to a specified dtype dtype .

This method allows the conversion of the data types of pandas objects,
including DataFrames and Series, to the specified dtype. It supports casting
entire objects to a single data type or applying different data types to
individual columns using a mapping.

Notes

Examples

Create a DataFrame:

Cast all columns to int32:

Cast col1 to int32 using a dictionary:

Create a series:

Convert to categorical type:

Convert to ordered categorical type with custom ordering:

Create a series of dates:",https://pandas.pydata.org/docs/reference/api/pandas.Series.astype.html
Series,Conversion,Series.convert_dtypes,"[infer_objects, ...]","Convert columns from numpy dtypes to the best dtypes that support pd.NA .

Notes

By default, convert_dtypes will attempt to convert a Series (or each
Series in a DataFrame) to dtypes that support pd.NA . By using the options convert_string , convert_integer , convert_boolean and convert_floating , it is possible to turn off individual conversions
to StringDtype , the integer extension types, BooleanDtype or floating extension types, respectively.

For object-dtyped columns, if infer_objects is True , use the inference
rules as during normal Series/DataFrame construction.  Then, if possible,
convert to StringDtype , BooleanDtype or an appropriate integer
or floating extension type, otherwise leave as object .

If the dtype is integer, convert to an appropriate integer extension type.

If the dtype is numeric, and consists of all integers, convert to an
appropriate integer extension type. Otherwise, convert to an
appropriate floating extension type.

In the future, as new dtypes are added that support pd.NA , the results
of this method will change to support those new dtypes.

Examples

Start with a DataFrame with default dtypes.

Convert the DataFrame to use best possible dtypes.

Start with a Series of strings and missing data represented by np.nan .

Obtain a Series with dtype StringDtype .",https://pandas.pydata.org/docs/reference/api/pandas.Series.convert_dtypes.html
Series,Conversion,Series.infer_objects,[copy],"Attempt to infer better dtypes for object columns.

Attempts soft conversion of object-dtyped
columns, leaving non-object and unconvertible
columns unchanged. The inference rules are the
same as during normal Series/DataFrame construction.

Examples",https://pandas.pydata.org/docs/reference/api/pandas.Series.infer_objects.html
Series,Conversion,Series.copy,[deep],"Make a copy of this object’s indices and data.

When deep=True (default), a new object will be created with a
copy of the calling object’s data and indices. Modifications to
the data or indices of the copy will not be reflected in the
original object (see notes below).

When deep=False , a new object will be created without copying
the calling object’s data or index (only references to the data
and index are copied). With Copy-on-Write, changes to the original
will not be reflected in the shallow copy (and vice versa). The
shallow copy uses a lazy (deferred) copy mechanism that copies the
data only when any changes to the original or shallow copy are made,
ensuring memory efficiency while maintaining data integrity.

Notes

When deep=True , data is copied but actual Python objects
will not be copied recursively, only the reference to the object.
This is in contrast to copy.deepcopy in the Standard Library,
which recursively copies object data (see examples below).

While Index objects are copied when deep=True , the underlying
numpy array is not copied for performance reasons. Since Index is
immutable, the underlying data can be safely shared and a copy
is not needed.

Since pandas is not thread safe, see the gotchas when copying in a threading
environment.

Copy-on-Write protects shallow copies against accidental modifications.
This means that any changes to the copied data would make a new copy
of the data upon write (and vice versa). Changes made to either the
original or copied variable would not be reflected in the counterpart.
See Copy_on_Write for more information.

Examples

Due to Copy-on-Write, shallow copies still protect data modifications.
Note shallow does not get modified below.

When the data has object dtype, even a deep copy does not copy the
underlying Python objects. Updating a nested data object will be
reflected in the deep copy.",https://pandas.pydata.org/docs/reference/api/pandas.Series.copy.html
Series,Conversion,Series.to_numpy,"[dtype, copy, na_value]","A NumPy ndarray representing the values in this Series or Index.

Notes

The returned array will be the same up to equality (values equal
in self will be equal in the returned array; likewise for values
that are not equal). When self contains an ExtensionArray, the
dtype may be different. For example, for a category-dtype Series, to_numpy() will return a NumPy array and the categorical dtype
will be lost.

For NumPy dtypes, this will be a reference to the actual data stored
in this Series or Index (assuming copy=False ). Modifying the result
in place will modify the data stored in the Series or Index (not that
we recommend doing that).

For extension types, to_numpy() may require copying data and
coercing the result to a NumPy type (possibly object), which may be
expensive. When you need a no-copy reference to the underlying data, Series.array should be used instead.

This table lays out the different dtypes and default return types of to_numpy() for various dtypes within pandas.

Examples

Specify the dtype to control how datetime-aware data is represented.
Use dtype=object to return an ndarray of pandas Timestamp objects, each with the correct tz .

Or dtype='datetime64[ns]' to return an ndarray of native
datetime64 values. The values are converted to UTC and the timezone
info is dropped.",https://pandas.pydata.org/docs/reference/api/pandas.Series.to_numpy.html
Series,Conversion,Series.to_period,"[freq, copy]","Convert Series from DatetimeIndex to PeriodIndex.

Examples

Viewing the index",https://pandas.pydata.org/docs/reference/api/pandas.Series.to_period.html
Series,Conversion,Series.to_timestamp,"[freq, how, copy]","Cast to DatetimeIndex of Timestamps, at beginning of period.

This can be changed to the end of the period, by specifying how=”e” .

Examples

The resulting frequency of the Timestamps is YearBegin

Using freq which is the offset that the Timestamps will have",https://pandas.pydata.org/docs/reference/api/pandas.Series.to_timestamp.html
Series,Conversion,Series.to_list,,"Return a list of the values.

These are each a scalar type, which is a Python scalar
(for str, int, float) or a pandas scalar
(for Timestamp/Timedelta/Interval/Period)

Examples

For Series

For Index:",https://pandas.pydata.org/docs/reference/api/pandas.Series.to_list.html
Series,Conversion,Series.__array__,"[dtype, copy]","Return the values as a NumPy array.

Users should not call this directly. Rather, it is invoked by numpy.array() and numpy.asarray() .

Examples

For timezone-aware data, the timezones may be retained with dtype='object'

Or the values may be localized to UTC and the tzinfo discarded with dtype='datetime64[ns]'",https://pandas.pydata.org/docs/reference/api/pandas.Series.__array__.html
Series,"Indexing, iteration",Series.get,"key[, default]","Get item from object for given key (ex: DataFrame column).

Returns default value if not found.

Examples

If the key isn’t found, the default value will be used.",https://pandas.pydata.org/docs/reference/api/pandas.Series.get.html
Series,"Indexing, iteration",Series.at,,"Access a single value for a row/column label pair.

Similar to loc , in that both provide label-based lookups. Use at if you only need to get or set a single value in a DataFrame
or Series.

Notes

See Fast scalar value getting and setting for more details.

Examples

Get value at specified row/column pair

Set value at specified row/column pair

Get value within a Series",https://pandas.pydata.org/docs/reference/api/pandas.Series.at.html
Series,"Indexing, iteration",Series.iat,,"Access a single value for a row/column pair by integer position.

Similar to iloc , in that both provide integer-based lookups. Use iat if you only need to get or set a single value in a DataFrame
or Series.

Examples

Get value at specified row/column pair

Set value at specified row/column pair

Get value within a series",https://pandas.pydata.org/docs/reference/api/pandas.Series.iat.html
Series,"Indexing, iteration",Series.loc,,"Access a group of rows and columns by label(s) or a boolean array.

.loc[] is primarily label based, but may also be used with a
boolean array.

Allowed inputs are:

See more at Selection by Label .

Examples

Getting values

Single label. Note this returns the row as a Series.

List of labels. Note using [[]] returns a DataFrame.

Single label for row and column

Slice with labels for row and single label for column. As mentioned
above, note that both the start and stop of the slice are included.

Boolean list with the same length as the row axis

Alignable boolean Series:

Index (same behavior as df.reindex )

Conditional that returns a boolean Series

Conditional that returns a boolean Series with column labels specified

Multiple conditional using & that returns a boolean Series

Multiple conditional using | that returns a boolean Series

Please ensure that each condition is wrapped in parentheses () .
See the user guide for more details and explanations of Boolean indexing.

Callable that returns a boolean Series

Setting values

Set value for all items matching the list of labels

Set value for an entire row

Set value for an entire column

Set value for rows matching callable condition

Add value matching location

Setting using a Series or a DataFrame sets the values matching the
index labels, not the index positions.

Getting values on a DataFrame with an index that has integer labels

Another example using integers for the index

Slice with integer labels for rows. As mentioned above, note that both
the start and stop of the slice are included.

Getting values with a MultiIndex

A number of examples using a DataFrame with a MultiIndex

Single label. Note this returns a DataFrame with a single index.

Single index tuple. Note this returns a Series.

Single label for row and column. Similar to passing in a tuple, this
returns a Series.

Single tuple. Note using [[]] returns a DataFrame.

Single tuple for the index with a single label for the column

Slice from index tuple to single label

Slice from index tuple to index tuple

Please see the user guide for more details and explanations of advanced indexing.

Assignment with Series

When assigning a Series to .loc[row_indexer, col_indexer], pandas aligns
the Series by index labels, not by order or position.

Series assignment with .loc and index alignment:",https://pandas.pydata.org/docs/reference/api/pandas.Series.loc.html
Series,"Indexing, iteration",Series.iloc,,"Purely integer-location based indexing for selection by position.

.iloc[] is primarily integer position based (from 0 to length-1 of the axis), but may also be used with a boolean
array.

Allowed inputs are:

.iloc will raise IndexError if a requested indexer is
out-of-bounds, except slice indexers which allow out-of-bounds
indexing (this conforms with python/numpy slice semantics).

See more at Selection by Position .

Examples

Indexing just the rows

With a scalar integer.

With a list of integers.

With a slice object.

With a boolean mask the same length as the index.

With a callable, useful in method chains. The x passed
to the lambda is the DataFrame being sliced. This selects
the rows whose index label even.

Indexing both axes

You can mix the indexer types for the index and columns. Use : to
select the entire axis.

With scalar integers.

With lists of integers.

With slice objects.

With a boolean array whose length matches the columns.

With a callable function that expects the Series or DataFrame.",https://pandas.pydata.org/docs/reference/api/pandas.Series.iloc.html
Series,"Indexing, iteration",Series.__iter__,,"Return an iterator of the values.

These are each a scalar type, which is a Python scalar
(for str, int, float) or a pandas scalar
(for Timestamp/Timedelta/Interval/Period)

Examples",https://pandas.pydata.org/docs/reference/api/pandas.Series.__iter__.html
Series,"Indexing, iteration",Series.items,,"Lazily iterate over (index, value) tuples.

This method returns an iterable tuple (index, value). This is
convenient if you want to create a lazy iterator.

Examples",https://pandas.pydata.org/docs/reference/api/pandas.Series.items.html
Series,"Indexing, iteration",Series.keys,,"Return alias for index.

Examples",https://pandas.pydata.org/docs/reference/api/pandas.Series.keys.html
Series,"Indexing, iteration",Series.pop,item,"Return item and drops from series. Raise KeyError if not found.

Examples",https://pandas.pydata.org/docs/reference/api/pandas.Series.pop.html
Series,"Indexing, iteration",Series.item,,"Return the first element of the underlying data as a Python scalar.

Examples

For an index:",https://pandas.pydata.org/docs/reference/api/pandas.Series.item.html
Series,"Indexing, iteration",Series.xs,"key[, axis, level, drop_level]","Return cross-section from the Series/DataFrame.

This method takes a key argument to select data at a particular
level of a MultiIndex.

Notes

xs can not be used to set values.

MultiIndex Slicers is a generic way to get/set values on
any level or levels.
It is a superset of xs functionality, see MultiIndex Slicers .

Examples

Get values at specified index

Get values at several indexes

Get values at specified index and level

Get values at several indexes and levels

Get values at specified column and axis",https://pandas.pydata.org/docs/reference/api/pandas.Series.xs.html
Series,Binary operator functions,Series.add,"other[, level, fill_value, axis]","Return Addition of series and other, element-wise (binary operator add ).

Equivalent to series + other , but with support to substitute a fill_value
for missing data in either one of the inputs.

Examples",https://pandas.pydata.org/docs/reference/api/pandas.Series.add.html
Series,Binary operator functions,Series.sub,"other[, level, fill_value, axis]","Return Subtraction of series and other, element-wise (binary operator sub ).

Equivalent to series - other , but with support to substitute a fill_value for
missing data in either one of the inputs.

Examples",https://pandas.pydata.org/docs/reference/api/pandas.Series.sub.html
Series,Binary operator functions,Series.mul,"other[, level, fill_value, axis]","Return Multiplication of series and other, element-wise (binary operator mul ).

Equivalent to series * other , but with support to substitute
a fill_value for missing data in either one of the inputs.

Examples",https://pandas.pydata.org/docs/reference/api/pandas.Series.mul.html
Series,Binary operator functions,Series.div,"other[, level, fill_value, axis]","Return Floating division of series and other,         element-wise (binary operator truediv ).

Equivalent to series / other , but with support to substitute a
fill_value for missing data in either one of the inputs.

Examples",https://pandas.pydata.org/docs/reference/api/pandas.Series.div.html
Series,Binary operator functions,Series.truediv,"other[, level, fill_value, axis]","Return Floating division of series and other,         element-wise (binary operator truediv ).

Equivalent to series / other , but with support to substitute a
fill_value for missing data in either one of the inputs.

Examples",https://pandas.pydata.org/docs/reference/api/pandas.Series.truediv.html
Series,Binary operator functions,Series.floordiv,"other[, level, fill_value, axis]","Return Integer division of series and other, element-wise (binary operator floordiv ).

Equivalent to series // other , but with support to substitute a fill_value for
missing data in either one of the inputs.

Examples",https://pandas.pydata.org/docs/reference/api/pandas.Series.floordiv.html
Series,Binary operator functions,Series.mod,"other[, level, fill_value, axis]","Return Modulo of series and other, element-wise (binary operator mod ).

Equivalent to series % other , but with support to substitute a
fill_value for missing data in either one of the inputs.

Examples",https://pandas.pydata.org/docs/reference/api/pandas.Series.mod.html
Series,Binary operator functions,Series.pow,"other[, level, fill_value, axis]","Return Exponential power of series and other, element-wise (binary operator pow ).

Equivalent to series ** other , but with support to substitute a fill_value for
missing data in either one of the inputs.

Examples",https://pandas.pydata.org/docs/reference/api/pandas.Series.pow.html
Series,Binary operator functions,Series.radd,"other[, level, fill_value, axis]","Return Addition of series and other, element-wise (binary operator radd ).

Equivalent to other + series , but with support to substitute a fill_value for
missing data in either one of the inputs.

Examples",https://pandas.pydata.org/docs/reference/api/pandas.Series.radd.html
Series,Binary operator functions,Series.rsub,"other[, level, fill_value, axis]","Return Subtraction of series and other, element-wise (binary operator rsub ).

Equivalent to other - series , but with support to substitute a fill_value for
missing data in either one of the inputs.

Examples",https://pandas.pydata.org/docs/reference/api/pandas.Series.rsub.html
Series,Binary operator functions,Series.rmul,"other[, level, fill_value, axis]","Return Multiplication of series and other, element-wise (binary operator rmul ).

Equivalent to other * series , but with support to substitute a fill_value for
missing data in either one of the inputs.

Examples",https://pandas.pydata.org/docs/reference/api/pandas.Series.rmul.html
Series,Binary operator functions,Series.rdiv,"other[, level, fill_value, axis]","Return Floating division of series and other, element-wise (binary operator rtruediv ).

Equivalent to other / series , but with support to substitute a fill_value for
missing data in either one of the inputs.

Examples",https://pandas.pydata.org/docs/reference/api/pandas.Series.rdiv.html
Series,Binary operator functions,Series.rtruediv,"other[, level, fill_value, axis]","Return Floating division of series and other, element-wise (binary operator rtruediv ).

Equivalent to other / series , but with support to substitute a fill_value for
missing data in either one of the inputs.

Examples",https://pandas.pydata.org/docs/reference/api/pandas.Series.rtruediv.html
Series,Binary operator functions,Series.rfloordiv,"other[, level, fill_value, ...]","Return Integer division of series and other, element-wise (binary operator rfloordiv ).

Equivalent to other // series , but with support to substitute a fill_value for
missing data in either one of the inputs.

Examples",https://pandas.pydata.org/docs/reference/api/pandas.Series.rfloordiv.html
Series,Binary operator functions,Series.rmod,"other[, level, fill_value, axis]","Return Modulo of series and other, element-wise (binary operator rmod ).

Equivalent to other % series , but with support to substitute a fill_value for
missing data in either one of the inputs.

Examples",https://pandas.pydata.org/docs/reference/api/pandas.Series.rmod.html
Series,Binary operator functions,Series.rpow,"other[, level, fill_value, axis]","Return Exponential power of series and other, element-wise (binary operator rpow ).

Equivalent to other ** series , but with support to substitute a fill_value for
missing data in either one of the inputs.

Examples",https://pandas.pydata.org/docs/reference/api/pandas.Series.rpow.html
Series,Binary operator functions,Series.combine,"other, func[, fill_value]","Combine the Series with a Series or scalar according to func .

Combine the Series and other using func to perform elementwise
selection for combined Series. fill_value is assumed when value is not present at some index
from one of the two Series being combined.

Examples

Consider 2 Datasets s1 and s2 containing
highest clocked speeds of different birds.

Now, to combine the two datasets and view the highest speeds
of the birds across the two datasets

In the previous example, the resulting value for duck is missing,
because the maximum of a NaN and a float is a NaN.
So, in the example, we set fill_value=0 ,
so the maximum value returned will be the value from some dataset.",https://pandas.pydata.org/docs/reference/api/pandas.Series.combine.html
Series,Binary operator functions,Series.combine_first,other,"Update null elements with value in the same location in ‘other’.

Combine two Series objects by filling null values in one Series with
non-null values from the other Series. Result index will be the union
of the two indexes.

Examples

Null values still persist if the location of that null value
does not exist in other",https://pandas.pydata.org/docs/reference/api/pandas.Series.combine_first.html
Series,Binary operator functions,Series.round,[decimals],"Round each value in a Series to the given number of decimals.

Notes

For values exactly halfway between rounded decimal values, pandas rounds
to the nearest even value (e.g. -0.5 and 0.5 round to 0.0, 1.5 and 2.5
round to 2.0, etc.).

Examples",https://pandas.pydata.org/docs/reference/api/pandas.Series.round.html
Series,Binary operator functions,Series.lt,"other[, level, fill_value, axis]","Return Greater than of series and other, element-wise (binary operator lt ).

Equivalent to series > other , but with support to substitute a fill_value for
missing data in either one of the inputs.

Examples",https://pandas.pydata.org/docs/reference/api/pandas.Series.lt.html
Series,Binary operator functions,Series.gt,"other[, level, fill_value, axis]","Return Greater than of series and other, element-wise (binary operator gt ).

Equivalent to series > other , but with support to substitute a fill_value for
missing data in either one of the inputs.

Examples",https://pandas.pydata.org/docs/reference/api/pandas.Series.gt.html
Series,Binary operator functions,Series.le,"other[, level, fill_value, axis]","Return Less than or equal to of series and other,         element-wise (binary operator le ).

Equivalent to series <= other , but with support to substitute a
fill_value for missing data in either one of the inputs.

Examples",https://pandas.pydata.org/docs/reference/api/pandas.Series.le.html
Series,Binary operator functions,Series.ge,"other[, level, fill_value, axis]","Return Greater than or equal to of series and other,         element-wise (binary operator ge ).

Equivalent to series >= other , but with support to substitute a
fill_value for missing data in either one of the inputs.

Examples",https://pandas.pydata.org/docs/reference/api/pandas.Series.ge.html
Series,Binary operator functions,Series.ne,"other[, level, fill_value, axis]","Return Not equal to of series and other, element-wise (binary operator ne ).

Equivalent to series != other , but with support to substitute a fill_value for
missing data in either one of the inputs.

Examples",https://pandas.pydata.org/docs/reference/api/pandas.Series.ne.html
Series,Binary operator functions,Series.eq,"other[, level, fill_value, axis]","Return Equal to of series and other, element-wise (binary operator eq ).

Equivalent to series == other , but with support to substitute a fill_value
for missing data in either one of the inputs.

Examples",https://pandas.pydata.org/docs/reference/api/pandas.Series.eq.html
Series,Binary operator functions,Series.product,"*[, axis, skipna, ...]","Return the product of the values over the requested axis.

By default, missing values are skipped. To include them in the calculation,
set skipna parameter to False.

Examples

By default, the product of an empty or all-NA Series is 1

This can be controlled with the min_count parameter

Thanks to the skipna parameter, min_count handles all-NA and
empty series identically.",https://pandas.pydata.org/docs/reference/api/pandas.Series.product.html
Series,Binary operator functions,Series.dot,other,"Compute the dot product between the Series and the columns of other.

This method computes the dot product between the Series and another
one, or the Series and each columns of a DataFrame, or the Series and
each columns of an array.

It can also be called using self @ other .

Notes

The Series and other has to share the same index if other is a Series
or a DataFrame.

Examples",https://pandas.pydata.org/docs/reference/api/pandas.Series.dot.html
Series,"Function application, GroupBy & window",Series.apply,"func[, args, by_row]","Invoke function on values of Series.

Can be ufunc (a NumPy function that applies to the entire Series)
or a Python function that only works on single values.

Notes

Functions that mutate the passed object can produce unexpected
behavior or errors and are not supported. See Mutating with User Defined Function (UDF) methods for more details.

Examples

Create a series with typical summer temperatures for each city.

Square the values by defining a function and passing it as an
argument to apply() .

Square the values by passing an anonymous function as an
argument to apply() .

Define a custom function that needs additional positional
arguments and pass these additional arguments using the args keyword.

Define a custom function that takes keyword arguments
and pass these arguments to apply .

Use a function from the Numpy library.",https://pandas.pydata.org/docs/reference/api/pandas.Series.apply.html
Series,"Function application, GroupBy & window",Series.agg,"[func, axis]","Aggregate using one or more operations over the specified axis.

Notes

The aggregation operations are always performed over an axis, either the
index (default) or the column axis. This behavior is different from numpy aggregation functions ( mean , median , prod , sum , std , var ), where the default is to compute the aggregation of the flattened
array, e.g., numpy.mean(arr_2d) as opposed to numpy.mean(arr_2d, axis=0) .

agg is an alias for aggregate . Use the alias.

Functions that mutate the passed object can produce unexpected
behavior or errors and are not supported. See Mutating with User Defined Function (UDF) methods for more details.

A passed user-defined-function will be passed a Series for evaluation.

If func defines an index relabeling, axis must be 0 or index .

Examples",https://pandas.pydata.org/docs/reference/api/pandas.Series.agg.html
Series,"Function application, GroupBy & window",Series.aggregate,"[func, axis]","Aggregate using one or more operations over the specified axis.

Notes

The aggregation operations are always performed over an axis, either the
index (default) or the column axis. This behavior is different from numpy aggregation functions ( mean , median , prod , sum , std , var ), where the default is to compute the aggregation of the flattened
array, e.g., numpy.mean(arr_2d) as opposed to numpy.mean(arr_2d, axis=0) .

agg is an alias for aggregate . Use the alias.

Functions that mutate the passed object can produce unexpected
behavior or errors and are not supported. See Mutating with User Defined Function (UDF) methods for more details.

A passed user-defined-function will be passed a Series for evaluation.

If func defines an index relabeling, axis must be 0 or index .

Examples",https://pandas.pydata.org/docs/reference/api/pandas.Series.aggregate.html
Series,"Function application, GroupBy & window",Series.transform,"func[, axis]","Call func on self producing a Series with the same axis shape as self.

Notes

Functions that mutate the passed object can produce unexpected
behavior or errors and are not supported. See Mutating with User Defined Function (UDF) methods for more details.

Examples

Even though the resulting Series must have the same length as the
input Series, it is possible to provide several input functions:

You can call transform on a GroupBy object:",https://pandas.pydata.org/docs/reference/api/pandas.Series.transform.html
Series,"Function application, GroupBy & window",Series.map,"[func, na_action, engine]","Map values of Series according to an input mapping or function.

Used for substituting each value in a Series with another value,
that may be derived from a function, a dict or
a Series .

Notes

When arg is a dictionary, values in Series that are not in the
dictionary (as keys) are converted to NaN . However, if the
dictionary is a dict subclass that defines __missing__ (i.e.
provides a method for default values), then this default is used
rather than NaN .

Examples

map accepts a dict or a Series . Values that are not found
in the dict are converted to NaN , unless the dict has a default
value (e.g. defaultdict ):

It also accepts a function:

To avoid applying the function to missing values (and keep them as NaN ) na_action='ignore' can be used:

For categorical data, the function is only applied to the categories:",https://pandas.pydata.org/docs/reference/api/pandas.Series.map.html
Series,"Function application, GroupBy & window",Series.groupby,"[by, level, as_index, sort, ...]","Group Series using a mapper or by a Series of columns.

A groupby operation involves some combination of splitting the
object, applying a function, and combining the results. This can be
used to group large amounts of data and compute operations on these
groups.

Notes

See the user guide for more
detailed usage and examples, including splitting an object into groups,
iterating through groups, selecting a group, aggregation, and more.

The implementation of groupby is hash-based, meaning in particular that
objects that compare as equal will be considered to be in the same group.
An exception to this is that pandas has special handling of NA values:
any NA values will be collapsed to a single group, regardless of how
they compare. See the user guide linked above for more details.

Examples

We can pass a list of values to group the Series data by custom labels:

Grouping by numeric labels yields similar results:

We can group by a level of the index:

We can group by a condition applied to the Series values:

Grouping by Indexes

We can groupby different levels of a hierarchical index
using the level parameter:

We can also group by the ‘Type’ level of the hierarchical index
to get the mean speed for each type:

We can also choose to include NA in group keys or not by defining dropna parameter, the default setting is True .

To include NA values in the group keys, set dropna=False :

We can also group by a custom list with NaN values to handle
missing group labels:",https://pandas.pydata.org/docs/reference/api/pandas.Series.groupby.html
Series,"Function application, GroupBy & window",Series.rolling,"window[, min_periods, ...]","Provide rolling window calculations.

Notes

See Windowing Operations for further usage details
and examples.

Examples

window

Rolling sum with a window length of 2 observations.

Rolling sum with a window span of 2 seconds.

Rolling sum with forward looking windows with 2 observations.

min_periods

Rolling sum with a window length of 2 observations, but only needs a minimum
of 1 observation to calculate a value.

center

Rolling sum with the result assigned to the center of the window index.

step

Rolling sum with a window length of 2 observations, minimum of 1 observation to
calculate a value, and a step of 2.

win_type

Rolling sum with a window length of 2, using the Scipy 'gaussian' window type. std is required in the aggregation function.

on

Rolling sum with a window length of 2 days.",https://pandas.pydata.org/docs/reference/api/pandas.Series.rolling.html
Series,"Function application, GroupBy & window",Series.expanding,"[min_periods, method]","Provide expanding window calculations.

An expanding window yields the value of an aggregation statistic with all
the data available up to that point in time.

Notes

See Windowing Operations for further usage details
and examples.

Examples

min_periods

Expanding sum with 1 vs 3 observations needed to calculate a value.",https://pandas.pydata.org/docs/reference/api/pandas.Series.expanding.html
Series,"Function application, GroupBy & window",Series.ewm,"[com, span, halflife, alpha, ...]","Provide exponentially weighted (EW) calculations.

Exactly one of com , span , halflife , or alpha must be
provided if times is not provided. If times is provided and adjust=True , halflife and one of com , span or alpha may be provided.
If times is provided and adjust=False , halflife must be the only
provided decay-specification parameter.

Notes

See Windowing Operations for further usage details and examples.

Examples

adjust

ignore_na

times

Exponentially weighted mean with weights calculated with a timedelta halflife relative to times .",https://pandas.pydata.org/docs/reference/api/pandas.Series.ewm.html
Series,"Function application, GroupBy & window",Series.pipe,"func, *args, **kwargs","Apply chainable functions that expect Series or DataFrames.

Notes

Use .pipe when chaining together functions that expect
Series, DataFrames or GroupBy objects.

Examples

Constructing an income DataFrame from a dictionary.

Functions that perform tax reductions on an income DataFrame.

Instead of writing

You can write

If you have a function that takes the data as (say) the second
argument, pass a tuple indicating which keyword expects the
data. For example, suppose national_insurance takes its data as df in the second argument:",https://pandas.pydata.org/docs/reference/api/pandas.Series.pipe.html
Series,Computations / descriptive stats,Series.abs,,"Return a Series/DataFrame with absolute numeric value of each element.

This function only applies to elements that are all numeric.

Notes

For complex inputs, 1.2 + 1j , the absolute value is \(\sqrt{ a^2 + b^2 }\) .

Examples

Absolute numeric values in a Series.

Absolute numeric values in a Series with complex numbers.

Absolute numeric values in a Series with a Timedelta element.

Select rows with data closest to certain value using argsort (from StackOverflow ).",https://pandas.pydata.org/docs/reference/api/pandas.Series.abs.html
Series,Computations / descriptive stats,Series.all,"*[, axis, bool_only, skipna]","Return whether all elements are True, potentially over an axis.

Returns True unless there at least one element within a series or
along a Dataframe axis that is False or equivalent (e.g. zero or
empty).

Examples

Series

DataFrames

Create a DataFrame from a dictionary.

Default behaviour checks if values in each column all return True.

Specify axis='columns' to check if values in each row all return True.

Or axis=None for whether every value is True.",https://pandas.pydata.org/docs/reference/api/pandas.Series.all.html
Series,Computations / descriptive stats,Series.any,"*[, axis, bool_only, skipna]","Return whether any element is True, potentially over an axis.

Returns False unless there is at least one element within a series or
along a Dataframe axis that is True or equivalent (e.g. non-zero or
non-empty).

Examples

Series

For Series input, the output is a scalar indicating whether any element
is True.

DataFrame

Whether each column contains at least one True element (the default).

Aggregating over the columns.

Aggregating over the entire DataFrame with axis=None .

any for an empty DataFrame is an empty Series.",https://pandas.pydata.org/docs/reference/api/pandas.Series.any.html
Series,Computations / descriptive stats,Series.autocorr,[lag],"Compute the lag-N autocorrelation.

This method computes the Pearson correlation between
the Series and its shifted self.

Notes

If the Pearson correlation is not well defined return ‘NaN’.

Examples

If the Pearson correlation is not well defined, then ‘NaN’ is returned.",https://pandas.pydata.org/docs/reference/api/pandas.Series.autocorr.html
Series,Computations / descriptive stats,Series.between,"left, right[, inclusive]","Return boolean Series equivalent to left <= series <= right.

This function returns a boolean vector containing True wherever the
corresponding Series element is between the boundary values left and right . NA values are treated as False .

Notes

This function is equivalent to (left <= ser) & (ser <= right)

Examples

Boundary values are included by default:

With inclusive set to ""neither"" boundary values are excluded:

left and right can be any scalar value:",https://pandas.pydata.org/docs/reference/api/pandas.Series.between.html
Series,Computations / descriptive stats,Series.clip,"[lower, upper, axis, inplace]","Trim values at input threshold(s).

Assigns values outside boundary to boundary values. Thresholds
can be singular values or array like, and in the latter case
the clipping is performed element-wise in the specified axis.

Examples

Clips per column using lower and upper thresholds:

Clips using specific lower and upper thresholds per column:

Clips using specific lower and upper thresholds per column element:

Clips using specific lower threshold per column element, with missing values:",https://pandas.pydata.org/docs/reference/api/pandas.Series.clip.html
Series,Computations / descriptive stats,Series.corr,"other[, method, min_periods]","Compute correlation with other Series, excluding missing values.

The two Series objects are not required to be the same length and will be
aligned internally before the correlation function is applied.

Notes

Pearson, Kendall and Spearman correlation are currently computed using pairwise complete observations.

Automatic data alignment: as with all pandas operations, automatic data alignment is performed for this method. corr() automatically considers values with matching indices.

Examples

Pandas auto-aligns the values with matching indices

If the input is a constant array, the correlation is not defined in this case,
and np.nan is returned.",https://pandas.pydata.org/docs/reference/api/pandas.Series.corr.html
Series,Computations / descriptive stats,Series.count,,"Return number of non-NA/null observations in the Series.

Examples",https://pandas.pydata.org/docs/reference/api/pandas.Series.count.html
Series,Computations / descriptive stats,Series.cov,"other[, min_periods, ddof]","Compute covariance with Series, excluding missing values.

The two Series objects are not required to be the same length and
will be aligned internally before the covariance is calculated.

Examples",https://pandas.pydata.org/docs/reference/api/pandas.Series.cov.html
Series,Computations / descriptive stats,Series.cummax,"[axis, skipna]","Return cumulative maximum over a Series.

Returns a Series of the same size containing the cumulative
maximum.

Examples

By default, NA values are ignored.

To include NA values in the operation, use skipna=False",https://pandas.pydata.org/docs/reference/api/pandas.Series.cummax.html
Series,Computations / descriptive stats,Series.cummin,"[axis, skipna]","Return cumulative minimum over a Series.

Returns a Series of the same size containing the cumulative
minimum.

Examples

By default, NA values are ignored.

To include NA values in the operation, use skipna=False",https://pandas.pydata.org/docs/reference/api/pandas.Series.cummin.html
Series,Computations / descriptive stats,Series.cumprod,"[axis, skipna]","Return cumulative product over a Series.

Returns a Series of the same size containing the cumulative
product.

Examples

By default, NA values are ignored.

To include NA values in the operation, use skipna=False",https://pandas.pydata.org/docs/reference/api/pandas.Series.cumprod.html
Series,Computations / descriptive stats,Series.cumsum,"[axis, skipna]","Return cumulative sum over a Series.

Returns a Series of the same size containing the cumulative sum.

Examples

By default, NA values are ignored.

To include NA values in the operation, use skipna=False",https://pandas.pydata.org/docs/reference/api/pandas.Series.cumsum.html
Series,Computations / descriptive stats,Series.describe,"[percentiles, include, exclude]","Generate descriptive statistics.

Descriptive statistics include those that summarize the central
tendency, dispersion and shape of a
dataset’s distribution, excluding NaN values.

Analyzes both numeric and object series, as well
as DataFrame column sets of mixed data types. The output
will vary depending on what is provided. Refer to the notes
below for more detail.

Notes

For numeric data, the result’s index will include count , mean , std , min , max as well as lower, 50 and
upper percentiles. By default the lower percentile is 25 and the
upper percentile is 75 . The 50 percentile is the
same as the median.

For object data (e.g. strings), the result’s index
will include count , unique , top , and freq . The top is the most common value. The freq is the most common value’s
frequency.

If multiple object values have the highest count, then the count and top results will be arbitrarily chosen from
among those with the highest count.

For mixed data types provided via a DataFrame , the default is to
return only an analysis of numeric columns. If the DataFrame consists
only of object and categorical data without any numeric columns, the
default is to return an analysis of both the object and categorical
columns. If include='all' is provided as an option, the result
will include a union of attributes of each type.

The include and exclude parameters can be used to limit
which columns in a DataFrame are analyzed for the output.
The parameters are ignored when analyzing a Series .

Examples

Describing a numeric Series .

Describing a categorical Series .

Describing a timestamp Series .

Describing a DataFrame . By default only numeric fields
are returned.

Describing all columns of a DataFrame regardless of data type.

Describing a column from a DataFrame by accessing it as
an attribute.

Including only numeric columns in a DataFrame description.

Including only string columns in a DataFrame description.

Including only categorical columns from a DataFrame description.

Excluding numeric columns from a DataFrame description.

Excluding object columns from a DataFrame description.",https://pandas.pydata.org/docs/reference/api/pandas.Series.describe.html
Series,Computations / descriptive stats,Series.diff,[periods],"First discrete difference of Series elements.

Calculates the difference of a Series element compared with another
element in the Series (default is element in previous row).

Notes

For boolean dtypes, this uses operator.xor() rather than operator.sub() .
The result is calculated according to current dtype in Series,
however dtype of the result is always float64.

Examples

Difference with previous row

Difference with 3rd previous row

Difference with following row

Overflow in input dtype",https://pandas.pydata.org/docs/reference/api/pandas.Series.diff.html
Series,Computations / descriptive stats,Series.factorize,"[sort, use_na_sentinel]","Encode the object as an enumerated type or categorical variable.

This method is useful for obtaining a numeric representation of an
array when all that matters is identifying distinct values. factorize is available as both a top-level function pandas.factorize() ,
and as a method Series.factorize() and Index.factorize() .

Notes

Reference the user guide for more examples.

Examples

These examples all show factorize as a top-level method like pd.factorize(values) . The results are identical for methods like Series.factorize() .

With sort=True , the uniques will be sorted, and codes will be
shuffled so that the relationship is the maintained.

When use_na_sentinel=True (the default), missing values are indicated in
the codes with the sentinel value -1 and missing values are not
included in uniques .

Thus far, we’ve only factorized lists (which are internally coerced to
NumPy arrays). When factorizing pandas objects, the type of uniques will differ. For Categoricals, a Categorical is returned.

Notice that 'b' is in uniques.categories , despite not being
present in cat.values .

For all other pandas objects, an Index of the appropriate type is
returned.

If NaN is in the values, and we want to include NaN in the uniques of the
values, it can be achieved by setting use_na_sentinel=False .",https://pandas.pydata.org/docs/reference/api/pandas.Series.factorize.html
Series,Computations / descriptive stats,Series.kurt,"*[, axis, skipna, numeric_only]","Return unbiased kurtosis over requested axis.

Kurtosis obtained using Fisher’s definition of
kurtosis (kurtosis of normal == 0.0). Normalized by N-1.

Examples",https://pandas.pydata.org/docs/reference/api/pandas.Series.kurt.html
Series,Computations / descriptive stats,Series.max,"*[, axis, skipna, numeric_only]","Return the maximum of the values over the requested axis.

If you want the index of the maximum, use idxmax .
This is the equivalent of the numpy.ndarray method argmax .

Examples",https://pandas.pydata.org/docs/reference/api/pandas.Series.max.html
Series,Computations / descriptive stats,Series.mean,"*[, axis, skipna, numeric_only]","Return the mean of the values over the requested axis.

Examples",https://pandas.pydata.org/docs/reference/api/pandas.Series.mean.html
Series,Computations / descriptive stats,Series.median,"*[, axis, skipna, numeric_only]","Return the median of the values over the requested axis.

Examples

With a DataFrame

Using axis=1

In this case, numeric_only should be set to True to avoid getting an error.",https://pandas.pydata.org/docs/reference/api/pandas.Series.median.html
Series,Computations / descriptive stats,Series.min,"*[, axis, skipna, numeric_only]","Return the minimum of the values over the requested axis.

If you want the index of the minimum, use idxmin .
This is the equivalent of the numpy.ndarray method argmin .

Examples",https://pandas.pydata.org/docs/reference/api/pandas.Series.min.html
Series,Computations / descriptive stats,Series.mode,[dropna],"Return the mode(s) of the Series.

The mode is the value that appears most often. There can be multiple modes.

Always returns Series even if only one value is returned.

Examples

More than one mode:

With and without considering null value:",https://pandas.pydata.org/docs/reference/api/pandas.Series.mode.html
Series,Computations / descriptive stats,Series.nlargest,"[n, keep]","Return the largest n elements.

Notes

Faster than .sort_values(ascending=False).head(n) for small n relative to the size of the Series object.

Examples

The n largest elements where n=5 by default.

The n largest elements where n=3 . Default keep value is ‘first’
so Malta will be kept.

The n largest elements where n=3 and keeping the last duplicates.
Brunei will be kept since it is the last with value 434000 based on
the index order.

The n largest elements where n=3 with all duplicates kept. Note
that the returned Series has five elements due to the three duplicates.",https://pandas.pydata.org/docs/reference/api/pandas.Series.nlargest.html
Series,Computations / descriptive stats,Series.nsmallest,"[n, keep]","Return the smallest n elements.

Notes

Faster than .sort_values().head(n) for small n relative to
the size of the Series object.

Examples

The n smallest elements where n=5 by default.

The n smallest elements where n=3 . Default keep value is
‘first’ so Nauru and Tuvalu will be kept.

The n smallest elements where n=3 and keeping the last
duplicates. Anguilla and Tuvalu will be kept since they are the last
with value 11300 based on the index order.

The n smallest elements where n=3 with all duplicates kept. Note
that the returned Series has four elements due to the three duplicates.",https://pandas.pydata.org/docs/reference/api/pandas.Series.nsmallest.html
Series,Computations / descriptive stats,Series.pct_change,"[periods, fill_method, freq]","Fractional change between the current and a prior element.

Computes the fractional change from the immediately previous row by
default. This is useful in comparing the fraction of change in a time
series of elements.

Examples

Series

See the percentage change in a Series where filling NAs with last
valid observation forward to next valid.

DataFrame

Percentage change in French franc, Deutsche Mark, and Italian lira from
1980-01-01 to 1980-03-01.

Percentage of change in GOOG and APPL stock volume. Shows computing
the percentage change between columns.",https://pandas.pydata.org/docs/reference/api/pandas.Series.pct_change.html
Series,Computations / descriptive stats,Series.prod,"*[, axis, skipna, numeric_only, ...]","Return the product of the values over the requested axis.

By default, missing values are skipped. To include them in the calculation,
set skipna parameter to False.

Examples

By default, the product of an empty or all-NA Series is 1

This can be controlled with the min_count parameter

Thanks to the skipna parameter, min_count handles all-NA and
empty series identically.",https://pandas.pydata.org/docs/reference/api/pandas.Series.prod.html
Series,Computations / descriptive stats,Series.quantile,"[q, interpolation]","Return value at the given quantile.

Examples",https://pandas.pydata.org/docs/reference/api/pandas.Series.quantile.html
Series,Computations / descriptive stats,Series.rank,"[axis, method, numeric_only, ...]","Compute numerical data ranks (1 through n) along axis.

By default, equal values are assigned a rank that is the average of the
ranks of those values.

Examples

Ties are assigned the mean of the ranks (by default) for the group.

The following example shows how the method behaves with the above
parameters:",https://pandas.pydata.org/docs/reference/api/pandas.Series.rank.html
Series,Computations / descriptive stats,Series.sem,"*[, axis, skipna, ddof, numeric_only]","Return unbiased standard error of the mean over requested axis.

Normalized by N-1 by default. This can be changed using the ddof argument

Examples",https://pandas.pydata.org/docs/reference/api/pandas.Series.sem.html
Series,Computations / descriptive stats,Series.skew,"*[, axis, skipna, numeric_only]","Return unbiased skew over requested axis.

Normalized by N-1.

Examples",https://pandas.pydata.org/docs/reference/api/pandas.Series.skew.html
Series,Computations / descriptive stats,Series.std,"*[, axis, skipna, ddof, numeric_only]","Return sample standard deviation.

Normalized by N-1 by default. This can be changed using the ddof argument.

Examples

Alternatively, ddof=0 can be set to normalize by $N$ instead of $N-1$:",https://pandas.pydata.org/docs/reference/api/pandas.Series.std.html
Series,Computations / descriptive stats,Series.sum,"*[, axis, skipna, numeric_only, ...]","Return the sum of the values over the requested axis.

This is equivalent to the method numpy.sum .

Examples

By default, the sum of an empty or all-NA Series is 0 .

This can be controlled with the min_count parameter. For example, if
you’d like the sum of an empty series to be NaN, pass min_count=1 .

Thanks to the skipna parameter, min_count handles all-NA and
empty series identically.",https://pandas.pydata.org/docs/reference/api/pandas.Series.sum.html
Series,Computations / descriptive stats,Series.var,"*[, axis, skipna, ddof, numeric_only]","Return unbiased variance over requested axis.

Normalized by N-1 by default. This can be changed using the ddof argument.

Examples

Alternatively, ddof=0 can be set to normalize by N instead of N-1:",https://pandas.pydata.org/docs/reference/api/pandas.Series.var.html
Series,Computations / descriptive stats,Series.kurtosis,"*[, axis, skipna, numeric_only]","Return unbiased kurtosis over requested axis.

Kurtosis obtained using Fisher’s definition of
kurtosis (kurtosis of normal == 0.0). Normalized by N-1.

Examples",https://pandas.pydata.org/docs/reference/api/pandas.Series.kurtosis.html
Series,Computations / descriptive stats,Series.unique,,"Return unique values of Series object.

Uniques are returned in order of appearance. Hash table-based unique,
therefore does NOT sort.

Notes

Returns the unique values as a NumPy array. In case of an
extension-array backed Series, a new ExtensionArray of that type with just
the unique values is returned. This includes

See Examples section.

Examples

A Categorical will return categories in the order of
appearance and with the same dtype.",https://pandas.pydata.org/docs/reference/api/pandas.Series.unique.html
Series,Computations / descriptive stats,Series.nunique,[dropna],"Return number of unique elements in the object.

Excludes NA values by default.

Examples",https://pandas.pydata.org/docs/reference/api/pandas.Series.nunique.html
Series,Computations / descriptive stats,Series.is_unique,,"Return True if values in the object are unique.

Examples",https://pandas.pydata.org/docs/reference/api/pandas.Series.is_unique.html
Series,Computations / descriptive stats,Series.is_monotonic_increasing,,"Return True if values in the object are monotonically increasing.

Examples",https://pandas.pydata.org/docs/reference/api/pandas.Series.is_monotonic_increasing.html
Series,Computations / descriptive stats,Series.is_monotonic_decreasing,,"Return True if values in the object are monotonically decreasing.

Examples",https://pandas.pydata.org/docs/reference/api/pandas.Series.is_monotonic_decreasing.html
Series,Computations / descriptive stats,Series.value_counts,"[normalize, sort, ...]","Return a Series containing counts of unique values.

The resulting object will be in descending order so that the
first element is the most frequently-occurring element.
Excludes NA values by default.

Examples

With normalize set to True , returns the relative frequency by
dividing all values by the sum of values.

bins

Bins can be useful for going from a continuous variable to a
categorical variable; instead of counting unique
apparitions of values, divide the index in the specified
number of half-open bins.

dropna

With dropna set to False we can also see NaN index values.

Categorical Dtypes

Rows with categorical type will be counted as one group
if they have same categories and order.
In the example below, even though a , c , and d all have the same data types of category ,
only c and d will be counted as one group
since a doesn’t have the same categories.",https://pandas.pydata.org/docs/reference/api/pandas.Series.value_counts.html
Series,Reindexing / selection / label manipulation,Series.align,"other[, join, axis, level, ...]","Align two objects on their axes with the specified join method.

Join method is specified for each axis Index.

Examples

Align on columns:

We can also align on the index:

Finally, the default axis=None will align on both index and columns:",https://pandas.pydata.org/docs/reference/api/pandas.Series.align.html
Series,Reindexing / selection / label manipulation,Series.case_when,caselist,"Replace values where the conditions are True.

Examples",https://pandas.pydata.org/docs/reference/api/pandas.Series.case_when.html
Series,Reindexing / selection / label manipulation,Series.drop,"[labels, axis, index, columns, ...]","Return Series with specified index labels removed.

Remove elements of a Series based on specifying the index labels.
When using a multi-index, labels on different levels can be removed
by specifying the level.

Examples

Drop labels B and C

Drop 2nd level label in MultiIndex Series",https://pandas.pydata.org/docs/reference/api/pandas.Series.drop.html
Series,Reindexing / selection / label manipulation,Series.droplevel,"level[, axis]","Return Series/DataFrame with requested index / column level(s) removed.

Examples",https://pandas.pydata.org/docs/reference/api/pandas.Series.droplevel.html
Series,Reindexing / selection / label manipulation,Series.drop_duplicates,"*[, keep, inplace, ...]","Return Series with duplicate values removed.

Examples

Generate a Series with duplicated entries.

With the ‘keep’ parameter, the selection behavior of duplicated values
can be changed. The value ‘first’ keeps the first occurrence for each
set of duplicated entries. The default value of keep is ‘first’.

The value ‘last’ for parameter ‘keep’ keeps the last occurrence for
each set of duplicated entries.

The value False for parameter ‘keep’ discards all sets of
duplicated entries.",https://pandas.pydata.org/docs/reference/api/pandas.Series.drop_duplicates.html
Series,Reindexing / selection / label manipulation,Series.duplicated,[keep],"Indicate duplicate Series values.

Duplicated values are indicated as True values in the resulting
Series. Either all duplicates, all except the first or all except the
last occurrence of duplicates can be indicated.

Examples

By default, for each set of duplicated values, the first occurrence is
set on False and all others on True:

which is equivalent to

By using ‘last’, the last occurrence of each set of duplicated values
is set on False and all others on True:

By setting keep on False , all duplicates are True:",https://pandas.pydata.org/docs/reference/api/pandas.Series.duplicated.html
Series,Reindexing / selection / label manipulation,Series.equals,other,"Test whether two objects contain the same elements.

This function allows two Series or DataFrames to be compared against
each other to see if they have the same shape and elements. NaNs in
the same location are considered equal.

The row/column index do not need to have the same type, as long
as the values are considered equal. Corresponding columns and
index must be of the same dtype.

Examples

DataFrames df and exactly_equal have the same types and values for
their elements and column labels, which will return True.

DataFrames df and different_column_type have the same element
types and values, but have different types for the column labels,
which will still return True.

DataFrames df and different_data_type have different types for the
same values for their elements, and will return False even though
their column labels are the same values and types.

DataFrames with NaN in the same locations compare equal.

If the NaN values are not in the same locations, they compare unequal.",https://pandas.pydata.org/docs/reference/api/pandas.Series.equals.html
Series,Reindexing / selection / label manipulation,Series.head,[n],"Return the first n rows.

This function exhibits the same behavior as df[:n] , returning the
first n rows based on position. It is useful for quickly checking
if your object has the right type of data in it.

When n is positive, it returns the first n rows. For n equal to 0,
it returns an empty object. When n is negative, it returns
all rows except the last |n| rows, mirroring the behavior of df[:n] .

If n is larger than the number of rows, this function returns all rows.

Examples

Viewing the first 5 lines

Viewing the first n lines (three in this case)

For negative values of n",https://pandas.pydata.org/docs/reference/api/pandas.Series.head.html
Series,Reindexing / selection / label manipulation,Series.idxmax,"[axis, skipna]","Return the row label of the maximum value.

If multiple values equal the maximum, the first row label with that
value is returned.

Notes

This method is the Series version of ndarray.argmax . This method
returns the label of the maximum, while ndarray.argmax returns
the position. To get the position, use series.values.argmax() .

Examples",https://pandas.pydata.org/docs/reference/api/pandas.Series.idxmax.html
Series,Reindexing / selection / label manipulation,Series.idxmin,"[axis, skipna]","Return the row label of the minimum value.

If multiple values equal the minimum, the first row label with that
value is returned.

Notes

This method is the Series version of ndarray.argmin . This method
returns the label of the minimum, while ndarray.argmin returns
the position. To get the position, use series.values.argmin() .

Examples",https://pandas.pydata.org/docs/reference/api/pandas.Series.idxmin.html
Series,Reindexing / selection / label manipulation,Series.isin,values,"Whether elements in Series are contained in values .

Return a boolean Series showing whether each element in the Series
matches an element in the passed sequence of values exactly.

Examples

To invert the boolean values, use the ~ operator:

Passing a single string as s.isin('llama') will raise an error. Use
a list of one element instead:

Strings and integers are distinct and are therefore not comparable:",https://pandas.pydata.org/docs/reference/api/pandas.Series.isin.html
Series,Reindexing / selection / label manipulation,Series.reindex,"[index, axis, method, copy, ...]","Conform Series to new index with optional filling logic.

Places NA/NaN in locations having no value in the previous index. A new object
is produced unless the new index is equivalent to the current one and copy=False .

Examples

DataFrame.reindex supports two calling conventions

We highly recommend using keyword arguments to clarify your
intent.

Create a DataFrame with some fictional data.

Create a new index and reindex the DataFrame. By default
values in the new index that do not have corresponding
records in the DataFrame are assigned NaN .

We can fill in the missing values by passing a value to
the keyword fill_value . Because the index is not monotonically
increasing or decreasing, we cannot use arguments to the keyword method to fill the NaN values.

We can also reindex the columns.

Or we can use “axis-style” keyword arguments

To further illustrate the filling functionality in reindex , we will create a DataFrame with a
monotonically increasing index (for example, a sequence
of dates).

Suppose we decide to expand the DataFrame to cover a wider
date range.

The index entries that did not have a value in the original data frame
(for example, ‘2009-12-29’) are by default filled with NaN .
If desired, we can fill in the missing values using one of several
options.

For example, to back-propagate the last valid value to fill the NaN values, pass bfill as an argument to the method keyword.

Please note that the NaN value present in the original DataFrame
(at index value 2010-01-03) will not be filled by any of the
value propagation schemes. This is because filling while reindexing
does not look at DataFrame values, but only compares the original and
desired indexes. If you do want to fill in the NaN values present
in the original DataFrame, use the fillna() method.

See the user guide for more.",https://pandas.pydata.org/docs/reference/api/pandas.Series.reindex.html
Series,Reindexing / selection / label manipulation,Series.reindex_like,"other[, method, copy, ...]","Return an object with matching indices as other object.

Conform the object to the same index on all axes. Optional
filling logic, placing NaN in locations having no value
in the previous index. A new object is produced unless the
new index is equivalent to the current one and copy=False.

Notes

Same as calling .reindex(index=other.index, columns=other.columns,...) .

Examples",https://pandas.pydata.org/docs/reference/api/pandas.Series.reindex_like.html
Series,Reindexing / selection / label manipulation,Series.rename,"[index, axis, copy, inplace, ...]","Alter Series index labels or name.

Function / dict values must be unique (1-to-1). Labels not contained in
a dict / Series will be left as-is. Extra labels listed don’t throw an
error.

Alternatively, change Series.name with a scalar value.

See the user guide for more.

Examples",https://pandas.pydata.org/docs/reference/api/pandas.Series.rename.html
Series,Reindexing / selection / label manipulation,Series.rename_axis,"[mapper, index, axis, ...]","Set the name of the axis for the index.

Examples",https://pandas.pydata.org/docs/reference/api/pandas.Series.rename_axis.html
Series,Reindexing / selection / label manipulation,Series.reset_index,"[level, drop, name, ...]","Generate a new DataFrame or Series with the index reset.

This is useful when the index needs to be treated as a column, or
when the index is meaningless and needs to be reset to the default
before another operation.

Examples

Generate a DataFrame with default index.

To specify the name of the new column use name .

To generate a new Series with the default set drop to True.

The level parameter is interesting for Series with a multi-level
index.

To remove a specific level from the Index, use level .

If level is not set, all levels are removed from the Index.",https://pandas.pydata.org/docs/reference/api/pandas.Series.reset_index.html
Series,Reindexing / selection / label manipulation,Series.sample,"[n, frac, replace, weights, ...]","Return a random sample of items from an axis of object.

You can use random_state for reproducibility.

Notes

If frac > 1, replacement should be set to True .

When replace = False will not allow (n * max(weights) / sum(weights)) > 1 ,
since that would cause results to be biased. E.g. sampling 2 items without replacement
with weights [100, 1, 1] would yield two last items in 1/2 of cases, instead of 1/102.
This is similar to specifying n=4 without replacement on a Series with 3 elements.

Examples

Extract 3 random elements from the Series df['num_legs'] :
Note that we use random_state to ensure the reproducibility of
the examples.

A random 50% sample of the DataFrame with replacement:

An upsample sample of the DataFrame with replacement:
Note that replace parameter has to be True for frac parameter > 1.

Using a DataFrame column as weights. Rows with larger value in the num_specimen_seen column are more likely to be sampled.",https://pandas.pydata.org/docs/reference/api/pandas.Series.sample.html
Series,Reindexing / selection / label manipulation,Series.set_axis,"labels, *[, axis, copy]","Assign desired index to given axis.

Indexes for row labels can be changed by assigning a list-like or Index.

Examples",https://pandas.pydata.org/docs/reference/api/pandas.Series.set_axis.html
Series,Reindexing / selection / label manipulation,Series.take,"indices[, axis]","Return the elements in the given positional indices along an axis.

This means that we are not indexing according to actual values in
the index attribute of the object. We are indexing according to the
actual position of the element in the object.

Examples

Take elements at positions 0 and 3 along the axis 0 (default).

Note how the actual indices selected (0 and 1) do not correspond to
our selected indices 0 and 3. That’s because we are selecting the 0th
and 3rd rows, not rows whose indices equal 0 and 3.

Take elements at indices 1 and 2 along the axis 1 (column selection).

We may take elements using negative integers for positive indices,
starting from the end of the object, just like with Python lists.",https://pandas.pydata.org/docs/reference/api/pandas.Series.take.html
Series,Reindexing / selection / label manipulation,Series.tail,[n],"Return the last n rows.

This function returns last n rows from the object based on
position. It is useful for quickly verifying data, for example,
after sorting or appending rows.

For negative values of n , this function returns all rows except
the first |n| rows, equivalent to df[|n|:] .

If n is larger than the number of rows, this function returns all rows.

Examples

Viewing the last 5 lines

Viewing the last n lines (three in this case)

For negative values of n",https://pandas.pydata.org/docs/reference/api/pandas.Series.tail.html
Series,Reindexing / selection / label manipulation,Series.truncate,"[before, after, axis, copy]","Truncate a Series or DataFrame before and after some index value.

This is a useful shorthand for boolean indexing based on index
values above or below certain thresholds.

Notes

If the index being truncated contains only datetime values, before and after may be specified as strings instead of
Timestamps.

Examples

The columns of a DataFrame can be truncated.

For Series, only rows can be truncated.

The index values in truncate can be datetimes or string
dates.

Because the index is a DatetimeIndex containing only dates, we can
specify before and after as strings. They will be coerced to
Timestamps before truncation.

Note that truncate assumes a 0 value for any unspecified time
component (midnight). This differs from partial string slicing, which
returns any partially matching dates.",https://pandas.pydata.org/docs/reference/api/pandas.Series.truncate.html
Series,Reindexing / selection / label manipulation,Series.where,"cond[, other, inplace, axis, level]","Replace values where the condition is False.

This method allows conditional replacement of values. Where the
condition evaluates to True, the original values are retained; where
it evaluates to False, values are replaced with corresponding entries
from other .

Notes

The where method is an application of the if-then idiom. For each
element in the caller, if cond is True the
element is used; otherwise the corresponding element from other is used. If the axis of other does not align with axis of cond Series/DataFrame, the values of cond on misaligned index positions
will be filled with False.

The signature for Series.where() or DataFrame.where() differs from numpy.where() .
Roughly df1.where(m, df2) is equivalent to np.where(m, df1, df2) .

For further details and examples see the where documentation in indexing .

The dtype of the object takes precedence. The fill value is casted to
the object’s dtype, if this can be done losslessly.

Examples",https://pandas.pydata.org/docs/reference/api/pandas.Series.where.html
Series,Reindexing / selection / label manipulation,Series.mask,"cond[, other, inplace, axis, level]","Replace values where the condition is True.

Notes

The mask method is an application of the if-then idiom. For each
element in the caller, if cond is False the
element is used; otherwise the corresponding element from other is used. If the axis of other does not align with axis of cond Series/DataFrame, the values of cond on misaligned index positions
will be filled with True.

The signature for Series.where() or DataFrame.where() differs from numpy.where() .
Roughly df1.where(m, df2) is equivalent to np.where(m, df1, df2) .

For further details and examples see the mask documentation in indexing .

The dtype of the object takes precedence. The fill value is casted to
the object’s dtype, if this can be done losslessly.

Examples",https://pandas.pydata.org/docs/reference/api/pandas.Series.mask.html
Series,Reindexing / selection / label manipulation,Series.add_prefix,"prefix[, axis]","Prefix labels with string prefix .

For Series, the row labels are prefixed.
For DataFrame, the column labels are prefixed.

Examples",https://pandas.pydata.org/docs/reference/api/pandas.Series.add_prefix.html
Series,Reindexing / selection / label manipulation,Series.add_suffix,"suffix[, axis]","Suffix labels with string suffix .

For Series, the row labels are suffixed.
For DataFrame, the column labels are suffixed.

Examples",https://pandas.pydata.org/docs/reference/api/pandas.Series.add_suffix.html
Series,Reindexing / selection / label manipulation,Series.filter,"[items, like, regex, axis]","Subset the DataFrame or Series according to the specified index labels.

For DataFrame, filter rows or columns depending on axis argument.
Note that this routine does not filter based on content.
The filter is applied to the labels of the index.

Notes

The items , like , and regex parameters are
enforced to be mutually exclusive.

axis defaults to the info axis that is used when indexing
with [] .

Examples",https://pandas.pydata.org/docs/reference/api/pandas.Series.filter.html
Series,Missing data handling,Series.bfill,"*[, axis, inplace, limit, ...]","Fill NA/NaN values by using the next valid observation to fill the gap.

This method fills missing values in a backward direction along the
specified axis, propagating non-null values from later positions to
earlier positions containing NaN.

Examples

For Series:

With DataFrame:",https://pandas.pydata.org/docs/reference/api/pandas.Series.bfill.html
Series,Missing data handling,Series.dropna,"*[, axis, inplace, how, ...]","Return a new Series with missing values removed.

See the User Guide for more on which values are
considered missing, and how to work with missing data.

Examples

Drop NA values from a Series.

Empty strings are not considered NA values. None is considered an
NA value.",https://pandas.pydata.org/docs/reference/api/pandas.Series.dropna.html
Series,Missing data handling,Series.ffill,"*[, axis, inplace, limit, ...]","Fill NA/NaN values by propagating the last valid observation to next valid.

Examples",https://pandas.pydata.org/docs/reference/api/pandas.Series.ffill.html
Series,Missing data handling,Series.fillna,"value, *[, axis, inplace, limit]","Fill NA/NaN values with value .

Notes

For non-object dtype, value=None will use the NA value of the dtype.
See more details in the Filling missing data section.

Examples

Replace all NaN elements with 0s.

Replace all NaN elements in column ‘A’, ‘B’, ‘C’, and ‘D’, with 0, 1,
2, and 3 respectively.

Only replace the first NaN element.

When filling using a DataFrame, replacement happens along
the same column names and same indices

Note that column D is not affected since it is not present in df2.",https://pandas.pydata.org/docs/reference/api/pandas.Series.fillna.html
Series,Missing data handling,Series.interpolate,"[method, axis, limit, ...]","Fill NaN values using an interpolation method.

Please note that only method='linear' is supported for
DataFrame/Series with a MultiIndex.

Notes

The ‘krogh’, ‘piecewise_polynomial’, ‘spline’, ‘pchip’ and ‘akima’
methods are wrappers around the respective SciPy implementations of
similar names. These use the actual numerical values of the index.
For more information on their behavior, see the SciPy documentation .

Examples

Filling in NaN in a Series via linear
interpolation.

Filling in NaN in a Series via polynomial interpolation or splines:
Both ‘polynomial’ and ‘spline’ methods require that you also specify
an order (int).

Fill the DataFrame forward (that is, going down) along each column
using linear interpolation.

Note how the last entry in column ‘a’ is interpolated differently,
because there is no entry after it to use for interpolation.
Note how the first entry in column ‘b’ remains NaN , because there
is no entry before it to use for interpolation.

Using polynomial interpolation.",https://pandas.pydata.org/docs/reference/api/pandas.Series.interpolate.html
Series,Missing data handling,Series.isna,,"Detect missing values.

Return a boolean same-sized Series indicating if the values are NA.
NA values, such as None or numpy.NaN , get mapped to True
values.
Everything else gets mapped to False values. Characters such as empty
strings '' or numpy.inf are not considered NA values.

Examples

Show which entries in a Series are NA.",https://pandas.pydata.org/docs/reference/api/pandas.Series.isna.html
Series,Missing data handling,Series.isnull,,"Series.isnull is an alias for Series.isna.

Detect missing values.

Return a boolean same-sized object indicating if the values are NA.
NA values, such as None or numpy.NaN , gets mapped to True
values.
Everything else gets mapped to False values. Characters such as empty
strings '' or numpy.inf are not considered NA values.

Examples

Show which entries in a DataFrame are NA.

Show which entries in a Series are NA.",https://pandas.pydata.org/docs/reference/api/pandas.Series.isnull.html
Series,Missing data handling,Series.notna,,"Detect existing (non-missing) values.

Return a boolean same-sized Series indicating if the values are not NA.
Non-missing values get mapped to True. Characters such as empty
strings '' or numpy.inf are not considered NA values.
NA values, such as None or numpy.NaN , get mapped to False
values.

Examples

Show which entries in a Series are not NA.",https://pandas.pydata.org/docs/reference/api/pandas.Series.notna.html
Series,Missing data handling,Series.notnull,,"Series.notnull is an alias for Series.notna.

Detect existing (non-missing) values.

Return a boolean same-sized object indicating if the values are not NA.
Non-missing values get mapped to True. Characters such as empty
strings '' or numpy.inf are not considered NA values.
NA values, such as None or numpy.NaN , get mapped to False
values.

Examples

Show which entries in a DataFrame are not NA.

Show which entries in a Series are not NA.",https://pandas.pydata.org/docs/reference/api/pandas.Series.notnull.html
Series,Missing data handling,Series.replace,"[to_replace, value, inplace, ...]","Replace values given in to_replace with value .

Values of the Series/DataFrame are replaced with other values dynamically.
This differs from updating with .loc or .iloc , which require
you to specify a location to update with some value.

Notes

Examples

Scalar `to_replace` and `value`

List-like `to_replace`

dict-like `to_replace`

Regular expression `to_replace`

Compare the behavior of s.replace({'a': None}) and s.replace('a', None) to understand the peculiarities
of the to_replace parameter:

When one uses a dict as the to_replace value, it is like the
value(s) in the dict are equal to the value parameter. s.replace({'a': None}) is equivalent to s.replace(to_replace={'a': None}, value=None) :

If None is explicitly passed for value , it will be respected:

When regex=True , value is not None and to_replace is a string,
the replacement will be applied in all columns of the DataFrame.

If value is not None and to_replace is a dictionary, the dictionary
keys will be the DataFrame columns that the replacement will be applied.",https://pandas.pydata.org/docs/reference/api/pandas.Series.replace.html
Series,"Reshaping, sorting",Series.argsort,"[axis, kind, order, stable]","Return the integer indices that would sort the Series values.

Override ndarray.argsort. Argsorts the value, omitting NA/null values,
and places the result in the same locations as the non-NA values.

Examples",https://pandas.pydata.org/docs/reference/api/pandas.Series.argsort.html
Series,"Reshaping, sorting",Series.argmin,"[axis, skipna]","Return int position of the smallest value in the Series.

If the minimum is achieved in multiple locations,
the first row position is returned.

Examples

Consider dataset containing cereal calories

The maximum cereal calories is the third element and
the minimum cereal calories is the first element,
since series is zero-indexed.",https://pandas.pydata.org/docs/reference/api/pandas.Series.argmin.html
Series,"Reshaping, sorting",Series.argmax,"[axis, skipna]","Return int position of the largest value in the Series.

If the maximum is achieved in multiple locations,
the first row position is returned.

Examples

Consider dataset containing cereal calories

The maximum cereal calories is the third element and
the minimum cereal calories is the first element,
since series is zero-indexed.",https://pandas.pydata.org/docs/reference/api/pandas.Series.argmax.html
Series,"Reshaping, sorting",Series.reorder_levels,order,"Rearrange index levels using input order.

May not drop or duplicate levels.

Examples",https://pandas.pydata.org/docs/reference/api/pandas.Series.reorder_levels.html
Series,"Reshaping, sorting",Series.sort_values,"*[, axis, ascending, ...]","Sort by the values.

Sort a Series in ascending or descending order by some
criterion.

Examples

Sort values ascending order (default behavior)

Sort values descending order

Sort values putting NAs first

Sort a series of strings

Sort using a key function. Your key function will be
given the Series of values and should return an array-like.

NumPy ufuncs work well here. For example, we can
sort by the sin of the value

More complicated user-defined functions can be used,
as long as they expect a Series and return an array-like",https://pandas.pydata.org/docs/reference/api/pandas.Series.sort_values.html
Series,"Reshaping, sorting",Series.sort_index,"*[, axis, level, ...]","Sort Series by index labels.

Returns a new Series sorted by label if inplace argument is False , otherwise updates the original series and returns None.

Examples

Sort Descending

By default NaNs are put at the end, but use na_position to place
them at the beginning

Specify index level to sort

Does not sort by remaining levels when sorting by levels

Apply a key function before sorting",https://pandas.pydata.org/docs/reference/api/pandas.Series.sort_index.html
Series,"Reshaping, sorting",Series.swaplevel,"[i, j, copy]","Swap levels i and j in a MultiIndex .

Default is to swap the two innermost levels of the index.

Examples

In the following example, we will swap the levels of the indices.
Here, we will swap the levels column-wise, but levels can be swapped row-wise
in a similar manner. Note that column-wise is the default behavior.
By not supplying any arguments for i and j, we swap the last and second to
last indices.

By supplying one argument, we can choose which index to swap the last
index with. We can for example swap the first index with the last one as
follows.

We can also define explicitly which indices we want to swap by supplying values
for both i and j. Here, we for example swap the first and second indices.",https://pandas.pydata.org/docs/reference/api/pandas.Series.swaplevel.html
Series,"Reshaping, sorting",Series.unstack,"[level, fill_value, sort]","Unstack, also known as pivot, Series with MultiIndex to produce DataFrame.

Notes

Reference the user guide for more examples.

Examples",https://pandas.pydata.org/docs/reference/api/pandas.Series.unstack.html
Series,"Reshaping, sorting",Series.explode,[ignore_index],"Transform each element of a list-like to a row.

Notes

This routine will explode list-likes including lists, tuples, sets,
Series, and np.ndarray. The result dtype of the subset rows will
be object. Scalars will be returned unchanged, and empty list-likes will
result in an np.nan for that row. In addition, the ordering of elements in
the output will be non-deterministic when exploding sets.

Reference the user guide for more examples.

Examples",https://pandas.pydata.org/docs/reference/api/pandas.Series.explode.html
Series,"Reshaping, sorting",Series.searchsorted,"value[, side, sorter]","Find indices where elements should be inserted to maintain order.

Find the indices into a sorted Series self such that, if the
corresponding elements in value were inserted before the indices,
the order of self would be preserved.

Notes

Binary search is used to find the required insertion points.

Examples

If the values are not monotonically sorted, wrong locations
may be returned:",https://pandas.pydata.org/docs/reference/api/pandas.Series.searchsorted.html
Series,"Reshaping, sorting",Series.repeat,"repeats[, axis]","Repeat elements of a Series.

Returns a new Series where each element of the current Series
is repeated consecutively a given number of times.

Examples",https://pandas.pydata.org/docs/reference/api/pandas.Series.repeat.html
Series,"Reshaping, sorting",Series.squeeze,[axis],"Squeeze 1 dimensional axis objects into scalars.

Series or DataFrames with a single element are squeezed to a scalar.
DataFrames with a single column or a single row are squeezed to a
Series. Otherwise the object is unchanged.

This method is most useful when you don’t know if your
object is a Series or DataFrame, but you do know it has just a single
column. In that case you can safely call squeeze to ensure you have a
Series.

Examples

Slicing might produce a Series with a single value:

Squeezing objects with more than one value in every axis does nothing:

Squeezing is even more effective when used with DataFrames.

Slicing a single column will produce a DataFrame with the columns
having only one value:

So the columns can be squeezed down, resulting in a Series:

Slicing a single row from a single column will produce a single
scalar DataFrame:

Squeezing the rows produces a single scalar Series:

Squeezing all axes will project directly into a scalar:",https://pandas.pydata.org/docs/reference/api/pandas.Series.squeeze.html
Series,Combining / comparing / joining / merging,Series.compare,"other[, align_axis, ...]","Compare to another Series and show the differences.

Notes

Matching NaNs will not appear as a difference.

Examples

Align the differences on columns

Stack the differences on indices

Keep all original rows

Keep all original rows and also all original values",https://pandas.pydata.org/docs/reference/api/pandas.Series.compare.html
Series,Combining / comparing / joining / merging,Series.update,other,"Modify Series in place using values from passed Series.

Uses non-NA values from passed Series to make updates. Aligns
on index.

Examples

If other contains NaNs the corresponding values are not updated
in the original Series.

other can also be a non-Series object type
that is coercible into a Series",https://pandas.pydata.org/docs/reference/api/pandas.Series.update.html
Series,Time Series-related,Series.asfreq,"freq[, method, how, ...]","Convert time series to specified frequency.

Returns the original data conformed to a new index with the specified
frequency.

If the index of this Series/DataFrame is a PeriodIndex , the
new index is the result of transforming the original index with PeriodIndex.asfreq (so the original index
will map one-to-one to the new index).

Otherwise, the new index will be equivalent to pd.date_range(start, end, freq=freq) where start and end are, respectively, the min and
max entries in the original index (see pandas.date_range() ). The
values corresponding to any timesteps in the new index which were not present
in the original index will be null ( NaN ), unless a method for filling
such unknowns is provided (see the method parameter below).

The resample() method is more appropriate if an operation on each group of
timesteps (such as an aggregate) is necessary to represent the data at the new
frequency.

Notes

To learn more about the frequency strings, please see this link .

Examples

Start by creating a series with 4 one minute timestamps.

Upsample the series into 30 second bins.

Upsample again, providing a fill value .

Upsample again, providing a method .",https://pandas.pydata.org/docs/reference/api/pandas.Series.asfreq.html
Series,Time Series-related,Series.asof,"where[, subset]","Return the last row(s) without any NaNs before where .

The last row (for each element in where , if list) without any
NaN is taken.
In case of a DataFrame , the last row without NaN
considering only the subset of columns (if not None )

If there is no good value, NaN is returned for a Series or
a Series of NaN values for a DataFrame

Notes

Dates are assumed to be sorted. Raises if this is not the case.

Examples

A Series and a scalar where .

For a sequence where , a Series is returned. The first value is
NaN, because the first element of where is before the first
index value.

Missing values are not considered. The following is 2.0 , not
NaN, even though NaN is at the index location for 30 .

Take all columns into consideration

Take a single column into consideration",https://pandas.pydata.org/docs/reference/api/pandas.Series.asof.html
Series,Time Series-related,Series.shift,"[periods, freq, axis, ...]","Shift index by desired number of periods with an optional time freq .

When freq is not passed, shift the index without realigning the data.
If freq is passed (in this case, the index must be date or datetime,
or it will raise a NotImplementedError ), the index will be
increased using the periods and the freq . freq can be inferred
when specified as “infer” as long as either freq or inferred_freq
attribute is set in the index.

Examples",https://pandas.pydata.org/docs/reference/api/pandas.Series.shift.html
Series,Time Series-related,Series.first_valid_index,,"Return index for first non-missing value or None, if no value is found.

See the User Guide for more information
on which values are considered missing.

Examples

For Series:

If all elements in Series are NA/null, returns None.

If Series is empty, returns None.

For DataFrame:

If all elements in DataFrame are NA/null, returns None.

If DataFrame is empty, returns None.",https://pandas.pydata.org/docs/reference/api/pandas.Series.first_valid_index.html
Series,Time Series-related,Series.last_valid_index,,"Return index for last non-missing value or None, if no value is found.

See the User Guide for more information
on which values are considered missing.

Examples

For Series:

If all elements in Series are NA/null, returns None.

If Series is empty, returns None.

For DataFrame:

If all elements in DataFrame are NA/null, returns None.

If DataFrame is empty, returns None.",https://pandas.pydata.org/docs/reference/api/pandas.Series.last_valid_index.html
Series,Time Series-related,Series.resample,"rule[, closed, label, ...]","Resample time-series data.

Convenience method for frequency conversion and resampling of time series.
The object must have a datetime-like index ( DatetimeIndex , PeriodIndex ,
or TimedeltaIndex ), or the caller must pass the label of a datetime-like
series/index to the on / level keyword parameter.

Notes

See the user guide for more.

To learn more about the offset strings, please see this link .

Examples

Start by creating a series with 9 one minute timestamps.

Downsample the series into 3 minute bins and sum the values
of the timestamps falling into a bin.

Downsample the series into 3 minute bins as above, but label each
bin using the right edge instead of the left. Please note that the
value in the bucket used as the label is not included in the bucket,
which it labels. For example, in the original series the
bucket 2000-01-01 00:03:00 contains the value 3, but the summed
value in the resampled bucket with the label 2000-01-01 00:03:00 does not include 3 (if it did, the summed value would be 6, not 3).

To include this value close the right side of the bin interval,
as shown below.

Upsample the series into 30 second bins.

Upsample the series into 30 second bins and fill the NaN values using the ffill method.

Upsample the series into 30 second bins and fill the NaN values using the bfill method.

Pass a custom function via apply

For a Series with a PeriodIndex, the keyword convention can be
used to control whether to use the start or end of rule .

Resample a year by quarter using ‘start’ convention . Values are
assigned to the first quarter of the period.

Resample quarters by month using ‘end’ convention . Values are
assigned to the last month of the period.

For DataFrame objects, the keyword on can be used to specify the
column instead of the index for resampling.

For a DataFrame with MultiIndex, the keyword level can be used to
specify on which level the resampling needs to take place.

If you want to adjust the start of the bins based on a fixed timestamp:

If you want to adjust the start of the bins with an offset Timedelta, the two
following lines are equivalent:

If you want to take the largest Timestamp as the end of the bins:

In contrast with the start_day , you can use end_day to take the ceiling
midnight of the largest Timestamp as the end of the bins and drop the bins
not containing data:",https://pandas.pydata.org/docs/reference/api/pandas.Series.resample.html
Series,Time Series-related,Series.tz_convert,"tz[, axis, level, copy]","Convert tz-aware axis to target time zone.

Examples

Change to another time zone:

Pass None to convert to UTC and get a tz-naive index:",https://pandas.pydata.org/docs/reference/api/pandas.Series.tz_convert.html
Series,Time Series-related,Series.tz_localize,"tz[, axis, level, copy, ...]","Localize time zone naive index of a Series or DataFrame to target time zone.

This operation localizes the Index. To localize the values in a
time zone naive Series, use Series.dt.tz_localize() .

Examples

Localize local times:

Pass None to convert to tz-naive index and preserve local time:

Be careful with DST changes. When there is sequential data, pandas
can infer the DST time:

In some cases, inferring the DST is impossible. In such cases, you can
pass an ndarray to the ambiguous parameter to set the DST explicitly

If the DST transition causes nonexistent times, you can shift these
dates forward or backward with a timedelta object or ‘shift_forward’ or ‘shift_backward’ .",https://pandas.pydata.org/docs/reference/api/pandas.Series.tz_localize.html
Series,Time Series-related,Series.at_time,"time[, asof, axis]","Select values at particular time of day (e.g., 9:30AM).

Examples",https://pandas.pydata.org/docs/reference/api/pandas.Series.at_time.html
Series,Time Series-related,Series.between_time,"start_time, end_time[, ...]","Select values between particular times of the day (e.g., 9:00-9:30 AM).

By setting start_time to be later than end_time ,
you can get the times that are not between the two times.

Examples

You get the times that are not between two times by setting start_time later than end_time :",https://pandas.pydata.org/docs/reference/api/pandas.Series.between_time.html
Series,Accessors,Series.str,,"Vectorized string functions for Series and Index.

NAs stay NA unless handled otherwise by a particular method.
Patterned after Python’s string methods, with some inspiration from
R’s stringr package.

Examples",https://pandas.pydata.org/docs/reference/api/pandas.Series.str.html
Series,Accessors,Series.cat,,"Accessor object for categorical properties of the Series values.

Examples",https://pandas.pydata.org/docs/reference/api/pandas.Series.cat.html
Series,Accessors,Series.dt,,"Accessor object for Series values’ datetime-like, timedelta and period properties.

Examples",https://pandas.pydata.org/docs/reference/api/pandas.Series.dt.html
Series,Accessors,Series.sparse,,"Accessor for SparseSparse from other sparse matrix data types.

Examples",https://pandas.pydata.org/docs/reference/api/pandas.Series.sparse.html
Series,Accessors,DataFrame.sparse,,"DataFrame accessor for sparse data.

It allows users to interact with a DataFrame that contains sparse data types
( SparseDtype ). It provides methods and attributes to efficiently work with sparse
storage, reducing memory usage while maintaining compatibility with standard pandas
operations.

Examples",https://pandas.pydata.org/docs/reference/api/pandas.DataFrame.sparse.html
Series,Accessors,Index.str,,"Vectorized string functions for Series and Index.

NAs stay NA unless handled otherwise by a particular method.
Patterned after Python’s string methods, with some inspiration from
R’s stringr package.

Examples",https://pandas.pydata.org/docs/reference/api/pandas.Index.str.html
Series,Datetimelike properties,Series.dt.date,,"Returns numpy array of python datetime.date objects.

Namely, the date part of Timestamps without time and
timezone information.

Examples

For Series:

For DatetimeIndex:",https://pandas.pydata.org/docs/reference/api/pandas.Series.dt.date.html
Series,Datetimelike properties,Series.dt.time,,"Returns numpy array of datetime.time objects.

The time part of the Timestamps.

Examples

For Series:

For DatetimeIndex:",https://pandas.pydata.org/docs/reference/api/pandas.Series.dt.time.html
Series,Datetimelike properties,Series.dt.timetz,,"Returns numpy array of datetime.time objects with timezones.

The time part of the Timestamps.

Examples

For Series:

For DatetimeIndex:",https://pandas.pydata.org/docs/reference/api/pandas.Series.dt.timetz.html
Series,Datetimelike properties,Series.dt.year,,"The year of the datetime.

Examples",https://pandas.pydata.org/docs/reference/api/pandas.Series.dt.year.html
Series,Datetimelike properties,Series.dt.month,,"The month as January=1, December=12.

Examples",https://pandas.pydata.org/docs/reference/api/pandas.Series.dt.month.html
Series,Datetimelike properties,Series.dt.day,,"The day of the datetime.

Examples",https://pandas.pydata.org/docs/reference/api/pandas.Series.dt.day.html
Series,Datetimelike properties,Series.dt.hour,,"The hours of the datetime.

Examples",https://pandas.pydata.org/docs/reference/api/pandas.Series.dt.hour.html
Series,Datetimelike properties,Series.dt.minute,,"The minutes of the datetime.

Examples",https://pandas.pydata.org/docs/reference/api/pandas.Series.dt.minute.html
Series,Datetimelike properties,Series.dt.second,,"The seconds of the datetime.

Examples",https://pandas.pydata.org/docs/reference/api/pandas.Series.dt.second.html
Series,Datetimelike properties,Series.dt.microsecond,,"The microseconds of the datetime.

Examples",https://pandas.pydata.org/docs/reference/api/pandas.Series.dt.microsecond.html
Series,Datetimelike properties,Series.dt.nanosecond,,"The nanoseconds of the datetime.

Examples",https://pandas.pydata.org/docs/reference/api/pandas.Series.dt.nanosecond.html
Series,Datetimelike properties,Series.dt.dayofweek,,"The day of the week with Monday=0, Sunday=6.

Return the day of the week. It is assumed the week starts on
Monday, which is denoted by 0 and ends on Sunday which is denoted
by 6. This method is available on both Series with datetime
values (using the dt accessor) or DatetimeIndex.

Examples",https://pandas.pydata.org/docs/reference/api/pandas.Series.dt.dayofweek.html
Series,Datetimelike properties,Series.dt.day_of_week,,"The day of the week with Monday=0, Sunday=6.

Return the day of the week. It is assumed the week starts on
Monday, which is denoted by 0 and ends on Sunday which is denoted
by 6. This method is available on both Series with datetime
values (using the dt accessor) or DatetimeIndex.

Examples",https://pandas.pydata.org/docs/reference/api/pandas.Series.dt.day_of_week.html
Series,Datetimelike properties,Series.dt.weekday,,"The day of the week with Monday=0, Sunday=6.

Return the day of the week. It is assumed the week starts on
Monday, which is denoted by 0 and ends on Sunday which is denoted
by 6. This method is available on both Series with datetime
values (using the dt accessor) or DatetimeIndex.

Examples",https://pandas.pydata.org/docs/reference/api/pandas.Series.dt.weekday.html
Series,Datetimelike properties,Series.dt.dayofyear,,"The ordinal day of the year.

Examples

For Series:

For DatetimeIndex:",https://pandas.pydata.org/docs/reference/api/pandas.Series.dt.dayofyear.html
Series,Datetimelike properties,Series.dt.day_of_year,,"The ordinal day of the year.

Examples

For Series:

For DatetimeIndex:",https://pandas.pydata.org/docs/reference/api/pandas.Series.dt.day_of_year.html
Series,Datetimelike properties,Series.dt.days_in_month,,"The number of days in the month.

Examples",https://pandas.pydata.org/docs/reference/api/pandas.Series.dt.days_in_month.html
Series,Datetimelike properties,Series.dt.quarter,,"The quarter of the date.

Examples

For Series:

For DatetimeIndex:",https://pandas.pydata.org/docs/reference/api/pandas.Series.dt.quarter.html
Series,Datetimelike properties,Series.dt.is_month_start,,"Indicates whether the date is the first day of the month.

Examples

This method is available on Series with datetime values under
the .dt accessor, and directly on DatetimeIndex.",https://pandas.pydata.org/docs/reference/api/pandas.Series.dt.is_month_start.html
Series,Datetimelike properties,Series.dt.is_month_end,,"Indicates whether the date is the last day of the month.

Examples

This method is available on Series with datetime values under
the .dt accessor, and directly on DatetimeIndex.",https://pandas.pydata.org/docs/reference/api/pandas.Series.dt.is_month_end.html
Series,Datetimelike properties,Series.dt.is_quarter_start,,"Indicator for whether the date is the first day of a quarter.

Examples

This method is available on Series with datetime values under
the .dt accessor, and directly on DatetimeIndex.",https://pandas.pydata.org/docs/reference/api/pandas.Series.dt.is_quarter_start.html
Series,Datetimelike properties,Series.dt.is_quarter_end,,"Indicator for whether the date is the last day of a quarter.

Examples

This method is available on Series with datetime values under
the .dt accessor, and directly on DatetimeIndex.",https://pandas.pydata.org/docs/reference/api/pandas.Series.dt.is_quarter_end.html
Series,Datetimelike properties,Series.dt.is_year_start,,"Indicate whether the date is the first day of a year.

Examples

This method is available on Series with datetime values under
the .dt accessor, and directly on DatetimeIndex.

This method, when applied to Series with datetime values under
the .dt accessor, will lose information about Business offsets.",https://pandas.pydata.org/docs/reference/api/pandas.Series.dt.is_year_start.html
Series,Datetimelike properties,Series.dt.is_year_end,,"Indicate whether the date is the last day of the year.

Examples

This method is available on Series with datetime values under
the .dt accessor, and directly on DatetimeIndex.",https://pandas.pydata.org/docs/reference/api/pandas.Series.dt.is_year_end.html
Series,Datetimelike properties,Series.dt.is_leap_year,,"Boolean indicator if the date belongs to a leap year.

A leap year is a year, which has 366 days (instead of 365) including
29th of February as an intercalary day.
Leap years are years which are multiples of four with the exception
of years divisible by 100 but not by 400.

Examples

This method is available on Series with datetime values under
the .dt accessor, and directly on DatetimeIndex.",https://pandas.pydata.org/docs/reference/api/pandas.Series.dt.is_leap_year.html
Series,Datetimelike properties,Series.dt.daysinmonth,,"The number of days in the month.

Examples",https://pandas.pydata.org/docs/reference/api/pandas.Series.dt.daysinmonth.html
Series,Datetimelike properties,Series.dt.days_in_month,,"The number of days in the month.

Examples",https://pandas.pydata.org/docs/reference/api/pandas.Series.dt.days_in_month.html
Series,Datetimelike properties,Series.dt.tz,,"Return the timezone.

Examples

For Series:

For DatetimeIndex:",https://pandas.pydata.org/docs/reference/api/pandas.Series.dt.tz.html
Series,Datetimelike properties,Series.dt.freq,,"Tries to return a string representing a frequency generated by infer_freq.

Returns None if it can’t autodetect the frequency.

Examples",https://pandas.pydata.org/docs/reference/api/pandas.Series.dt.freq.html
Series,Datetimelike properties,Series.dt.unit,,"The precision unit of the datetime data.

Returns the precision unit for the dtype.
It means the smallest time frame that can be stored within this dtype.

Examples",https://pandas.pydata.org/docs/reference/api/pandas.Series.dt.unit.html
Series,Datetimelike properties,Series.dt.isocalendar,,"Calculate year, week, and day according to the ISO 8601 standard.

Examples",https://pandas.pydata.org/docs/reference/api/pandas.Series.dt.isocalendar.html
Series,Datetimelike properties,Series.dt.to_period,[freq],"Cast to PeriodArray/PeriodIndex at a particular frequency.

Converts DatetimeArray/Index to PeriodArray/PeriodIndex.

Examples

Infer the daily frequency",https://pandas.pydata.org/docs/reference/api/pandas.Series.dt.to_period.html
Series,Datetimelike properties,Series.dt.to_pydatetime,,"Return the data as a Series of datetime.datetime objects.

Timezone information is retained if present.

Examples

pandas’ nanosecond precision is truncated to microseconds.",https://pandas.pydata.org/docs/reference/api/pandas.Series.dt.to_pydatetime.html
Series,Datetimelike properties,Series.dt.tz_localize,"tz[, ambiguous, ...]","Localize tz-naive Datetime Array/Index to tz-aware Datetime Array/Index.

This method takes a time zone (tz) naive Datetime Array/Index object
and makes this time zone aware. It does not move the time to another
time zone.

This method can also be used to do the inverse – to create a time
zone unaware object from an aware object. To that end, pass tz=None .

Examples

Localize DatetimeIndex in US/Eastern time zone:

With the tz=None , we can remove the time zone information
while keeping the local time (not converted to UTC):

Be careful with DST changes. When there is sequential data, pandas can
infer the DST time:

In some cases, inferring the DST is impossible. In such cases, you can
pass an ndarray to the ambiguous parameter to set the DST explicitly

If the DST transition causes nonexistent times, you can shift these
dates forward or backwards with a timedelta object or ‘shift_forward’ or ‘shift_backwards’ .",https://pandas.pydata.org/docs/reference/api/pandas.Series.dt.tz_localize.html
Series,Datetimelike properties,Series.dt.tz_convert,tz,"Convert tz-aware Datetime Array/Index from one time zone to another.

Examples

With the tz parameter, we can change the DatetimeIndex
to other time zones:

With the tz=None , we can remove the timezone (after converting
to UTC if necessary):",https://pandas.pydata.org/docs/reference/api/pandas.Series.dt.tz_convert.html
Series,Datetimelike properties,Series.dt.normalize,,"Convert times to midnight.

The time component of the date-time is converted to midnight i.e.
00:00:00. This is useful in cases, when the time does not matter.
Length is unaltered. The timezones are unaffected.

This method is available on Series with datetime values under
the .dt accessor, and directly on Datetime Array/Index.

Examples",https://pandas.pydata.org/docs/reference/api/pandas.Series.dt.normalize.html
Series,Datetimelike properties,Series.dt.strftime,date_format,"Convert to Index using specified date_format.

Return an Index of formatted strings specified by date_format, which
supports the same string format as the python standard library. Details
of the string format can be found in python string format
doc .

Formats supported by the C strftime API but not by the python string format
doc (such as “%R” , “%r” ) are not officially supported and should be
preferably replaced with their supported equivalents (such as “%H:%M” , “%I:%M:%S %p” ).

Note that PeriodIndex support additional directives, detailed in Period.strftime .

Examples",https://pandas.pydata.org/docs/reference/api/pandas.Series.dt.strftime.html
Series,Datetimelike properties,Series.dt.round,"freq[, ambiguous, nonexistent]","Perform round operation on the data to the specified freq .

Notes

If the timestamps have a timezone, rounding will take place relative to the
local (“wall”) time and re-localized to the same timezone. When rounding
near daylight savings time, use nonexistent and ambiguous to
control the re-localization behavior.

Examples

DatetimeIndex

Series

When rounding near a daylight savings time transition, use ambiguous or nonexistent to control how the timestamp should be re-localized.",https://pandas.pydata.org/docs/reference/api/pandas.Series.dt.round.html
Series,Datetimelike properties,Series.dt.floor,"freq[, ambiguous, nonexistent]","Perform floor operation on the data to the specified freq .

Notes

If the timestamps have a timezone, flooring will take place relative to the
local (“wall”) time and re-localized to the same timezone. When flooring
near daylight savings time, use nonexistent and ambiguous to
control the re-localization behavior.

Examples

DatetimeIndex

Series

When rounding near a daylight savings time transition, use ambiguous or nonexistent to control how the timestamp should be re-localized.",https://pandas.pydata.org/docs/reference/api/pandas.Series.dt.floor.html
Series,Datetimelike properties,Series.dt.ceil,"freq[, ambiguous, nonexistent]","Perform ceil operation on the data to the specified freq .

Notes

If the timestamps have a timezone, ceiling will take place relative to the
local (“wall”) time and re-localized to the same timezone. When ceiling
near daylight savings time, use nonexistent and ambiguous to
control the re-localization behavior.

Examples

DatetimeIndex

Series

When rounding near a daylight savings time transition, use ambiguous or nonexistent to control how the timestamp should be re-localized.",https://pandas.pydata.org/docs/reference/api/pandas.Series.dt.ceil.html
Series,Datetimelike properties,Series.dt.month_name,[locale],"Return the month names with specified locale.

Examples

Using the locale parameter you can set a different locale language,
for example: idx.month_name(locale='pt_BR.utf8') will return month
names in Brazilian Portuguese language.",https://pandas.pydata.org/docs/reference/api/pandas.Series.dt.month_name.html
Series,Datetimelike properties,Series.dt.day_name,[locale],"Return the day names with specified locale.

Examples

Using the locale parameter you can set a different locale language,
for example: idx.day_name(locale='pt_BR.utf8') will return day
names in Brazilian Portuguese language.",https://pandas.pydata.org/docs/reference/api/pandas.Series.dt.day_name.html
Series,Datetimelike properties,Series.dt.as_unit,"unit[, round_ok]","Convert to a dtype with the given unit resolution.

The limits of timestamp representation depend on the chosen resolution.
Different resolutions can be converted to each other through as_unit.

Examples

For pandas.DatetimeIndex :

For pandas.TimedeltaIndex :",https://pandas.pydata.org/docs/reference/api/pandas.Series.dt.as_unit.html
Series,Datetimelike properties,Series.dt.qyear,,"Fiscal year the Period lies in according to its starting-quarter.

The year and the qyear of the period will be the same if the fiscal
and calendar years are the same. When they are not, the fiscal year
can be different from the calendar year of the period.

Examples

If the natural and fiscal year are the same, qyear and year will
be the same.

If the fiscal year starts in April ( Q-MAR ), the first quarter of
2018 will start in April 2017. year will then be 2017, but qyear will be the fiscal year, 2018.",https://pandas.pydata.org/docs/reference/api/pandas.Series.dt.qyear.html
Series,Datetimelike properties,Series.dt.start_time,,"Get the Timestamp for the start of the period.

Examples",https://pandas.pydata.org/docs/reference/api/pandas.Series.dt.start_time.html
Series,Datetimelike properties,Series.dt.end_time,,"Get the Timestamp for the end of the period.

Examples

For Period:

For Series:

For PeriodIndex:",https://pandas.pydata.org/docs/reference/api/pandas.Series.dt.end_time.html
Series,Datetimelike properties,Series.dt.days,,"Number of days for each element.

Examples

For Series:

For TimedeltaIndex:",https://pandas.pydata.org/docs/reference/api/pandas.Series.dt.days.html
Series,Datetimelike properties,Series.dt.seconds,,"Number of seconds (>= 0 and less than 1 day) for each element.

Examples

For Series:

For TimedeltaIndex:",https://pandas.pydata.org/docs/reference/api/pandas.Series.dt.seconds.html
Series,Datetimelike properties,Series.dt.microseconds,,"Number of microseconds (>= 0 and less than 1 second) for each element.

Examples

For Series:

For TimedeltaIndex:",https://pandas.pydata.org/docs/reference/api/pandas.Series.dt.microseconds.html
Series,Datetimelike properties,Series.dt.nanoseconds,,"Number of nanoseconds (>= 0 and less than 1 microsecond) for each element.

Examples

For Series:

For TimedeltaIndex:",https://pandas.pydata.org/docs/reference/api/pandas.Series.dt.nanoseconds.html
Series,Datetimelike properties,Series.dt.components,,"Return a Dataframe of the components of the Timedeltas.

Each row of the DataFrame corresponds to a Timedelta in the original
Series and contains the individual components (days, hours, minutes,
seconds, milliseconds, microseconds, nanoseconds) of the Timedelta.

Examples",https://pandas.pydata.org/docs/reference/api/pandas.Series.dt.components.html
Series,Datetimelike properties,Series.dt.unit,,"The precision unit of the datetime data.

Returns the precision unit for the dtype.
It means the smallest time frame that can be stored within this dtype.

Examples",https://pandas.pydata.org/docs/reference/api/pandas.Series.dt.unit.html
Series,Datetimelike properties,Series.dt.to_pytimedelta,,"Return an array of native datetime.timedelta objects.

Python’s standard datetime library uses a different representation
timedelta’s. This method converts a Series of pandas Timedeltas
to datetime.timedelta format with the same length as the original
Series.

Examples",https://pandas.pydata.org/docs/reference/api/pandas.Series.dt.to_pytimedelta.html
Series,Datetimelike properties,Series.dt.total_seconds,,"Return total duration of each element expressed in seconds.

This method is available directly on TimedeltaArray, TimedeltaIndex
and on Series containing timedelta values under the .dt namespace.

Examples

Series

TimedeltaIndex",https://pandas.pydata.org/docs/reference/api/pandas.Series.dt.total_seconds.html
Series,Datetimelike properties,Series.dt.as_unit,"unit[, round_ok]","Convert to a dtype with the given unit resolution.

The limits of timestamp representation depend on the chosen resolution.
Different resolutions can be converted to each other through as_unit.

Examples

For pandas.DatetimeIndex :

For pandas.TimedeltaIndex :",https://pandas.pydata.org/docs/reference/api/pandas.Series.dt.as_unit.html
Series,String handling,Series.str.capitalize,,"Convert strings in the Series/Index to be capitalized.

Equivalent to str.capitalize() .

Examples",https://pandas.pydata.org/docs/reference/api/pandas.Series.str.capitalize.html
Series,String handling,Series.str.casefold,,"Convert strings in the Series/Index to be casefolded.

Equivalent to str.casefold() .

Examples",https://pandas.pydata.org/docs/reference/api/pandas.Series.str.casefold.html
Series,String handling,Series.str.cat,"[others, sep, na_rep, join]","Concatenate strings in the Series/Index with given separator.

If others is specified, this function concatenates the Series/Index
and elements of others element-wise.
If others is not passed, then all values in the Series/Index are
concatenated into a single string with a given sep .

Examples

When not passing others , all values are concatenated into a single
string:

By default, NA values in the Series are ignored. Using na_rep , they
can be given a representation:

If others is specified, corresponding values are concatenated with
the separator. Result will be a Series of strings.

Missing values will remain missing in the result, but can again be
represented using na_rep

If sep is not specified, the values are concatenated without
separation.

Series with different indexes can be aligned before concatenation. The join -keyword works as in other methods.

For more examples, see here .",https://pandas.pydata.org/docs/reference/api/pandas.Series.str.cat.html
Series,String handling,Series.str.center,"width[, fillchar]","Pad left and right side of strings in the Series/Index.

Equivalent to str.center() .

Examples

For Series.str.center:

For Series.str.ljust:

For Series.str.rjust:",https://pandas.pydata.org/docs/reference/api/pandas.Series.str.center.html
Series,String handling,Series.str.contains,"pat[, case, flags, na, ...]","Test if pattern or regex is contained within a string of a Series or Index.

Return boolean Series or Index based on whether a given pattern or regex is
contained within a string of a Series or Index.

Examples

Returning a Series of booleans using only a literal pattern.

Returning an Index of booleans using only a literal pattern.

Specifying case sensitivity using case .

Returning ‘house’ or ‘dog’ when either expression occurs in a string.

Ignoring case sensitivity using flags with regex.

Returning any digit using regular expression.

Ensure pat is a not a literal pattern when regex is set to True.
Note in the following example one might expect only s2[1] and s2[3] to
return True . However, ‘.0’ as a regex matches any character
followed by a 0.",https://pandas.pydata.org/docs/reference/api/pandas.Series.str.contains.html
Series,String handling,Series.str.count,"pat[, flags]","Count occurrences of pattern in each string of the Series/Index.

This function is used to count the number of times a particular regex
pattern is repeated in each of the string elements of the Series .

Notes

Some characters need to be escaped when passing in pat .
eg. '$' has a special meaning in regex and must be escaped when
finding this literal character.

Examples

Escape '$' to find the literal dollar sign.

This is also available on Index",https://pandas.pydata.org/docs/reference/api/pandas.Series.str.count.html
Series,String handling,Series.str.decode,"encoding[, errors, dtype]","Decode character string in the Series/Index using indicated encoding.

Equivalent to str.decode() in python2 and bytes.decode() in
python3.

Examples

For Series:",https://pandas.pydata.org/docs/reference/api/pandas.Series.str.decode.html
Series,String handling,Series.str.encode,"encoding[, errors]","Encode character string in the Series/Index using indicated encoding.

Equivalent to str.encode() .

Examples",https://pandas.pydata.org/docs/reference/api/pandas.Series.str.encode.html
Series,String handling,Series.str.endswith,"pat[, na]","Test if the end of each string element matches a pattern.

Equivalent to str.endswith() .

Examples",https://pandas.pydata.org/docs/reference/api/pandas.Series.str.endswith.html
Series,String handling,Series.str.extract,"pat[, flags, expand]","Extract capture groups in the regex pat as columns in a DataFrame.

For each subject string in the Series, extract groups from the
first match of regular expression pat .

Examples

A pattern with two groups will return a DataFrame with two columns.
Non-matches will be NaN.

A pattern may contain optional groups.

Named groups will become column names in the result.

A pattern with one group will return a DataFrame with one column
if expand=True.

A pattern with one group will return a Series if expand=False.",https://pandas.pydata.org/docs/reference/api/pandas.Series.str.extract.html
Series,String handling,Series.str.extractall,"pat[, flags]","Extract capture groups in the regex pat as columns in DataFrame.

For each subject string in the Series, extract groups from all
matches of regular expression pat. When each subject string in the
Series has exactly one match, extractall(pat).xs(0, level=’match’)
is the same as extract(pat).

Examples

A pattern with one group will return a DataFrame with one column.
Indices with no matches will not appear in the result.

Capture group names are used for column names of the result.

A pattern with two groups will return a DataFrame with two columns.

Optional groups that do not match are NaN in the result.",https://pandas.pydata.org/docs/reference/api/pandas.Series.str.extractall.html
Series,String handling,Series.str.find,"sub[, start, end]","Return lowest indexes in each strings in the Series/Index.

Each of returned indexes corresponds to the position where the
substring is fully contained between [start:end]. Return -1 on
failure. Equivalent to standard str.find() .

Examples

For Series.str.find:

For Series.str.rfind:",https://pandas.pydata.org/docs/reference/api/pandas.Series.str.find.html
Series,String handling,Series.str.findall,"pat[, flags]","Find all occurrences of pattern or regular expression in the Series/Index.

Equivalent to applying re.findall() to all the elements in the
Series/Index.

Examples

The search for the pattern ‘Monkey’ returns one match:

On the other hand, the search for the pattern ‘MONKEY’ doesn’t return any
match:

Flags can be added to the pattern or regular expression. For instance,
to find the pattern ‘MONKEY’ ignoring the case:

When the pattern matches more than one string in the Series, all matches
are returned:

Regular expressions are supported too. For instance, the search for all the
strings ending with the word ‘on’ is shown next:

If the pattern is found more than once in the same string, then a list of
multiple strings is returned:",https://pandas.pydata.org/docs/reference/api/pandas.Series.str.findall.html
Series,String handling,Series.str.fullmatch,"pat[, case, flags, na]","Determine if each string entirely matches a regular expression.

Checks if each string in the Series or Index fully matches the
specified regular expression pattern. This function is useful when the
requirement is for an entire string to conform to a pattern, such as
validating formats like phone numbers or email addresses.

Examples",https://pandas.pydata.org/docs/reference/api/pandas.Series.str.fullmatch.html
Series,String handling,Series.str.get,i,"Extract element from each component at specified position or with specified key.

Extract element from lists, tuples, dict, or strings in each element in the
Series/Index.

Examples

Return element with given key",https://pandas.pydata.org/docs/reference/api/pandas.Series.str.get.html
Series,String handling,Series.str.index,"sub[, start, end]","Return lowest indexes in each string in Series/Index.

Each of the returned indexes corresponds to the position where the
substring is fully contained between [start:end]. This is the same
as str.find except instead of returning -1, it raises a
ValueError when the substring is not found. Equivalent to standard str.index .

Examples

For Series.str.index:

For Series.str.rindex:",https://pandas.pydata.org/docs/reference/api/pandas.Series.str.index.html
Series,String handling,Series.str.isascii,,"Check whether all characters in each string are ascii.

This is equivalent to running the Python string method str.isascii() for each element of the Series/Index. If a string
has zero characters, False is returned for that check.

Examples

The s5.str.isascii method checks for whether all characters are ascii
characters, which includes digits 0-9, capital and lowercase letters A-Z,
and some other special characters.",https://pandas.pydata.org/docs/reference/api/pandas.Series.str.isascii.html
Series,String handling,Series.str.join,sep,"Join lists contained as elements in the Series/Index with passed delimiter.

If the elements of a Series are lists themselves, join the content of these
lists using the delimiter passed to the function.
This function is an equivalent to str.join() .

Notes

If any of the list items is not a string object, the result of the join
will be NaN .

Examples

Example with a list that contains non-string elements.

Join all lists using a ‘-’. The lists containing object(s) of types other
than str will produce a NaN.",https://pandas.pydata.org/docs/reference/api/pandas.Series.str.join.html
Series,String handling,Series.str.len,,"Compute the length of each element in the Series/Index.

The element may be a sequence (such as a string, tuple or list) or a collection
(such as a dictionary).

Examples

Returns the length (number of characters) in a string. Returns the
number of entries for dictionaries, lists or tuples.",https://pandas.pydata.org/docs/reference/api/pandas.Series.str.len.html
Series,String handling,Series.str.ljust,"width[, fillchar]","Pad right side of strings in the Series/Index.

Equivalent to str.ljust() .

Examples

For Series.str.center:

For Series.str.ljust:

For Series.str.rjust:",https://pandas.pydata.org/docs/reference/api/pandas.Series.str.ljust.html
Series,String handling,Series.str.lower,,"Convert strings in the Series/Index to lowercase.

Equivalent to str.lower() .

Examples",https://pandas.pydata.org/docs/reference/api/pandas.Series.str.lower.html
Series,String handling,Series.str.lstrip,[to_strip],"Remove leading characters.

Strip whitespaces (including newlines) or a set of specified characters
from each string in the Series/Index from left side.
Replaces any non-strings in Series with NaNs.
Equivalent to str.lstrip() .

Examples",https://pandas.pydata.org/docs/reference/api/pandas.Series.str.lstrip.html
Series,String handling,Series.str.match,"pat[, case, flags, na]","Determine if each string starts with a match of a regular expression.

Determines whether each string in the Series or Index starts with a
match to a specified regular expression. This function is especially
useful for validating prefixes, such as ensuring that codes, tags, or
identifiers begin with a specific pattern.

Examples",https://pandas.pydata.org/docs/reference/api/pandas.Series.str.match.html
Series,String handling,Series.str.normalize,form,"Return the Unicode normal form for the strings in the Series/Index.

For more information on the forms, see the unicodedata.normalize() .

Examples",https://pandas.pydata.org/docs/reference/api/pandas.Series.str.normalize.html
Series,String handling,Series.str.pad,"width[, side, fillchar]","Pad strings in the Series/Index up to width.

This function pads strings in a Series or Index to a specified width,
filling the extra space with a character of your choice. It provides
flexibility in positioning the padding, allowing it to be added to the
left, right, or both sides. This is useful for formatting strings to
align text or ensure consistent string lengths in data processing.

Examples",https://pandas.pydata.org/docs/reference/api/pandas.Series.str.pad.html
Series,String handling,Series.str.partition,"[sep, expand]","Split the string at the first occurrence of sep .

This method splits the string at the first occurrence of sep ,
and returns 3 elements containing the part before the separator,
the separator itself, and the part after the separator.
If the separator is not found, return 3 elements containing the string itself,
followed by two empty strings.

Examples

To partition by the last space instead of the first one:

To partition by something different than a space:

To return a Series containing tuples instead of a DataFrame:

Also available on indices:

Which will create a MultiIndex:

Or an index with tuples with expand=False :",https://pandas.pydata.org/docs/reference/api/pandas.Series.str.partition.html
Series,String handling,Series.str.removeprefix,prefix,"Remove a prefix from an object series.

If the prefix is not present, the original string will be returned.

Examples",https://pandas.pydata.org/docs/reference/api/pandas.Series.str.removeprefix.html
Series,String handling,Series.str.removesuffix,suffix,"Remove a suffix from an object series.

If the suffix is not present, the original string will be returned.

Examples",https://pandas.pydata.org/docs/reference/api/pandas.Series.str.removesuffix.html
Series,String handling,Series.str.repeat,repeats,"Duplicate each string in the Series or Index.

Duplicates each string in the Series or Index, either by applying the
same repeat count to all elements or by using different repeat values
for each element.

Examples

Single int repeats string in Series

Sequence of int repeats corresponding string in Series",https://pandas.pydata.org/docs/reference/api/pandas.Series.str.repeat.html
Series,String handling,Series.str.replace,"pat[, repl, n, case, ...]","Replace each occurrence of pattern/regex in the Series/Index.

Equivalent to str.replace() or re.sub() , depending on
the regex value.

Notes

When pat is a compiled regex, all flags should be included in the
compiled regex. Use of case , flags , or regex=False with a compiled
regex will raise an error.

Examples

When pat is a dictionary, every key in pat is replaced
with its corresponding value:

When pat is a string and regex is True, the given pat is compiled as a regex. When repl is a string, it replaces matching
regex patterns as with re.sub() . NaN value(s) in the Series are
left as is:

When pat is a string and regex is False, every pat is replaced with repl as with str.replace() :

When repl is a callable, it is called on every pat using re.sub() . The callable should expect one positional argument
(a regex object) and return a string.

To get the idea:

Reverse every lowercase alphabetic word:

Using regex groups (extract second group and swap case):

Using a compiled regex with flags",https://pandas.pydata.org/docs/reference/api/pandas.Series.str.replace.html
Series,String handling,Series.str.rfind,"sub[, start, end]","Return highest indexes in each strings in the Series/Index.

Each of returned indexes corresponds to the position where the
substring is fully contained between [start:end]. Return -1 on
failure. Equivalent to standard str.rfind() .

Examples

For Series.str.find:

For Series.str.rfind:",https://pandas.pydata.org/docs/reference/api/pandas.Series.str.rfind.html
Series,String handling,Series.str.rindex,"sub[, start, end]","Return highest indexes in each string in Series/Index.

Each of the returned indexes corresponds to the position where the
substring is fully contained between [start:end]. This is the same
as str.rfind except instead of returning -1, it raises a
ValueError when the substring is not found. Equivalent to standard str.rindex .

Examples

For Series.str.index:

For Series.str.rindex:",https://pandas.pydata.org/docs/reference/api/pandas.Series.str.rindex.html
Series,String handling,Series.str.rjust,"width[, fillchar]","Pad left side of strings in the Series/Index.

Equivalent to str.rjust() .

Examples

For Series.str.center:

For Series.str.ljust:

For Series.str.rjust:",https://pandas.pydata.org/docs/reference/api/pandas.Series.str.rjust.html
Series,String handling,Series.str.rpartition,"[sep, expand]","Split the string at the last occurrence of sep .

This method splits the string at the last occurrence of sep ,
and returns 3 elements containing the part before the separator,
the separator itself, and the part after the separator.
If the separator is not found, return 3 elements containing two empty strings,
followed by the string itself.

Examples

To partition by the last space instead of the first one:

To partition by something different than a space:

To return a Series containing tuples instead of a DataFrame:

Also available on indices:

Which will create a MultiIndex:

Or an index with tuples with expand=False :",https://pandas.pydata.org/docs/reference/api/pandas.Series.str.rpartition.html
Series,String handling,Series.str.rstrip,[to_strip],"Remove trailing characters.

Strip whitespaces (including newlines) or a set of specified characters
from each string in the Series/Index from right side.
Replaces any non-strings in Series with NaNs.
Equivalent to str.rstrip() .

Examples",https://pandas.pydata.org/docs/reference/api/pandas.Series.str.rstrip.html
Series,String handling,Series.str.slice,"[start, stop, step]","Slice substrings from each element in the Series or Index.

Slicing substrings from strings in a Series or Index helps extract
specific portions of data, making it easier to analyze or manipulate
text. This is useful for tasks like parsing structured text fields or
isolating parts of strings with a consistent format.

Examples

Equivalent behaviour to:",https://pandas.pydata.org/docs/reference/api/pandas.Series.str.slice.html
Series,String handling,Series.str.slice_replace,"[start, stop, repl]","Replace a positional slice of a string with another value.

This function allows replacing specific parts of a string in a Series
or Index by specifying start and stop positions. It is useful for
modifying substrings in a controlled way, such as updating sections of
text based on their positions or patterns.

Examples

Specify just start , meaning replace start until the end of the
string with repl .

Specify just stop , meaning the start of the string to stop is replaced
with repl , and the rest of the string is included.

Specify start and stop , meaning the slice from start to stop is
replaced with repl . Everything before or after start and stop is
included as is.",https://pandas.pydata.org/docs/reference/api/pandas.Series.str.slice_replace.html
Series,String handling,Series.str.split,"[pat, n, expand, regex]","Split strings around given separator/delimiter.

Splits the string in the Series/Index from the beginning,
at the specified delimiter string.

Notes

The handling of the n keyword depends on the number of found splits:

If using expand=True , Series and Index callers return DataFrame and
MultiIndex objects, respectively.

Use of regex =False with a pat as a compiled regex will raise an error.

Examples

In the default setting, the string is split by whitespace.

Without the n parameter, the outputs of rsplit and split are identical.

The n parameter can be used to limit the number of splits on the
delimiter. The outputs of split and rsplit are different.

The pat parameter can be used to split by other characters.

When using expand=True , the split elements will expand out into
separate columns. If NaN is present, it is propagated throughout
the columns during the split.

For slightly more complex use cases like splitting the html document name
from a url, a combination of parameter settings can be used.

Remember to escape special characters when explicitly using regular expressions.

Regular expressions can be used to handle urls or file names.
When pat is a string and regex=None (the default), the given pat is
compiled as a regex only if len(pat) != 1 .

When regex=True , pat is interpreted as a regex

A compiled regex can be passed as pat

When regex=False , pat is interpreted as the string itself",https://pandas.pydata.org/docs/reference/api/pandas.Series.str.split.html
Series,String handling,Series.str.rsplit,"[pat, n, expand]","Split strings around given separator/delimiter.

Splits the string in the Series/Index from the end,
at the specified delimiter string.

Notes

The handling of the n keyword depends on the number of found splits:

If using expand=True , Series and Index callers return DataFrame and
MultiIndex objects, respectively.

Examples

In the default setting, the string is split by whitespace.

Without the n parameter, the outputs of rsplit and split are identical.

The n parameter can be used to limit the number of splits on the
delimiter. The outputs of split and rsplit are different.

The pat parameter can be used to split by other characters.

When using expand=True , the split elements will expand out into
separate columns. If NaN is present, it is propagated throughout
the columns during the split.

For slightly more complex use cases like splitting the html document name
from a url, a combination of parameter settings can be used.",https://pandas.pydata.org/docs/reference/api/pandas.Series.str.rsplit.html
Series,String handling,Series.str.startswith,"pat[, na]","Test if the start of each string element matches a pattern.

Equivalent to str.startswith() .

Examples",https://pandas.pydata.org/docs/reference/api/pandas.Series.str.startswith.html
Series,String handling,Series.str.strip,[to_strip],"Remove leading and trailing characters.

Strip whitespaces (including newlines) or a set of specified characters
from each string in the Series/Index from left and right sides.
Replaces any non-strings in Series with NaNs.
Equivalent to str.strip() .

Examples",https://pandas.pydata.org/docs/reference/api/pandas.Series.str.strip.html
Series,String handling,Series.str.swapcase,,"Convert strings in the Series/Index to be swapcased.

Equivalent to str.swapcase() .

Examples",https://pandas.pydata.org/docs/reference/api/pandas.Series.str.swapcase.html
Series,String handling,Series.str.title,,"Convert strings in the Series/Index to titlecase.

Equivalent to str.title() .

Examples",https://pandas.pydata.org/docs/reference/api/pandas.Series.str.title.html
Series,String handling,Series.str.translate,table,"Map all characters in the string through the given mapping table.

This method is equivalent to the standard str.translate() method for strings. It maps each character in the string to a new
character according to the translation table provided. Unmapped
characters are left unchanged, while characters mapped to None
are removed.

Examples",https://pandas.pydata.org/docs/reference/api/pandas.Series.str.translate.html
Series,String handling,Series.str.upper,,"Convert strings in the Series/Index to uppercase.

Equivalent to str.upper() .

Examples",https://pandas.pydata.org/docs/reference/api/pandas.Series.str.upper.html
Series,String handling,Series.str.wrap,"width[, expand_tabs, ...]","Wrap strings in Series/Index at specified line width.

Notes

Internally, this method uses a textwrap.TextWrapper instance with
default settings. To achieve behavior matching R’s stringr library str_wrap
function, use the arguments:

Examples",https://pandas.pydata.org/docs/reference/api/pandas.Series.str.wrap.html
Series,String handling,Series.str.zfill,width,"Pad strings in the Series/Index by prepending ‘0’ characters.

Strings in the Series/Index are padded with ‘0’ characters on the
left of the string to reach a total string length width . Strings
in the Series/Index with length greater or equal to width are
unchanged.

Notes

Differs from str.zfill() which has special handling
for ‘+’/’-’ in the string.

Examples

Note that 10 and NaN are not strings, therefore they are
converted to NaN . The minus sign in '-1' is treated as a
special character and the zero is added to the right of it
( str.zfill() would have moved it to the left). 1000 remains unchanged as it is longer than width .",https://pandas.pydata.org/docs/reference/api/pandas.Series.str.zfill.html
Series,String handling,Series.str.isalnum,,"Check whether all characters in each string are alphanumeric.

This is equivalent to running the Python string method str.isalnum() for each element of the Series/Index. If a string
has zero characters, False is returned for that check.

Examples

Note that checks against characters mixed with any additional punctuation
or whitespace will evaluate to false for an alphanumeric check.",https://pandas.pydata.org/docs/reference/api/pandas.Series.str.isalnum.html
Series,String handling,Series.str.isalpha,,"Check whether all characters in each string are alphabetic.

This is equivalent to running the Python string method str.isalpha() for each element of the Series/Index. If a string
has zero characters, False is returned for that check.

Examples",https://pandas.pydata.org/docs/reference/api/pandas.Series.str.isalpha.html
Series,String handling,Series.str.isdigit,,"Check whether all characters in each string are digits.

This is equivalent to running the Python string method str.isdigit() for each element of the Series/Index. If a string
has zero characters, False is returned for that check.

Notes

Similar to str.isdecimal but also includes special digits, like
superscripted and subscripted digits in unicode.

The exact behavior of this method, i.e. which unicode characters are
considered as digits, depends on the backend used for string operations,
and there can be small differences.
For example, Python considers the ³ superscript character as a digit, but
not the ⅕ fraction character, while PyArrow considers both as digits. For
simple (ascii) decimal numbers, the behaviour is consistent.

Examples",https://pandas.pydata.org/docs/reference/api/pandas.Series.str.isdigit.html
Series,String handling,Series.str.isspace,,"Check whether all characters in each string are whitespace.

This is equivalent to running the Python string method str.isspace() for each element of the Series/Index. If a string
has zero characters, False is returned for that check.

Examples",https://pandas.pydata.org/docs/reference/api/pandas.Series.str.isspace.html
Series,String handling,Series.str.islower,,"Check whether all characters in each string are lowercase.

This is equivalent to running the Python string method str.islower() for each element of the Series/Index. If a string
has zero characters, False is returned for that check.

Examples",https://pandas.pydata.org/docs/reference/api/pandas.Series.str.islower.html
Series,String handling,Series.str.isupper,,"Check whether all characters in each string are uppercase.

This is equivalent to running the Python string method str.isupper() for each element of the Series/Index. If a string
has zero characters, False is returned for that check.

Examples",https://pandas.pydata.org/docs/reference/api/pandas.Series.str.isupper.html
Series,String handling,Series.str.istitle,,"Check whether all characters in each string are titlecase.

This is equivalent to running the Python string method str.istitle() for each element of the Series/Index. If a string
has zero characters, False is returned for that check.

Examples

The s5.str.istitle method checks for whether all words are in title
case (whether only the first letter of each word is capitalized). Words are
assumed to be as any sequence of non-numeric characters separated by
whitespace characters.",https://pandas.pydata.org/docs/reference/api/pandas.Series.str.istitle.html
Series,String handling,Series.str.isnumeric,,"Check whether all characters in each string are numeric.

This is equivalent to running the Python string method str.isnumeric() for each element of the Series/Index. If a string
has zero characters, False is returned for that check.

Examples

The s.str.isnumeric method is the same as s3.str.isdigit but
also includes other characters that can represent quantities such as
unicode fractions.

For a string to be considered numeric, all its characters must have a Unicode
numeric property matching str.is_numeric() . As a consequence,
the following cases are not recognized as numeric:",https://pandas.pydata.org/docs/reference/api/pandas.Series.str.isnumeric.html
Series,String handling,Series.str.isdecimal,,"Check whether all characters in each string are decimal.

This is equivalent to running the Python string method str.isdecimal() for each element of the Series/Index. If a string
has zero characters, False is returned for that check.

Examples

The s3.str.isdecimal method checks for characters used to form
numbers in base 10.",https://pandas.pydata.org/docs/reference/api/pandas.Series.str.isdecimal.html
Series,String handling,Series.str.get_dummies,"[sep, dtype]","Return DataFrame of dummy/indicator variables for Series.

Each string in Series is split by sep and returned as a DataFrame
of dummy/indicator variables.

Examples",https://pandas.pydata.org/docs/reference/api/pandas.Series.str.get_dummies.html
Series,Categorical accessor,Series.cat.categories,,"The categories of this categorical.

Setting assigns new values to each category (effectively a rename of
each individual category).

The assigned value has to be a list-like object. All items must be
unique and the number of items in the new categories must be the same
as the number of items in the old categories.

Examples

For pandas.Series :

For pandas.Categorical :

For pandas.CategoricalIndex :",https://pandas.pydata.org/docs/reference/api/pandas.Series.cat.categories.html
Series,Categorical accessor,Series.cat.ordered,,"Whether the categories have an ordered relationship.

Examples

For pandas.Series :

For pandas.Categorical :

For pandas.CategoricalIndex :",https://pandas.pydata.org/docs/reference/api/pandas.Series.cat.ordered.html
Series,Categorical accessor,Series.cat.codes,,"Return Series of codes as well as the index.

Examples",https://pandas.pydata.org/docs/reference/api/pandas.Series.cat.codes.html
Series,Categorical accessor,Series.cat.rename_categories,new_categories,"Rename categories.

This method is commonly used to re-label or adjust the
category names in categorical data without changing the
underlying data. It is useful in situations where you want
to modify the labels used for clarity, consistency,
or readability.

Examples

For dict-like new_categories , extra keys are ignored and
categories not in the dictionary are passed through

You may also provide a callable to create the new categories",https://pandas.pydata.org/docs/reference/api/pandas.Series.cat.rename_categories.html
Series,Categorical accessor,Series.cat.reorder_categories,new_categories,"Reorder categories as specified in new_categories.

new_categories need to include all old categories and no new category
items.

Examples

For pandas.Series :

For pandas.CategoricalIndex :",https://pandas.pydata.org/docs/reference/api/pandas.Series.cat.reorder_categories.html
Series,Categorical accessor,Series.cat.add_categories,new_categories,"Add new categories.

new_categories will be included at the last/highest place in the
categories and will be unused directly after this call.

Examples",https://pandas.pydata.org/docs/reference/api/pandas.Series.cat.add_categories.html
Series,Categorical accessor,Series.cat.remove_categories,removals,"Remove the specified categories.

The removals argument must be a subset of the current categories.
Any values that were part of the removed categories will be set to NaN.

Examples",https://pandas.pydata.org/docs/reference/api/pandas.Series.cat.remove_categories.html
Series,Categorical accessor,Series.cat.remove_unused_categories,,"Remove categories which are not used.

This method is useful when working with datasets
that undergo dynamic changes where categories may no longer be
relevant, allowing to maintain a clean, efficient data structure.

Examples",https://pandas.pydata.org/docs/reference/api/pandas.Series.cat.remove_unused_categories.html
Series,Categorical accessor,Series.cat.set_categories,"new_categories[, ...]","Set the categories to the specified new categories.

new_categories can include new categories (which will result in
unused categories) or remove old categories (which results in values
set to NaN ). If rename=True , the categories will simply be renamed
(less or more items than in old categories will result in values set to NaN or in unused categories respectively).

This method can be used to perform more than one action of adding,
removing, and reordering simultaneously and is therefore faster than
performing the individual steps via the more specialised methods.

On the other hand this methods does not do checks (e.g., whether the
old categories are included in the new categories on a reorder), which
can result in surprising changes, for example when using special string
dtypes, which do not consider a S1 string equal to a single char
python string.

Examples

For pandas.Series :

For pandas.CategoricalIndex :",https://pandas.pydata.org/docs/reference/api/pandas.Series.cat.set_categories.html
Series,Categorical accessor,Series.cat.as_ordered,,"Set the Categorical to be ordered.

Examples

For pandas.Series :

For pandas.CategoricalIndex :",https://pandas.pydata.org/docs/reference/api/pandas.Series.cat.as_ordered.html
Series,Categorical accessor,Series.cat.as_unordered,,"Set the Categorical to be unordered.

Examples

For pandas.Series :

For pandas.CategoricalIndex :",https://pandas.pydata.org/docs/reference/api/pandas.Series.cat.as_unordered.html
Series,Sparse accessor,Series.sparse.npoints,,"The number of non- fill_value points.

This property returns the number of elements in the sparse series that are
not equal to the fill_value . Sparse data structures store only the
non- fill_value elements, reducing memory usage when the majority of
values are the same.

Examples",https://pandas.pydata.org/docs/reference/api/pandas.Series.sparse.npoints.html
Series,Sparse accessor,Series.sparse.density,,"The percent of non- fill_value points, as decimal.

Examples",https://pandas.pydata.org/docs/reference/api/pandas.Series.sparse.density.html
Series,Sparse accessor,Series.sparse.fill_value,,"Elements in data that are fill_value are not stored.

For memory savings, this should be the most common value in the array.

Examples",https://pandas.pydata.org/docs/reference/api/pandas.Series.sparse.fill_value.html
Series,Sparse accessor,Series.sparse.sp_values,,"An ndarray containing the non- fill_value values.

This property returns the actual data values stored in the sparse
representation, excluding the values that are equal to the fill_value .
The result is an ndarray of the underlying values, preserving the sparse
structure by omitting the default fill_value entries.

Examples",https://pandas.pydata.org/docs/reference/api/pandas.Series.sparse.sp_values.html
Series,Sparse accessor,Series.sparse.from_coo,"A[, dense_index]","Create a Series with sparse values from a scipy.sparse.coo_matrix.

This method takes a scipy.sparse.coo_matrix (coordinate format) as input and
returns a pandas Series where the non-zero elements are represented as
sparse values. The index of the Series can either include only the coordinates
of non-zero elements (default behavior) or the full sorted set of coordinates
from the matrix if dense_index is set to True .

Examples",https://pandas.pydata.org/docs/reference/api/pandas.Series.sparse.from_coo.html
Series,Sparse accessor,Series.sparse.to_coo,"[row_levels, ...]","Create a scipy.sparse.coo_matrix from a Series with MultiIndex.

Use row_levels and column_levels to determine the row and column
coordinates respectively. row_levels and column_levels are the names
(labels) or numbers of the levels. {row_levels, column_levels} must be
a partition of the MultiIndex level names (or numbers).

Examples",https://pandas.pydata.org/docs/reference/api/pandas.Series.sparse.to_coo.html
Series,List accessor,Series.list.flatten,,"Flatten list values.

Examples",https://pandas.pydata.org/docs/reference/api/pandas.Series.list.flatten.html
Series,List accessor,Series.list.len,,"Return the length of each list in the Series.

Examples",https://pandas.pydata.org/docs/reference/api/pandas.Series.list.len.html
Series,List accessor,Series.list.__getitem__,key,"Index or slice lists in the Series.

Examples",https://pandas.pydata.org/docs/reference/api/pandas.Series.list.__getitem__.html
Series,Struct accessor,Series.struct.dtypes,,"Return the dtype object of each child field of the struct.

Examples",https://pandas.pydata.org/docs/reference/api/pandas.Series.struct.dtypes.html
Series,Struct accessor,Series.struct.field,name_or_index,"Extract a child field of a struct as a Series.

Notes

The name of the resulting Series will be set using the following
rules:

Examples

Extract by field name.

Extract by field index.

Or an expression

For nested struct types, you can pass a list of values to index
multiple levels:",https://pandas.pydata.org/docs/reference/api/pandas.Series.struct.field.html
Series,Struct accessor,Series.struct.explode,,"Extract all child fields of a struct as a DataFrame.

Examples",https://pandas.pydata.org/docs/reference/api/pandas.Series.struct.explode.html
Series,Flags,Flags,"obj, *, allows_duplicate_labels","Flags that apply to pandas objects.

“Flags” differ from “metadata”. Flags reflect properties of the pandas
object (the Series or DataFrame). Metadata refer to properties of the
dataset, and should be stored in DataFrame.attrs.

Examples

Attributes can be set in two ways:

Attributes

Methods",https://pandas.pydata.org/docs/reference/api/pandas.Flags.html
Series,Metadata,Series.attrs,,"Dictionary of global attributes of this dataset.

Notes

Many operations that create new datasets will copy attrs . Copies
are always deep so that changing attrs will only affect the
present dataset. pandas.concat() and pandas.merge() will
only copy attrs if all input datasets have the same attrs .

Examples

For Series:

For DataFrame:",https://pandas.pydata.org/docs/reference/api/pandas.Series.attrs.html
Series,Plotting,Series.plot,"[kind, ax, figsize, ....]","Make plots of Series or DataFrame.

Uses the backend specified by the
option plotting.backend . By default, matplotlib is used.

Attributes

Notes

Examples

For Series:

For DataFrame:

For SeriesGroupBy:

For DataFrameGroupBy:",https://pandas.pydata.org/docs/reference/api/pandas.Series.plot.html
Series,Plotting,Series.plot.area,"[x, y, stacked]","Draw a stacked area plot.

An area plot displays quantitative data visually.
This function wraps the matplotlib area function.

Examples

Draw an area plot based on basic business metrics:

Area plots are stacked by default. To produce an unstacked plot,
pass stacked=False :

Draw an area plot for a single column:

Draw with a different x :",https://pandas.pydata.org/docs/reference/api/pandas.Series.plot.area.html
Series,Plotting,Series.plot.bar,"[x, y, color]","Vertical bar plot.

A bar plot is a plot that presents categorical data with
rectangular bars with lengths proportional to the values that they
represent. A bar plot shows comparisons among discrete categories. One
axis of the plot shows the specific categories being compared, and the
other axis represents a measured value.

Examples

Basic plot.

Plot a whole dataframe to a bar plot. Each column is assigned a
distinct color, and each row is nested in a group along the
horizontal axis.

Plot stacked bar charts for the DataFrame

Instead of nesting, the figure can be split by column with subplots=True . In this case, a numpy.ndarray of matplotlib.axes.Axes are returned.

If you don’t like the default colours, you can specify how you’d
like each column to be colored.

Plot a single column.

Plot only selected categories for the DataFrame.",https://pandas.pydata.org/docs/reference/api/pandas.Series.plot.bar.html
Series,Plotting,Series.plot.barh,"[x, y, color]","Make a horizontal bar plot.

A horizontal bar plot is a plot that presents quantitative data with
rectangular bars with lengths proportional to the values that they
represent. A bar plot shows comparisons among discrete categories. One
axis of the plot shows the specific categories being compared, and the
other axis represents a measured value.

Examples

Basic example

Plot a whole DataFrame to a horizontal bar plot

Plot stacked barh charts for the DataFrame

We can specify colors for each column

Plot a column of the DataFrame to a horizontal bar plot

Plot DataFrame versus the desired column",https://pandas.pydata.org/docs/reference/api/pandas.Series.plot.barh.html
Series,Plotting,Series.plot.box,[by],"Make a box plot of the DataFrame columns.

A box plot is a method for graphically depicting groups of numerical
data through their quartiles.
The box extends from the Q1 to Q3 quartile values of the data,
with a line at the median (Q2). The whiskers extend from the edges
of box to show the range of the data. The position of the whiskers
is set by default to 1.5*IQR (IQR = Q3 - Q1) from the edges of the
box. Outlier points are those past the end of the whiskers.

For further details see Wikipedia’s
entry for boxplot .

A consideration when using this chart is that the box and the whiskers
can overlap, which is very common when plotting small sets of data.

Examples

Draw a box plot from a DataFrame with four columns of randomly
generated data.

You can also generate groupings if you specify the by parameter (which
can take a column name, or a list or tuple of column names):",https://pandas.pydata.org/docs/reference/api/pandas.Series.plot.box.html
Series,Plotting,Series.plot.density,"[bw_method, ind, weights]","Generate Kernel Density Estimate plot using Gaussian kernels.

In statistics, kernel density estimation (KDE) is a non-parametric
way to estimate the probability density function (PDF) of a random
variable. This function uses Gaussian kernels and includes automatic
bandwidth determination.

Examples

Given a Series of points randomly sampled from an unknown
distribution, estimate its PDF using KDE with automatic
bandwidth determination and plot the results, evaluating them at
1000 equally spaced points (default):

A scalar bandwidth can be specified. Using a small bandwidth value can
lead to over-fitting, while using a large bandwidth value may result
in under-fitting:

Finally, the ind parameter determines the evaluation points for the
plot of the estimated PDF:

For DataFrame, it works in the same way:

A scalar bandwidth can be specified. Using a small bandwidth value can
lead to over-fitting, while using a large bandwidth value may result
in under-fitting:

Finally, the ind parameter determines the evaluation points for the
plot of the estimated PDF:",https://pandas.pydata.org/docs/reference/api/pandas.Series.plot.density.html
Series,Plotting,Series.plot.hist,"[by, bins]","Draw one histogram of the DataFrame’s columns.

A histogram is a representation of the distribution of data.
This function groups the values of all given Series in the DataFrame
into bins and draws all bins in one matplotlib.axes.Axes .
This is useful when the DataFrame’s Series are in a similar scale.

Examples

When we roll a die 6000 times, we expect to get each value around 1000
times. But when we roll two dice and sum the result, the distribution
is going to be quite different. A histogram illustrates those
distributions.

A grouped histogram can be generated by providing the parameter by (which
can be a column name, or a list of column names):",https://pandas.pydata.org/docs/reference/api/pandas.Series.plot.hist.html
Series,Plotting,Series.plot.kde,"[bw_method, ind, weights]","Generate Kernel Density Estimate plot using Gaussian kernels.

In statistics, kernel density estimation (KDE) is a non-parametric
way to estimate the probability density function (PDF) of a random
variable. This function uses Gaussian kernels and includes automatic
bandwidth determination.

Examples

Given a Series of points randomly sampled from an unknown
distribution, estimate its PDF using KDE with automatic
bandwidth determination and plot the results, evaluating them at
1000 equally spaced points (default):

A scalar bandwidth can be specified. Using a small bandwidth value can
lead to over-fitting, while using a large bandwidth value may result
in under-fitting:

Finally, the ind parameter determines the evaluation points for the
plot of the estimated PDF:

For DataFrame, it works in the same way:

A scalar bandwidth can be specified. Using a small bandwidth value can
lead to over-fitting, while using a large bandwidth value may result
in under-fitting:

Finally, the ind parameter determines the evaluation points for the
plot of the estimated PDF:",https://pandas.pydata.org/docs/reference/api/pandas.Series.plot.kde.html
Series,Plotting,Series.plot.line,"[x, y, color]","Plot Series or DataFrame as lines.

This function is useful to plot lines using DataFrame’s values
as coordinates.

Examples

The following example shows the populations for some animals
over the years.

An example with subplots, so an array of axes is returned.

Let’s repeat the same example, but specifying colors for
each column (in this case, for each animal).

The following example shows the relationship between both
populations.",https://pandas.pydata.org/docs/reference/api/pandas.Series.plot.line.html
Series,Plotting,Series.plot.pie,[y],"Generate a pie plot.

A pie plot is a proportional representation of the numerical data in a
column. This function wraps matplotlib.pyplot.pie() for the
specified column. If no column reference is passed and subplots=True a pie plot is drawn for each numerical column
independently.

Examples

In the example below we have a DataFrame with the information about
planet’s mass and radius. We pass the ‘mass’ column to the
pie function to get a pie plot.",https://pandas.pydata.org/docs/reference/api/pandas.Series.plot.pie.html
Series,Plotting,Series.hist,"[by, ax, grid, xlabelsize, ...]","Draw histogram of the input series using matplotlib.

Examples

For Series:

For Groupby:",https://pandas.pydata.org/docs/reference/api/pandas.Series.hist.html
Series,Serialization / IO / conversion,Series.from_arrow,data,"Construct a Series from an array-like Arrow object.

This function accepts any Arrow-compatible array-like object implementing
the Arrow PyCapsule Protocol (i.e. having an __arrow_c_array__ or __arrow_c_stream__ method).

This function currently relies on pyarrow to convert the object
in Arrow format to pandas.

Examples",https://pandas.pydata.org/docs/reference/api/pandas.Series.from_arrow.html
Series,Serialization / IO / conversion,Series.to_pickle,"path, *[, compression, ...]","Pickle (serialize) object to file.

Examples",https://pandas.pydata.org/docs/reference/api/pandas.Series.to_pickle.html
Series,Serialization / IO / conversion,Series.to_csv,"[path_or_buf, sep, na_rep, ...]","Write object to a comma-separated values (csv) file.

Examples

Create ‘out.csv’ containing ‘df’ without indices

Create ‘out.zip’ containing ‘out.csv’

To write a csv file to a new folder or nested folder you will first
need to create it using either Pathlib or os:

Format floats to two decimal places:

Format floats using scientific notation:",https://pandas.pydata.org/docs/reference/api/pandas.Series.to_csv.html
Series,Serialization / IO / conversion,Series.to_dict,"*[, into]","Convert Series to {label -> value} dict or dict-like object.

Examples",https://pandas.pydata.org/docs/reference/api/pandas.Series.to_dict.html
Series,Serialization / IO / conversion,Series.to_excel,"excel_writer, *[, ...]","Write object to an Excel sheet.

To write a single object to an Excel .xlsx file it is only necessary to
specify a target file name. To write to multiple sheets it is necessary to
create an ExcelWriter object with a target file name, and specify a sheet
in the file to write to.

Multiple sheets may be written to by specifying unique sheet_name .
With all data written to the file it is necessary to save the changes.
Note that creating an ExcelWriter object with a file name that already exists
will overwrite the existing file because the default mode is write.

Notes

For compatibility with to_csv() ,
to_excel serializes lists and dicts to strings before writing.

Once a workbook has been saved it is not possible to write further
data without rewriting the whole workbook.

pandas will check the number of rows, columns,
and cell character count does not exceed Excel’s limitations.
All other limitations must be checked by the user.

Examples

Create, write to and save a workbook:

To specify the sheet name:

If you wish to write to more than one sheet in the workbook, it is
necessary to specify an ExcelWriter object:

ExcelWriter can also be used to append to an existing Excel file:

To set the library that is used to write the Excel file,
you can pass the engine keyword (the default engine is
automatically chosen depending on the file extension):",https://pandas.pydata.org/docs/reference/api/pandas.Series.to_excel.html
Series,Serialization / IO / conversion,Series.to_frame,[name],"Convert Series to DataFrame.

Examples",https://pandas.pydata.org/docs/reference/api/pandas.Series.to_frame.html
Series,Serialization / IO / conversion,Series.to_xarray,,"Return an xarray object from the pandas object.

Notes

See the xarray docs

Examples",https://pandas.pydata.org/docs/reference/api/pandas.Series.to_xarray.html
Series,Serialization / IO / conversion,Series.to_hdf,"path_or_buf, *, key[, mode, ...]","Write the contained data to an HDF5 file using HDFStore.

Hierarchical Data Format (HDF) is self-describing, allowing an
application to interpret the structure and contents of a file with
no outside information. One HDF file can hold a mix of related objects
which can be accessed as a group or as individual objects.

In order to add another DataFrame or Series to an existing HDF file
please use append mode and a different a key.

For more information see the user guide .

Examples

We can add another object to the same file:

Reading from HDF file:",https://pandas.pydata.org/docs/reference/api/pandas.Series.to_hdf.html
Series,Serialization / IO / conversion,Series.to_sql,"name, con, *[, schema, ...]","Write records stored in a DataFrame to a SQL database.

Databases supported by SQLAlchemy [1] are supported. Tables can be
newly created, appended to, or overwritten.

Notes

Timezone aware datetime columns will be written as Timestamp with timezone type with SQLAlchemy if supported by the
database. Otherwise, the datetimes will be stored as timezone unaware
timestamps local to the original timezone.

Not all datastores support method=""multi"" . Oracle, for example,
does not support multi-value insert.

References

Examples

Create an in-memory SQLite database.

Create a table from scratch with 3 rows.

An sqlalchemy.engine.Connection can also be passed to con :

This is allowed to support operations that require that the same
DBAPI connection is used for the entire operation.

Overwrite the table with just df2 .

Delete all rows before inserting new records with df3

Use method to define a callable insertion method to do nothing
if there’s a primary key conflict on a table in a PostgreSQL database.

For MySQL, a callable to update columns b and c if there’s a conflict
on a primary key.

Specify the dtype (especially useful for integers with missing values).
Notice that while pandas is forced to store the data as floating point,
the database supports nullable integers. When fetching the data with
Python, we get back integer scalars.",https://pandas.pydata.org/docs/reference/api/pandas.Series.to_sql.html
Series,Serialization / IO / conversion,Series.to_json,"[path_or_buf, orient, ...]","Convert the object to a JSON string.

Note NaN’s and None will be converted to null and datetime objects
will be converted to UNIX timestamps.

Notes

The behavior of indent=0 varies from the stdlib, which does not
indent the output but does insert newlines. Currently, indent=0 and the default indent=None are equivalent in pandas, though this
may change in a future release.

orient='table' contains a ‘pandas_version’ field under ‘schema’.
This stores the version of pandas used in the latest revision of the
schema.

Examples

Encoding/decoding a Dataframe using 'records' formatted JSON.
Note that index labels are not preserved with this encoding.

Encoding/decoding a Dataframe using 'index' formatted JSON:

Encoding/decoding a Dataframe using 'columns' formatted JSON:

Encoding/decoding a Dataframe using 'values' formatted JSON:

Encoding with Table Schema:",https://pandas.pydata.org/docs/reference/api/pandas.Series.to_json.html
Series,Serialization / IO / conversion,Series.to_string,"[buf, na_rep, ...]","Render a string representation of the Series.

Examples",https://pandas.pydata.org/docs/reference/api/pandas.Series.to_string.html
Series,Serialization / IO / conversion,Series.to_clipboard,"*[, excel, sep]","Copy object to the system clipboard.

Write a text representation of object to the system clipboard.
This can be pasted into Excel, for example.

Notes

Requirements for your platform.

This method uses the processes developed for the package pyperclip . A
solution to render any output string format is given in the examples.

Examples

Copy the contents of a DataFrame to the clipboard.

We can omit the index by passing the keyword index and setting
it to false.

Using the original pyperclip package for any string output format.",https://pandas.pydata.org/docs/reference/api/pandas.Series.to_clipboard.html
Series,Serialization / IO / conversion,Series.to_latex,"[buf, columns, header, ...]","Render object to a LaTeX tabular, longtable, or nested table.

Requires \usepackage{booktabs} .  The output can be copy/pasted
into a main LaTeX document or read from an external file
with \input{table.tex} .

Notes

As of v2.0.0 this method has changed to use the Styler implementation as
part of Styler.to_latex() via jinja2 templating. This means
that jinja2 is a requirement, and needs to be installed, for this method
to function. It is advised that users switch to using Styler, since that
implementation is more frequently updated and contains much more
flexibility with the output.

Examples

Convert a general DataFrame to LaTeX with formatting:",https://pandas.pydata.org/docs/reference/api/pandas.Series.to_latex.html
Series,Serialization / IO / conversion,Series.to_markdown,"[buf, mode, index, ...]","Print Series in Markdown-friendly format.

Notes

Requires the tabulate package.

Examples

Output markdown with a tabulate option.",https://pandas.pydata.org/docs/reference/api/pandas.Series.to_markdown.html
Index,Index,Index,"[data, dtype, copy, name, tupleize_cols]","Immutable sequence used for indexing and alignment.

The basic object storing axis labels for all pandas objects.

Notes

An Index instance can only contain hashable objects.
An Index instance can not hold numpy float16 dtype.

Examples

Attributes

Methods",https://pandas.pydata.org/docs/reference/api/pandas.Index.html
Index,Properties,Index.values,,"Return an array representing the data in the Index.

Examples

For pandas.Index :

For pandas.IntervalIndex :",https://pandas.pydata.org/docs/reference/api/pandas.Index.values.html
Index,Properties,Index.is_monotonic_increasing,,"Return a boolean if the values are equal or increasing.

Examples",https://pandas.pydata.org/docs/reference/api/pandas.Index.is_monotonic_increasing.html
Index,Properties,Index.is_monotonic_decreasing,,"Return a boolean if the values are equal or decreasing.

Examples",https://pandas.pydata.org/docs/reference/api/pandas.Index.is_monotonic_decreasing.html
Index,Properties,Index.is_unique,,"Return if the index has unique values.

Examples",https://pandas.pydata.org/docs/reference/api/pandas.Index.is_unique.html
Index,Properties,Index.has_duplicates,,"Check if the Index has duplicate values.

Examples",https://pandas.pydata.org/docs/reference/api/pandas.Index.has_duplicates.html
Index,Properties,Index.hasnans,,"Return True if there are any NaNs.

Enables various performance speedups.

Examples",https://pandas.pydata.org/docs/reference/api/pandas.Index.hasnans.html
Index,Properties,Index.dtype,,"Return the dtype object of the underlying data.

Examples",https://pandas.pydata.org/docs/reference/api/pandas.Index.dtype.html
Index,Properties,Index.inferred_type,,"Return a string of the type inferred from the values.

Examples",https://pandas.pydata.org/docs/reference/api/pandas.Index.inferred_type.html
Index,Properties,Index.shape,,"Return a tuple of the shape of the underlying data.

Examples",https://pandas.pydata.org/docs/reference/api/pandas.Index.shape.html
Index,Properties,Index.name,,"Return Index or MultiIndex name.

Examples",https://pandas.pydata.org/docs/reference/api/pandas.Index.name.html
Index,Properties,Index.names,,"Get names on index.

This method returns a FrozenList containing the names of the object.
It’s primarily intended for internal use.

Examples

If the index does not have a name set:",https://pandas.pydata.org/docs/reference/api/pandas.Index.names.html
Index,Properties,Index.nbytes,,"Return the number of bytes in the underlying data.

Examples

For Series:

For Index:",https://pandas.pydata.org/docs/reference/api/pandas.Index.nbytes.html
Index,Properties,Index.ndim,,"Number of dimensions of the underlying data, by definition 1.

Examples

For Index:",https://pandas.pydata.org/docs/reference/api/pandas.Index.ndim.html
Index,Properties,Index.size,,"Return the number of elements in the underlying data.

Examples

For Series:

For Index:",https://pandas.pydata.org/docs/reference/api/pandas.Index.size.html
Index,Properties,Index.empty,,"Indicator whether Index is empty.

An Index is considered empty if it has no elements. This property can be
useful for quickly checking the state of an Index, especially in data
processing and analysis workflows where handling of empty datasets might
be required.

Examples

If we only have NaNs in our DataFrame, it is not considered empty!",https://pandas.pydata.org/docs/reference/api/pandas.Index.empty.html
Index,Properties,Index.T,,"Return the transpose, which is by definition self.

Examples

For Series:

For Index:",https://pandas.pydata.org/docs/reference/api/pandas.Index.T.html
Index,Properties,Index.memory_usage,[deep],"Memory usage of the values.

Notes

Memory usage does not include memory consumed by elements that
are not components of the array if deep=False or if used on PyPy

Examples",https://pandas.pydata.org/docs/reference/api/pandas.Index.memory_usage.html
Index,Properties,Index.array,,"The ExtensionArray of the data backing this Index.

This property provides direct access to the underlying array data of
an Index without requiring conversion to a NumPy array. It
returns an ExtensionArray, which is the native storage format for
pandas extension dtypes.

Notes

This table lays out the different array types for each extension
dtype within pandas.

For any 3rd-party extension types, the array type will be an
ExtensionArray.

For all remaining dtypes .array will be a arrays.NumpyExtensionArray wrapping the actual ndarray
stored within. If you absolutely need a NumPy array (possibly with
copying / coercing data), then use Series.to_numpy() instead.

Examples

For regular NumPy types like int, and float, a NumpyExtensionArray
is returned.

For extension types, like Categorical, the actual ExtensionArray
is returned",https://pandas.pydata.org/docs/reference/api/pandas.Index.array.html
Index,Modifying and computations,Index.all,"*args, **kwargs","Return whether all elements are Truthy.

Notes

Not a Number (NaN), positive infinity and negative infinity
evaluate to True because these are not equal to zero.

Examples

True, because nonzero integers are considered True.

False, because 0 is considered False.",https://pandas.pydata.org/docs/reference/api/pandas.Index.all.html
Index,Modifying and computations,Index.any,"*args, **kwargs","Return whether any element is Truthy.

Notes

Not a Number (NaN), positive infinity and negative infinity
evaluate to True because these are not equal to zero.

Examples",https://pandas.pydata.org/docs/reference/api/pandas.Index.any.html
Index,Modifying and computations,Index.argmin,"[axis, skipna]","Return int position of the smallest value in the Index.

If the minimum is achieved in multiple locations,
the first row position is returned.

Examples

Consider dataset containing cereal calories

The maximum cereal calories is the third element and
the minimum cereal calories is the first element,
since index is zero-indexed.",https://pandas.pydata.org/docs/reference/api/pandas.Index.argmin.html
Index,Modifying and computations,Index.argmax,"[axis, skipna]","Return int position of the largest value in the Index.

If the maximum is achieved in multiple locations,
the first row position is returned.

Examples

Consider dataset containing cereal calories

The maximum cereal calories is the third element and
the minimum cereal calories is the first element,
since index is zero-indexed.",https://pandas.pydata.org/docs/reference/api/pandas.Index.argmax.html
Index,Modifying and computations,Index.copy,"[name, deep]","Make a copy of this object.

Name is set on the new object.

Notes

In most cases, there should be no functional difference from using deep , but if deep is passed it will attempt to deepcopy.

Examples",https://pandas.pydata.org/docs/reference/api/pandas.Index.copy.html
Index,Modifying and computations,Index.delete,loc,"Make new Index with passed location(-s) deleted.

Examples",https://pandas.pydata.org/docs/reference/api/pandas.Index.delete.html
Index,Modifying and computations,Index.drop,"labels[, errors]","Make new Index with passed list of labels deleted.

Examples",https://pandas.pydata.org/docs/reference/api/pandas.Index.drop.html
Index,Modifying and computations,Index.drop_duplicates,"*[, keep]","Return Index with duplicate values removed.

Examples

Generate a pandas.Index with duplicate values.

The keep parameter controls  which duplicate values are removed.
The value ‘first’ keeps the first occurrence for each
set of duplicated entries. The default value of keep is ‘first’.

The value ‘last’ keeps the last occurrence for each set of duplicated
entries.

The value False discards all sets of duplicated entries.",https://pandas.pydata.org/docs/reference/api/pandas.Index.drop_duplicates.html
Index,Modifying and computations,Index.duplicated,[keep],"Indicate duplicate index values.

Duplicated values are indicated as True values in the resulting
array. Either all duplicates, all except the first, or all except the
last occurrence of duplicates can be indicated.

Examples

By default, for each set of duplicated values, the first occurrence is
set to False and all others to True:

which is equivalent to

By using ‘last’, the last occurrence of each set of duplicated values
is set on False and all others on True:

By setting keep on False , all duplicates are True:",https://pandas.pydata.org/docs/reference/api/pandas.Index.duplicated.html
Index,Modifying and computations,Index.equals,other,"Determine if two Index object are equal.

The things that are being compared are:

Examples

The elements inside are compared

The order is compared

The dtype is not compared",https://pandas.pydata.org/docs/reference/api/pandas.Index.equals.html
Index,Modifying and computations,Index.factorize,"[sort, use_na_sentinel]","Encode the object as an enumerated type or categorical variable.

This method is useful for obtaining a numeric representation of an
array when all that matters is identifying distinct values. factorize is available as both a top-level function pandas.factorize() ,
and as a method Series.factorize() and Index.factorize() .

Notes

Reference the user guide for more examples.

Examples

These examples all show factorize as a top-level method like pd.factorize(values) . The results are identical for methods like Series.factorize() .

With sort=True , the uniques will be sorted, and codes will be
shuffled so that the relationship is the maintained.

When use_na_sentinel=True (the default), missing values are indicated in
the codes with the sentinel value -1 and missing values are not
included in uniques .

Thus far, we’ve only factorized lists (which are internally coerced to
NumPy arrays). When factorizing pandas objects, the type of uniques will differ. For Categoricals, a Categorical is returned.

Notice that 'b' is in uniques.categories , despite not being
present in cat.values .

For all other pandas objects, an Index of the appropriate type is
returned.

If NaN is in the values, and we want to include NaN in the uniques of the
values, it can be achieved by setting use_na_sentinel=False .",https://pandas.pydata.org/docs/reference/api/pandas.Index.factorize.html
Index,Modifying and computations,Index.identical,other,"Similar to equals, but checks that object attributes and types are also equal.

Examples",https://pandas.pydata.org/docs/reference/api/pandas.Index.identical.html
Index,Modifying and computations,Index.insert,"loc, item","Make new Index inserting new item at location.

Follows Python numpy.insert semantics for negative values.

Examples",https://pandas.pydata.org/docs/reference/api/pandas.Index.insert.html
Index,Modifying and computations,Index.is_,other,"More flexible, faster check like is but that works through views.

Note: this is not the same as Index.identical() , which checks
that metadata is also the same.

Examples",https://pandas.pydata.org/docs/reference/api/pandas.Index.is_.html
Index,Modifying and computations,Index.min,"[axis, skipna]","Return the minimum value of the Index.

Examples

For a MultiIndex, the minimum is determined lexicographically.",https://pandas.pydata.org/docs/reference/api/pandas.Index.min.html
Index,Modifying and computations,Index.max,"[axis, skipna]","Return the maximum value of the Index.

Examples

For a MultiIndex, the maximum is determined lexicographically.",https://pandas.pydata.org/docs/reference/api/pandas.Index.max.html
Index,Modifying and computations,Index.reindex,"target[, method, level, ...]","Create index with target’s values.

Examples",https://pandas.pydata.org/docs/reference/api/pandas.Index.reindex.html
Index,Modifying and computations,Index.rename,"name, *[, inplace]","Alter Index or MultiIndex name.

Able to set new names without level. Defaults to returning new index.
Length of names must match number of levels in MultiIndex.

Examples",https://pandas.pydata.org/docs/reference/api/pandas.Index.rename.html
Index,Modifying and computations,Index.repeat,"repeats[, axis]","Repeat elements of an Index.

Returns a new Index where each element of the current Index
is repeated consecutively a given number of times.

Examples",https://pandas.pydata.org/docs/reference/api/pandas.Index.repeat.html
Index,Modifying and computations,Index.where,"cond[, other]","Replace values where the condition is False.

The replacement is taken from other.

Examples",https://pandas.pydata.org/docs/reference/api/pandas.Index.where.html
Index,Modifying and computations,Index.take,"indices[, axis, allow_fill, ...]","Return a new Index of the values selected by the indices.

For internal compatibility with numpy arrays.

Examples",https://pandas.pydata.org/docs/reference/api/pandas.Index.take.html
Index,Modifying and computations,Index.putmask,"mask, value","Return a new Index of the values set with the mask.

Examples",https://pandas.pydata.org/docs/reference/api/pandas.Index.putmask.html
Index,Modifying and computations,Index.unique,[level],"Return unique values in the index.

Unique values are returned in order of appearance, this does NOT sort.

Examples",https://pandas.pydata.org/docs/reference/api/pandas.Index.unique.html
Index,Modifying and computations,Index.nunique,[dropna],"Return number of unique elements in the object.

Excludes NA values by default.

Examples",https://pandas.pydata.org/docs/reference/api/pandas.Index.nunique.html
Index,Modifying and computations,Index.value_counts,"[normalize, sort, ...]","Return a Series containing counts of unique values.

The resulting object will be in descending order so that the
first element is the most frequently-occurring element.
Excludes NA values by default.

Examples

With normalize set to True , returns the relative frequency by
dividing all values by the sum of values.

bins

Bins can be useful for going from a continuous variable to a
categorical variable; instead of counting unique
apparitions of values, divide the index in the specified
number of half-open bins.

dropna

With dropna set to False we can also see NaN index values.

Categorical Dtypes

Rows with categorical type will be counted as one group
if they have same categories and order.
In the example below, even though a , c , and d all have the same data types of category ,
only c and d will be counted as one group
since a doesn’t have the same categories.",https://pandas.pydata.org/docs/reference/api/pandas.Index.value_counts.html
Index,Compatibility with MultiIndex,Index.set_names,"names, *[, level, inplace]","Set Index or MultiIndex name.

Able to set new names partially and by level.

Examples

When renaming levels with a dict, levels can not be passed.",https://pandas.pydata.org/docs/reference/api/pandas.Index.set_names.html
Index,Compatibility with MultiIndex,Index.droplevel,[level],"Return index with requested level(s) removed.

If resulting index has only 1 level left, the result will be
of Index type, not MultiIndex. The original index is not modified inplace.

Examples",https://pandas.pydata.org/docs/reference/api/pandas.Index.droplevel.html
Index,Missing values,Index.fillna,value,"Fill NA/NaN values with the specified value.

Examples",https://pandas.pydata.org/docs/reference/api/pandas.Index.fillna.html
Index,Missing values,Index.dropna,[how],"Return Index without NA/NaN values.

Examples",https://pandas.pydata.org/docs/reference/api/pandas.Index.dropna.html
Index,Missing values,Index.isna,,"Detect missing values.

Return a boolean same-sized object indicating if the values are NA.
NA values, such as None , numpy.NaN or pd.NaT , get
mapped to True values.
Everything else get mapped to False values. Characters such as
empty strings ‘’ or numpy.inf are not considered NA values.

Examples

Show which entries in a pandas.Index are NA. The result is an
array.

Empty strings are not considered NA values. None is considered an NA
value.

For datetimes, NaT (Not a Time) is considered as an NA value.",https://pandas.pydata.org/docs/reference/api/pandas.Index.isna.html
Index,Missing values,Index.notna,,"Detect existing (non-missing) values.

Return a boolean same-sized object indicating if the values are not NA.
Non-missing values get mapped to True . Characters such as empty
strings '' or numpy.inf are not considered NA values.
NA values, such as None or numpy.NaN , get mapped to False values.

Examples

Show which entries in an Index are not NA. The result is an
array.

Empty strings are not considered NA values. None is considered a NA
value.",https://pandas.pydata.org/docs/reference/api/pandas.Index.notna.html
Index,Conversion,Index.astype,"dtype[, copy]","Create an Index with values cast to dtypes.

The class of a new Index is determined by dtype. When conversion is
impossible, a TypeError exception is raised.

Examples",https://pandas.pydata.org/docs/reference/api/pandas.Index.astype.html
Index,Conversion,Index.infer_objects,[copy],"If we have an object dtype, try to infer a non-object dtype.

Examples",https://pandas.pydata.org/docs/reference/api/pandas.Index.infer_objects.html
Index,Conversion,Index.item,,"Return the first element of the underlying data as a Python scalar.

Examples

For an index:",https://pandas.pydata.org/docs/reference/api/pandas.Index.item.html
Index,Conversion,Index.map,"mapper[, na_action]","Map values using an input mapping or function.

Examples

Using map with a function:",https://pandas.pydata.org/docs/reference/api/pandas.Index.map.html
Index,Conversion,Index.ravel,[order],"Return a view on self.

Examples",https://pandas.pydata.org/docs/reference/api/pandas.Index.ravel.html
Index,Conversion,Index.to_list,,"Return a list of the values.

These are each a scalar type, which is a Python scalar
(for str, int, float) or a pandas scalar
(for Timestamp/Timedelta/Interval/Period)

Examples

For Series

For Index:",https://pandas.pydata.org/docs/reference/api/pandas.Index.to_list.html
Index,Conversion,Index.to_series,"[index, name]","Create a Series with both index and values equal to the index keys.

Useful with map for returning an indexer based on an index.

Examples

By default, the original index and original name is reused.

To enforce a new index, specify new labels to index :

To override the name of the resulting column, specify name :",https://pandas.pydata.org/docs/reference/api/pandas.Index.to_series.html
Index,Conversion,Index.to_frame,"[index, name]","Create a DataFrame with a column containing the Index.

Examples

By default, the original Index is reused. To enforce a new Index:

To override the name of the resulting column, specify name :",https://pandas.pydata.org/docs/reference/api/pandas.Index.to_frame.html
Index,Conversion,Index.to_numpy,"[dtype, copy, na_value]","A NumPy ndarray representing the values in this Series or Index.

Notes

The returned array will be the same up to equality (values equal
in self will be equal in the returned array; likewise for values
that are not equal). When self contains an ExtensionArray, the
dtype may be different. For example, for a category-dtype Series, to_numpy() will return a NumPy array and the categorical dtype
will be lost.

For NumPy dtypes, this will be a reference to the actual data stored
in this Series or Index (assuming copy=False ). Modifying the result
in place will modify the data stored in the Series or Index (not that
we recommend doing that).

For extension types, to_numpy() may require copying data and
coercing the result to a NumPy type (possibly object), which may be
expensive. When you need a no-copy reference to the underlying data, Series.array should be used instead.

This table lays out the different dtypes and default return types of to_numpy() for various dtypes within pandas.

Examples

Specify the dtype to control how datetime-aware data is represented.
Use dtype=object to return an ndarray of pandas Timestamp objects, each with the correct tz .

Or dtype='datetime64[ns]' to return an ndarray of native
datetime64 values. The values are converted to UTC and the timezone
info is dropped.",https://pandas.pydata.org/docs/reference/api/pandas.Index.to_numpy.html
Index,Conversion,Index.view,[cls],"Return a view of the Index with the specified dtype or a new Index instance.

This method returns a view of the calling Index object if no arguments are
provided. If a dtype is specified through the cls argument, it attempts
to return a view of the Index with the specified dtype. Note that viewing
the Index as a different dtype reinterprets the underlying data, which can
lead to unexpected results for non-numeric or incompatible dtype conversions.

Examples

Viewing as ‘int32’ or ‘float32’ reinterprets the memory, which may lead to
unexpected behavior:",https://pandas.pydata.org/docs/reference/api/pandas.Index.view.html
Index,Sorting,Index.argsort,"*args, **kwargs","Return the integer indices that would sort the index.

Examples",https://pandas.pydata.org/docs/reference/api/pandas.Index.argsort.html
Index,Sorting,Index.searchsorted,"value[, side, sorter]","Find indices where elements should be inserted to maintain order.

Find the indices into a sorted Index self such that, if the
corresponding elements in value were inserted before the indices,
the order of self would be preserved.

Notes

Binary search is used to find the required insertion points.

Examples

If the values are not monotonically sorted, wrong locations
may be returned:",https://pandas.pydata.org/docs/reference/api/pandas.Index.searchsorted.html
Index,Sorting,Index.sort_values,"*[, return_indexer, ...]","Return a sorted copy of the index.

Return a sorted copy of the index, and optionally return the indices
that sorted the index itself.

Examples

Sort values in ascending order (default behavior).

Sort values in descending order, and also get the indices idx was
sorted by.",https://pandas.pydata.org/docs/reference/api/pandas.Index.sort_values.html
Index,Time-specific operations,Index.shift,"[periods, freq]","Shift index by desired number of time frequency increments.

This method is for shifting the values of datetime-like indexes
by a specified time increment a given number of times.

Notes

This method is only implemented for datetime-like index classes,
i.e., DatetimeIndex, PeriodIndex and TimedeltaIndex.

Examples

Put the first 5 month starts of 2011 into an index.

Shift the index by 10 days.

The default value of freq is the freq attribute of the index,
which is ‘MS’ (month start) in this example.",https://pandas.pydata.org/docs/reference/api/pandas.Index.shift.html
Index,Combining / joining / set operations,Index.append,other,"Append a collection of Index options together.

Examples",https://pandas.pydata.org/docs/reference/api/pandas.Index.append.html
Index,Combining / joining / set operations,Index.join,"other, *[, how, level, ...]","Compute join_index and indexers to conform data structures to the new index.

Examples",https://pandas.pydata.org/docs/reference/api/pandas.Index.join.html
Index,Combining / joining / set operations,Index.intersection,"other[, sort]","Form the intersection of two Index objects.

This returns a new Index with elements common to the index and other .

Examples",https://pandas.pydata.org/docs/reference/api/pandas.Index.intersection.html
Index,Combining / joining / set operations,Index.union,"other[, sort]","Form the union of two Index objects.

If the Index objects are incompatible, both Index objects will be
cast to dtype(‘object’) first.

Examples

Union matching dtypes

Union mismatched dtypes

MultiIndex case",https://pandas.pydata.org/docs/reference/api/pandas.Index.union.html
Index,Combining / joining / set operations,Index.difference,"other[, sort]","Return a new Index with elements of index not in other .

This is the set difference of two Index objects.

Examples",https://pandas.pydata.org/docs/reference/api/pandas.Index.difference.html
Index,Combining / joining / set operations,Index.symmetric_difference,"other[, ...]","Compute the symmetric difference of two Index objects.

Notes

symmetric_difference contains elements that appear in either idx1 or idx2 but not both. Equivalent to the Index created by idx1.difference(idx2) | idx2.difference(idx1) with duplicates
dropped.

Examples",https://pandas.pydata.org/docs/reference/api/pandas.Index.symmetric_difference.html
Index,Selecting,Index.asof,label,"Return the label from the index, or, if not present, the previous one.

Assuming that the index is sorted, return the passed index label if it
is in the index, or return the previous index label if the passed one
is not in the index.

Examples

Index.asof returns the latest index label up to the passed label.

If the label is in the index, the method returns the passed label.

If all of the labels in the index are later than the passed label,
NaN is returned.

If the index is not sorted, an error is raised.",https://pandas.pydata.org/docs/reference/api/pandas.Index.asof.html
Index,Selecting,Index.asof_locs,"where, mask","Return the locations (indices) of labels in the index.

As in the pandas.Index.asof() , if the label (a particular entry in where ) is not in the index, the latest index label up to the
passed label is chosen and its index returned.

If all of the labels in the index are later than a label in where ,
-1 is returned.

mask is used to ignore NA values in the index during calculation.

Examples

We can use mask to ignore certain values in the index during calculation.",https://pandas.pydata.org/docs/reference/api/pandas.Index.asof_locs.html
Index,Selecting,Index.get_indexer,"target[, method, limit, ...]","Compute indexer and mask for new index given the current index.

The indexer should be then used as an input to ndarray.take to align the
current data to the new index.

Notes

Returns -1 for unmatched values, for further explanation see the
example below.

Examples

Notice that the return value is an array of locations in index and x is marked by -1, as it is not in index .",https://pandas.pydata.org/docs/reference/api/pandas.Index.get_indexer.html
Index,Selecting,Index.get_indexer_for,target,"Guaranteed return of an indexer even when non-unique.

This dispatches to get_indexer or get_indexer_non_unique
as appropriate.

Examples",https://pandas.pydata.org/docs/reference/api/pandas.Index.get_indexer_for.html
Index,Selecting,Index.get_indexer_non_unique,target,"Compute indexer and mask for new index given the current index.

The indexer should be then used as an input to ndarray.take to align the
current data to the new index.

Examples

In the example below there are no matched values.

For this reason, the returned indexer contains only integers equal to -1.
It demonstrates that there’s no match between the index and the target values at these positions. The mask [0, 1, 2] in the return value shows that
the first, second, and third elements are missing.

Notice that the return value is a tuple contains two items. In the example
below the first item is an array of locations in index . The second
item is a mask shows that the first and third elements are missing.",https://pandas.pydata.org/docs/reference/api/pandas.Index.get_indexer_non_unique.html
Index,Selecting,Index.get_level_values,level,"Return an Index of values for requested level.

This is primarily useful to get an individual level of values from a
MultiIndex, but is provided on Index as well for compatibility.

Notes

For Index, level should be 0, since there are no multiple levels.

Examples

Get level values by supplying level as integer:",https://pandas.pydata.org/docs/reference/api/pandas.Index.get_level_values.html
Index,Selecting,Index.get_loc,key,"Get integer location, slice or boolean mask for requested label.

Examples",https://pandas.pydata.org/docs/reference/api/pandas.Index.get_loc.html
Index,Selecting,Index.get_slice_bound,"label, side","Calculate slice bound that corresponds to given label.

Returns leftmost (one-past-the-rightmost if side=='right' ) position
of given label.

Examples

If label is non-unique in the index, an error will be raised.",https://pandas.pydata.org/docs/reference/api/pandas.Index.get_slice_bound.html
Index,Selecting,Index.isin,"values[, level]","Return a boolean array where the index values are in values .

Compute boolean array of whether each index value is found in the
passed set of values. The length of the returned boolean array matches
the length of the index.

Notes

In the case of MultiIndex you must either specify values as a
list-like object containing tuples that are the same length as the
number of levels, or specify level . Otherwise it will raise a ValueError .

If level is specified:

Examples

Check whether each index value in a list of values.

Check whether the strings in the ‘color’ level of the MultiIndex
are in a list of colors.

To check across the levels of a MultiIndex, pass a list of tuples:",https://pandas.pydata.org/docs/reference/api/pandas.Index.isin.html
Index,Selecting,Index.slice_indexer,"[start, end, step]","Compute the slice indexer for input labels and step.

Index needs to be ordered and unique.

Notes

This function assumes that the data is sorted, so use at your own peril.

Examples

This is a method on all index types. For example you can do:",https://pandas.pydata.org/docs/reference/api/pandas.Index.slice_indexer.html
Index,Selecting,Index.slice_locs,"[start, end, step]","Compute slice locations for input labels.

Notes

This method only works if the index is monotonic or unique.

Examples",https://pandas.pydata.org/docs/reference/api/pandas.Index.slice_locs.html
Index,Numeric Index,RangeIndex,"[start, stop, step, dtype, copy, ...]","Immutable Index implementing a monotonic integer range.

RangeIndex is a memory-saving special case of an Index limited to representing
monotonic ranges with a 64-bit dtype. Using RangeIndex may in some instances
improve computing speed.

This is the default index type used
by DataFrame and Series when no explicit index is provided by the user.

Attributes

Methods

Examples",https://pandas.pydata.org/docs/reference/api/pandas.RangeIndex.html
Index,Numeric Index,RangeIndex.start,,"The value of the start parameter ( 0 if this was not supplied).

This property returns the starting value of the RangeIndex . If the start value is not explicitly provided during the creation of the RangeIndex ,
it defaults to 0.

Examples",https://pandas.pydata.org/docs/reference/api/pandas.RangeIndex.start.html
Index,Numeric Index,RangeIndex.stop,,"The value of the stop parameter.

This property returns the stop value of the RangeIndex, which defines the
upper (or lower, in case of negative steps) bound of the index range. The stop value is exclusive, meaning the RangeIndex includes values up to but
not including this value.

Examples",https://pandas.pydata.org/docs/reference/api/pandas.RangeIndex.stop.html
Index,Numeric Index,RangeIndex.step,,"The value of the step parameter ( 1 if this was not supplied).

The step parameter determines the increment (or decrement in the case
of negative values) between consecutive elements in the RangeIndex .

Examples

Even if pandas.RangeIndex is empty, step is still 1 if
not supplied.",https://pandas.pydata.org/docs/reference/api/pandas.RangeIndex.step.html
Index,Numeric Index,RangeIndex.from_range,"data[, name, dtype]","Create pandas.RangeIndex from a range object.

This method provides a way to create a pandas.RangeIndex directly
from a Python range object. The resulting RangeIndex will have
the same start, stop, and step values as the input range object.
It is particularly useful for constructing indices in an efficient and
memory-friendly manner.

Examples",https://pandas.pydata.org/docs/reference/api/pandas.RangeIndex.from_range.html
Index,CategoricalIndex,CategoricalIndex,"[data, categories, ...]","Index based on an underlying Categorical .

CategoricalIndex, like Categorical, can only take on a limited,
and usually fixed, number of possible values ( categories ). Also,
like Categorical, it might have an order, but numerical operations
(additions, divisions, …) are not possible.

Attributes

Methods

Notes

See the user guide for more.

Examples

CategoricalIndex can also be instantiated from a Categorical :

Ordered CategoricalIndex can have a min and max value.",https://pandas.pydata.org/docs/reference/api/pandas.CategoricalIndex.html
Index,Categorical components,CategoricalIndex.append,other,"Append a collection of Index options together.

Examples",https://pandas.pydata.org/docs/reference/api/pandas.CategoricalIndex.append.html
Index,Categorical components,CategoricalIndex.codes,,"The category codes of this categorical index.

Codes are an array of integers which are the positions of the actual
values in the categories array.

There is no setter, use the other categorical methods and the normal item
setter to change values in the categorical.

Examples

For pandas.Categorical :

For pandas.CategoricalIndex :",https://pandas.pydata.org/docs/reference/api/pandas.CategoricalIndex.codes.html
Index,Categorical components,CategoricalIndex.categories,,"The categories of this categorical.

Setting assigns new values to each category (effectively a rename of
each individual category).

The assigned value has to be a list-like object. All items must be
unique and the number of items in the new categories must be the same
as the number of items in the old categories.

Examples

For pandas.Series :

For pandas.Categorical :

For pandas.CategoricalIndex :",https://pandas.pydata.org/docs/reference/api/pandas.CategoricalIndex.categories.html
Index,Categorical components,CategoricalIndex.ordered,,"Whether the categories have an ordered relationship.

Examples

For pandas.Series :

For pandas.Categorical :

For pandas.CategoricalIndex :",https://pandas.pydata.org/docs/reference/api/pandas.CategoricalIndex.ordered.html
Index,Categorical components,CategoricalIndex.rename_categories,...,"Rename categories.

This method is commonly used to re-label or adjust the
category names in categorical data without changing the
underlying data. It is useful in situations where you want
to modify the labels used for clarity, consistency,
or readability.

Examples

For dict-like new_categories , extra keys are ignored and
categories not in the dictionary are passed through

You may also provide a callable to create the new categories",https://pandas.pydata.org/docs/reference/api/pandas.CategoricalIndex.rename_categories.html
Index,Categorical components,CategoricalIndex.reorder_categories,"...[, ...]","Reorder categories as specified in new_categories.

new_categories need to include all old categories and no new category
items.

Examples

For pandas.Series :

For pandas.CategoricalIndex :",https://pandas.pydata.org/docs/reference/api/pandas.CategoricalIndex.reorder_categories.html
Index,Categorical components,CategoricalIndex.add_categories,new_categories,"Add new categories.

new_categories will be included at the last/highest place in the
categories and will be unused directly after this call.

Examples",https://pandas.pydata.org/docs/reference/api/pandas.CategoricalIndex.add_categories.html
Index,Categorical components,CategoricalIndex.remove_categories,removals,"Remove the specified categories.

The removals argument must be a subset of the current categories.
Any values that were part of the removed categories will be set to NaN.

Examples",https://pandas.pydata.org/docs/reference/api/pandas.CategoricalIndex.remove_categories.html
Index,Categorical components,CategoricalIndex.remove_unused_categories,,"Remove categories which are not used.

This method is useful when working with datasets
that undergo dynamic changes where categories may no longer be
relevant, allowing to maintain a clean, efficient data structure.

Examples",https://pandas.pydata.org/docs/reference/api/pandas.CategoricalIndex.remove_unused_categories.html
Index,Categorical components,CategoricalIndex.set_categories,new_categories,"Set the categories to the specified new categories.

new_categories can include new categories (which will result in
unused categories) or remove old categories (which results in values
set to NaN ). If rename=True , the categories will simply be renamed
(less or more items than in old categories will result in values set to NaN or in unused categories respectively).

This method can be used to perform more than one action of adding,
removing, and reordering simultaneously and is therefore faster than
performing the individual steps via the more specialised methods.

On the other hand this methods does not do checks (e.g., whether the
old categories are included in the new categories on a reorder), which
can result in surprising changes, for example when using special string
dtypes, which do not consider a S1 string equal to a single char
python string.

Examples

For pandas.Series :

For pandas.CategoricalIndex :",https://pandas.pydata.org/docs/reference/api/pandas.CategoricalIndex.set_categories.html
Index,Categorical components,CategoricalIndex.as_ordered,,"Set the Categorical to be ordered.

Examples

For pandas.Series :

For pandas.CategoricalIndex :",https://pandas.pydata.org/docs/reference/api/pandas.CategoricalIndex.as_ordered.html
Index,Categorical components,CategoricalIndex.as_unordered,,"Set the Categorical to be unordered.

Examples

For pandas.Series :

For pandas.CategoricalIndex :",https://pandas.pydata.org/docs/reference/api/pandas.CategoricalIndex.as_unordered.html
Index,Modifying and computations,CategoricalIndex.map,"mapper[, na_action]","Map values using input an input mapping or function.

Maps the values (their categories, not the codes) of the index to new
categories. If the mapping correspondence is one-to-one the result is a CategoricalIndex which has the same order property as
the original, otherwise an Index is returned.

If a dict or Series is used any unmapped category is
mapped to NaN . Note that if this happens an Index will be returned.

Examples

If the mapping is one-to-one the ordering of the categories is
preserved:

If the mapping is not one-to-one an Index is returned:

If a dict is used, all unmapped categories are mapped to NaN and
the result is an Index :",https://pandas.pydata.org/docs/reference/api/pandas.CategoricalIndex.map.html
Index,Modifying and computations,CategoricalIndex.equals,other,"Determine if two CategoricalIndex objects contain the same elements.

The order and orderedness of elements matters. The categories matter,
but the order of the categories matters only when ordered=True .

Examples

The order of elements matters.

The orderedness also matters.

The categories matter, but the order of the categories matters only when ordered=True .",https://pandas.pydata.org/docs/reference/api/pandas.CategoricalIndex.equals.html
Index,IntervalIndex,IntervalIndex,"data[, closed, dtype, copy, ...]","Immutable index of intervals that are closed on the same side.

Attributes

Methods

Notes

See the user guide for more.

Examples

A new IntervalIndex is typically constructed using interval_range() :

It may also be constructed using one of the constructor
methods: IntervalIndex.from_arrays() , IntervalIndex.from_breaks() , and IntervalIndex.from_tuples() .

See further examples in the doc strings of interval_range and the
mentioned constructor methods.",https://pandas.pydata.org/docs/reference/api/pandas.IntervalIndex.html
Index,IntervalIndex components,IntervalIndex.from_arrays,"left, right[, ...]","Construct from two arrays defining the left and right bounds.

Notes

Each element of left must be less than or equal to the right element at the same position. If an element is missing, it must be
missing in both left and right . A TypeError is raised when
using an unsupported type for left or right . At the moment,
‘category’, ‘object’, and ‘string’ subtypes are not supported.

Examples",https://pandas.pydata.org/docs/reference/api/pandas.IntervalIndex.from_arrays.html
Index,IntervalIndex components,IntervalIndex.from_tuples,"data[, closed, ...]","Construct an IntervalIndex from an array-like of tuples.

Examples",https://pandas.pydata.org/docs/reference/api/pandas.IntervalIndex.from_tuples.html
Index,IntervalIndex components,IntervalIndex.from_breaks,"breaks[, closed, ...]","Construct an IntervalIndex from an array of splits.

Examples",https://pandas.pydata.org/docs/reference/api/pandas.IntervalIndex.from_breaks.html
Index,IntervalIndex components,IntervalIndex.left,,"Return left bounds of the intervals in the IntervalIndex.

The left bounds of each interval in the IntervalIndex are
returned as an Index. The datatype of the left bounds is the
same as the datatype of the endpoints of the intervals.

Examples",https://pandas.pydata.org/docs/reference/api/pandas.IntervalIndex.left.html
Index,IntervalIndex components,IntervalIndex.right,,"Return right bounds of the intervals in the IntervalIndex.

The right bounds of each interval in the IntervalIndex are
returned as an Index. The datatype of the right bounds is the
same as the datatype of the endpoints of the intervals.

Examples",https://pandas.pydata.org/docs/reference/api/pandas.IntervalIndex.right.html
Index,IntervalIndex components,IntervalIndex.mid,,"Return the midpoint of each interval in the IntervalIndex as an Index.

Each midpoint is calculated as the average of the left and right bounds
of each interval. The midpoints are returned as a pandas Index object.

Notes

The midpoint is the average of the interval bounds, potentially resulting
in a floating-point number even if bounds are integers. The returned Index
will have a dtype that accurately holds the midpoints. This computation is
the same regardless of whether intervals are open or closed.

Examples",https://pandas.pydata.org/docs/reference/api/pandas.IntervalIndex.mid.html
Index,IntervalIndex components,IntervalIndex.closed,,"String describing the inclusive side the intervals.

Either left , right , both or neither .

Examples

For arrays:

For Interval Index:",https://pandas.pydata.org/docs/reference/api/pandas.IntervalIndex.closed.html
Index,IntervalIndex components,IntervalIndex.length,,"Calculate the length of each interval in the IntervalIndex.

This method returns a new Index containing the lengths of each interval
in the IntervalIndex. The length of an interval is defined as the difference
between its end and its start.

Examples",https://pandas.pydata.org/docs/reference/api/pandas.IntervalIndex.length.html
Index,IntervalIndex components,IntervalIndex.values,,"Return an array representing the data in the Index.

Examples

For pandas.Index :

For pandas.IntervalIndex :",https://pandas.pydata.org/docs/reference/api/pandas.IntervalIndex.values.html
Index,IntervalIndex components,IntervalIndex.is_empty,,"Indicates if an interval is empty, meaning it contains no points.

An interval is considered empty if its left and right endpoints
are equal, and it is not closed on both sides. This means that the
interval does not include any real points. In the case of an pandas.arrays.IntervalArray or IntervalIndex , the
property returns a boolean array indicating the emptiness of each interval.

Examples

An Interval that contains points is not empty:

An Interval that does not contain any points is empty:

An Interval that contains a single point is not empty:

An IntervalArray or IntervalIndex returns a
boolean ndarray positionally indicating if an Interval is
empty:

Missing values are not considered empty:",https://pandas.pydata.org/docs/reference/api/pandas.IntervalIndex.is_empty.html
Index,IntervalIndex components,IntervalIndex.is_non_overlapping_monotonic,,"Return a boolean whether the IntervalArray/IntervalIndex        is non-overlapping and monotonic.

Non-overlapping means (no Intervals share points), and monotonic means
either monotonic increasing or monotonic decreasing.

Examples

For arrays:

For Interval Index:",https://pandas.pydata.org/docs/reference/api/pandas.IntervalIndex.is_non_overlapping_monotonic.html
Index,IntervalIndex components,IntervalIndex.is_overlapping,,"Return True if the IntervalIndex has overlapping intervals, else False.

Two intervals overlap if they share a common point, including closed
endpoints. Intervals that only have an open endpoint in common do not
overlap.

Examples

Intervals that share closed endpoints overlap:

Intervals that only have an open endpoint in common do not overlap:",https://pandas.pydata.org/docs/reference/api/pandas.IntervalIndex.is_overlapping.html
Index,IntervalIndex components,IntervalIndex.get_loc,key,"Get integer location, slice or boolean mask for requested label.

The get_loc method is used to retrieve the integer index, a slice for
slicing objects, or a boolean mask indicating the presence of the label
in the IntervalIndex .

Examples

You can also supply a point inside an interval.

If a label is in several intervals, you get the locations of all the
relevant intervals.

Only exact matches will be returned if an interval is provided.",https://pandas.pydata.org/docs/reference/api/pandas.IntervalIndex.get_loc.html
Index,IntervalIndex components,IntervalIndex.get_indexer,"target[, method, ...]","Compute indexer and mask for new index given the current index.

The indexer should be then used as an input to ndarray.take to align the
current data to the new index.

Notes

Returns -1 for unmatched values, for further explanation see the
example below.

Examples

Notice that the return value is an array of locations in index and x is marked by -1, as it is not in index .",https://pandas.pydata.org/docs/reference/api/pandas.IntervalIndex.get_indexer.html
Index,IntervalIndex components,IntervalIndex.set_closed,closed,"Return an identical IntervalArray closed on the specified side.

Examples",https://pandas.pydata.org/docs/reference/api/pandas.IntervalIndex.set_closed.html
Index,IntervalIndex components,IntervalIndex.contains,other,"Check elementwise if the Intervals contain the value.

Return a boolean mask whether the value is contained in the Intervals
of the IntervalArray.

Examples",https://pandas.pydata.org/docs/reference/api/pandas.IntervalIndex.contains.html
Index,IntervalIndex components,IntervalIndex.overlaps,other,"Check elementwise if an Interval overlaps the values in the IntervalArray.

Two intervals overlap if they share a common point, including closed
endpoints. Intervals that only have an open endpoint in common do not
overlap.

Examples

Intervals that share closed endpoints overlap:

Intervals that only have an open endpoint in common do not overlap:",https://pandas.pydata.org/docs/reference/api/pandas.IntervalIndex.overlaps.html
Index,IntervalIndex components,IntervalIndex.to_tuples,[na_tuple],"Return an ndarray (if self is IntervalArray) or Index         (if self is IntervalIndex) of tuples of the form (left, right).

Examples

For pandas.IntervalArray :

For pandas.IntervalIndex :",https://pandas.pydata.org/docs/reference/api/pandas.IntervalIndex.to_tuples.html
Index,MultiIndex,MultiIndex,"[levels, codes, sortorder, ...]","A multi-level, or hierarchical, index object for pandas objects.

Attributes

Methods

Notes

See the user guide for more.

Examples

A new MultiIndex is typically constructed using one of the helper
methods MultiIndex.from_arrays() , MultiIndex.from_product() and MultiIndex.from_tuples() . For example (using .from_arrays ):

See further examples for how to construct a MultiIndex in the doc strings
of the mentioned helper methods.",https://pandas.pydata.org/docs/reference/api/pandas.MultiIndex.html
Index,MultiIndex constructors,MultiIndex.from_arrays,"arrays[, sortorder, ...]","Convert arrays to MultiIndex.

Examples",https://pandas.pydata.org/docs/reference/api/pandas.MultiIndex.from_arrays.html
Index,MultiIndex constructors,MultiIndex.from_tuples,"tuples[, sortorder, ...]","Convert list of tuples to MultiIndex.

Examples",https://pandas.pydata.org/docs/reference/api/pandas.MultiIndex.from_tuples.html
Index,MultiIndex constructors,MultiIndex.from_product,"iterables[, ...]","Make a MultiIndex from the cartesian product of multiple iterables.

Examples",https://pandas.pydata.org/docs/reference/api/pandas.MultiIndex.from_product.html
Index,MultiIndex constructors,MultiIndex.from_frame,"df[, sortorder, names]","Make a MultiIndex from a DataFrame.

Examples

Using explicit names, instead of the column names",https://pandas.pydata.org/docs/reference/api/pandas.MultiIndex.from_frame.html
Index,MultiIndex properties,MultiIndex.names,,"Names of levels in MultiIndex.

This attribute provides access to the names of the levels in a MultiIndex .
The names are stored as a FrozenList , which is an immutable list-like
container. Each name corresponds to a level in the MultiIndex , and can be
used to identify or manipulate the levels individually.

Examples",https://pandas.pydata.org/docs/reference/api/pandas.MultiIndex.names.html
Index,MultiIndex properties,MultiIndex.levels,,"Levels of the MultiIndex.

Levels refer to the different hierarchical levels or layers in a MultiIndex.
In a MultiIndex, each level represents a distinct dimension or category of
the index.

To access the levels, you can use the levels attribute of the MultiIndex,
which returns a tuple of Index objects. Each Index object represents a
level in the MultiIndex and contains the unique values found in that
specific level.

If a MultiIndex is created with levels A, B, C, and the DataFrame using
it filters out all rows of the level C, MultiIndex.levels will still
return A, B, C.

Examples

MultiIndex levels will not change even if the DataFrame using the MultiIndex
does not contain all them anymore.
See how “human” is not in the DataFrame, but it is still in levels:",https://pandas.pydata.org/docs/reference/api/pandas.MultiIndex.levels.html
Index,MultiIndex properties,MultiIndex.codes,,"Codes of the MultiIndex.

Codes are the position of the index value in the list of level values
for each level.

Examples",https://pandas.pydata.org/docs/reference/api/pandas.MultiIndex.codes.html
Index,MultiIndex properties,MultiIndex.nlevels,,"Integer number of levels in this MultiIndex.

Examples",https://pandas.pydata.org/docs/reference/api/pandas.MultiIndex.nlevels.html
Index,MultiIndex properties,MultiIndex.levshape,,"A tuple representing the length of each level in the MultiIndex.

In a MultiIndex , each level can contain multiple unique values. The levshape property provides a quick way to assess the size of each
level by returning a tuple where each entry represents the number of
unique values in that specific level. This is particularly useful in
scenarios where you need to understand the structure and distribution
of your index levels, such as when working with multidimensional data.

Examples",https://pandas.pydata.org/docs/reference/api/pandas.MultiIndex.levshape.html
Index,MultiIndex properties,MultiIndex.dtypes,,"Return the dtypes as a Series for the underlying MultiIndex.

Examples",https://pandas.pydata.org/docs/reference/api/pandas.MultiIndex.dtypes.html
Index,MultiIndex components,MultiIndex.set_levels,"levels, *[, level, ...]","Set new levels on MultiIndex. Defaults to returning new index.

The set_levels method provides a flexible way to change the levels of a MultiIndex . This is particularly useful when you need to update the
index structure of your DataFrame without altering the data. The method
returns a new MultiIndex unless the operation is performed in-place,
ensuring that the original index remains unchanged unless explicitly
modified.

The method checks the integrity of the new levels against the existing
codes by default, but this can be disabled if you are confident that
your levels are consistent with the underlying data. This can be useful
when you want to perform optimizations or make specific adjustments to
the index levels that do not strictly adhere to the original structure.

Examples

If any of the levels passed to set_levels() exceeds the
existing length, all of the values from that argument will
be stored in the MultiIndex levels, though the values will
be truncated in the MultiIndex output.",https://pandas.pydata.org/docs/reference/api/pandas.MultiIndex.set_levels.html
Index,MultiIndex components,MultiIndex.set_codes,"codes, *[, level, ...]","Set new codes on MultiIndex. Defaults to returning new index.

Examples",https://pandas.pydata.org/docs/reference/api/pandas.MultiIndex.set_codes.html
Index,MultiIndex components,MultiIndex.to_flat_index,,"Convert a MultiIndex to an Index of Tuples containing the level values.

Notes

This method will simply return the caller if called by anything other
than a MultiIndex.

Examples",https://pandas.pydata.org/docs/reference/api/pandas.MultiIndex.to_flat_index.html
Index,MultiIndex components,MultiIndex.to_frame,"[index, name, ...]","Create a DataFrame with the levels of the MultiIndex as columns.

Column ordering is determined by the DataFrame constructor with data as
a dict.

Examples",https://pandas.pydata.org/docs/reference/api/pandas.MultiIndex.to_frame.html
Index,MultiIndex components,MultiIndex.sortlevel,"[level, ascending, ...]","Sort MultiIndex at the requested level.

This method is useful when dealing with MultiIndex objects, allowing for
sorting at a specific level of the index. The function preserves the
relative ordering of data within the same level while sorting
the overall MultiIndex. The method provides flexibility with the ascending parameter to define the sort order and with the sort_remaining parameter to
control whether the remaining levels should also be sorted. Sorting a
MultiIndex can be crucial when performing operations that require ordered
indices, such as grouping or merging datasets. The na_position argument is
important in handling missing values consistently across different levels.

Examples",https://pandas.pydata.org/docs/reference/api/pandas.MultiIndex.sortlevel.html
Index,MultiIndex components,MultiIndex.droplevel,[level],"Return index with requested level(s) removed.

If resulting index has only 1 level left, the result will be
of Index type, not MultiIndex. The original index is not modified inplace.

Examples",https://pandas.pydata.org/docs/reference/api/pandas.MultiIndex.droplevel.html
Index,MultiIndex components,MultiIndex.swaplevel,"[i, j]","Swap level i with level j.

Calling this method does not change the ordering of the values.

Default is to swap the last two levels of the MultiIndex.

Examples",https://pandas.pydata.org/docs/reference/api/pandas.MultiIndex.swaplevel.html
Index,MultiIndex components,MultiIndex.reorder_levels,order,"Rearrange levels using input order. May not drop or duplicate levels.

reorder_levels is useful when you need to change the order of levels in
a MultiIndex, such as when reordering levels for hierarchical indexing. It
maintains the integrity of the MultiIndex, ensuring that all existing levels
are present and no levels are duplicated. This method is helpful for aligning
the index structure with other data structures or for optimizing the order
for specific data operations.

Examples",https://pandas.pydata.org/docs/reference/api/pandas.MultiIndex.reorder_levels.html
Index,MultiIndex components,MultiIndex.remove_unused_levels,,"Create new MultiIndex from current that removes unused levels.

Unused level(s) means levels that are not expressed in the
labels. The resulting MultiIndex will have the same outward
appearance, meaning the same .values and ordering. It will
also be .equals() to the original.

The remove_unused_levels method is useful in cases where you have a
MultiIndex with hierarchical levels, but some of these levels are no
longer needed due to filtering or subsetting operations. By removing
the unused levels, the resulting MultiIndex becomes more compact and
efficient, which can improve performance in subsequent operations.

Examples

The 0 from the first level is not represented
and can be removed",https://pandas.pydata.org/docs/reference/api/pandas.MultiIndex.remove_unused_levels.html
Index,MultiIndex components,MultiIndex.drop,"codes[, level, errors]","Make a new pandas.MultiIndex with the passed list of codes deleted.

This method allows for the removal of specified labels from a MultiIndex.
The labels to be removed can be provided as a list of tuples if no level
is specified, or as a list of labels from a specific level if the level
parameter is provided. This can be useful for refining the structure of a
MultiIndex to fit specific requirements.

Examples

We can also drop from a specific level.",https://pandas.pydata.org/docs/reference/api/pandas.MultiIndex.drop.html
Index,MultiIndex components,MultiIndex.copy,"[names, deep, name]","Make a copy of this object. Names, dtype, levels and codes can be passed and         will be set on new copy.

The copy method provides a mechanism to create a duplicate of an
existing MultiIndex object. This is particularly useful in scenarios where
modifications are required on an index, but the original MultiIndex should
remain unchanged. By specifying the deep parameter, users can control
whether the copy should be a deep or shallow copy, providing flexibility
depending on the size and complexity of the MultiIndex.

Notes

In most cases, there should be no functional difference from using deep , but if deep is passed it will attempt to deepcopy.
This could be potentially expensive on large MultiIndex objects.

Examples",https://pandas.pydata.org/docs/reference/api/pandas.MultiIndex.copy.html
Index,MultiIndex components,MultiIndex.append,other,"Append a collection of Index options together.

The append method is used to combine multiple Index objects into a single Index . This is particularly useful when dealing with multi-level indexing
(MultiIndex) where you might need to concatenate different levels of indices.
The method handles the alignment of the levels and codes of the indices being
appended to ensure consistency in the resulting MultiIndex .

Examples",https://pandas.pydata.org/docs/reference/api/pandas.MultiIndex.append.html
Index,MultiIndex components,MultiIndex.truncate,"[before, after]","Slice index between two labels / tuples, return new MultiIndex.

Examples",https://pandas.pydata.org/docs/reference/api/pandas.MultiIndex.truncate.html
Index,MultiIndex selecting,MultiIndex.get_loc,key,"Get location for a label or a tuple of labels. The location is returned         as an integer/slice or boolean mask.

This method returns the integer location, slice object, or boolean mask
corresponding to the specified key, which can be a single label or a tuple
of labels. The key represents a position in the MultiIndex, and the location
indicates where the key is found within the index.

Notes

The key cannot be a slice, list of same-level labels, a boolean mask,
or a sequence of such. If you want to use those, use MultiIndex.get_locs() instead.

Examples",https://pandas.pydata.org/docs/reference/api/pandas.MultiIndex.get_loc.html
Index,MultiIndex selecting,MultiIndex.get_locs,seq,"Get location for a sequence of labels.

Examples",https://pandas.pydata.org/docs/reference/api/pandas.MultiIndex.get_locs.html
Index,MultiIndex selecting,MultiIndex.get_loc_level,"key[, level, ...]","Get location and sliced index for requested label(s)/level(s).

The get_loc_level method is a more advanced form of get_loc , allowing
users to specify not just a label or sequence of labels, but also the level(s)
in which to search. This method is useful when you need to isolate particular
sections of a MultiIndex, either for further analysis or for slicing and
dicing the data. The method provides flexibility in terms of maintaining
or dropping levels from the resulting index based on the drop_level parameter.

Examples",https://pandas.pydata.org/docs/reference/api/pandas.MultiIndex.get_loc_level.html
Index,MultiIndex selecting,MultiIndex.get_indexer,"target[, method, ...]","Compute indexer and mask for new index given the current index.

The indexer should be then used as an input to ndarray.take to align the
current data to the new index.

Notes

Returns -1 for unmatched values, for further explanation see the
example below.

Examples

Notice that the return value is an array of locations in index and x is marked by -1, as it is not in index .",https://pandas.pydata.org/docs/reference/api/pandas.MultiIndex.get_indexer.html
Index,MultiIndex selecting,MultiIndex.get_level_values,level,"Return vector of label values for requested level.

Length of returned vector is equal to the length of the index.
The get_level_values method is a crucial utility for extracting
specific level values from a MultiIndex . This function is particularly
useful when working with multi-level data, allowing you to isolate
and manipulate individual levels without having to deal with the
complexity of the entire MultiIndex structure. It seamlessly handles
both integer and string-based level access, providing flexibility in
how you can interact with the data. Additionally, this method ensures
that the returned Index maintains the integrity of the original data,
even when missing values are present, by appropriately casting the
result to a suitable data type.

Notes

If the level contains missing values, the result may be casted to float with missing values specified as NaN . This is because
the level is converted to a regular Index .

Examples

Create a MultiIndex:

Get level values by supplying level as either integer or name:

If a level contains missing values, the return type of the level
may be cast to float .",https://pandas.pydata.org/docs/reference/api/pandas.MultiIndex.get_level_values.html
Index,MultiIndex selecting,IndexSlice,,"Create an object to more easily perform multi-index slicing.

Notes

See Defined Levels for further info on slicing a MultiIndex.

Examples

Using the default slice command:

Using the IndexSlice class for a more intuitive command:",https://pandas.pydata.org/docs/reference/api/pandas.IndexSlice.html
Index,DatetimeIndex,DatetimeIndex,"[data, freq, tz, ambiguous, ...]","Immutable ndarray-like of datetime64 data.

Represented internally as int64, and which can be boxed to Timestamp objects
that are subclasses of datetime and carry metadata.

Attributes

Methods

Notes

To learn more about the frequency strings, please see this link .

Examples",https://pandas.pydata.org/docs/reference/api/pandas.DatetimeIndex.html
Index,Time/date components,DatetimeIndex.year,,"The year of the datetime.

Examples",https://pandas.pydata.org/docs/reference/api/pandas.DatetimeIndex.year.html
Index,Time/date components,DatetimeIndex.month,,"The month as January=1, December=12.

Examples",https://pandas.pydata.org/docs/reference/api/pandas.DatetimeIndex.month.html
Index,Time/date components,DatetimeIndex.day,,"The day of the datetime.

Examples",https://pandas.pydata.org/docs/reference/api/pandas.DatetimeIndex.day.html
Index,Time/date components,DatetimeIndex.hour,,"The hours of the datetime.

Examples",https://pandas.pydata.org/docs/reference/api/pandas.DatetimeIndex.hour.html
Index,Time/date components,DatetimeIndex.minute,,"The minutes of the datetime.

Examples",https://pandas.pydata.org/docs/reference/api/pandas.DatetimeIndex.minute.html
Index,Time/date components,DatetimeIndex.second,,"The seconds of the datetime.

Examples",https://pandas.pydata.org/docs/reference/api/pandas.DatetimeIndex.second.html
Index,Time/date components,DatetimeIndex.microsecond,,"The microseconds of the datetime.

Examples",https://pandas.pydata.org/docs/reference/api/pandas.DatetimeIndex.microsecond.html
Index,Time/date components,DatetimeIndex.nanosecond,,"The nanoseconds of the datetime.

Examples",https://pandas.pydata.org/docs/reference/api/pandas.DatetimeIndex.nanosecond.html
Index,Time/date components,DatetimeIndex.date,,"Returns numpy array of python datetime.date objects.

Namely, the date part of Timestamps without time and
timezone information.

Examples

For Series:

For DatetimeIndex:",https://pandas.pydata.org/docs/reference/api/pandas.DatetimeIndex.date.html
Index,Time/date components,DatetimeIndex.time,,"Returns numpy array of datetime.time objects.

The time part of the Timestamps.

Examples

For Series:

For DatetimeIndex:",https://pandas.pydata.org/docs/reference/api/pandas.DatetimeIndex.time.html
Index,Time/date components,DatetimeIndex.timetz,,"Returns numpy array of datetime.time objects with timezones.

The time part of the Timestamps.

Examples

For Series:

For DatetimeIndex:",https://pandas.pydata.org/docs/reference/api/pandas.DatetimeIndex.timetz.html
Index,Time/date components,DatetimeIndex.dayofyear,,"The ordinal day of the year.

Examples

For Series:

For DatetimeIndex:",https://pandas.pydata.org/docs/reference/api/pandas.DatetimeIndex.dayofyear.html
Index,Time/date components,DatetimeIndex.day_of_year,,"The ordinal day of the year.

Examples

For Series:

For DatetimeIndex:",https://pandas.pydata.org/docs/reference/api/pandas.DatetimeIndex.day_of_year.html
Index,Time/date components,DatetimeIndex.dayofweek,,"The day of the week with Monday=0, Sunday=6.

Return the day of the week. It is assumed the week starts on
Monday, which is denoted by 0 and ends on Sunday which is denoted
by 6. This method is available on both Series with datetime
values (using the dt accessor) or DatetimeIndex.

Examples",https://pandas.pydata.org/docs/reference/api/pandas.DatetimeIndex.dayofweek.html
Index,Time/date components,DatetimeIndex.day_of_week,,"The day of the week with Monday=0, Sunday=6.

Return the day of the week. It is assumed the week starts on
Monday, which is denoted by 0 and ends on Sunday which is denoted
by 6. This method is available on both Series with datetime
values (using the dt accessor) or DatetimeIndex.

Examples",https://pandas.pydata.org/docs/reference/api/pandas.DatetimeIndex.day_of_week.html
Index,Time/date components,DatetimeIndex.weekday,,"The day of the week with Monday=0, Sunday=6.

Return the day of the week. It is assumed the week starts on
Monday, which is denoted by 0 and ends on Sunday which is denoted
by 6. This method is available on both Series with datetime
values (using the dt accessor) or DatetimeIndex.

Examples",https://pandas.pydata.org/docs/reference/api/pandas.DatetimeIndex.weekday.html
Index,Time/date components,DatetimeIndex.quarter,,"The quarter of the date.

Examples

For Series:

For DatetimeIndex:",https://pandas.pydata.org/docs/reference/api/pandas.DatetimeIndex.quarter.html
Index,Time/date components,DatetimeIndex.tz,,"Return the timezone.

Examples

For Series:

For DatetimeIndex:",https://pandas.pydata.org/docs/reference/api/pandas.DatetimeIndex.tz.html
Index,Time/date components,DatetimeIndex.freq,,"Return the frequency object if it is set, otherwise None.

To learn more about the frequency strings, please see this link .

Examples",https://pandas.pydata.org/docs/reference/api/pandas.DatetimeIndex.freq.html
Index,Time/date components,DatetimeIndex.freqstr,,"Return the frequency object as a string if it’s set, otherwise None.

Examples

For DatetimeIndex:

The frequency can be inferred if there are more than 2 points:

For PeriodIndex:",https://pandas.pydata.org/docs/reference/api/pandas.DatetimeIndex.freqstr.html
Index,Time/date components,DatetimeIndex.is_month_start,,"Indicates whether the date is the first day of the month.

Examples

This method is available on Series with datetime values under
the .dt accessor, and directly on DatetimeIndex.",https://pandas.pydata.org/docs/reference/api/pandas.DatetimeIndex.is_month_start.html
Index,Time/date components,DatetimeIndex.is_month_end,,"Indicates whether the date is the last day of the month.

Examples

This method is available on Series with datetime values under
the .dt accessor, and directly on DatetimeIndex.",https://pandas.pydata.org/docs/reference/api/pandas.DatetimeIndex.is_month_end.html
Index,Time/date components,DatetimeIndex.is_quarter_start,,"Indicator for whether the date is the first day of a quarter.

Examples

This method is available on Series with datetime values under
the .dt accessor, and directly on DatetimeIndex.",https://pandas.pydata.org/docs/reference/api/pandas.DatetimeIndex.is_quarter_start.html
Index,Time/date components,DatetimeIndex.is_quarter_end,,"Indicator for whether the date is the last day of a quarter.

Examples

This method is available on Series with datetime values under
the .dt accessor, and directly on DatetimeIndex.",https://pandas.pydata.org/docs/reference/api/pandas.DatetimeIndex.is_quarter_end.html
Index,Time/date components,DatetimeIndex.is_year_start,,"Indicate whether the date is the first day of a year.

Examples

This method is available on Series with datetime values under
the .dt accessor, and directly on DatetimeIndex.

This method, when applied to Series with datetime values under
the .dt accessor, will lose information about Business offsets.",https://pandas.pydata.org/docs/reference/api/pandas.DatetimeIndex.is_year_start.html
Index,Time/date components,DatetimeIndex.is_year_end,,"Indicate whether the date is the last day of the year.

Examples

This method is available on Series with datetime values under
the .dt accessor, and directly on DatetimeIndex.",https://pandas.pydata.org/docs/reference/api/pandas.DatetimeIndex.is_year_end.html
Index,Time/date components,DatetimeIndex.is_leap_year,,"Boolean indicator if the date belongs to a leap year.

A leap year is a year, which has 366 days (instead of 365) including
29th of February as an intercalary day.
Leap years are years which are multiples of four with the exception
of years divisible by 100 but not by 400.

Examples

This method is available on Series with datetime values under
the .dt accessor, and directly on DatetimeIndex.",https://pandas.pydata.org/docs/reference/api/pandas.DatetimeIndex.is_leap_year.html
Index,Time/date components,DatetimeIndex.inferred_freq,,"Return the inferred frequency of the index.

Examples

For DatetimeIndex :

For TimedeltaIndex :",https://pandas.pydata.org/docs/reference/api/pandas.DatetimeIndex.inferred_freq.html
Index,Selecting,DatetimeIndex.indexer_at_time,"time[, asof]","Return index locations of values at particular time of day.

Examples",https://pandas.pydata.org/docs/reference/api/pandas.DatetimeIndex.indexer_at_time.html
Index,Selecting,DatetimeIndex.indexer_between_time,"...[, ...]","Return index locations of values between particular times of day.

Examples",https://pandas.pydata.org/docs/reference/api/pandas.DatetimeIndex.indexer_between_time.html
Index,Time-specific operations,DatetimeIndex.normalize,,"Convert times to midnight.

The time component of the date-time is converted to midnight i.e.
00:00:00. This is useful in cases, when the time does not matter.
Length is unaltered. The timezones are unaffected.

This method is available on Series with datetime values under
the .dt accessor, and directly on Datetime Array/Index.

Examples",https://pandas.pydata.org/docs/reference/api/pandas.DatetimeIndex.normalize.html
Index,Time-specific operations,DatetimeIndex.strftime,date_format,"Convert to Index using specified date_format.

Return an Index of formatted strings specified by date_format, which
supports the same string format as the python standard library. Details
of the string format can be found in python string format
doc .

Formats supported by the C strftime API but not by the python string format
doc (such as “%R” , “%r” ) are not officially supported and should be
preferably replaced with their supported equivalents (such as “%H:%M” , “%I:%M:%S %p” ).
Note that PeriodIndex support additional directives, detailed in Period.strftime .

Examples",https://pandas.pydata.org/docs/reference/api/pandas.DatetimeIndex.strftime.html
Index,Time-specific operations,DatetimeIndex.snap,[freq],"Snap time stamps to nearest occurring frequency.

Examples",https://pandas.pydata.org/docs/reference/api/pandas.DatetimeIndex.snap.html
Index,Time-specific operations,DatetimeIndex.tz_convert,tz,"Convert tz-aware Datetime Array/Index from one time zone to another.

Examples

With the tz parameter, we can change the DatetimeIndex
to other time zones:

With the tz=None , we can remove the timezone (after converting
to UTC if necessary):",https://pandas.pydata.org/docs/reference/api/pandas.DatetimeIndex.tz_convert.html
Index,Time-specific operations,DatetimeIndex.tz_localize,"tz[, ambiguous, ...]","Localize tz-naive Datetime Array/Index to tz-aware Datetime Array/Index.

This method takes a time zone (tz) naive Datetime Array/Index object
and makes this time zone aware. It does not move the time to another
time zone.

This method can also be used to do the inverse – to create a time
zone unaware object from an aware object. To that end, pass tz=None .

Examples

Localize DatetimeIndex in US/Eastern time zone:

With the tz=None , we can remove the time zone information
while keeping the local time (not converted to UTC):

Be careful with DST changes. When there is sequential data, pandas can
infer the DST time:

In some cases, inferring the DST is impossible. In such cases, you can
pass an ndarray to the ambiguous parameter to set the DST explicitly

If the DST transition causes nonexistent times, you can shift these
dates forward or backwards with a timedelta object or ‘shift_forward’ or ‘shift_backwards’ .",https://pandas.pydata.org/docs/reference/api/pandas.DatetimeIndex.tz_localize.html
Index,Time-specific operations,DatetimeIndex.round,"freq[, ambiguous, ...]","Perform round operation on the data to the specified freq .

Notes

If the timestamps have a timezone, rounding will take place relative to the
local (“wall”) time and re-localized to the same timezone. When rounding
near daylight savings time, use nonexistent and ambiguous to
control the re-localization behavior.

Examples

DatetimeIndex

Series

When rounding near a daylight savings time transition, use ambiguous or nonexistent to control how the timestamp should be re-localized.",https://pandas.pydata.org/docs/reference/api/pandas.DatetimeIndex.round.html
Index,Time-specific operations,DatetimeIndex.floor,"freq[, ambiguous, ...]","Perform floor operation on the data to the specified freq .

Notes

If the timestamps have a timezone, flooring will take place relative to the
local (“wall”) time and re-localized to the same timezone. When flooring
near daylight savings time, use nonexistent and ambiguous to
control the re-localization behavior.

Examples

DatetimeIndex

Series

When rounding near a daylight savings time transition, use ambiguous or nonexistent to control how the timestamp should be re-localized.",https://pandas.pydata.org/docs/reference/api/pandas.DatetimeIndex.floor.html
Index,Time-specific operations,DatetimeIndex.ceil,"freq[, ambiguous, ...]","Perform ceil operation on the data to the specified freq .

Notes

If the timestamps have a timezone, ceiling will take place relative to the
local (“wall”) time and re-localized to the same timezone. When ceiling
near daylight savings time, use nonexistent and ambiguous to
control the re-localization behavior.

Examples

DatetimeIndex

Series

When rounding near a daylight savings time transition, use ambiguous or nonexistent to control how the timestamp should be re-localized.",https://pandas.pydata.org/docs/reference/api/pandas.DatetimeIndex.ceil.html
Index,Time-specific operations,DatetimeIndex.month_name,[locale],"Return the month names with specified locale.

Examples

Using the locale parameter you can set a different locale language,
for example: idx.month_name(locale='pt_BR.utf8') will return month
names in Brazilian Portuguese language.",https://pandas.pydata.org/docs/reference/api/pandas.DatetimeIndex.month_name.html
Index,Time-specific operations,DatetimeIndex.day_name,[locale],"Return the day names with specified locale.

Examples

Using the locale parameter you can set a different locale language,
for example: idx.day_name(locale='pt_BR.utf8') will return day
names in Brazilian Portuguese language.",https://pandas.pydata.org/docs/reference/api/pandas.DatetimeIndex.day_name.html
Index,Conversion,DatetimeIndex.as_unit,"unit[, round_ok]","Convert to a dtype with the given unit resolution.

The limits of timestamp representation depend on the chosen resolution.
Different resolutions can be converted to each other through as_unit.

Examples

For pandas.DatetimeIndex :

For pandas.TimedeltaIndex :",https://pandas.pydata.org/docs/reference/api/pandas.DatetimeIndex.as_unit.html
Index,Conversion,DatetimeIndex.to_period,[freq],"Cast to PeriodArray/PeriodIndex at a particular frequency.

Converts DatetimeArray/Index to PeriodArray/PeriodIndex.

Examples

Infer the daily frequency",https://pandas.pydata.org/docs/reference/api/pandas.DatetimeIndex.to_period.html
Index,Conversion,DatetimeIndex.to_pydatetime,,"Return an ndarray of datetime.datetime objects.

Examples",https://pandas.pydata.org/docs/reference/api/pandas.DatetimeIndex.to_pydatetime.html
Index,Conversion,DatetimeIndex.to_series,"[index, name]","Create a Series with both index and values equal to the index keys.

Useful with map for returning an indexer based on an index.

Examples

By default, the original index and original name is reused.

To enforce a new index, specify new labels to index :

To override the name of the resulting column, specify name :",https://pandas.pydata.org/docs/reference/api/pandas.DatetimeIndex.to_series.html
Index,Conversion,DatetimeIndex.to_frame,"[index, name]","Create a DataFrame with a column containing the Index.

Examples

By default, the original Index is reused. To enforce a new Index:

To override the name of the resulting column, specify name :",https://pandas.pydata.org/docs/reference/api/pandas.DatetimeIndex.to_frame.html
Index,Conversion,DatetimeIndex.to_julian_date,,"Convert TimeStamp to a Julian Date.

This method returns the number of days as a float since noon January 1, 4713 BC.

https://en.wikipedia.org/wiki/Julian_day

Examples",https://pandas.pydata.org/docs/reference/api/pandas.DatetimeIndex.to_julian_date.html
Index,Methods,DatetimeIndex.mean,"*[, skipna, axis]","Return the mean value of the Array.

Notes

mean is only defined for Datetime and Timedelta dtypes, not for Period.

Examples

For pandas.DatetimeIndex :

For pandas.TimedeltaIndex :",https://pandas.pydata.org/docs/reference/api/pandas.DatetimeIndex.mean.html
Index,Methods,DatetimeIndex.std,"[axis, dtype, out, ddof, ...]","Return sample standard deviation over requested axis.

Normalized by N-1 by default. This can be changed using ddof .

Examples

For pandas.DatetimeIndex :",https://pandas.pydata.org/docs/reference/api/pandas.DatetimeIndex.std.html
Index,TimedeltaIndex,TimedeltaIndex,"[data, freq, dtype, copy, name]","Immutable Index of timedelta64 data.

Represented internally as int64, and scalars returned Timedelta objects.

Attributes

Methods

Notes

To learn more about the frequency strings, please see this link .

Examples

We can also let pandas infer the frequency when possible.",https://pandas.pydata.org/docs/reference/api/pandas.TimedeltaIndex.html
Index,Components,TimedeltaIndex.days,,"Number of days for each element.

Examples

For Series:

For TimedeltaIndex:",https://pandas.pydata.org/docs/reference/api/pandas.TimedeltaIndex.days.html
Index,Components,TimedeltaIndex.seconds,,"Number of seconds (>= 0 and less than 1 day) for each element.

Examples

For Series:

For TimedeltaIndex:",https://pandas.pydata.org/docs/reference/api/pandas.TimedeltaIndex.seconds.html
Index,Components,TimedeltaIndex.microseconds,,"Number of microseconds (>= 0 and less than 1 second) for each element.

Examples

For Series:

For TimedeltaIndex:",https://pandas.pydata.org/docs/reference/api/pandas.TimedeltaIndex.microseconds.html
Index,Components,TimedeltaIndex.nanoseconds,,"Number of nanoseconds (>= 0 and less than 1 microsecond) for each element.

Examples

For Series:

For TimedeltaIndex:",https://pandas.pydata.org/docs/reference/api/pandas.TimedeltaIndex.nanoseconds.html
Index,Components,TimedeltaIndex.components,,"Return a DataFrame of the individual resolution components of the Timedeltas.

The components (days, hours, minutes seconds, milliseconds, microseconds,
nanoseconds) are returned as columns in a DataFrame.

Examples",https://pandas.pydata.org/docs/reference/api/pandas.TimedeltaIndex.components.html
Index,Components,TimedeltaIndex.inferred_freq,,"Return the inferred frequency of the index.

Examples

For DatetimeIndex :

For TimedeltaIndex :",https://pandas.pydata.org/docs/reference/api/pandas.TimedeltaIndex.inferred_freq.html
Index,Conversion,TimedeltaIndex.as_unit,unit,"Convert to a dtype with the given unit resolution.

This method is for converting the dtype of a DatetimeIndex or TimedeltaIndex to a new dtype with the given unit
resolution/precision.

Examples

For pandas.DatetimeIndex :

For pandas.TimedeltaIndex :",https://pandas.pydata.org/docs/reference/api/pandas.TimedeltaIndex.as_unit.html
Index,Conversion,TimedeltaIndex.to_pytimedelta,,"Return an ndarray of datetime.timedelta objects.

Examples",https://pandas.pydata.org/docs/reference/api/pandas.TimedeltaIndex.to_pytimedelta.html
Index,Conversion,TimedeltaIndex.to_series,"[index, name]","Create a Series with both index and values equal to the index keys.

Useful with map for returning an indexer based on an index.

Examples

By default, the original index and original name is reused.

To enforce a new index, specify new labels to index :

To override the name of the resulting column, specify name :",https://pandas.pydata.org/docs/reference/api/pandas.TimedeltaIndex.to_series.html
Index,Conversion,TimedeltaIndex.round,"freq[, ambiguous, ...]","Perform round operation on the data to the specified freq .

Notes

If the timestamps have a timezone, rounding will take place relative to the
local (“wall”) time and re-localized to the same timezone. When rounding
near daylight savings time, use nonexistent and ambiguous to
control the re-localization behavior.

Examples

DatetimeIndex

Series

When rounding near a daylight savings time transition, use ambiguous or nonexistent to control how the timestamp should be re-localized.",https://pandas.pydata.org/docs/reference/api/pandas.TimedeltaIndex.round.html
Index,Conversion,TimedeltaIndex.floor,"freq[, ambiguous, ...]","Perform floor operation on the data to the specified freq .

Notes

If the timestamps have a timezone, flooring will take place relative to the
local (“wall”) time and re-localized to the same timezone. When flooring
near daylight savings time, use nonexistent and ambiguous to
control the re-localization behavior.

Examples

DatetimeIndex

Series

When rounding near a daylight savings time transition, use ambiguous or nonexistent to control how the timestamp should be re-localized.",https://pandas.pydata.org/docs/reference/api/pandas.TimedeltaIndex.floor.html
Index,Conversion,TimedeltaIndex.ceil,"freq[, ambiguous, ...]","Perform ceil operation on the data to the specified freq .

Notes

If the timestamps have a timezone, ceiling will take place relative to the
local (“wall”) time and re-localized to the same timezone. When ceiling
near daylight savings time, use nonexistent and ambiguous to
control the re-localization behavior.

Examples

DatetimeIndex

Series

When rounding near a daylight savings time transition, use ambiguous or nonexistent to control how the timestamp should be re-localized.",https://pandas.pydata.org/docs/reference/api/pandas.TimedeltaIndex.ceil.html
Index,Conversion,TimedeltaIndex.to_frame,"[index, name]","Create a DataFrame with a column containing the Index.

Examples

By default, the original Index is reused. To enforce a new Index:

To override the name of the resulting column, specify name :",https://pandas.pydata.org/docs/reference/api/pandas.TimedeltaIndex.to_frame.html
Index,Methods,TimedeltaIndex.mean,"*[, skipna, axis]","Return the mean value of the Array.

Notes

mean is only defined for Datetime and Timedelta dtypes, not for Period.

Examples

For pandas.DatetimeIndex :

For pandas.TimedeltaIndex :",https://pandas.pydata.org/docs/reference/api/pandas.TimedeltaIndex.mean.html
Index,PeriodIndex,PeriodIndex,"[data, freq, dtype, copy, name]","Immutable ndarray holding ordinal values indicating regular periods in time.

Index keys are boxed to Period objects which carries the metadata (eg,
frequency information).

Attributes

Methods

Examples",https://pandas.pydata.org/docs/reference/api/pandas.PeriodIndex.html
Index,Properties,PeriodIndex.day,,"The days of the period.

Examples",https://pandas.pydata.org/docs/reference/api/pandas.PeriodIndex.day.html
Index,Properties,PeriodIndex.dayofweek,,"The day of the week with Monday=0, Sunday=6.

Examples",https://pandas.pydata.org/docs/reference/api/pandas.PeriodIndex.dayofweek.html
Index,Properties,PeriodIndex.day_of_week,,"The day of the week with Monday=0, Sunday=6.

Examples",https://pandas.pydata.org/docs/reference/api/pandas.PeriodIndex.day_of_week.html
Index,Properties,PeriodIndex.dayofyear,,"The ordinal day of the year.

Examples",https://pandas.pydata.org/docs/reference/api/pandas.PeriodIndex.dayofyear.html
Index,Properties,PeriodIndex.day_of_year,,"The ordinal day of the year.

Examples",https://pandas.pydata.org/docs/reference/api/pandas.PeriodIndex.day_of_year.html
Index,Properties,PeriodIndex.days_in_month,,"The number of days in the month.

Examples

For Series:

For PeriodIndex:",https://pandas.pydata.org/docs/reference/api/pandas.PeriodIndex.days_in_month.html
Index,Properties,PeriodIndex.daysinmonth,,"The number of days in the month.

Examples

For Series:

For PeriodIndex:",https://pandas.pydata.org/docs/reference/api/pandas.PeriodIndex.daysinmonth.html
Index,Properties,PeriodIndex.end_time,,"Get the Timestamp for the end of the period.

Examples

For Period:

For Series:

For PeriodIndex:",https://pandas.pydata.org/docs/reference/api/pandas.PeriodIndex.end_time.html
Index,Properties,PeriodIndex.freq,,"Return the frequency object if it is set, otherwise None.

To learn more about the frequency strings, please see this link .

Examples",https://pandas.pydata.org/docs/reference/api/pandas.PeriodIndex.freq.html
Index,Properties,PeriodIndex.freqstr,,"Return the frequency object as a string if it’s set, otherwise None.

Examples

For DatetimeIndex:

The frequency can be inferred if there are more than 2 points:

For PeriodIndex:",https://pandas.pydata.org/docs/reference/api/pandas.PeriodIndex.freqstr.html
Index,Properties,PeriodIndex.hour,,"The hour of the period.

Examples",https://pandas.pydata.org/docs/reference/api/pandas.PeriodIndex.hour.html
Index,Properties,PeriodIndex.is_leap_year,,"Logical indicating if the date belongs to a leap year.

Examples",https://pandas.pydata.org/docs/reference/api/pandas.PeriodIndex.is_leap_year.html
Index,Properties,PeriodIndex.minute,,"The minute of the period.

Examples",https://pandas.pydata.org/docs/reference/api/pandas.PeriodIndex.minute.html
Index,Properties,PeriodIndex.month,,"The month as January=1, December=12.

Examples",https://pandas.pydata.org/docs/reference/api/pandas.PeriodIndex.month.html
Index,Properties,PeriodIndex.quarter,,"The quarter of the date.

Examples",https://pandas.pydata.org/docs/reference/api/pandas.PeriodIndex.quarter.html
Index,Properties,PeriodIndex.qyear,,"Fiscal year the Period lies in according to its starting-quarter.

The year and the qyear of the period will be the same if the fiscal
and calendar years are the same. When they are not, the fiscal year
can be different from the calendar year of the period.

Examples

If the natural and fiscal year are the same, qyear and year will
be the same.

If the fiscal year starts in April ( Q-MAR ), the first quarter of
2018 will start in April 2017. year will then be 2017, but qyear will be the fiscal year, 2018.",https://pandas.pydata.org/docs/reference/api/pandas.PeriodIndex.qyear.html
Index,Properties,PeriodIndex.second,,"The second of the period.

Examples",https://pandas.pydata.org/docs/reference/api/pandas.PeriodIndex.second.html
Index,Properties,PeriodIndex.start_time,,"Get the Timestamp for the start of the period.

Examples",https://pandas.pydata.org/docs/reference/api/pandas.PeriodIndex.start_time.html
Index,Properties,PeriodIndex.week,,"The week ordinal of the year.

Examples",https://pandas.pydata.org/docs/reference/api/pandas.PeriodIndex.week.html
Index,Properties,PeriodIndex.weekday,,"The day of the week with Monday=0, Sunday=6.

Examples",https://pandas.pydata.org/docs/reference/api/pandas.PeriodIndex.weekday.html
Index,Properties,PeriodIndex.weekofyear,,"The week ordinal of the year.

Examples",https://pandas.pydata.org/docs/reference/api/pandas.PeriodIndex.weekofyear.html
Index,Properties,PeriodIndex.year,,"The year of the period.

Examples",https://pandas.pydata.org/docs/reference/api/pandas.PeriodIndex.year.html
Index,Methods,PeriodIndex.asfreq,"[freq, how]","Convert the PeriodArray to the specified frequency freq .

Equivalent to applying pandas.Period.asfreq() with the given arguments
to each Period in this PeriodArray.

Examples",https://pandas.pydata.org/docs/reference/api/pandas.PeriodIndex.asfreq.html
Index,Methods,PeriodIndex.strftime,date_format,"Convert to Index using specified date_format.

Return an Index of formatted strings specified by date_format, which
supports the same string format as the python standard library. Details
of the string format can be found in python string format
doc .

Formats supported by the C strftime API but not by the python string format
doc (such as “%R” , “%r” ) are not officially supported and should be
preferably replaced with their supported equivalents (such as “%H:%M” , “%I:%M:%S %p” ).

Note that PeriodIndex support additional directives, detailed in Period.strftime .

Examples",https://pandas.pydata.org/docs/reference/api/pandas.PeriodIndex.strftime.html
Index,Methods,PeriodIndex.to_timestamp,"[freq, how]","Cast to DatetimeArray/Index.

If possible, gives microsecond-unit DatetimeArray/Index. Otherwise
gives nanosecond unit.

Examples

The frequency will not be inferred if the index contains less than
three elements, or if the values of index are not strictly monotonic:",https://pandas.pydata.org/docs/reference/api/pandas.PeriodIndex.to_timestamp.html
Index,Methods,PeriodIndex.from_fields,"*[, year, quarter, ...]","Construct a PeriodIndex from fields (year, month, day, etc.).

Examples",https://pandas.pydata.org/docs/reference/api/pandas.PeriodIndex.from_fields.html
Index,Methods,PeriodIndex.from_ordinals,"ordinals, *, freq","Construct a PeriodIndex from ordinals.

Examples",https://pandas.pydata.org/docs/reference/api/pandas.PeriodIndex.from_ordinals.html
Arrays,Objects,array,"data[, dtype, copy]","Create an array.

This method constructs an array using pandas extension types when possible.
If dtype is specified, it determines the type of array returned. Otherwise,
pandas attempts to infer the appropriate dtype based on data .

Notes

Omitting the dtype argument means pandas will attempt to infer the
best array type from the values in the data. As new array types are
added by pandas and 3rd party libraries, the “best” array type may
change. We recommend specifying dtype to ensure that

Additionally, if the underlying memory representation of the returned
array matters, we recommend specifying the dtype as a concrete object
rather than a string alias or allowing it to be inferred. For example,
a future version of pandas or a 3rd-party library may include a
dedicated ExtensionArray for string data. In this event, the following
would no longer return a arrays.NumpyExtensionArray backed by a
NumPy array.

This would instead return the new ExtensionArray dedicated for string
data. If you really need the new array to be backed by a  NumPy array,
specify that in the dtype.

Finally, Pandas has arrays that mostly overlap with NumPy

When data with a datetime64[ns] or timedelta64[ns] dtype is
passed, pandas will always return a DatetimeArray or TimedeltaArray rather than a NumpyExtensionArray . This is for symmetry with the case of
timezone-aware data, which NumPy does not natively support.

Examples

If a dtype is not specified, pandas will infer the best dtype from the values.
See the description of dtype for the types pandas infers for.

You can use the string alias for dtype

Or specify the actual dtype

If pandas does not infer a dedicated extension type a arrays.NumpyExtensionArray is returned.

As mentioned in the “Notes” section, new extension types may be added
in the future (by pandas or 3rd party libraries), causing the return
value to no longer be a arrays.NumpyExtensionArray . Specify the dtype as a NumPy dtype if you need to ensure there’s no future change in
behavior.

data must be 1-dimensional. A ValueError is raised when the input
has the wrong dimensionality.",https://pandas.pydata.org/docs/reference/api/pandas.array.html
Arrays,PyArrow,arrays.ArrowExtensionArray,values,"Pandas ExtensionArray backed by a PyArrow ChunkedArray.

Attributes

Methods

Notes

Most methods are implemented using pyarrow compute functions. Some methods may either raise an exception or raise a PerformanceWarning if an
associated compute function is not available based on the installed version of PyArrow.

Please install the latest version of PyArrow to enable the best functionality and avoid
potential bugs in prior versions of PyArrow.

Examples

Create an ArrowExtensionArray with pandas.array() :",https://pandas.pydata.org/docs/reference/api/pandas.arrays.ArrowExtensionArray.html
Arrays,PyArrow,ArrowDtype,pyarrow_dtype,"An ExtensionDtype for PyArrow data types.

While most dtype arguments can accept the “string”
constructor, e.g. ""int64[pyarrow]"" , ArrowDtype is useful
if the data type contains parameters like pyarrow.timestamp .

Attributes

Methods

Examples

Types with parameters must be constructed with ArrowDtype.",https://pandas.pydata.org/docs/reference/api/pandas.ArrowDtype.html
Arrays,Datetimes,Timestamp,"[ts_input, year, month, day, ...]","Pandas replacement for python datetime.datetime object.

Timestamp is the pandas equivalent of python’s Datetime
and is interchangeable with it in most cases. It’s the type used
for the entries that make up a DatetimeIndex, and other timeseries
oriented data structures in pandas.

Notes

There are essentially three calling conventions for the constructor. The
primary form accepts four parameters. They can be passed by position or
keyword.

The other two forms mimic the parameters from datetime.datetime . They
can be passed by either position or keyword, but not both mixed together.

Examples

Using the primary calling convention:

This converts a datetime-like string

This converts a float representing a Unix epoch in units of seconds

This converts an int representing a Unix-epoch in units of weeks

This converts an int representing a Unix-epoch in units of seconds
and for a particular timezone

Using the other two forms that mimic the API for datetime.datetime :

Attributes

Methods",https://pandas.pydata.org/docs/reference/api/pandas.Timestamp.html
Arrays,Datetimes,Timestamp.asm8,,"Return numpy datetime64 format with same precision.

Examples",https://pandas.pydata.org/docs/reference/api/pandas.Timestamp.asm8.html
Arrays,Datetimes,Timestamp.day,,"Return the day of the Timestamp.

Examples",https://pandas.pydata.org/docs/reference/api/pandas.Timestamp.day.html
Arrays,Datetimes,Timestamp.dayofweek,,"Return day of the week.

Examples",https://pandas.pydata.org/docs/reference/api/pandas.Timestamp.dayofweek.html
Arrays,Datetimes,Timestamp.day_of_week,,"Return day of the week.

Examples",https://pandas.pydata.org/docs/reference/api/pandas.Timestamp.day_of_week.html
Arrays,Datetimes,Timestamp.dayofyear,,"Return the day of the year.

Examples",https://pandas.pydata.org/docs/reference/api/pandas.Timestamp.dayofyear.html
Arrays,Datetimes,Timestamp.day_of_year,,"Return the day of the year.

Examples",https://pandas.pydata.org/docs/reference/api/pandas.Timestamp.day_of_year.html
Arrays,Datetimes,Timestamp.days_in_month,,"Return the number of days in the month.

Examples",https://pandas.pydata.org/docs/reference/api/pandas.Timestamp.days_in_month.html
Arrays,Datetimes,Timestamp.daysinmonth,,"Return the number of days in the month.

Examples",https://pandas.pydata.org/docs/reference/api/pandas.Timestamp.daysinmonth.html
Arrays,Datetimes,Timestamp.fold,,"Return the fold value of the Timestamp.

Examples",https://pandas.pydata.org/docs/reference/api/pandas.Timestamp.fold.html
Arrays,Datetimes,Timestamp.hour,,"Return the hour of the Timestamp.

Examples",https://pandas.pydata.org/docs/reference/api/pandas.Timestamp.hour.html
Arrays,Datetimes,Timestamp.is_leap_year,,"Return True if year is a leap year.

A leap year is a year, which has 366 days (instead of 365) including 29th of
February as an intercalary day. Leap years are years which are multiples of
four with the exception of years divisible by 100 but not by 400.

Examples",https://pandas.pydata.org/docs/reference/api/pandas.Timestamp.is_leap_year.html
Arrays,Datetimes,Timestamp.is_month_end,,"Check if the date is the last day of the month.

Examples",https://pandas.pydata.org/docs/reference/api/pandas.Timestamp.is_month_end.html
Arrays,Datetimes,Timestamp.is_month_start,,"Check if the date is the first day of the month.

Examples",https://pandas.pydata.org/docs/reference/api/pandas.Timestamp.is_month_start.html
Arrays,Datetimes,Timestamp.is_quarter_end,,"Check if date is last day of the quarter.

Examples",https://pandas.pydata.org/docs/reference/api/pandas.Timestamp.is_quarter_end.html
Arrays,Datetimes,Timestamp.is_quarter_start,,"Check if the date is the first day of the quarter.

Examples",https://pandas.pydata.org/docs/reference/api/pandas.Timestamp.is_quarter_start.html
Arrays,Datetimes,Timestamp.is_year_end,,"Return True if date is last day of the year.

Examples",https://pandas.pydata.org/docs/reference/api/pandas.Timestamp.is_year_end.html
Arrays,Datetimes,Timestamp.is_year_start,,"Return True if date is first day of the year.

Examples",https://pandas.pydata.org/docs/reference/api/pandas.Timestamp.is_year_start.html
Arrays,Datetimes,Timestamp.max,,,https://pandas.pydata.org/docs/reference/api/pandas.Timestamp.max.html
Arrays,Datetimes,Timestamp.microsecond,,"Return the microsecond of the Timestamp.

Examples",https://pandas.pydata.org/docs/reference/api/pandas.Timestamp.microsecond.html
Arrays,Datetimes,Timestamp.min,,,https://pandas.pydata.org/docs/reference/api/pandas.Timestamp.min.html
Arrays,Datetimes,Timestamp.minute,,"Return the minute of the Timestamp.

Examples",https://pandas.pydata.org/docs/reference/api/pandas.Timestamp.minute.html
Arrays,Datetimes,Timestamp.month,,"Return the month of the Timestamp.

Examples",https://pandas.pydata.org/docs/reference/api/pandas.Timestamp.month.html
Arrays,Datetimes,Timestamp.nanosecond,,"Return the nanosecond of the Timestamp.

Examples",https://pandas.pydata.org/docs/reference/api/pandas.Timestamp.nanosecond.html
Arrays,Datetimes,Timestamp.quarter,,"Return the quarter of the year for the Timestamp .

This property returns an integer representing the quarter of the year in
which the Timestamp falls. The quarters are defined as follows:
- Q1: January 1 to March 31
- Q2: April 1 to June 30
- Q3: July 1 to September 30
- Q4: October 1 to December 31

Examples

Get the quarter for a Timestamp :

For a Timestamp in the fourth quarter:",https://pandas.pydata.org/docs/reference/api/pandas.Timestamp.quarter.html
Arrays,Datetimes,Timestamp.resolution,,,https://pandas.pydata.org/docs/reference/api/pandas.Timestamp.resolution.html
Arrays,Datetimes,Timestamp.second,,"Return the second of the Timestamp.

Examples",https://pandas.pydata.org/docs/reference/api/pandas.Timestamp.second.html
Arrays,Datetimes,Timestamp.tz,,"Alias for tzinfo.

The tz property provides a simple and direct way to retrieve the timezone
information of a Timestamp object. It is particularly useful when working
with time series data that includes timezone information, allowing for easy
access and manipulation of the timezone context.

Examples",https://pandas.pydata.org/docs/reference/api/pandas.Timestamp.tz.html
Arrays,Datetimes,Timestamp.tzinfo,,"Returns the timezone info of the Timestamp.

This property returns a datetime.tzinfo object if the Timestamp
is timezone-aware. If the Timestamp has no timezone, it returns None .
If the Timestamp is in UTC or a fixed-offset timezone,
it returns datetime.timezone . If the Timestamp uses an
IANA timezone (e.g., “America/New_York”), it returns zoneinfo.ZoneInfo .

Examples",https://pandas.pydata.org/docs/reference/api/pandas.Timestamp.tzinfo.html
Arrays,Datetimes,Timestamp.unit,,"The abbreviation associated with self._creso.

This property returns a string representing the time unit of the Timestamp’s
resolution. It corresponds to the smallest time unit that can be represented
by this Timestamp object. The possible values are:
- ‘s’ (second)
- ‘ms’ (millisecond)
- ‘us’ (microsecond)
- ‘ns’ (nanosecond)

Examples",https://pandas.pydata.org/docs/reference/api/pandas.Timestamp.unit.html
Arrays,Datetimes,Timestamp.value,,"Return the value of the Timestamp.

Examples",https://pandas.pydata.org/docs/reference/api/pandas.Timestamp.value.html
Arrays,Datetimes,Timestamp.week,,"Return the week number of the year.

Examples",https://pandas.pydata.org/docs/reference/api/pandas.Timestamp.week.html
Arrays,Datetimes,Timestamp.weekofyear,,"Return the week number of the year.

Examples",https://pandas.pydata.org/docs/reference/api/pandas.Timestamp.weekofyear.html
Arrays,Datetimes,Timestamp.year,,"Return the year of the Timestamp.

Examples",https://pandas.pydata.org/docs/reference/api/pandas.Timestamp.year.html
Arrays,Datetimes,Timestamp.as_unit,"unit[, round_ok]","Convert the underlying int64 representation to the given unit.

Examples",https://pandas.pydata.org/docs/reference/api/pandas.Timestamp.as_unit.html
Arrays,Datetimes,Timestamp.astimezone,tz,"Convert timezone-aware Timestamp to another time zone.

This method is used to convert a timezone-aware Timestamp object to a
different time zone. The original UTC time remains the same; only the
time zone information is changed. If the Timestamp is timezone-naive, a
TypeError is raised.

Examples

Create a timestamp object with UTC timezone:

Change to Tokyo timezone:

Can also use astimezone :

Analogous for pd.NaT :",https://pandas.pydata.org/docs/reference/api/pandas.Timestamp.astimezone.html
Arrays,Datetimes,Timestamp.ceil,"freq[, ambiguous, nonexistent]","Return a new Timestamp ceiled to this resolution.

Notes

If the Timestamp has a timezone, ceiling will take place relative to the
local (“wall”) time and re-localized to the same timezone. When ceiling
near daylight savings time, use nonexistent and ambiguous to
control the re-localization behavior.

Examples

Create a timestamp object:

A timestamp can be ceiled using multiple frequency units:

freq can also be a multiple of a single unit, like ‘5min’ (i.e.  5 minutes):

or a combination of multiple units, like ‘1h30min’ (i.e. 1 hour and 30 minutes):

Analogous for pd.NaT :

When rounding near a daylight savings time transition, use ambiguous or nonexistent to control how the timestamp should be re-localized.",https://pandas.pydata.org/docs/reference/api/pandas.Timestamp.ceil.html
Arrays,Datetimes,Timestamp.combine,"date, time","Combine a date and time into a single Timestamp object.

This method takes a date object and a time object
and combines them into a single Timestamp that has the same date and time fields.

Examples",https://pandas.pydata.org/docs/reference/api/pandas.Timestamp.combine.html
Arrays,Datetimes,Timestamp.ctime,,"Return a ctime() style string representing the Timestamp.

This method returns a string representing the date and time
in the format returned by the standard library’s time.ctime() function, which is typically in the form ‘Day Mon DD HH:MM:SS YYYY’.

If the Timestamp is outside the range supported by Python’s
standard library, a NotImplementedError is raised.

Examples",https://pandas.pydata.org/docs/reference/api/pandas.Timestamp.ctime.html
Arrays,Datetimes,Timestamp.date,,"Returns datetime.date with the same year, month, and day.

This method extracts the date component from the Timestamp and returns
it as a datetime.date object, discarding the time information.

Examples

Extract the date from a Timestamp:",https://pandas.pydata.org/docs/reference/api/pandas.Timestamp.date.html
Arrays,Datetimes,Timestamp.day_name,[locale],"Return the day name of the Timestamp with specified locale.

Examples

Analogous for pd.NaT :",https://pandas.pydata.org/docs/reference/api/pandas.Timestamp.day_name.html
Arrays,Datetimes,Timestamp.dst,,"Return the daylight saving time (DST) adjustment.

This method returns the DST adjustment as a datetime.timedelta object
if the Timestamp is timezone-aware and DST is applicable.

Examples",https://pandas.pydata.org/docs/reference/api/pandas.Timestamp.dst.html
Arrays,Datetimes,Timestamp.floor,"freq[, ambiguous, nonexistent]","Return a new Timestamp floored to this resolution.

Notes

If the Timestamp has a timezone, flooring will take place relative to the
local (“wall”) time and re-localized to the same timezone. When flooring
near daylight savings time, use nonexistent and ambiguous to
control the re-localization behavior.

Examples

Create a timestamp object:

A timestamp can be floored using multiple frequency units:

freq can also be a multiple of a single unit, like ‘5min’ (i.e.  5 minutes):

or a combination of multiple units, like ‘1h30min’ (i.e. 1 hour and 30 minutes):

Analogous for pd.NaT :

When rounding near a daylight savings time transition, use ambiguous or nonexistent to control how the timestamp should be re-localized.",https://pandas.pydata.org/docs/reference/api/pandas.Timestamp.floor.html
Arrays,Datetimes,Timestamp.fromordinal,"ordinal[, tz]","Construct a timestamp from a proleptic Gregorian ordinal.

This method creates a Timestamp object corresponding to the given
proleptic Gregorian ordinal, which is a count of days from January 1,
0001 (using the proleptic Gregorian calendar). The time part of the Timestamp is set to midnight (00:00:00) by default.

Notes

By definition there cannot be any tz info on the ordinal itself.

Examples

Convert an ordinal to a Timestamp :

Create a Timestamp from an ordinal with timezone information:",https://pandas.pydata.org/docs/reference/api/pandas.Timestamp.fromordinal.html
Arrays,Datetimes,Timestamp.fromtimestamp,"ts[, tz]","Create a Timestamp object from a POSIX timestamp.

This method converts a POSIX timestamp (the number of seconds since
January 1, 1970, 00:00:00 UTC) into a Timestamp object. The resulting Timestamp can be localized to a specific time zone if provided.

Examples

Convert a POSIX timestamp to a Timestamp :

Note that the output may change depending on your local time and time zone:",https://pandas.pydata.org/docs/reference/api/pandas.Timestamp.fromtimestamp.html
Arrays,Datetimes,Timestamp.isocalendar,,"Return a named tuple containing ISO year, week number, and weekday.

Examples",https://pandas.pydata.org/docs/reference/api/pandas.Timestamp.isocalendar.html
Arrays,Datetimes,Timestamp.isoformat,"[sep, timespec]","Return the time formatted according to ISO 8601.

The full format looks like ‘YYYY-MM-DD HH:MM:SS.mmmmmmnnn’.
By default, the fractional part is omitted if self.microsecond == 0
and self._nanosecond == 0.

If self.tzinfo is not None, the UTC offset is also attached,
giving a full format of ‘YYYY-MM-DD HH:MM:SS.mmmmmmnnn+HH:MM’.

Examples",https://pandas.pydata.org/docs/reference/api/pandas.Timestamp.isoformat.html
Arrays,Datetimes,Timestamp.isoweekday,,"Return the day of the week represented by the date.

Monday == 1 … Sunday == 7.

Examples",https://pandas.pydata.org/docs/reference/api/pandas.Timestamp.isoweekday.html
Arrays,Datetimes,Timestamp.month_name,[locale],"Return the month name of the Timestamp with specified locale.

This method returns the full name of the month corresponding to the Timestamp , such as ‘January’, ‘February’, etc. The month name can
be returned in a specified locale if provided; otherwise, it defaults
to the English locale.

Examples

Get the month name in English (default):

Analogous for pd.NaT :",https://pandas.pydata.org/docs/reference/api/pandas.Timestamp.month_name.html
Arrays,Datetimes,Timestamp.normalize,,"Normalize Timestamp to midnight, preserving tz information.

This method sets the time component of the Timestamp to midnight (00:00:00),
while preserving the date and time zone information. It is useful when you
need to standardize the time across different Timestamp objects without
altering the time zone or the date.

Examples",https://pandas.pydata.org/docs/reference/api/pandas.Timestamp.normalize.html
Arrays,Datetimes,Timestamp.now,[tz],"Return new Timestamp object representing current time local to tz.

This method returns a new Timestamp object that represents the current time.
If a timezone is provided, either through a timezone object or an IANA
standard timezone identifier, the current time will be localized to that
timezone.
Otherwise, it returns the current local time.

Examples

If you want a specific timezone, in this case ‘Brazil/East’:

Analogous for pd.NaT :",https://pandas.pydata.org/docs/reference/api/pandas.Timestamp.now.html
Arrays,Datetimes,Timestamp.replace,"[year, month, day, hour, ...]","Implements datetime.replace, handles nanoseconds.

This method creates a new Timestamp object by replacing the specified
fields with new values. The new Timestamp retains the original fields
that are not explicitly replaced. This method handles nanoseconds, and
the tzinfo parameter allows for timezone replacement without conversion.

Notes

The replace method does not perform timezone conversions. If you need
to convert the timezone, use the tz_convert method instead.

Examples

Create a timestamp object:

Replace year and the hour:

Replace timezone (not a conversion):

Analogous for pd.NaT :",https://pandas.pydata.org/docs/reference/api/pandas.Timestamp.replace.html
Arrays,Datetimes,Timestamp.round,"freq[, ambiguous, nonexistent]","Round the Timestamp to the specified resolution.

This method rounds the given Timestamp down to a specified frequency
level. It is particularly useful in data analysis to normalize timestamps
to regular frequency intervals. For instance, rounding to the nearest
minute, hour, or day can help in time series comparisons or resampling
operations.

Notes

If the Timestamp has a timezone, rounding will take place relative to the
local (“wall”) time and re-localized to the same timezone. When rounding
near daylight savings time, use nonexistent and ambiguous to
control the re-localization behavior.

Examples

Create a timestamp object:

A timestamp can be rounded using multiple frequency units:

freq can also be a multiple of a single unit, like ‘5min’ (i.e.  5 minutes):

or a combination of multiple units, like ‘1h30min’ (i.e. 1 hour and 30 minutes):

Analogous for pd.NaT :

When rounding near a daylight savings time transition, use ambiguous or nonexistent to control how the timestamp should be re-localized.",https://pandas.pydata.org/docs/reference/api/pandas.Timestamp.round.html
Arrays,Datetimes,Timestamp.strftime,format,"Return a formatted string of the Timestamp.

Examples",https://pandas.pydata.org/docs/reference/api/pandas.Timestamp.strftime.html
Arrays,Datetimes,Timestamp.strptime,"date_string, format","Convert string argument to datetime.

This method is not implemented; calling it will raise NotImplementedError.
Use pd.to_datetime() instead.

Examples",https://pandas.pydata.org/docs/reference/api/pandas.Timestamp.strptime.html
Arrays,Datetimes,Timestamp.time,,"Return time object with same time but with tzinfo=None.

This method extracts the time part of the Timestamp object, excluding any
timezone information. It returns a datetime.time object which only represents
the time (hours, minutes, seconds, and microseconds).

Examples",https://pandas.pydata.org/docs/reference/api/pandas.Timestamp.time.html
Arrays,Datetimes,Timestamp.timestamp,,"Return POSIX timestamp as float.

This method converts the Timestamp object to a POSIX timestamp, which is
the number of seconds since the Unix epoch (January 1, 1970). The returned
value is a floating-point number, where the integer part represents the
seconds, and the fractional part represents the microseconds.

Examples",https://pandas.pydata.org/docs/reference/api/pandas.Timestamp.timestamp.html
Arrays,Datetimes,Timestamp.timetuple,,"Return time tuple, compatible with time.localtime().

This method converts the Timestamp into a time tuple, which is compatible
with functions like time.localtime() . The time tuple is a named tuple with
attributes such as year, month, day, hour, minute, second, weekday,
day of the year, and daylight savings indicator.

Examples",https://pandas.pydata.org/docs/reference/api/pandas.Timestamp.timetuple.html
Arrays,Datetimes,Timestamp.timetz,,"Return time object with same time and tzinfo.

This method returns a datetime.time object with
the time and tzinfo corresponding to the pd.Timestamp
object, ignoring any information about the day/date.

Examples",https://pandas.pydata.org/docs/reference/api/pandas.Timestamp.timetz.html
Arrays,Datetimes,Timestamp.to_datetime64,,"Return a NumPy datetime64 object with same precision.

This method returns a numpy.datetime64 object with the same
date and time information and precision as the pd.Timestamp object.

Examples",https://pandas.pydata.org/docs/reference/api/pandas.Timestamp.to_datetime64.html
Arrays,Datetimes,Timestamp.to_numpy,"[dtype, copy]","Convert the Timestamp to a NumPy datetime64.

This is an alias method for Timestamp.to_datetime64() . The dtype and
copy parameters are available here only for compatibility. Their values
will not affect the return value.

Examples

Analogous for pd.NaT :",https://pandas.pydata.org/docs/reference/api/pandas.Timestamp.to_numpy.html
Arrays,Datetimes,Timestamp.to_julian_date,,"Convert TimeStamp to a Julian Date.

This method returns the number of days as a float since
0 Julian date, which is noon January 1, 4713 BC.

Examples",https://pandas.pydata.org/docs/reference/api/pandas.Timestamp.to_julian_date.html
Arrays,Datetimes,Timestamp.to_period,[freq],"Return a period of which this timestamp is an observation.

This method converts the given Timestamp to a Period object,
which represents a span of time,such as a year, month, etc.,
based on the specified frequency.

Examples",https://pandas.pydata.org/docs/reference/api/pandas.Timestamp.to_period.html
Arrays,Datetimes,Timestamp.to_pydatetime,[warn],"Convert a Timestamp object to a native Python datetime object.

This method is useful for when you need to utilize a pandas Timestamp
object in contexts where native Python datetime objects are expected
or required. The conversion discards the nanoseconds component, and a
warning can be issued in such cases if desired.

Examples

Analogous for pd.NaT :",https://pandas.pydata.org/docs/reference/api/pandas.Timestamp.to_pydatetime.html
Arrays,Datetimes,Timestamp.today,[tz],"Return the current time in the local timezone.

This differs from datetime.today() in that it can be localized to a
passed timezone.

Examples

Analogous for pd.NaT :",https://pandas.pydata.org/docs/reference/api/pandas.Timestamp.today.html
Arrays,Datetimes,Timestamp.toordinal,,"Return proleptic Gregorian ordinal. January 1 of year 1 is day 1.

The proleptic Gregorian ordinal is a continuous count of days since
January 1 of year 1, which is considered day 1. This method converts
the Timestamp to its equivalent ordinal number, useful for date arithmetic
and comparison operations.

Examples",https://pandas.pydata.org/docs/reference/api/pandas.Timestamp.toordinal.html
Arrays,Datetimes,Timestamp.tz_convert,tz,"Convert timezone-aware Timestamp to another time zone.

This method is used to convert a timezone-aware Timestamp object to a
different time zone. The original UTC time remains the same; only the
time zone information is changed. If the Timestamp is timezone-naive, a
TypeError is raised.

Examples

Create a timestamp object with UTC timezone:

Change to Tokyo timezone:

Can also use astimezone :

Analogous for pd.NaT :",https://pandas.pydata.org/docs/reference/api/pandas.Timestamp.tz_convert.html
Arrays,Datetimes,Timestamp.tz_localize,"tz[, ambiguous, ...]","Localize the Timestamp to a timezone.

Convert naive Timestamp to local time zone or remove
timezone from timezone-aware Timestamp.

Examples

Create a naive timestamp object:

Add ‘Europe/Stockholm’ as timezone:

Analogous for pd.NaT :",https://pandas.pydata.org/docs/reference/api/pandas.Timestamp.tz_localize.html
Arrays,Datetimes,Timestamp.tzname,,"Return time zone name.

This method returns the name of the Timestamp’s time zone as a string.

Examples",https://pandas.pydata.org/docs/reference/api/pandas.Timestamp.tzname.html
Arrays,Datetimes,Timestamp.utcfromtimestamp,ts,"Construct a timezone-aware UTC datetime from a POSIX timestamp.

This method creates a datetime object from a POSIX timestamp, keeping the
Timestamp object’s timezone.

Notes

Timestamp.utcfromtimestamp behavior differs from datetime.utcfromtimestamp
in returning a timezone-aware object.

Examples",https://pandas.pydata.org/docs/reference/api/pandas.Timestamp.utcfromtimestamp.html
Arrays,Datetimes,Timestamp.utcnow,,"Return a new Timestamp representing UTC day and time.

Examples",https://pandas.pydata.org/docs/reference/api/pandas.Timestamp.utcnow.html
Arrays,Datetimes,Timestamp.utcoffset,,"Return utc offset.

This method returns the difference between UTC and the local time
as a timedelta object. It is useful for understanding the time
difference between the current timezone and UTC.

Examples",https://pandas.pydata.org/docs/reference/api/pandas.Timestamp.utcoffset.html
Arrays,Datetimes,Timestamp.utctimetuple,,"Return UTC time tuple, compatible with time.localtime() .

This method converts the Timestamp to UTC and returns a time tuple
containing 9 components: year, month, day, hour, minute, second,
weekday, day of year, and DST flag. This is particularly useful for
converting a Timestamp to a format compatible with time module functions.

Examples",https://pandas.pydata.org/docs/reference/api/pandas.Timestamp.utctimetuple.html
Arrays,Datetimes,Timestamp.weekday,,"Return the day of the week represented by the date.

Monday == 0 … Sunday == 6.

Examples",https://pandas.pydata.org/docs/reference/api/pandas.Timestamp.weekday.html
Arrays,Datetimes,arrays.DatetimeArray,"data[, dtype, freq, copy]","Pandas ExtensionArray for tz-naive or tz-aware datetime data.

Attributes

Methods

Examples",https://pandas.pydata.org/docs/reference/api/pandas.arrays.DatetimeArray.html
Arrays,Datetimes,DatetimeTZDtype,"[unit, tz]","An ExtensionDtype for timezone-aware datetime data.

This is not an actual numpy dtype , but a duck type.

Attributes

Methods

Examples",https://pandas.pydata.org/docs/reference/api/pandas.DatetimeTZDtype.html
Arrays,Timedeltas,Timedelta,"[value, unit]","Represents a duration, the difference between two dates or times.

Timedelta is the pandas equivalent of python’s datetime.timedelta and is interchangeable with it in most cases.

Notes

The constructor may take in either both values of value and unit or
kwargs as above. Either one of them must be used during initialization

The .value attribute is always in ns.

If the precision is higher than nanoseconds, the precision of the duration is
truncated to nanoseconds.

Examples

Here we initialize Timedelta object with both value and unit

Here we initialize the Timedelta object with kwargs

We see that either way we get the same result

Attributes

Methods",https://pandas.pydata.org/docs/reference/api/pandas.Timedelta.html
Arrays,Timedeltas,Timedelta.asm8,,"Return a numpy timedelta64 array scalar view.

Provides access to the array scalar view (i.e. a combination of the
value and the units) associated with the numpy.timedelta64().view(),
including a 64-bit integer representation of the timedelta in
nanoseconds (Python int compatible).

Examples",https://pandas.pydata.org/docs/reference/api/pandas.Timedelta.asm8.html
Arrays,Timedeltas,Timedelta.components,,"Return a components namedtuple-like.

Each component represents a different time unit, allowing you to access the
breakdown of the total duration in terms of days, hours, minutes, seconds,
milliseconds, microseconds, and nanoseconds.

Examples",https://pandas.pydata.org/docs/reference/api/pandas.Timedelta.components.html
Arrays,Timedeltas,Timedelta.days,,"Returns the days of the timedelta.

The days attribute of a pandas.Timedelta object provides the number
of days represented by the Timedelta . This is useful for extracting
the day component from a Timedelta that may also include hours, minutes,
seconds, and smaller time units. This attribute simplifies the process
of working with durations where only the day component is of interest.

Examples",https://pandas.pydata.org/docs/reference/api/pandas.Timedelta.days.html
Arrays,Timedeltas,Timedelta.max,,,https://pandas.pydata.org/docs/reference/api/pandas.Timedelta.max.html
Arrays,Timedeltas,Timedelta.microseconds,,"Return the number of microseconds (n), where 0 <= n < 1 millisecond.

Timedelta.microseconds = milliseconds * 1000 + microseconds.

Examples

Using string input

Using integer input",https://pandas.pydata.org/docs/reference/api/pandas.Timedelta.microseconds.html
Arrays,Timedeltas,Timedelta.min,,,https://pandas.pydata.org/docs/reference/api/pandas.Timedelta.min.html
Arrays,Timedeltas,Timedelta.nanoseconds,,"Return the number of nanoseconds (n), where 0 <= n < 1 microsecond.

Examples

Using string input

Using integer input",https://pandas.pydata.org/docs/reference/api/pandas.Timedelta.nanoseconds.html
Arrays,Timedeltas,Timedelta.resolution,,,https://pandas.pydata.org/docs/reference/api/pandas.Timedelta.resolution.html
Arrays,Timedeltas,Timedelta.seconds,,"Return the total hours, minutes, and seconds of the timedelta as seconds.

Timedelta.seconds = hours * 3600 + minutes * 60 + seconds.

Examples

Using string input

Using integer input",https://pandas.pydata.org/docs/reference/api/pandas.Timedelta.seconds.html
Arrays,Timedeltas,Timedelta.unit,,"Return the unit of Timedelta object.

The unit of Timedelta object is nanosecond, i.e., ‘ns’ by default.

Examples",https://pandas.pydata.org/docs/reference/api/pandas.Timedelta.unit.html
Arrays,Timedeltas,Timedelta.value,,"Return the value of Timedelta object in nanoseconds.

Return the total seconds, milliseconds and microseconds
of the timedelta as nanoseconds.

Examples",https://pandas.pydata.org/docs/reference/api/pandas.Timedelta.value.html
Arrays,Timedeltas,Timedelta.view,dtype,"Array view compatibility.

This method allows you to reinterpret the underlying data of a Timedelta
object as a different dtype. The view method provides a way to reinterpret
the internal representation of the Timedelta object without modifying its
data. This is particularly useful when you need to work with the underlying
data directly, such as for performance optimizations or interfacing with
low-level APIs. The returned value is typically the number of nanoseconds
since the epoch, represented as an integer or another specified dtype.

Examples",https://pandas.pydata.org/docs/reference/api/pandas.Timedelta.view.html
Arrays,Timedeltas,Timedelta.as_unit,"unit[, round_ok]","Convert the underlying int64 representation to the given unit.

Examples",https://pandas.pydata.org/docs/reference/api/pandas.Timedelta.as_unit.html
Arrays,Timedeltas,Timedelta.ceil,freq,"Return a new Timedelta ceiled to this resolution.

Examples",https://pandas.pydata.org/docs/reference/api/pandas.Timedelta.ceil.html
Arrays,Timedeltas,Timedelta.floor,freq,"Return a new Timedelta floored to this resolution.

Examples",https://pandas.pydata.org/docs/reference/api/pandas.Timedelta.floor.html
Arrays,Timedeltas,Timedelta.isoformat,,"Format the Timedelta as ISO 8601 Duration.

P[n]Y[n]M[n]DT[n]H[n]M[n]S , where the [n] s are replaced by the
values. See Wikipedia: ISO 8601 § Durations .

Notes

The longest component is days, whose value may be larger than
365.
Every component is always included, even if its value is 0.
Pandas uses nanosecond precision, so up to 9 decimal places may
be included in the seconds component.
Trailing 0’s are removed from the seconds component after the decimal.
We do not 0 pad components, so it’s …T5H… , not …T05H…

Examples",https://pandas.pydata.org/docs/reference/api/pandas.Timedelta.isoformat.html
Arrays,Timedeltas,Timedelta.round,freq,"Round the Timedelta to the specified resolution.

Examples",https://pandas.pydata.org/docs/reference/api/pandas.Timedelta.round.html
Arrays,Timedeltas,Timedelta.to_pytimedelta,,"Convert a pandas Timedelta object into a python datetime.timedelta object.

Timedelta objects are internally saved as numpy datetime64[ns] dtype.
Use to_pytimedelta() to convert to object dtype.

Notes

Any nanosecond resolution will be lost.

Examples",https://pandas.pydata.org/docs/reference/api/pandas.Timedelta.to_pytimedelta.html
Arrays,Timedeltas,Timedelta.to_timedelta64,,"Return a numpy.timedelta64 object with ‘ns’ precision.

Since NumPy uses timedelta64 objects for its time operations, converting
a pandas Timedelta into a NumPy timedelta64 provides seamless
integration between the two libraries, especially when working in environments
that heavily rely on NumPy for array-based calculations.

Examples",https://pandas.pydata.org/docs/reference/api/pandas.Timedelta.to_timedelta64.html
Arrays,Timedeltas,Timedelta.to_numpy,"[dtype, copy]","Convert the Timedelta to a NumPy timedelta64.

This is an alias method for Timedelta.to_timedelta64() .

Examples",https://pandas.pydata.org/docs/reference/api/pandas.Timedelta.to_numpy.html
Arrays,Timedeltas,Timedelta.total_seconds,,"Total seconds in the duration.

This method calculates the total duration in seconds by combining
the days, seconds, and microseconds of the Timedelta object.

Examples",https://pandas.pydata.org/docs/reference/api/pandas.Timedelta.total_seconds.html
Arrays,Timedeltas,arrays.TimedeltaArray,"data[, dtype, freq, copy]","Pandas ExtensionArray for timedelta data.

Attributes

Methods

Examples",https://pandas.pydata.org/docs/reference/api/pandas.arrays.TimedeltaArray.html
Arrays,Period,Period,"[value, freq, ordinal, year, month, ...]","Represents a period of time.

A Period represents a specific time span rather than a point in time.
Unlike Timestamp , which represents a single instant, a Period defines a
duration, such as a month, quarter, or year. The exact representation is
determined by the freq parameter.

Examples

Attributes

Methods",https://pandas.pydata.org/docs/reference/api/pandas.Period.html
Arrays,Period,Period.day,,"Get day of the month that a Period falls on.

The day property provides a simple way to access the day component
of a Period object, which represents time spans in various frequencies
(e.g., daily, hourly, monthly). If the period’s frequency does not include
a day component (e.g., yearly or quarterly periods), the returned day
corresponds to the first day of that period.

Examples",https://pandas.pydata.org/docs/reference/api/pandas.Period.day.html
Arrays,Period,Period.dayofweek,,"Day of the week the period lies in, with Monday=0 and Sunday=6.

If the period frequency is lower than daily (e.g. hourly), and the
period spans over multiple days, the day at the start of the period is
used.

If the frequency is higher than daily (e.g. monthly), the last day
of the period is used.

Examples

For periods that span over multiple days, the day at the beginning of
the period is returned.

For periods with a frequency higher than days, the last day of the
period is returned.",https://pandas.pydata.org/docs/reference/api/pandas.Period.dayofweek.html
Arrays,Period,Period.day_of_week,,"Day of the week the period lies in, with Monday=0 and Sunday=6.

If the period frequency is lower than daily (e.g. hourly), and the
period spans over multiple days, the day at the start of the period is
used.

If the frequency is higher than daily (e.g. monthly), the last day
of the period is used.

Examples

For periods that span over multiple days, the day at the beginning of
the period is returned.

For periods with a frequency higher than days, the last day of the
period is returned.",https://pandas.pydata.org/docs/reference/api/pandas.Period.day_of_week.html
Arrays,Period,Period.dayofyear,,"Return the day of the year.

This attribute returns the day of the year on which the particular
date occurs. The return value ranges between 1 to 365 for regular
years and 1 to 366 for leap years.

Examples",https://pandas.pydata.org/docs/reference/api/pandas.Period.dayofyear.html
Arrays,Period,Period.day_of_year,,"Return the day of the year.

This attribute returns the day of the year on which the particular
date occurs. The return value ranges between 1 to 365 for regular
years and 1 to 366 for leap years.

Examples",https://pandas.pydata.org/docs/reference/api/pandas.Period.day_of_year.html
Arrays,Period,Period.days_in_month,,"Get the total number of days in the month that this period falls on.

Examples

Handles the leap year case as well:",https://pandas.pydata.org/docs/reference/api/pandas.Period.days_in_month.html
Arrays,Period,Period.daysinmonth,,"Get the total number of days of the month that this period falls on.

Examples",https://pandas.pydata.org/docs/reference/api/pandas.Period.daysinmonth.html
Arrays,Period,Period.end_time,,"Get the Timestamp for the end of the period.

Examples

For Period:

For Series:

For PeriodIndex:",https://pandas.pydata.org/docs/reference/api/pandas.Period.end_time.html
Arrays,Period,Period.freq,,"Return the frequency object for this Period.

The frequency object represents the span of time that this Period covers.
It is a DateOffset that defines the interval type (e.g., daily, monthly).

Examples",https://pandas.pydata.org/docs/reference/api/pandas.Period.freq.html
Arrays,Period,Period.freqstr,,"Return a string representation of the frequency.

This property provides the frequency string associated with the Period object. The frequency string describes the granularity of the time span
represented by the Period . Common frequency strings include ‘D’ for
daily, ‘M’ for monthly, ‘Y’ for yearly, etc.

Examples",https://pandas.pydata.org/docs/reference/api/pandas.Period.freqstr.html
Arrays,Period,Period.hour,,"Get the hour of the day component of the Period.

Examples

Period longer than a day",https://pandas.pydata.org/docs/reference/api/pandas.Period.hour.html
Arrays,Period,Period.is_leap_year,,"Return True if the period’s year is in a leap year.

Examples",https://pandas.pydata.org/docs/reference/api/pandas.Period.is_leap_year.html
Arrays,Period,Period.minute,,"Get minute of the hour component of the Period.

Examples",https://pandas.pydata.org/docs/reference/api/pandas.Period.minute.html
Arrays,Period,Period.month,,"Return the month this Period falls on.

Notes

The month is based on the ordinal and base attributes of the Period.

Examples

Create a Period object for January 2022 and get the month:

Period object with no specified frequency, resulting in a default frequency:

Create a Period object with a specified frequency but an incomplete date string:

Handle a case where the Period object is empty, which results in NaN :",https://pandas.pydata.org/docs/reference/api/pandas.Period.month.html
Arrays,Period,Period.ordinal,,"Return the integer ordinal for this Period.

The ordinal is the internal integer representation of the Period,
representing its position in the sequence of periods of the given
frequency. It counts from an epoch (e.g., for daily frequency,
ordinal 0 corresponds to January 1, 1970).

Examples",https://pandas.pydata.org/docs/reference/api/pandas.Period.ordinal.html
Arrays,Period,Period.quarter,,"Return the quarter this Period falls on.

Examples",https://pandas.pydata.org/docs/reference/api/pandas.Period.quarter.html
Arrays,Period,Period.qyear,,"Fiscal year the Period lies in according to its starting-quarter.

The year and the qyear of the period will be the same if the fiscal
and calendar years are the same. When they are not, the fiscal year
can be different from the calendar year of the period.

Examples

If the natural and fiscal year are the same, qyear and year will
be the same.

If the fiscal year starts in April ( Q-MAR ), the first quarter of
2018 will start in April 2017. year will then be 2017, but qyear will be the fiscal year, 2018.",https://pandas.pydata.org/docs/reference/api/pandas.Period.qyear.html
Arrays,Period,Period.second,,"Get the second component of the Period.

Examples",https://pandas.pydata.org/docs/reference/api/pandas.Period.second.html
Arrays,Period,Period.start_time,,"Get the Timestamp for the start of the period.

Examples",https://pandas.pydata.org/docs/reference/api/pandas.Period.start_time.html
Arrays,Period,Period.week,,"Get the week of the year on the given Period.

Examples",https://pandas.pydata.org/docs/reference/api/pandas.Period.week.html
Arrays,Period,Period.weekday,,"Day of the week the period lies in, with Monday=0 and Sunday=6.

If the period frequency is lower than daily (e.g. hourly), and the
period spans over multiple days, the day at the start of the period is
used.

If the frequency is higher than daily (e.g. monthly), the last day
of the period is used.

Examples

For periods that span over multiple days, the day at the beginning of
the period is returned.

For periods with a frequency higher than days, the last day of the
period is returned.",https://pandas.pydata.org/docs/reference/api/pandas.Period.weekday.html
Arrays,Period,Period.weekofyear,,"Get the week of the year on the given Period.

Examples",https://pandas.pydata.org/docs/reference/api/pandas.Period.weekofyear.html
Arrays,Period,Period.year,,"Return the year this Period falls on.

Notes

The year is based on the ordinal and base attributes of the Period.

Examples

Create a Period object for January 2023 and get the year:

Create a Period object for 01 January 2023 and get the year:

Get the year for a period representing a quarter:

Handle a case where the Period object is empty, which results in NaN :",https://pandas.pydata.org/docs/reference/api/pandas.Period.year.html
Arrays,Period,Period.asfreq,"freq[, how]","Convert Period to desired frequency, at the start or end of the interval.

Examples

Convert a daily period to an hourly period, aligning to the end of the day:

Convert a monthly period to a daily period, aligning to the start of the month:

Convert a yearly period to a monthly period, aligning to the last month:

Convert a monthly period to an hourly period,
aligning to the first day of the month:

Convert a weekly period to a daily period, aligning to the last day of the week:",https://pandas.pydata.org/docs/reference/api/pandas.Period.asfreq.html
Arrays,Period,Period.now,freq,"Return the period of now’s date.

The now method provides a convenient way to generate a period
object for the current date and time. This can be particularly
useful in financial and economic analysis, where data is often
collected and analyzed in regular intervals (e.g., hourly, daily,
monthly). By specifying the frequency, users can create periods
that match the granularity of their data.

Examples",https://pandas.pydata.org/docs/reference/api/pandas.Period.now.html
Arrays,Period,Period.strftime,fmt,"Returns a formatted string representation of the Period .

fmt must be None or a string containing one or several directives.
When None , the format will be determined from the frequency of the Period.
The method recognizes the same directives as the time.strftime() function of the standard Python distribution, as well as the specific
additional directives %f , %F , %q , %l , %u , %n .
(formatting & docs originally from scikits.timeries).

The strftime method provides a way to represent a Period object as a string in a specified format. This is particularly useful
when displaying date and time data in different locales or customized
formats, suitable for reports or user interfaces. It extends the standard
Python string formatting capabilities with additional directives specific
to pandas , accommodating features like fiscal years and precise
sub-second components.

Notes

Examples",https://pandas.pydata.org/docs/reference/api/pandas.Period.strftime.html
Arrays,Period,Period.to_timestamp,"[freq, how]","Return the Timestamp representation of the Period.

Uses the target frequency specified at the part of the period specified
by how , which is either Start or Finish .

If possible, gives microsecond-unit Timestamp. Otherwise gives nanosecond
unit.

Examples",https://pandas.pydata.org/docs/reference/api/pandas.Period.to_timestamp.html
Arrays,Period,arrays.PeriodArray,"values[, dtype, copy]","Pandas ExtensionArray for storing Period data.

Users should use array() to create new instances.

Attributes

Methods

Notes

There are two components to a PeriodArray

The values are physically stored as a 1-D ndarray of integers. These are
called “ordinals” and represent some kind of offset from a base.

The freq indicates the span covered by each element of the array.
All elements in the PeriodArray have the same freq .

Examples",https://pandas.pydata.org/docs/reference/api/pandas.arrays.PeriodArray.html
Arrays,Period,PeriodDtype,freq,"An ExtensionDtype for Period data.

This is not an actual numpy dtype , but a duck type.

Attributes

Methods

Examples",https://pandas.pydata.org/docs/reference/api/pandas.PeriodDtype.html
Arrays,Intervals,Interval,,"Immutable object implementing an Interval, a bounded slice-like interval.

Attributes

Notes

The parameters left and right must be from the same type, you must be
able to compare them and they must satisfy left <= right .

A closed interval (in mathematics denoted by square brackets) contains
its endpoints, i.e. the closed interval [0, 5] is characterized by the
conditions 0 <= x <= 5 . This is what closed='both' stands for.
An open interval (in mathematics denoted by parentheses) does not contain
its endpoints, i.e. the open interval (0, 5) is characterized by the
conditions 0 < x < 5 . This is what closed='neither' stands for.
Intervals can also be half-open or half-closed, i.e. [0, 5) is
described by 0 <= x < 5 ( closed='left' ) and (0, 5] is
described by 0 < x <= 5 ( closed='right' ).

Examples

It is possible to build Intervals of different types, like numeric ones:

You can check if an element belongs to it, or if it contains another interval:

You can test the bounds ( closed='right' , so 0 < x <= 5 ):

Calculate its length

You can operate with + and * over an Interval and the operation
is applied to each of its bounds, so the result depends on the type
of the bound elements

To create a time interval you can use Timestamps as the bounds

Attributes

Methods",https://pandas.pydata.org/docs/reference/api/pandas.Interval.html
Arrays,Intervals,Interval.closed,,"String describing the inclusive side the intervals.

Either left , right , both or neither .

Examples",https://pandas.pydata.org/docs/reference/api/pandas.Interval.closed.html
Arrays,Intervals,Interval.closed_left,,"Check if the interval is closed on the left side.

For the meaning of closed and open see Interval .

Examples",https://pandas.pydata.org/docs/reference/api/pandas.Interval.closed_left.html
Arrays,Intervals,Interval.closed_right,,"Check if the interval is closed on the right side.

For the meaning of closed and open see Interval .

Examples",https://pandas.pydata.org/docs/reference/api/pandas.Interval.closed_right.html
Arrays,Intervals,Interval.is_empty,,"Indicates if an interval is empty, meaning it contains no points.

An interval is considered empty if its left and right endpoints
are equal, and it is not closed on both sides. This means that the
interval does not include any real points. In the case of an pandas.arrays.IntervalArray or IntervalIndex , the
property returns a boolean array indicating the emptiness of each interval.

Examples

An Interval that contains points is not empty:

An Interval that does not contain any points is empty:

An Interval that contains a single point is not empty:

An IntervalArray or IntervalIndex returns a
boolean ndarray positionally indicating if an Interval is
empty:

Missing values are not considered empty:",https://pandas.pydata.org/docs/reference/api/pandas.Interval.is_empty.html
Arrays,Intervals,Interval.left,,"Left bound for the interval.

Examples",https://pandas.pydata.org/docs/reference/api/pandas.Interval.left.html
Arrays,Intervals,Interval.length,,"Return the length of the Interval.

Examples",https://pandas.pydata.org/docs/reference/api/pandas.Interval.length.html
Arrays,Intervals,Interval.mid,,"Return the midpoint of the Interval.

Examples",https://pandas.pydata.org/docs/reference/api/pandas.Interval.mid.html
Arrays,Intervals,Interval.open_left,,"Check if the interval is open on the left side.

For the meaning of closed and open see Interval .

Examples",https://pandas.pydata.org/docs/reference/api/pandas.Interval.open_left.html
Arrays,Intervals,Interval.open_right,,"Check if the interval is open on the right side.

For the meaning of closed and open see Interval .

Examples",https://pandas.pydata.org/docs/reference/api/pandas.Interval.open_right.html
Arrays,Intervals,Interval.overlaps,other,"Check whether two Interval objects overlap.

Two intervals overlap if they share a common point, including closed
endpoints. Intervals that only have an open endpoint in common do not
overlap.

Examples

Intervals that share closed endpoints overlap:

Intervals that only have an open endpoint in common do not overlap:",https://pandas.pydata.org/docs/reference/api/pandas.Interval.overlaps.html
Arrays,Intervals,Interval.right,,"Right bound for the interval.

Examples",https://pandas.pydata.org/docs/reference/api/pandas.Interval.right.html
Arrays,Intervals,arrays.IntervalArray,"data[, closed, dtype, ...]","Pandas array for interval data that are closed on the same side.

Attributes

Methods

Notes

See the user guide for more.

Examples

A new IntervalArray can be constructed directly from an array-like of Interval objects:
>>> pd.arrays.IntervalArray([pd.Interval(0, 1), pd.Interval(1, 5)])
<IntervalArray>
[(0, 1], (1, 5]]
Length: 2, dtype: interval[int64, right]

It may also be constructed using one of the constructor
methods: IntervalArray.from_arrays() , IntervalArray.from_breaks() , and IntervalArray.from_tuples() .",https://pandas.pydata.org/docs/reference/api/pandas.arrays.IntervalArray.html
Arrays,Intervals,IntervalDtype,"[subtype, closed]","An ExtensionDtype for Interval data.

This is not an actual numpy dtype , but a duck type.

Attributes

Methods

Examples",https://pandas.pydata.org/docs/reference/api/pandas.IntervalDtype.html
Arrays,Nullable integer,arrays.IntegerArray,"values, mask[, copy]","Array of integer (optional missing) values.

Uses pandas.NA as the missing value.

We represent an IntegerArray with 2 numpy arrays:

To construct an IntegerArray from generic array-like input, use pandas.array() with one of the integer dtypes (see examples).

See Nullable integer data type for more.

Attributes

Methods

Examples

Create an IntegerArray with pandas.array() .

String aliases for the dtypes are also available. They are capitalized.",https://pandas.pydata.org/docs/reference/api/pandas.arrays.IntegerArray.html
Arrays,Nullable integer,Int8Dtype,,"An ExtensionDtype for int8 integer data.

Uses pandas.NA as its missing value, rather than numpy.nan .

Attributes

Methods

Examples

For Int8Dtype:

For Int16Dtype:

For Int32Dtype:

For Int64Dtype:

For UInt8Dtype:

For UInt16Dtype:

For UInt32Dtype:

For UInt64Dtype:",https://pandas.pydata.org/docs/reference/api/pandas.Int8Dtype.html
Arrays,Nullable integer,Int16Dtype,,"An ExtensionDtype for int16 integer data.

Uses pandas.NA as its missing value, rather than numpy.nan .

Attributes

Methods

Examples

For Int8Dtype:

For Int16Dtype:

For Int32Dtype:

For Int64Dtype:

For UInt8Dtype:

For UInt16Dtype:

For UInt32Dtype:

For UInt64Dtype:",https://pandas.pydata.org/docs/reference/api/pandas.Int16Dtype.html
Arrays,Nullable integer,Int32Dtype,,"An ExtensionDtype for int32 integer data.

Uses pandas.NA as its missing value, rather than numpy.nan .

Attributes

Methods

Examples

For Int8Dtype:

For Int16Dtype:

For Int32Dtype:

For Int64Dtype:

For UInt8Dtype:

For UInt16Dtype:

For UInt32Dtype:

For UInt64Dtype:",https://pandas.pydata.org/docs/reference/api/pandas.Int32Dtype.html
Arrays,Nullable integer,Int64Dtype,,"An ExtensionDtype for int64 integer data.

Uses pandas.NA as its missing value, rather than numpy.nan .

Attributes

Methods

Examples

For Int8Dtype:

For Int16Dtype:

For Int32Dtype:

For Int64Dtype:

For UInt8Dtype:

For UInt16Dtype:

For UInt32Dtype:

For UInt64Dtype:",https://pandas.pydata.org/docs/reference/api/pandas.Int64Dtype.html
Arrays,Nullable integer,UInt8Dtype,,"An ExtensionDtype for uint8 integer data.

Uses pandas.NA as its missing value, rather than numpy.nan .

Attributes

Methods

Examples

For Int8Dtype:

For Int16Dtype:

For Int32Dtype:

For Int64Dtype:

For UInt8Dtype:

For UInt16Dtype:

For UInt32Dtype:

For UInt64Dtype:",https://pandas.pydata.org/docs/reference/api/pandas.UInt8Dtype.html
Arrays,Nullable integer,UInt16Dtype,,"An ExtensionDtype for uint16 integer data.

Uses pandas.NA as its missing value, rather than numpy.nan .

Attributes

Methods

Examples

For Int8Dtype:

For Int16Dtype:

For Int32Dtype:

For Int64Dtype:

For UInt8Dtype:

For UInt16Dtype:

For UInt32Dtype:

For UInt64Dtype:",https://pandas.pydata.org/docs/reference/api/pandas.UInt16Dtype.html
Arrays,Nullable integer,UInt32Dtype,,"An ExtensionDtype for uint32 integer data.

Uses pandas.NA as its missing value, rather than numpy.nan .

Attributes

Methods

Examples

For Int8Dtype:

For Int16Dtype:

For Int32Dtype:

For Int64Dtype:

For UInt8Dtype:

For UInt16Dtype:

For UInt32Dtype:

For UInt64Dtype:",https://pandas.pydata.org/docs/reference/api/pandas.UInt32Dtype.html
Arrays,Nullable integer,UInt64Dtype,,"An ExtensionDtype for uint64 integer data.

Uses pandas.NA as its missing value, rather than numpy.nan .

Attributes

Methods

Examples

For Int8Dtype:

For Int16Dtype:

For Int32Dtype:

For Int64Dtype:

For UInt8Dtype:

For UInt16Dtype:

For UInt32Dtype:

For UInt64Dtype:",https://pandas.pydata.org/docs/reference/api/pandas.UInt64Dtype.html
Arrays,Nullable float,arrays.FloatingArray,"values, mask[, copy]","Array of floating (optional missing) values.

We represent a FloatingArray with 2 numpy arrays:

To construct a FloatingArray from generic array-like input, use pandas.array() with one of the float dtypes (see examples).

See Nullable integer data type for more.

Attributes

Methods

Examples

Create a FloatingArray with pandas.array() :

String aliases for the dtypes are also available. They are capitalized.",https://pandas.pydata.org/docs/reference/api/pandas.arrays.FloatingArray.html
Arrays,Nullable float,Float32Dtype,,"An ExtensionDtype for float32 data.

This dtype uses pd.NA as missing value indicator.

Attributes

Methods

Examples

For Float32Dtype:

For Float64Dtype:",https://pandas.pydata.org/docs/reference/api/pandas.Float32Dtype.html
Arrays,Nullable float,Float64Dtype,,"An ExtensionDtype for float64 data.

This dtype uses pd.NA as missing value indicator.

Attributes

Methods

Examples

For Float32Dtype:

For Float64Dtype:",https://pandas.pydata.org/docs/reference/api/pandas.Float64Dtype.html
Arrays,Categoricals,CategoricalDtype,"[categories, ordered]","Type for categorical data with the categories and orderedness.

It is a dtype representation for categorical data, which allows users to define
a fixed set of values and optionally impose an ordering. This is particularly
useful for handling categorical variables efficiently, as it can significantly
reduce memory usage compared to using object dtypes.

Attributes

Methods

Notes

This class is useful for specifying the type of a Categorical independent of the values. See CategoricalDtype for more.

Examples

An empty CategoricalDtype with a specific dtype can be created
by providing an empty index. As follows,",https://pandas.pydata.org/docs/reference/api/pandas.CategoricalDtype.html
Arrays,Categoricals,CategoricalDtype.categories,,"An Index containing the unique categories allowed.

Examples",https://pandas.pydata.org/docs/reference/api/pandas.CategoricalDtype.categories.html
Arrays,Categoricals,CategoricalDtype.ordered,,"Whether the categories have an ordered relationship.

Examples",https://pandas.pydata.org/docs/reference/api/pandas.CategoricalDtype.ordered.html
Arrays,Categoricals,Categorical,"values[, categories, ordered, ...]","Represent a categorical variable in classic R / S-plus fashion.

Categoricals can only take on a limited, and usually fixed, number
of possible values ( categories ). In contrast to statistical categorical
variables, a Categorical might have an order, but numerical operations
(additions, divisions, …) are not possible.

All values of the Categorical are either in categories or np.nan .
Assigning values outside of categories will raise a ValueError . Order
is defined by the order of the categories , not lexical order of the
values.

Attributes

Methods

Notes

See the user guide for more.

Examples

Missing values are not included as a category.

However, their presence is indicated in the codes attribute
by code -1 .

Ordered Categoricals can be sorted according to the custom order
of the categories and can have a min and max value.",https://pandas.pydata.org/docs/reference/api/pandas.Categorical.html
Arrays,Categoricals,Categorical.from_codes,"codes[, categories, ...]","Make a Categorical type from codes and categories or dtype.

This constructor is useful if you already have codes and
categories/dtype and so do not need the (computation intensive)
factorization step, which is usually done on the constructor.

If your data does not follow this convention, please use the normal
constructor.

Examples",https://pandas.pydata.org/docs/reference/api/pandas.Categorical.from_codes.html
Arrays,Categoricals,Categorical.dtype,,"The CategoricalDtype for this instance.

Examples",https://pandas.pydata.org/docs/reference/api/pandas.Categorical.dtype.html
Arrays,Categoricals,Categorical.categories,,"The categories of this categorical.

Setting assigns new values to each category (effectively a rename of
each individual category).

The assigned value has to be a list-like object. All items must be
unique and the number of items in the new categories must be the same
as the number of items in the old categories.

Examples

For pandas.Series :

For pandas.Categorical :

For pandas.CategoricalIndex :",https://pandas.pydata.org/docs/reference/api/pandas.Categorical.categories.html
Arrays,Categoricals,Categorical.ordered,,"Whether the categories have an ordered relationship.

Examples

For pandas.Series :

For pandas.Categorical :

For pandas.CategoricalIndex :",https://pandas.pydata.org/docs/reference/api/pandas.Categorical.ordered.html
Arrays,Categoricals,Categorical.codes,,"The category codes of this categorical index.

Codes are an array of integers which are the positions of the actual
values in the categories array.

There is no setter, use the other categorical methods and the normal item
setter to change values in the categorical.

Examples

For pandas.Categorical :

For pandas.CategoricalIndex :",https://pandas.pydata.org/docs/reference/api/pandas.Categorical.codes.html
Arrays,Categoricals,Categorical.__array__,"[dtype, copy]","The numpy array interface.

Users should not call this directly. Rather, it is invoked by numpy.array() and numpy.asarray() .

Examples

The following calls cat.__array__",https://pandas.pydata.org/docs/reference/api/pandas.Categorical.__array__.html
Arrays,Categoricals,Categorical.as_ordered,,"Set the Categorical to be ordered.

Examples

For pandas.Series :

For pandas.CategoricalIndex :",https://pandas.pydata.org/docs/reference/api/pandas.Categorical.as_ordered.html
Arrays,Categoricals,Categorical.as_unordered,,"Set the Categorical to be unordered.

Examples

For pandas.Series :

For pandas.CategoricalIndex :",https://pandas.pydata.org/docs/reference/api/pandas.Categorical.as_unordered.html
Arrays,Categoricals,Categorical.set_categories,"new_categories[, ...]","Set the categories to the specified new categories.

new_categories can include new categories (which will result in
unused categories) or remove old categories (which results in values
set to NaN ). If rename=True , the categories will simply be renamed
(less or more items than in old categories will result in values set to NaN or in unused categories respectively).

This method can be used to perform more than one action of adding,
removing, and reordering simultaneously and is therefore faster than
performing the individual steps via the more specialised methods.

On the other hand this methods does not do checks (e.g., whether the
old categories are included in the new categories on a reorder), which
can result in surprising changes, for example when using special string
dtypes, which do not consider a S1 string equal to a single char
python string.

Examples

For pandas.Series :

For pandas.CategoricalIndex :",https://pandas.pydata.org/docs/reference/api/pandas.Categorical.set_categories.html
Arrays,Categoricals,Categorical.rename_categories,new_categories,"Rename categories.

This method is commonly used to re-label or adjust the
category names in categorical data without changing the
underlying data. It is useful in situations where you want
to modify the labels used for clarity, consistency,
or readability.

Examples

For dict-like new_categories , extra keys are ignored and
categories not in the dictionary are passed through

You may also provide a callable to create the new categories",https://pandas.pydata.org/docs/reference/api/pandas.Categorical.rename_categories.html
Arrays,Categoricals,Categorical.reorder_categories,new_categories,"Reorder categories as specified in new_categories.

new_categories need to include all old categories and no new category
items.

Examples

For pandas.Series :

For pandas.CategoricalIndex :",https://pandas.pydata.org/docs/reference/api/pandas.Categorical.reorder_categories.html
Arrays,Categoricals,Categorical.add_categories,new_categories,"Add new categories.

new_categories will be included at the last/highest place in the
categories and will be unused directly after this call.

Examples",https://pandas.pydata.org/docs/reference/api/pandas.Categorical.add_categories.html
Arrays,Categoricals,Categorical.remove_categories,removals,"Remove the specified categories.

The removals argument must be a subset of the current categories.
Any values that were part of the removed categories will be set to NaN.

Examples",https://pandas.pydata.org/docs/reference/api/pandas.Categorical.remove_categories.html
Arrays,Categoricals,Categorical.remove_unused_categories,,"Remove categories which are not used.

This method is useful when working with datasets
that undergo dynamic changes where categories may no longer be
relevant, allowing to maintain a clean, efficient data structure.

Examples",https://pandas.pydata.org/docs/reference/api/pandas.Categorical.remove_unused_categories.html
Arrays,Categoricals,Categorical.map,"mapper[, na_action]","Map categories using an input mapping or function.

Maps the categories to new categories. If the mapping correspondence is
one-to-one the result is a Categorical which has the
same order property as the original, otherwise a Index is returned. NaN values are unaffected.

If a dict or Series is used any unmapped category is
mapped to NaN . Note that if this happens an Index will be returned.

Examples

If the mapping is one-to-one the ordering of the categories is
preserved:

If the mapping is not one-to-one an Index is returned:

If a dict is used, all unmapped categories are mapped to NaN and
the result is an Index :

The mapping function is applied to categories, not to each value. It is
therefore only called once per unique category, and the result reused for
all occurrences:",https://pandas.pydata.org/docs/reference/api/pandas.Categorical.map.html
Arrays,Sparse,arrays.SparseArray,"data[, sparse_index, ...]","An ExtensionArray for storing sparse data.

SparseArray efficiently stores data with a high frequency of a
specific fill value (e.g., zeros), saving memory by only retaining
non-fill elements and their indices. This class is particularly
useful for large datasets where most values are redundant.

Attributes

Methods

Examples",https://pandas.pydata.org/docs/reference/api/pandas.arrays.SparseArray.html
Arrays,Sparse,SparseDtype,"[dtype, fill_value]","Dtype for data stored in SparseArray .

SparseDtype is used as the data type for SparseArray , enabling
more efficient storage of data that contains a significant number of
repetitive values typically represented by a fill value. It supports any
scalar dtype as the underlying data type of the non-fill values.

Attributes

Methods

Examples",https://pandas.pydata.org/docs/reference/api/pandas.SparseDtype.html
Arrays,Strings,arrays.StringArray,"values, *[, dtype, copy]","Extension array for string data.

Attributes

Methods

Notes

StringArray returns a BooleanArray for comparison methods.

Examples

Unlike arrays instantiated with dtype=""object"" , StringArray will convert the values to strings.

However, instantiating StringArrays directly with non-strings will raise an error.

For comparison methods, StringArray returns a pandas.BooleanArray :",https://pandas.pydata.org/docs/reference/api/pandas.arrays.StringArray.html
Arrays,Strings,arrays.ArrowStringArray,"values, *[, dtype]","Extension array for string data in a pyarrow.ChunkedArray .

Attributes

Methods

Notes

ArrowStringArray returns a BooleanArray for comparison methods.

Examples",https://pandas.pydata.org/docs/reference/api/pandas.arrays.ArrowStringArray.html
Arrays,Strings,StringDtype,"[storage, na_value]","Extension dtype for string data.

Attributes

Methods

Examples",https://pandas.pydata.org/docs/reference/api/pandas.StringDtype.html
Arrays,Nullable Boolean,arrays.BooleanArray,"values, mask[, copy]","Array of boolean (True/False) data with missing values.

This is a pandas Extension array for boolean data, under the hood
represented by 2 numpy arrays: a boolean array with the data and
a boolean array with the mask (True indicating missing).

BooleanArray implements Kleene logic (sometimes called three-value
logic) for logical operations. See Kleene logical operations for more.

To construct a BooleanArray from generic array-like input, use pandas.array() specifying dtype=""boolean"" (see examples
below).

Attributes

Methods

Examples

Create a BooleanArray with pandas.array() :",https://pandas.pydata.org/docs/reference/api/pandas.arrays.BooleanArray.html
Arrays,Nullable Boolean,BooleanDtype,,"Extension dtype for boolean data.

This is a pandas Extension dtype for boolean data with support for
missing values. BooleanDtype is the dtype companion to BooleanArray ,
which implements Kleene logic (sometimes called three-value logic) for
logical operations. See Kleene logical operations for more.

Attributes

Methods

Examples",https://pandas.pydata.org/docs/reference/api/pandas.BooleanDtype.html
Arrays,Constructors,api.types.union_categoricals,"to_union[, ...]","Combine list-like of Categorical-like, unioning categories.

All categories must have the same dtype.

Notes

To learn more about categories, see link

Examples

If you want to combine categoricals that do not necessarily have
the same categories, union_categoricals will combine a list-like
of categoricals. The new categories will be the union of the
categories being combined.

By default, the resulting categories will be ordered as they appear
in the categories of the data. If you want the categories to be
lexsorted, use sort_categories=True argument.

union_categoricals also works with the case of combining two
categoricals of the same categories and order information (e.g. what
you could also append for).

Raises TypeError because the categories are ordered and not identical.

Ordered categoricals with different categories or orderings can be
combined by using the ignore_ordered=True argument.

union_categoricals also works with a CategoricalIndex , or Series containing categorical data, but note that the resulting array will
always be a plain Categorical",https://pandas.pydata.org/docs/reference/api/pandas.api.types.union_categoricals.html
Arrays,Constructors,api.types.infer_dtype,"value[, skipna]","Return a string label of the type of the elements in a list-like input.

This method inspects the elements of the provided input and determines
classification of its data type. It is particularly useful for
handling heterogeneous data inputs where explicit dtype conversion may not
be possible or necessary.

Notes

Examples",https://pandas.pydata.org/docs/reference/api/pandas.api.types.infer_dtype.html
Arrays,Constructors,api.types.pandas_dtype,dtype,"Convert input into a pandas only dtype object or a numpy dtype object.

Examples",https://pandas.pydata.org/docs/reference/api/pandas.api.types.pandas_dtype.html
Arrays,Constructors,api.types.is_any_real_numeric_dtype,arr_or_dtype,"Check whether the provided array or dtype is of a real number dtype.

Examples",https://pandas.pydata.org/docs/reference/api/pandas.api.types.is_any_real_numeric_dtype.html
Arrays,Constructors,api.types.is_bool_dtype,arr_or_dtype,"Check whether the provided array or dtype is of a boolean dtype.

This function verifies whether a given object is a boolean data type. The input
can be an array or a dtype object. Accepted array types include instances
of np.array , pd.Series , pd.Index , and similar array-like structures.

Notes

An ExtensionArray is considered boolean when the _is_boolean attribute is set to True.

Examples",https://pandas.pydata.org/docs/reference/api/pandas.api.types.is_bool_dtype.html
Arrays,Constructors,api.types.is_categorical_dtype,arr_or_dtype,"Check whether an array-like or dtype is of the Categorical dtype.

Examples",https://pandas.pydata.org/docs/reference/api/pandas.api.types.is_categorical_dtype.html
Arrays,Constructors,api.types.is_complex_dtype,arr_or_dtype,"Check whether the provided array or dtype is of a complex dtype.

Examples",https://pandas.pydata.org/docs/reference/api/pandas.api.types.is_complex_dtype.html
Arrays,Constructors,api.types.is_datetime64_any_dtype,arr_or_dtype,"Check whether the provided array or dtype is of the datetime64 dtype.

Examples",https://pandas.pydata.org/docs/reference/api/pandas.api.types.is_datetime64_any_dtype.html
Arrays,Constructors,api.types.is_datetime64_dtype,arr_or_dtype,"Check whether an array-like or dtype is of the datetime64 dtype.

Examples",https://pandas.pydata.org/docs/reference/api/pandas.api.types.is_datetime64_dtype.html
Arrays,Constructors,api.types.is_datetime64_ns_dtype,arr_or_dtype,"Check whether the provided array or dtype is of the datetime64[ns] dtype.

Examples",https://pandas.pydata.org/docs/reference/api/pandas.api.types.is_datetime64_ns_dtype.html
Arrays,Constructors,api.types.is_datetime64tz_dtype,arr_or_dtype,"Check whether an array-like or dtype is of a DatetimeTZDtype dtype.

Examples",https://pandas.pydata.org/docs/reference/api/pandas.api.types.is_datetime64tz_dtype.html
Arrays,Constructors,api.types.is_dtype_equal,"source, target","Check if two dtypes are equal.

Examples",https://pandas.pydata.org/docs/reference/api/pandas.api.types.is_dtype_equal.html
Arrays,Constructors,api.types.is_extension_array_dtype,arr_or_dtype,"Check if an object is a pandas extension array type.

See the Use Guide for more.

Notes

This checks whether an object implements the pandas extension
array interface. In pandas, this includes:

Third-party libraries may implement arrays or types satisfying
this interface as well.

Examples",https://pandas.pydata.org/docs/reference/api/pandas.api.types.is_extension_array_dtype.html
Arrays,Constructors,api.types.is_float_dtype,arr_or_dtype,"Check whether the provided array or dtype is of a float dtype.

The function checks for floating-point data types, which represent real numbers
that may have fractional components.

Examples",https://pandas.pydata.org/docs/reference/api/pandas.api.types.is_float_dtype.html
Arrays,Constructors,api.types.is_int64_dtype,arr_or_dtype,"Check whether the provided array or dtype is of the int64 dtype.

Notes

Depending on system architecture, the return value of is_int64_dtype(
int) will be True if the OS uses 64-bit integers and False if the OS
uses 32-bit integers.

Examples",https://pandas.pydata.org/docs/reference/api/pandas.api.types.is_int64_dtype.html
Arrays,Constructors,api.types.is_integer_dtype,arr_or_dtype,"Check whether the provided array or dtype is of an integer dtype.

Unlike in is_any_int_dtype , timedelta64 instances will return False.

The nullable Integer dtypes (e.g. pandas.Int64Dtype) are also considered
as integer by this function.

Examples",https://pandas.pydata.org/docs/reference/api/pandas.api.types.is_integer_dtype.html
Arrays,Constructors,api.types.is_interval_dtype,arr_or_dtype,"Check whether an array-like or dtype is of the Interval dtype.

Examples",https://pandas.pydata.org/docs/reference/api/pandas.api.types.is_interval_dtype.html
Arrays,Constructors,api.types.is_numeric_dtype,arr_or_dtype,"Check whether the provided array or dtype is of a numeric dtype.

Examples",https://pandas.pydata.org/docs/reference/api/pandas.api.types.is_numeric_dtype.html
Arrays,Constructors,api.types.is_object_dtype,arr_or_dtype,"Check whether an array-like or dtype is of the object dtype.

This method examines the input to determine if it is of the
object data type. Object dtype is a generic data type that can
hold any Python objects, including strings, lists, and custom
objects.

Examples",https://pandas.pydata.org/docs/reference/api/pandas.api.types.is_object_dtype.html
Arrays,Constructors,api.types.is_period_dtype,arr_or_dtype,"Check whether an array-like or dtype is of the Period dtype.

Examples",https://pandas.pydata.org/docs/reference/api/pandas.api.types.is_period_dtype.html
Arrays,Constructors,api.types.is_signed_integer_dtype,arr_or_dtype,"Check whether the provided array or dtype is of a signed integer dtype.

Unlike in is_any_int_dtype , timedelta64 instances will return False.

The nullable Integer dtypes (e.g. pandas.Int64Dtype) are also considered
as integer by this function.

Examples",https://pandas.pydata.org/docs/reference/api/pandas.api.types.is_signed_integer_dtype.html
Arrays,Constructors,api.types.is_string_dtype,arr_or_dtype,"Check whether the provided array or dtype is of the string dtype.

If an array is passed with an object dtype, the elements must be
inferred as strings.

Examples",https://pandas.pydata.org/docs/reference/api/pandas.api.types.is_string_dtype.html
Arrays,Constructors,api.types.is_timedelta64_dtype,arr_or_dtype,"Check whether an array-like or dtype is of the timedelta64 dtype.

Examples",https://pandas.pydata.org/docs/reference/api/pandas.api.types.is_timedelta64_dtype.html
Arrays,Constructors,api.types.is_timedelta64_ns_dtype,arr_or_dtype,"Check whether the provided array or dtype is of the timedelta64[ns] dtype.

This is a very specific dtype, so generic ones like np.timedelta64 will return False if passed into this function.

Examples",https://pandas.pydata.org/docs/reference/api/pandas.api.types.is_timedelta64_ns_dtype.html
Arrays,Constructors,api.types.is_unsigned_integer_dtype,arr_or_dtype,"Check whether the provided array or dtype is of an unsigned integer dtype.

The nullable Integer dtypes (e.g. pandas.UInt64Dtype) are also
considered as integer by this function.

Examples",https://pandas.pydata.org/docs/reference/api/pandas.api.types.is_unsigned_integer_dtype.html
Arrays,Constructors,api.types.is_sparse,arr,"Check whether an array-like is a 1-D pandas sparse array.

Check that the one-dimensional array-like is a pandas sparse array.
Returns True if it is a pandas sparse array, not another type of
sparse array.

Examples

Returns True if the parameter is a 1-D pandas sparse array.

Returns False if the parameter is not sparse.

Returns False if the parameter is not a pandas sparse array.

Returns False if the parameter has more than one dimension.",https://pandas.pydata.org/docs/reference/api/pandas.api.types.is_sparse.html
Arrays,Constructors,api.types.is_dict_like,obj,"Check if the object is dict-like.

Examples",https://pandas.pydata.org/docs/reference/api/pandas.api.types.is_dict_like.html
Arrays,Constructors,api.types.is_file_like,obj,"Check if the object is a file-like object.

For objects to be considered file-like, they must
be an iterator AND have either a read and/or write method as an attribute.

Note: file-like objects must be iterable, but
iterable objects need not be file-like.

Examples",https://pandas.pydata.org/docs/reference/api/pandas.api.types.is_file_like.html
Arrays,Constructors,api.types.is_list_like,"obj[, allow_sets]","Check if the object is list-like.

Objects that are considered list-like are for example Python
lists, tuples, sets, NumPy arrays, and Pandas Series.

Strings and datetime objects, however, are not considered list-like.

Examples",https://pandas.pydata.org/docs/reference/api/pandas.api.types.is_list_like.html
Arrays,Constructors,api.types.is_named_tuple,obj,"Check if the object is a named tuple.

Examples",https://pandas.pydata.org/docs/reference/api/pandas.api.types.is_named_tuple.html
Arrays,Constructors,api.types.is_iterator,obj,"Check if the object is an iterator.

This is intended for generators, not list-like objects.
This method checks whether the passed object is an iterator. It
returns True if the object is an iterator, and False otherwise.

Examples",https://pandas.pydata.org/docs/reference/api/pandas.api.types.is_iterator.html
Arrays,Constructors,api.types.is_bool,obj,"Return True if given object is boolean.

Examples",https://pandas.pydata.org/docs/reference/api/pandas.api.types.is_bool.html
Arrays,Constructors,api.types.is_complex,obj,"Return True if given object is complex.

Examples",https://pandas.pydata.org/docs/reference/api/pandas.api.types.is_complex.html
Arrays,Constructors,api.types.is_float,obj,"Return True if given object is float.

This method checks whether the passed object is a float type. It
returns True if the object is a float, and False otherwise.

Examples",https://pandas.pydata.org/docs/reference/api/pandas.api.types.is_float.html
Arrays,Constructors,api.types.is_hashable,"obj[, allow_slice]","Return True if hash(obj) will succeed, False otherwise.

Some types will pass a test against collections.abc.Hashable but fail when
they are actually hashed with hash().

Distinguish between these and other types by trying the call to hash() and
seeing if they raise TypeError.

Examples",https://pandas.pydata.org/docs/reference/api/pandas.api.types.is_hashable.html
Arrays,Constructors,api.types.is_integer,obj,"Return True if given object is integer.

This method checks whether the passed object is an integer type. It
returns True if the object is an integer, and False otherwise.

Examples",https://pandas.pydata.org/docs/reference/api/pandas.api.types.is_integer.html
Arrays,Constructors,api.types.is_number,obj,"Check if the object is a number.

Returns True when the object is a number, and False if is not.

Examples

Booleans are valid because they are int subclass.",https://pandas.pydata.org/docs/reference/api/pandas.api.types.is_number.html
Arrays,Constructors,api.types.is_re,obj,"Check if the object is a regex pattern instance.

Examples",https://pandas.pydata.org/docs/reference/api/pandas.api.types.is_re.html
Arrays,Constructors,api.types.is_re_compilable,obj,"Check if the object can be compiled into a regex pattern instance.

Examples",https://pandas.pydata.org/docs/reference/api/pandas.api.types.is_re_compilable.html
Arrays,Constructors,api.types.is_scalar,val,"Return True if given object is scalar.

Examples

pandas supports PEP 3141 numbers:",https://pandas.pydata.org/docs/reference/api/pandas.api.types.is_scalar.html
Date Offsets,DateOffset,DateOffset,,"Standard kind of date increment used for a date range.

Works exactly like the keyword argument form of relativedelta.
Note that the positional argument form of relativedelta is not
supported. Use of the keyword n is discouraged– you would be better
off specifying n in the keywords you use, but regardless it is
there for you. n is needed for DateOffset subclasses.

DateOffset works as follows.  Each offset specify a set of dates
that conform to the DateOffset.  For example, Bday defines this
set to be the set of dates that are weekdays (M-F).  To test if a
date is in the set of a DateOffset dateOffset we can use the
is_on_offset method: dateOffset.is_on_offset(date).

If a date is not on a valid date, the rollback and rollforward
methods can be used to roll the date to the nearest valid date
before/after the date.

DateOffsets can be created to move dates forward a given number of
valid dates.  For example, Bday(2) can be added to a date to move
it two business days forward.  If the date does not start on a
valid date, first it is moved to a valid date.  Thus pseudo code
is:

When a date offset is created for a negative number of periods,
the date is first rolled forward.  The pseudo code is:

Zero presents a problem.  Should it roll forward or back?  We
arbitrarily have it rollforward:

date + BDay(0) == BDay.rollforward(date)

Since 0 is a bit weird, we suggest avoiding its use.

Besides, adding a DateOffsets specified by the singular form of the date
component can be used to replace certain component of the timestamp.

Attributes

Examples

Attributes

Methods",https://pandas.pydata.org/docs/reference/api/pandas.tseries.offsets.DateOffset.html
Date Offsets,Properties,DateOffset.freqstr,,"Return a string representing the frequency.

The string representation typically consists of the offset multiplier
and a frequency alias (e.g., 'D' for daily, 'h' for hourly).

Examples",https://pandas.pydata.org/docs/reference/api/pandas.tseries.offsets.DateOffset.freqstr.html
Date Offsets,Properties,DateOffset.kwds,,"Return a dict of extra parameters for the offset.

These parameters exclude n and normalize , which are common
to all offsets. The returned dictionary can be passed to the offset
constructor to recreate the offset with the same settings.

Examples",https://pandas.pydata.org/docs/reference/api/pandas.tseries.offsets.DateOffset.kwds.html
Date Offsets,Properties,DateOffset.name,,"Return a string representing the base frequency.

Examples",https://pandas.pydata.org/docs/reference/api/pandas.tseries.offsets.DateOffset.name.html
Date Offsets,Properties,DateOffset.nanos,,"Returns an integer of the total number of nanoseconds for fixed frequencies.

Examples",https://pandas.pydata.org/docs/reference/api/pandas.tseries.offsets.DateOffset.nanos.html
Date Offsets,Properties,DateOffset.normalize,,"Return boolean whether the frequency can align with midnight.

This is True for offsets that round the result of a DateOffset
addition down to the previous midnight.

Examples",https://pandas.pydata.org/docs/reference/api/pandas.tseries.offsets.DateOffset.normalize.html
Date Offsets,Properties,DateOffset.rule_code,,"Return a string representing the base frequency.

Examples",https://pandas.pydata.org/docs/reference/api/pandas.tseries.offsets.DateOffset.rule_code.html
Date Offsets,Properties,DateOffset.n,,"Return the count of the number of periods.

This represents how many multiples of the offset frequency should
be applied. For example, Hour(5) has n=5 .

Examples",https://pandas.pydata.org/docs/reference/api/pandas.tseries.offsets.DateOffset.n.html
Date Offsets,Methods,DateOffset.copy,,"Return a copy of the frequency.

Examples",https://pandas.pydata.org/docs/reference/api/pandas.tseries.offsets.DateOffset.copy.html
Date Offsets,Methods,DateOffset.is_on_offset,dt,"Return boolean whether a timestamp intersects with this frequency.

This method determines if a given timestamp aligns with the start
of a custom business month, as defined by this offset. It accounts
for custom rules, such as skipping weekends or other non-business days,
and checks whether the provided datetime falls on a valid business day
that marks the beginning of the custom business month.

Examples",https://pandas.pydata.org/docs/reference/api/pandas.tseries.offsets.DateOffset.is_on_offset.html
Date Offsets,Methods,DateOffset.is_month_start,ts,"Return boolean whether a timestamp occurs on the month start.

This method determines if a given timestamp falls on the first day
of a month, considering the frequency of the offset.

Examples",https://pandas.pydata.org/docs/reference/api/pandas.tseries.offsets.DateOffset.is_month_start.html
Date Offsets,Methods,DateOffset.is_month_end,ts,"Return boolean whether a timestamp occurs on the month end.

Examples",https://pandas.pydata.org/docs/reference/api/pandas.tseries.offsets.DateOffset.is_month_end.html
Date Offsets,Methods,DateOffset.is_quarter_start,ts,"Return boolean whether a timestamp occurs on the quarter start.

Examples",https://pandas.pydata.org/docs/reference/api/pandas.tseries.offsets.DateOffset.is_quarter_start.html
Date Offsets,Methods,DateOffset.is_quarter_end,ts,"Return boolean whether a timestamp occurs on the quarter end.

Examples",https://pandas.pydata.org/docs/reference/api/pandas.tseries.offsets.DateOffset.is_quarter_end.html
Date Offsets,Methods,DateOffset.is_year_start,ts,"Return boolean whether a timestamp occurs on the year start.

Examples",https://pandas.pydata.org/docs/reference/api/pandas.tseries.offsets.DateOffset.is_year_start.html
Date Offsets,Methods,DateOffset.is_year_end,ts,"Return boolean whether a timestamp occurs on the year end.

Examples",https://pandas.pydata.org/docs/reference/api/pandas.tseries.offsets.DateOffset.is_year_end.html
Date Offsets,Methods,DateOffset.rollback,dt,"Roll provided date backward to next offset only if not on offset.

If the provided date is already on an offset, it is returned unchanged.
Otherwise, the date is rolled backward to the previous offset boundary.

Examples

Timestamp is not on the offset (not a month end), so it rolls backward:

If the timestamp is already on the offset, it remains unchanged:",https://pandas.pydata.org/docs/reference/api/pandas.tseries.offsets.DateOffset.rollback.html
Date Offsets,Methods,DateOffset.rollforward,dt,"Roll provided date forward to next offset only if not on offset.

If the provided date is already on an offset, it is returned unchanged.
Otherwise, the date is rolled forward to the next offset boundary.

Examples

Timestamp is not on the offset (not a month end), so it rolls forward:

If the timestamp is already on the offset, it remains unchanged:",https://pandas.pydata.org/docs/reference/api/pandas.tseries.offsets.DateOffset.rollforward.html
Date Offsets,BusinessDay,BusinessDay,,"DateOffset subclass representing possibly n business days.

Examples

You can use the parameter n to represent a shift of n business days.

Passing the parameter normalize equal to True, you shift the start
of the next business day to midnight.

Attributes

Methods",https://pandas.pydata.org/docs/reference/api/pandas.tseries.offsets.BusinessDay.html
Date Offsets,BusinessDay,BDay,,alias of BusinessDay,https://pandas.pydata.org/docs/reference/api/pandas.tseries.offsets.BDay.html
Date Offsets,Properties,BusinessDay.freqstr,,"Return a string representing the frequency.

The string representation typically consists of the offset multiplier
and a frequency alias (e.g., 'D' for daily, 'h' for hourly).

Examples",https://pandas.pydata.org/docs/reference/api/pandas.tseries.offsets.BusinessDay.freqstr.html
Date Offsets,Properties,BusinessDay.kwds,,"Return a dict of extra parameters for the offset.

These parameters exclude n and normalize , which are common
to all offsets. The returned dictionary can be passed to the offset
constructor to recreate the offset with the same settings.

Examples",https://pandas.pydata.org/docs/reference/api/pandas.tseries.offsets.BusinessDay.kwds.html
Date Offsets,Properties,BusinessDay.name,,"Return a string representing the base frequency.

Examples",https://pandas.pydata.org/docs/reference/api/pandas.tseries.offsets.BusinessDay.name.html
Date Offsets,Properties,BusinessDay.nanos,,"Returns an integer of the total number of nanoseconds for fixed frequencies.

Examples",https://pandas.pydata.org/docs/reference/api/pandas.tseries.offsets.BusinessDay.nanos.html
Date Offsets,Properties,BusinessDay.normalize,,"Return boolean whether the frequency can align with midnight.

This is True for offsets that round the result of a DateOffset
addition down to the previous midnight.

Examples",https://pandas.pydata.org/docs/reference/api/pandas.tseries.offsets.BusinessDay.normalize.html
Date Offsets,Properties,BusinessDay.rule_code,,"Return a string representing the base frequency.

Examples",https://pandas.pydata.org/docs/reference/api/pandas.tseries.offsets.BusinessDay.rule_code.html
Date Offsets,Properties,BusinessDay.n,,"Return the count of the number of periods.

This represents how many multiples of the offset frequency should
be applied. For example, Hour(5) has n=5 .

Examples",https://pandas.pydata.org/docs/reference/api/pandas.tseries.offsets.BusinessDay.n.html
Date Offsets,Properties,BusinessDay.weekmask,,"Return the weekmask used for custom business day calculations.

This property returns the weekmask string that defines which days of the
week are considered business days. For non-custom business offsets (e.g.,
standard BusinessDay, BusinessHour), this will be None. For custom business
day offsets, this returns the weekmask that was specified or the default
‘Mon Tue Wed Thu Fri’.

Examples

For standard business offsets, weekmask is None:

For custom business day with default weekmask:

For custom business day with custom weekmask:",https://pandas.pydata.org/docs/reference/api/pandas.tseries.offsets.BusinessDay.weekmask.html
Date Offsets,Properties,BusinessDay.holidays,,"Return the holidays used for custom business day calculations.

This property returns a tuple or list of holidays used when calculating
business days for custom business day offsets. For non-custom business
offsets (e.g., standard BusinessDay, BusinessHour), this will be None.

Examples

For standard business offsets, holidays is None:

For custom business day with explicit holidays:

For custom business hour with explicit holidays:

For custom business month end with explicit holidays:

For custom business month begin with explicit holidays:

For custom business offsets with a calendar:",https://pandas.pydata.org/docs/reference/api/pandas.tseries.offsets.BusinessDay.holidays.html
Date Offsets,Properties,BusinessDay.calendar,,"Return the calendar used for business day calculations.

This property returns the numpy busdaycalendar object used for
determining valid business days. For standard business day offsets
(e.g., BusinessDay, BusinessHour), this returns None. For custom
business day offsets, this returns the calendar that was either
passed directly or constructed from weekmask and holidays.

Examples

For standard business offsets, calendar is None:

For custom business day with explicit holidays:",https://pandas.pydata.org/docs/reference/api/pandas.tseries.offsets.BusinessDay.calendar.html
Date Offsets,Methods,BusinessDay.copy,,"Return a copy of the frequency.

Examples",https://pandas.pydata.org/docs/reference/api/pandas.tseries.offsets.BusinessDay.copy.html
Date Offsets,Methods,BusinessDay.is_on_offset,dt,"Return boolean whether a timestamp intersects with this frequency.

This method determines if a given timestamp falls on a business day
(Monday through Friday). If normalize is True, it also checks that
the time component is midnight.

Examples

With normalize=True , the timestamp must also be at midnight:",https://pandas.pydata.org/docs/reference/api/pandas.tseries.offsets.BusinessDay.is_on_offset.html
Date Offsets,Methods,BusinessDay.is_month_start,ts,"Return boolean whether a timestamp occurs on the month start.

This method determines if a given timestamp falls on the first day
of a month, considering the frequency of the offset.

Examples",https://pandas.pydata.org/docs/reference/api/pandas.tseries.offsets.BusinessDay.is_month_start.html
Date Offsets,Methods,BusinessDay.is_month_end,ts,"Return boolean whether a timestamp occurs on the month end.

Examples",https://pandas.pydata.org/docs/reference/api/pandas.tseries.offsets.BusinessDay.is_month_end.html
Date Offsets,Methods,BusinessDay.is_quarter_start,ts,"Return boolean whether a timestamp occurs on the quarter start.

Examples",https://pandas.pydata.org/docs/reference/api/pandas.tseries.offsets.BusinessDay.is_quarter_start.html
Date Offsets,Methods,BusinessDay.is_quarter_end,ts,"Return boolean whether a timestamp occurs on the quarter end.

Examples",https://pandas.pydata.org/docs/reference/api/pandas.tseries.offsets.BusinessDay.is_quarter_end.html
Date Offsets,Methods,BusinessDay.is_year_start,ts,"Return boolean whether a timestamp occurs on the year start.

Examples",https://pandas.pydata.org/docs/reference/api/pandas.tseries.offsets.BusinessDay.is_year_start.html
Date Offsets,Methods,BusinessDay.is_year_end,ts,"Return boolean whether a timestamp occurs on the year end.

Examples",https://pandas.pydata.org/docs/reference/api/pandas.tseries.offsets.BusinessDay.is_year_end.html
Date Offsets,BusinessHour,BusinessHour,,"DateOffset subclass representing possibly n business hours.

Examples

You can use the parameter n to represent a shift of n hours.

You can also change the start and the end of business hours.

Passing the parameter normalize equal to True, you shift the start
of the next business hour to midnight.

You can divide your business day hours into several parts.

Attributes

Methods",https://pandas.pydata.org/docs/reference/api/pandas.tseries.offsets.BusinessHour.html
Date Offsets,Properties,BusinessHour.freqstr,,"Return a string representing the frequency.

The string representation typically consists of the offset multiplier
and a frequency alias (e.g., 'D' for daily, 'h' for hourly).

Examples",https://pandas.pydata.org/docs/reference/api/pandas.tseries.offsets.BusinessHour.freqstr.html
Date Offsets,Properties,BusinessHour.kwds,,"Return a dict of extra parameters for the offset.

These parameters exclude n and normalize , which are common
to all offsets. The returned dictionary can be passed to the offset
constructor to recreate the offset with the same settings.

Examples",https://pandas.pydata.org/docs/reference/api/pandas.tseries.offsets.BusinessHour.kwds.html
Date Offsets,Properties,BusinessHour.name,,"Return a string representing the base frequency.

Examples",https://pandas.pydata.org/docs/reference/api/pandas.tseries.offsets.BusinessHour.name.html
Date Offsets,Properties,BusinessHour.nanos,,"Returns an integer of the total number of nanoseconds for fixed frequencies.

Examples",https://pandas.pydata.org/docs/reference/api/pandas.tseries.offsets.BusinessHour.nanos.html
Date Offsets,Properties,BusinessHour.normalize,,"Return boolean whether the frequency can align with midnight.

This is True for offsets that round the result of a DateOffset
addition down to the previous midnight.

Examples",https://pandas.pydata.org/docs/reference/api/pandas.tseries.offsets.BusinessHour.normalize.html
Date Offsets,Properties,BusinessHour.rule_code,,"Return a string representing the base frequency.

Examples",https://pandas.pydata.org/docs/reference/api/pandas.tseries.offsets.BusinessHour.rule_code.html
Date Offsets,Properties,BusinessHour.n,,"Return the count of the number of periods.

This represents how many multiples of the offset frequency should
be applied. For example, Hour(5) has n=5 .

Examples",https://pandas.pydata.org/docs/reference/api/pandas.tseries.offsets.BusinessHour.n.html
Date Offsets,Properties,BusinessHour.start,,"Return the start time(s) of the business hour.

This property returns a tuple of datetime.time objects representing
the start times of business hours.

Examples",https://pandas.pydata.org/docs/reference/api/pandas.tseries.offsets.BusinessHour.start.html
Date Offsets,Properties,BusinessHour.end,,"Return the end time(s) of the business hour.

This property returns a tuple of datetime.time objects representing
the end times of business hours.

Examples",https://pandas.pydata.org/docs/reference/api/pandas.tseries.offsets.BusinessHour.end.html
Date Offsets,Properties,BusinessHour.weekmask,,"Return the weekmask used for custom business day calculations.

This property returns the weekmask string that defines which days of the
week are considered business days. For non-custom business offsets (e.g.,
standard BusinessDay, BusinessHour), this will be None. For custom business
day offsets, this returns the weekmask that was specified or the default
‘Mon Tue Wed Thu Fri’.

Examples

For standard business offsets, weekmask is None:

For custom business day with default weekmask:

For custom business day with custom weekmask:",https://pandas.pydata.org/docs/reference/api/pandas.tseries.offsets.BusinessHour.weekmask.html
Date Offsets,Properties,BusinessHour.holidays,,"Return the holidays used for custom business day calculations.

This property returns a tuple or list of holidays used when calculating
business days for custom business day offsets. For non-custom business
offsets (e.g., standard BusinessDay, BusinessHour), this will be None.

Examples

For standard business offsets, holidays is None:

For custom business day with explicit holidays:

For custom business hour with explicit holidays:

For custom business month end with explicit holidays:

For custom business month begin with explicit holidays:

For custom business offsets with a calendar:",https://pandas.pydata.org/docs/reference/api/pandas.tseries.offsets.BusinessHour.holidays.html
Date Offsets,Properties,BusinessHour.calendar,,"Return the calendar used for business day calculations.

This property returns the numpy busdaycalendar object used for
determining valid business days. For standard business day offsets
(e.g., BusinessDay, BusinessHour), this returns None. For custom
business day offsets, this returns the calendar that was either
passed directly or constructed from weekmask and holidays.

Examples

For standard business offsets, calendar is None:

For custom business day with explicit holidays:",https://pandas.pydata.org/docs/reference/api/pandas.tseries.offsets.BusinessHour.calendar.html
Date Offsets,Methods,BusinessHour.copy,,"Return a copy of the frequency.

Examples",https://pandas.pydata.org/docs/reference/api/pandas.tseries.offsets.BusinessHour.copy.html
Date Offsets,Methods,BusinessHour.is_on_offset,dt,"Return boolean whether a timestamp intersects with this frequency.

This method determines if a given timestamp falls within business hours.
Business hours are defined by the start and end parameters
(default 09:00 to 17:00). The timestamp must also fall on a business day
(Monday through Friday). If normalize is True, it also checks that
the time component is midnight.

Examples",https://pandas.pydata.org/docs/reference/api/pandas.tseries.offsets.BusinessHour.is_on_offset.html
Date Offsets,Methods,BusinessHour.is_month_start,ts,"Return boolean whether a timestamp occurs on the month start.

This method determines if a given timestamp falls on the first day
of a month, considering the frequency of the offset.

Examples",https://pandas.pydata.org/docs/reference/api/pandas.tseries.offsets.BusinessHour.is_month_start.html
Date Offsets,Methods,BusinessHour.is_month_end,ts,"Return boolean whether a timestamp occurs on the month end.

Examples",https://pandas.pydata.org/docs/reference/api/pandas.tseries.offsets.BusinessHour.is_month_end.html
Date Offsets,Methods,BusinessHour.is_quarter_start,ts,"Return boolean whether a timestamp occurs on the quarter start.

Examples",https://pandas.pydata.org/docs/reference/api/pandas.tseries.offsets.BusinessHour.is_quarter_start.html
Date Offsets,Methods,BusinessHour.is_quarter_end,ts,"Return boolean whether a timestamp occurs on the quarter end.

Examples",https://pandas.pydata.org/docs/reference/api/pandas.tseries.offsets.BusinessHour.is_quarter_end.html
Date Offsets,Methods,BusinessHour.is_year_start,ts,"Return boolean whether a timestamp occurs on the year start.

Examples",https://pandas.pydata.org/docs/reference/api/pandas.tseries.offsets.BusinessHour.is_year_start.html
Date Offsets,Methods,BusinessHour.is_year_end,ts,"Return boolean whether a timestamp occurs on the year end.

Examples",https://pandas.pydata.org/docs/reference/api/pandas.tseries.offsets.BusinessHour.is_year_end.html
Date Offsets,CustomBusinessDay,CustomBusinessDay,,"DateOffset subclass representing possibly n custom business days.

In CustomBusinessDay we can use custom weekmask, holidays, and calendar.

Examples

In the example below the default parameters give the next business day.

Business days can be specified by weekmask parameter. To convert
the returned datetime object to its string representation
the function strftime() is used in the next example.

Using NumPy business day calendar you can define custom holidays.

If you want to shift the result on n day you can use the parameter offset .

Attributes

Methods",https://pandas.pydata.org/docs/reference/api/pandas.tseries.offsets.CustomBusinessDay.html
Date Offsets,CustomBusinessDay,CDay,,alias of CustomBusinessDay,https://pandas.pydata.org/docs/reference/api/pandas.tseries.offsets.CDay.html
Date Offsets,Properties,CustomBusinessDay.freqstr,,"Return a string representing the frequency.

The string representation typically consists of the offset multiplier
and a frequency alias (e.g., 'D' for daily, 'h' for hourly).

Examples",https://pandas.pydata.org/docs/reference/api/pandas.tseries.offsets.CustomBusinessDay.freqstr.html
Date Offsets,Properties,CustomBusinessDay.kwds,,"Return a dict of extra parameters for the offset.

These parameters exclude n and normalize , which are common
to all offsets. The returned dictionary can be passed to the offset
constructor to recreate the offset with the same settings.

Examples",https://pandas.pydata.org/docs/reference/api/pandas.tseries.offsets.CustomBusinessDay.kwds.html
Date Offsets,Properties,CustomBusinessDay.name,,"Return a string representing the base frequency.

Examples",https://pandas.pydata.org/docs/reference/api/pandas.tseries.offsets.CustomBusinessDay.name.html
Date Offsets,Properties,CustomBusinessDay.nanos,,"Returns an integer of the total number of nanoseconds for fixed frequencies.

Examples",https://pandas.pydata.org/docs/reference/api/pandas.tseries.offsets.CustomBusinessDay.nanos.html
Date Offsets,Properties,CustomBusinessDay.normalize,,"Return boolean whether the frequency can align with midnight.

This is True for offsets that round the result of a DateOffset
addition down to the previous midnight.

Examples",https://pandas.pydata.org/docs/reference/api/pandas.tseries.offsets.CustomBusinessDay.normalize.html
Date Offsets,Properties,CustomBusinessDay.rule_code,,"Return a string representing the base frequency.

Examples",https://pandas.pydata.org/docs/reference/api/pandas.tseries.offsets.CustomBusinessDay.rule_code.html
Date Offsets,Properties,CustomBusinessDay.n,,"Return the count of the number of periods.

This represents how many multiples of the offset frequency should
be applied. For example, Hour(5) has n=5 .

Examples",https://pandas.pydata.org/docs/reference/api/pandas.tseries.offsets.CustomBusinessDay.n.html
Date Offsets,Properties,CustomBusinessDay.weekmask,,"Return the weekmask used for custom business day calculations.

This property returns the weekmask string that defines which days of the
week are considered business days. For non-custom business offsets (e.g.,
standard BusinessDay, BusinessHour), this will be None. For custom business
day offsets, this returns the weekmask that was specified or the default
‘Mon Tue Wed Thu Fri’.

Examples

For standard business offsets, weekmask is None:

For custom business day with default weekmask:

For custom business day with custom weekmask:",https://pandas.pydata.org/docs/reference/api/pandas.tseries.offsets.CustomBusinessDay.weekmask.html
Date Offsets,Properties,CustomBusinessDay.calendar,,"Return the calendar used for business day calculations.

This property returns the numpy busdaycalendar object used for
determining valid business days. For standard business day offsets
(e.g., BusinessDay, BusinessHour), this returns None. For custom
business day offsets, this returns the calendar that was either
passed directly or constructed from weekmask and holidays.

Examples

For standard business offsets, calendar is None:

For custom business day with explicit holidays:",https://pandas.pydata.org/docs/reference/api/pandas.tseries.offsets.CustomBusinessDay.calendar.html
Date Offsets,Properties,CustomBusinessDay.holidays,,"Return the holidays used for custom business day calculations.

This property returns a tuple or list of holidays used when calculating
business days for custom business day offsets. For non-custom business
offsets (e.g., standard BusinessDay, BusinessHour), this will be None.

Examples

For standard business offsets, holidays is None:

For custom business day with explicit holidays:

For custom business hour with explicit holidays:

For custom business month end with explicit holidays:

For custom business month begin with explicit holidays:

For custom business offsets with a calendar:",https://pandas.pydata.org/docs/reference/api/pandas.tseries.offsets.CustomBusinessDay.holidays.html
Date Offsets,Methods,CustomBusinessDay.copy,,"Return a copy of the frequency.

Examples",https://pandas.pydata.org/docs/reference/api/pandas.tseries.offsets.CustomBusinessDay.copy.html
Date Offsets,Methods,CustomBusinessDay.is_on_offset,dt,"Return boolean whether a timestamp intersects with this frequency.

This method determines if a given timestamp falls on a business day
(Monday through Friday). If normalize is True, it also checks that
the time component is midnight.

Examples

With normalize=True , the timestamp must also be at midnight:",https://pandas.pydata.org/docs/reference/api/pandas.tseries.offsets.CustomBusinessDay.is_on_offset.html
Date Offsets,Methods,CustomBusinessDay.is_month_start,ts,"Return boolean whether a timestamp occurs on the month start.

This method determines if a given timestamp falls on the first day
of a month, considering the frequency of the offset.

Examples",https://pandas.pydata.org/docs/reference/api/pandas.tseries.offsets.CustomBusinessDay.is_month_start.html
Date Offsets,Methods,CustomBusinessDay.is_month_end,ts,"Return boolean whether a timestamp occurs on the month end.

Examples",https://pandas.pydata.org/docs/reference/api/pandas.tseries.offsets.CustomBusinessDay.is_month_end.html
Date Offsets,Methods,CustomBusinessDay.is_quarter_start,ts,"Return boolean whether a timestamp occurs on the quarter start.

Examples",https://pandas.pydata.org/docs/reference/api/pandas.tseries.offsets.CustomBusinessDay.is_quarter_start.html
Date Offsets,Methods,CustomBusinessDay.is_quarter_end,ts,"Return boolean whether a timestamp occurs on the quarter end.

Examples",https://pandas.pydata.org/docs/reference/api/pandas.tseries.offsets.CustomBusinessDay.is_quarter_end.html
Date Offsets,Methods,CustomBusinessDay.is_year_start,ts,"Return boolean whether a timestamp occurs on the year start.

Examples",https://pandas.pydata.org/docs/reference/api/pandas.tseries.offsets.CustomBusinessDay.is_year_start.html
Date Offsets,Methods,CustomBusinessDay.is_year_end,ts,"Return boolean whether a timestamp occurs on the year end.

Examples",https://pandas.pydata.org/docs/reference/api/pandas.tseries.offsets.CustomBusinessDay.is_year_end.html
Date Offsets,CustomBusinessHour,CustomBusinessHour,,"DateOffset subclass representing possibly n custom business days.

In CustomBusinessHour we can use custom weekmask, holidays, and calendar.

Examples

In the example below the default parameters give the next business hour.

We can also change the start and the end of business hours.

You can divide your business day hours into several parts.

Business days can be specified by weekmask parameter. To convert
the returned datetime object to its string representation
the function strftime() is used in the next example.

Using NumPy business day calendar you can define custom holidays.

Attributes

Methods",https://pandas.pydata.org/docs/reference/api/pandas.tseries.offsets.CustomBusinessHour.html
Date Offsets,Properties,CustomBusinessHour.freqstr,,"Return a string representing the frequency.

The string representation typically consists of the offset multiplier
and a frequency alias (e.g., 'D' for daily, 'h' for hourly).

Examples",https://pandas.pydata.org/docs/reference/api/pandas.tseries.offsets.CustomBusinessHour.freqstr.html
Date Offsets,Properties,CustomBusinessHour.kwds,,"Return a dict of extra parameters for the offset.

These parameters exclude n and normalize , which are common
to all offsets. The returned dictionary can be passed to the offset
constructor to recreate the offset with the same settings.

Examples",https://pandas.pydata.org/docs/reference/api/pandas.tseries.offsets.CustomBusinessHour.kwds.html
Date Offsets,Properties,CustomBusinessHour.name,,"Return a string representing the base frequency.

Examples",https://pandas.pydata.org/docs/reference/api/pandas.tseries.offsets.CustomBusinessHour.name.html
Date Offsets,Properties,CustomBusinessHour.nanos,,"Returns an integer of the total number of nanoseconds for fixed frequencies.

Examples",https://pandas.pydata.org/docs/reference/api/pandas.tseries.offsets.CustomBusinessHour.nanos.html
Date Offsets,Properties,CustomBusinessHour.normalize,,"Return boolean whether the frequency can align with midnight.

This is True for offsets that round the result of a DateOffset
addition down to the previous midnight.

Examples",https://pandas.pydata.org/docs/reference/api/pandas.tseries.offsets.CustomBusinessHour.normalize.html
Date Offsets,Properties,CustomBusinessHour.rule_code,,"Return a string representing the base frequency.

Examples",https://pandas.pydata.org/docs/reference/api/pandas.tseries.offsets.CustomBusinessHour.rule_code.html
Date Offsets,Properties,CustomBusinessHour.n,,"Return the count of the number of periods.

This represents how many multiples of the offset frequency should
be applied. For example, Hour(5) has n=5 .

Examples",https://pandas.pydata.org/docs/reference/api/pandas.tseries.offsets.CustomBusinessHour.n.html
Date Offsets,Properties,CustomBusinessHour.weekmask,,"Return the weekmask used for custom business day calculations.

This property returns the weekmask string that defines which days of the
week are considered business days. For non-custom business offsets (e.g.,
standard BusinessDay, BusinessHour), this will be None. For custom business
day offsets, this returns the weekmask that was specified or the default
‘Mon Tue Wed Thu Fri’.

Examples

For standard business offsets, weekmask is None:

For custom business day with default weekmask:

For custom business day with custom weekmask:",https://pandas.pydata.org/docs/reference/api/pandas.tseries.offsets.CustomBusinessHour.weekmask.html
Date Offsets,Properties,CustomBusinessHour.calendar,,"Return the calendar used for business day calculations.

This property returns the numpy busdaycalendar object used for
determining valid business days. For standard business day offsets
(e.g., BusinessDay, BusinessHour), this returns None. For custom
business day offsets, this returns the calendar that was either
passed directly or constructed from weekmask and holidays.

Examples

For standard business offsets, calendar is None:

For custom business day with explicit holidays:",https://pandas.pydata.org/docs/reference/api/pandas.tseries.offsets.CustomBusinessHour.calendar.html
Date Offsets,Properties,CustomBusinessHour.holidays,,"Return the holidays used for custom business day calculations.

This property returns a tuple or list of holidays used when calculating
business days for custom business day offsets. For non-custom business
offsets (e.g., standard BusinessDay, BusinessHour), this will be None.

Examples

For standard business offsets, holidays is None:

For custom business day with explicit holidays:

For custom business hour with explicit holidays:

For custom business month end with explicit holidays:

For custom business month begin with explicit holidays:

For custom business offsets with a calendar:",https://pandas.pydata.org/docs/reference/api/pandas.tseries.offsets.CustomBusinessHour.holidays.html
Date Offsets,Properties,CustomBusinessHour.start,,"Return the start time(s) of the business hour.

This property returns a tuple of datetime.time objects representing
the start times of business hours.

Examples",https://pandas.pydata.org/docs/reference/api/pandas.tseries.offsets.CustomBusinessHour.start.html
Date Offsets,Properties,CustomBusinessHour.end,,"Return the end time(s) of the business hour.

This property returns a tuple of datetime.time objects representing
the end times of business hours.

Examples",https://pandas.pydata.org/docs/reference/api/pandas.tseries.offsets.CustomBusinessHour.end.html
Date Offsets,Methods,CustomBusinessHour.copy,,"Return a copy of the frequency.

Examples",https://pandas.pydata.org/docs/reference/api/pandas.tseries.offsets.CustomBusinessHour.copy.html
Date Offsets,Methods,CustomBusinessHour.is_on_offset,dt,"Return boolean whether a timestamp intersects with this frequency.

This method determines if a given timestamp falls within business hours.
Business hours are defined by the start and end parameters
(default 09:00 to 17:00). The timestamp must also fall on a business day
(Monday through Friday). If normalize is True, it also checks that
the time component is midnight.

Examples",https://pandas.pydata.org/docs/reference/api/pandas.tseries.offsets.CustomBusinessHour.is_on_offset.html
Date Offsets,Methods,CustomBusinessHour.is_month_start,ts,"Return boolean whether a timestamp occurs on the month start.

This method determines if a given timestamp falls on the first day
of a month, considering the frequency of the offset.

Examples",https://pandas.pydata.org/docs/reference/api/pandas.tseries.offsets.CustomBusinessHour.is_month_start.html
Date Offsets,Methods,CustomBusinessHour.is_month_end,ts,"Return boolean whether a timestamp occurs on the month end.

Examples",https://pandas.pydata.org/docs/reference/api/pandas.tseries.offsets.CustomBusinessHour.is_month_end.html
Date Offsets,Methods,CustomBusinessHour.is_quarter_start,ts,"Return boolean whether a timestamp occurs on the quarter start.

Examples",https://pandas.pydata.org/docs/reference/api/pandas.tseries.offsets.CustomBusinessHour.is_quarter_start.html
Date Offsets,Methods,CustomBusinessHour.is_quarter_end,ts,"Return boolean whether a timestamp occurs on the quarter end.

Examples",https://pandas.pydata.org/docs/reference/api/pandas.tseries.offsets.CustomBusinessHour.is_quarter_end.html
Date Offsets,Methods,CustomBusinessHour.is_year_start,ts,"Return boolean whether a timestamp occurs on the year start.

Examples",https://pandas.pydata.org/docs/reference/api/pandas.tseries.offsets.CustomBusinessHour.is_year_start.html
Date Offsets,Methods,CustomBusinessHour.is_year_end,ts,"Return boolean whether a timestamp occurs on the year end.

Examples",https://pandas.pydata.org/docs/reference/api/pandas.tseries.offsets.CustomBusinessHour.is_year_end.html
Date Offsets,MonthEnd,MonthEnd,,"DateOffset of one month end.

MonthEnd goes to the next date which is an end of the month.

Attributes

Examples

If you want to get the end of the current month:

Attributes

Methods",https://pandas.pydata.org/docs/reference/api/pandas.tseries.offsets.MonthEnd.html
Date Offsets,Properties,MonthEnd.freqstr,,"Return a string representing the frequency.

The string representation typically consists of the offset multiplier
and a frequency alias (e.g., 'D' for daily, 'h' for hourly).

Examples",https://pandas.pydata.org/docs/reference/api/pandas.tseries.offsets.MonthEnd.freqstr.html
Date Offsets,Properties,MonthEnd.kwds,,"Return a dict of extra parameters for the offset.

These parameters exclude n and normalize , which are common
to all offsets. The returned dictionary can be passed to the offset
constructor to recreate the offset with the same settings.

Examples",https://pandas.pydata.org/docs/reference/api/pandas.tseries.offsets.MonthEnd.kwds.html
Date Offsets,Properties,MonthEnd.name,,"Return a string representing the base frequency.

Examples",https://pandas.pydata.org/docs/reference/api/pandas.tseries.offsets.MonthEnd.name.html
Date Offsets,Properties,MonthEnd.nanos,,"Returns an integer of the total number of nanoseconds for fixed frequencies.

Examples",https://pandas.pydata.org/docs/reference/api/pandas.tseries.offsets.MonthEnd.nanos.html
Date Offsets,Properties,MonthEnd.normalize,,"Return boolean whether the frequency can align with midnight.

This is True for offsets that round the result of a DateOffset
addition down to the previous midnight.

Examples",https://pandas.pydata.org/docs/reference/api/pandas.tseries.offsets.MonthEnd.normalize.html
Date Offsets,Properties,MonthEnd.rule_code,,"Return a string representing the base frequency.

Examples",https://pandas.pydata.org/docs/reference/api/pandas.tseries.offsets.MonthEnd.rule_code.html
Date Offsets,Properties,MonthEnd.n,,"Return the count of the number of periods.

This represents how many multiples of the offset frequency should
be applied. For example, Hour(5) has n=5 .

Examples",https://pandas.pydata.org/docs/reference/api/pandas.tseries.offsets.MonthEnd.n.html
Date Offsets,Methods,MonthEnd.copy,,"Return a copy of the frequency.

Examples",https://pandas.pydata.org/docs/reference/api/pandas.tseries.offsets.MonthEnd.copy.html
Date Offsets,Methods,MonthEnd.is_on_offset,dt,"Return boolean whether a timestamp intersects with this frequency.

This method determines if a given timestamp aligns with the specific
day of the month defined by this offset. For month-based offsets,
it checks whether the timestamp’s day matches the expected day
according to the offset’s configuration (e.g., start of month,
end of month, or first/last business day).

Examples",https://pandas.pydata.org/docs/reference/api/pandas.tseries.offsets.MonthEnd.is_on_offset.html
Date Offsets,Methods,MonthEnd.is_month_start,ts,"Return boolean whether a timestamp occurs on the month start.

This method determines if a given timestamp falls on the first day
of a month, considering the frequency of the offset.

Examples",https://pandas.pydata.org/docs/reference/api/pandas.tseries.offsets.MonthEnd.is_month_start.html
Date Offsets,Methods,MonthEnd.is_month_end,ts,"Return boolean whether a timestamp occurs on the month end.

Examples",https://pandas.pydata.org/docs/reference/api/pandas.tseries.offsets.MonthEnd.is_month_end.html
Date Offsets,Methods,MonthEnd.is_quarter_start,ts,"Return boolean whether a timestamp occurs on the quarter start.

Examples",https://pandas.pydata.org/docs/reference/api/pandas.tseries.offsets.MonthEnd.is_quarter_start.html
Date Offsets,Methods,MonthEnd.is_quarter_end,ts,"Return boolean whether a timestamp occurs on the quarter end.

Examples",https://pandas.pydata.org/docs/reference/api/pandas.tseries.offsets.MonthEnd.is_quarter_end.html
Date Offsets,Methods,MonthEnd.is_year_start,ts,"Return boolean whether a timestamp occurs on the year start.

Examples",https://pandas.pydata.org/docs/reference/api/pandas.tseries.offsets.MonthEnd.is_year_start.html
Date Offsets,Methods,MonthEnd.is_year_end,ts,"Return boolean whether a timestamp occurs on the year end.

Examples",https://pandas.pydata.org/docs/reference/api/pandas.tseries.offsets.MonthEnd.is_year_end.html
Date Offsets,MonthBegin,MonthBegin,,"DateOffset of one month at beginning.

MonthBegin goes to the next date which is a start of the month.

Attributes

Examples

If you want to get the start of the current month:

Attributes

Methods",https://pandas.pydata.org/docs/reference/api/pandas.tseries.offsets.MonthBegin.html
Date Offsets,Properties,MonthBegin.freqstr,,"Return a string representing the frequency.

The string representation typically consists of the offset multiplier
and a frequency alias (e.g., 'D' for daily, 'h' for hourly).

Examples",https://pandas.pydata.org/docs/reference/api/pandas.tseries.offsets.MonthBegin.freqstr.html
Date Offsets,Properties,MonthBegin.kwds,,"Return a dict of extra parameters for the offset.

These parameters exclude n and normalize , which are common
to all offsets. The returned dictionary can be passed to the offset
constructor to recreate the offset with the same settings.

Examples",https://pandas.pydata.org/docs/reference/api/pandas.tseries.offsets.MonthBegin.kwds.html
Date Offsets,Properties,MonthBegin.name,,"Return a string representing the base frequency.

Examples",https://pandas.pydata.org/docs/reference/api/pandas.tseries.offsets.MonthBegin.name.html
Date Offsets,Properties,MonthBegin.nanos,,"Returns an integer of the total number of nanoseconds for fixed frequencies.

Examples",https://pandas.pydata.org/docs/reference/api/pandas.tseries.offsets.MonthBegin.nanos.html
Date Offsets,Properties,MonthBegin.normalize,,"Return boolean whether the frequency can align with midnight.

This is True for offsets that round the result of a DateOffset
addition down to the previous midnight.

Examples",https://pandas.pydata.org/docs/reference/api/pandas.tseries.offsets.MonthBegin.normalize.html
Date Offsets,Properties,MonthBegin.rule_code,,"Return a string representing the base frequency.

Examples",https://pandas.pydata.org/docs/reference/api/pandas.tseries.offsets.MonthBegin.rule_code.html
Date Offsets,Properties,MonthBegin.n,,"Return the count of the number of periods.

This represents how many multiples of the offset frequency should
be applied. For example, Hour(5) has n=5 .

Examples",https://pandas.pydata.org/docs/reference/api/pandas.tseries.offsets.MonthBegin.n.html
Date Offsets,Methods,MonthBegin.copy,,"Return a copy of the frequency.

Examples",https://pandas.pydata.org/docs/reference/api/pandas.tseries.offsets.MonthBegin.copy.html
Date Offsets,Methods,MonthBegin.is_on_offset,dt,"Return boolean whether a timestamp intersects with this frequency.

This method determines if a given timestamp aligns with the specific
day of the month defined by this offset. For month-based offsets,
it checks whether the timestamp’s day matches the expected day
according to the offset’s configuration (e.g., start of month,
end of month, or first/last business day).

Examples",https://pandas.pydata.org/docs/reference/api/pandas.tseries.offsets.MonthBegin.is_on_offset.html
Date Offsets,Methods,MonthBegin.is_month_start,ts,"Return boolean whether a timestamp occurs on the month start.

This method determines if a given timestamp falls on the first day
of a month, considering the frequency of the offset.

Examples",https://pandas.pydata.org/docs/reference/api/pandas.tseries.offsets.MonthBegin.is_month_start.html
Date Offsets,Methods,MonthBegin.is_month_end,ts,"Return boolean whether a timestamp occurs on the month end.

Examples",https://pandas.pydata.org/docs/reference/api/pandas.tseries.offsets.MonthBegin.is_month_end.html
Date Offsets,Methods,MonthBegin.is_quarter_start,ts,"Return boolean whether a timestamp occurs on the quarter start.

Examples",https://pandas.pydata.org/docs/reference/api/pandas.tseries.offsets.MonthBegin.is_quarter_start.html
Date Offsets,Methods,MonthBegin.is_quarter_end,ts,"Return boolean whether a timestamp occurs on the quarter end.

Examples",https://pandas.pydata.org/docs/reference/api/pandas.tseries.offsets.MonthBegin.is_quarter_end.html
Date Offsets,Methods,MonthBegin.is_year_start,ts,"Return boolean whether a timestamp occurs on the year start.

Examples",https://pandas.pydata.org/docs/reference/api/pandas.tseries.offsets.MonthBegin.is_year_start.html
Date Offsets,Methods,MonthBegin.is_year_end,ts,"Return boolean whether a timestamp occurs on the year end.

Examples",https://pandas.pydata.org/docs/reference/api/pandas.tseries.offsets.MonthBegin.is_year_end.html
Date Offsets,BusinessMonthEnd,BusinessMonthEnd,,"DateOffset increments between the last business day of the month.

BusinessMonthEnd goes to the next date which is the last business day of the month.

Attributes

Examples

If you want to get the end of the current business month:

Attributes

Methods",https://pandas.pydata.org/docs/reference/api/pandas.tseries.offsets.BusinessMonthEnd.html
Date Offsets,BusinessMonthEnd,BMonthEnd,,alias of BusinessMonthEnd,https://pandas.pydata.org/docs/reference/api/pandas.tseries.offsets.BMonthEnd.html
Date Offsets,Properties,BusinessMonthEnd.freqstr,,"Return a string representing the frequency.

The string representation typically consists of the offset multiplier
and a frequency alias (e.g., 'D' for daily, 'h' for hourly).

Examples",https://pandas.pydata.org/docs/reference/api/pandas.tseries.offsets.BusinessMonthEnd.freqstr.html
Date Offsets,Properties,BusinessMonthEnd.kwds,,"Return a dict of extra parameters for the offset.

These parameters exclude n and normalize , which are common
to all offsets. The returned dictionary can be passed to the offset
constructor to recreate the offset with the same settings.

Examples",https://pandas.pydata.org/docs/reference/api/pandas.tseries.offsets.BusinessMonthEnd.kwds.html
Date Offsets,Properties,BusinessMonthEnd.name,,"Return a string representing the base frequency.

Examples",https://pandas.pydata.org/docs/reference/api/pandas.tseries.offsets.BusinessMonthEnd.name.html
Date Offsets,Properties,BusinessMonthEnd.nanos,,"Returns an integer of the total number of nanoseconds for fixed frequencies.

Examples",https://pandas.pydata.org/docs/reference/api/pandas.tseries.offsets.BusinessMonthEnd.nanos.html
Date Offsets,Properties,BusinessMonthEnd.normalize,,"Return boolean whether the frequency can align with midnight.

This is True for offsets that round the result of a DateOffset
addition down to the previous midnight.

Examples",https://pandas.pydata.org/docs/reference/api/pandas.tseries.offsets.BusinessMonthEnd.normalize.html
Date Offsets,Properties,BusinessMonthEnd.rule_code,,"Return a string representing the base frequency.

Examples",https://pandas.pydata.org/docs/reference/api/pandas.tseries.offsets.BusinessMonthEnd.rule_code.html
Date Offsets,Properties,BusinessMonthEnd.n,,"Return the count of the number of periods.

This represents how many multiples of the offset frequency should
be applied. For example, Hour(5) has n=5 .

Examples",https://pandas.pydata.org/docs/reference/api/pandas.tseries.offsets.BusinessMonthEnd.n.html
Date Offsets,Methods,BusinessMonthEnd.copy,,"Return a copy of the frequency.

Examples",https://pandas.pydata.org/docs/reference/api/pandas.tseries.offsets.BusinessMonthEnd.copy.html
Date Offsets,Methods,BusinessMonthEnd.is_on_offset,dt,"Return boolean whether a timestamp intersects with this frequency.

This method determines if a given timestamp aligns with the specific
day of the month defined by this offset. For month-based offsets,
it checks whether the timestamp’s day matches the expected day
according to the offset’s configuration (e.g., start of month,
end of month, or first/last business day).

Examples",https://pandas.pydata.org/docs/reference/api/pandas.tseries.offsets.BusinessMonthEnd.is_on_offset.html
Date Offsets,Methods,BusinessMonthEnd.is_month_start,ts,"Return boolean whether a timestamp occurs on the month start.

This method determines if a given timestamp falls on the first day
of a month, considering the frequency of the offset.

Examples",https://pandas.pydata.org/docs/reference/api/pandas.tseries.offsets.BusinessMonthEnd.is_month_start.html
Date Offsets,Methods,BusinessMonthEnd.is_month_end,ts,"Return boolean whether a timestamp occurs on the month end.

Examples",https://pandas.pydata.org/docs/reference/api/pandas.tseries.offsets.BusinessMonthEnd.is_month_end.html
Date Offsets,Methods,BusinessMonthEnd.is_quarter_start,ts,"Return boolean whether a timestamp occurs on the quarter start.

Examples",https://pandas.pydata.org/docs/reference/api/pandas.tseries.offsets.BusinessMonthEnd.is_quarter_start.html
Date Offsets,Methods,BusinessMonthEnd.is_quarter_end,ts,"Return boolean whether a timestamp occurs on the quarter end.

Examples",https://pandas.pydata.org/docs/reference/api/pandas.tseries.offsets.BusinessMonthEnd.is_quarter_end.html
Date Offsets,Methods,BusinessMonthEnd.is_year_start,ts,"Return boolean whether a timestamp occurs on the year start.

Examples",https://pandas.pydata.org/docs/reference/api/pandas.tseries.offsets.BusinessMonthEnd.is_year_start.html
Date Offsets,Methods,BusinessMonthEnd.is_year_end,ts,"Return boolean whether a timestamp occurs on the year end.

Examples",https://pandas.pydata.org/docs/reference/api/pandas.tseries.offsets.BusinessMonthEnd.is_year_end.html
Date Offsets,BusinessMonthBegin,BusinessMonthBegin,,"DateOffset of one month at the first business day.

BusinessMonthBegin goes to the next date which is the first business day
of the month.

Attributes

Examples

If you want to get the start of the current business month:

Attributes

Methods",https://pandas.pydata.org/docs/reference/api/pandas.tseries.offsets.BusinessMonthBegin.html
Date Offsets,BusinessMonthBegin,BMonthBegin,,alias of BusinessMonthBegin,https://pandas.pydata.org/docs/reference/api/pandas.tseries.offsets.BMonthBegin.html
Date Offsets,Properties,BusinessMonthBegin.freqstr,,"Return a string representing the frequency.

The string representation typically consists of the offset multiplier
and a frequency alias (e.g., 'D' for daily, 'h' for hourly).

Examples",https://pandas.pydata.org/docs/reference/api/pandas.tseries.offsets.BusinessMonthBegin.freqstr.html
Date Offsets,Properties,BusinessMonthBegin.kwds,,"Return a dict of extra parameters for the offset.

These parameters exclude n and normalize , which are common
to all offsets. The returned dictionary can be passed to the offset
constructor to recreate the offset with the same settings.

Examples",https://pandas.pydata.org/docs/reference/api/pandas.tseries.offsets.BusinessMonthBegin.kwds.html
Date Offsets,Properties,BusinessMonthBegin.name,,"Return a string representing the base frequency.

Examples",https://pandas.pydata.org/docs/reference/api/pandas.tseries.offsets.BusinessMonthBegin.name.html
Date Offsets,Properties,BusinessMonthBegin.nanos,,"Returns an integer of the total number of nanoseconds for fixed frequencies.

Examples",https://pandas.pydata.org/docs/reference/api/pandas.tseries.offsets.BusinessMonthBegin.nanos.html
Date Offsets,Properties,BusinessMonthBegin.normalize,,"Return boolean whether the frequency can align with midnight.

This is True for offsets that round the result of a DateOffset
addition down to the previous midnight.

Examples",https://pandas.pydata.org/docs/reference/api/pandas.tseries.offsets.BusinessMonthBegin.normalize.html
Date Offsets,Properties,BusinessMonthBegin.rule_code,,"Return a string representing the base frequency.

Examples",https://pandas.pydata.org/docs/reference/api/pandas.tseries.offsets.BusinessMonthBegin.rule_code.html
Date Offsets,Properties,BusinessMonthBegin.n,,"Return the count of the number of periods.

This represents how many multiples of the offset frequency should
be applied. For example, Hour(5) has n=5 .

Examples",https://pandas.pydata.org/docs/reference/api/pandas.tseries.offsets.BusinessMonthBegin.n.html
Date Offsets,Methods,BusinessMonthBegin.copy,,"Return a copy of the frequency.

Examples",https://pandas.pydata.org/docs/reference/api/pandas.tseries.offsets.BusinessMonthBegin.copy.html
Date Offsets,Methods,BusinessMonthBegin.is_on_offset,dt,"Return boolean whether a timestamp intersects with this frequency.

This method determines if a given timestamp aligns with the specific
day of the month defined by this offset. For month-based offsets,
it checks whether the timestamp’s day matches the expected day
according to the offset’s configuration (e.g., start of month,
end of month, or first/last business day).

Examples",https://pandas.pydata.org/docs/reference/api/pandas.tseries.offsets.BusinessMonthBegin.is_on_offset.html
Date Offsets,Methods,BusinessMonthBegin.is_month_start,ts,"Return boolean whether a timestamp occurs on the month start.

This method determines if a given timestamp falls on the first day
of a month, considering the frequency of the offset.

Examples",https://pandas.pydata.org/docs/reference/api/pandas.tseries.offsets.BusinessMonthBegin.is_month_start.html
Date Offsets,Methods,BusinessMonthBegin.is_month_end,ts,"Return boolean whether a timestamp occurs on the month end.

Examples",https://pandas.pydata.org/docs/reference/api/pandas.tseries.offsets.BusinessMonthBegin.is_month_end.html
Date Offsets,Methods,BusinessMonthBegin.is_quarter_start,ts,"Return boolean whether a timestamp occurs on the quarter start.

Examples",https://pandas.pydata.org/docs/reference/api/pandas.tseries.offsets.BusinessMonthBegin.is_quarter_start.html
Date Offsets,Methods,BusinessMonthBegin.is_quarter_end,ts,"Return boolean whether a timestamp occurs on the quarter end.

Examples",https://pandas.pydata.org/docs/reference/api/pandas.tseries.offsets.BusinessMonthBegin.is_quarter_end.html
Date Offsets,Methods,BusinessMonthBegin.is_year_start,ts,"Return boolean whether a timestamp occurs on the year start.

Examples",https://pandas.pydata.org/docs/reference/api/pandas.tseries.offsets.BusinessMonthBegin.is_year_start.html
Date Offsets,Methods,BusinessMonthBegin.is_year_end,ts,"Return boolean whether a timestamp occurs on the year end.

Examples",https://pandas.pydata.org/docs/reference/api/pandas.tseries.offsets.BusinessMonthBegin.is_year_end.html
Date Offsets,CustomBusinessMonthEnd,CustomBusinessMonthEnd,,"DateOffset subclass representing custom business month(s).

Increments between end of month dates.

Examples

In the example below we use the default parameters.

Custom business month end can be specified by weekmask parameter.
To convert the returned datetime object to its string representation
the function strftime() is used in the next example.

Using NumPy business day calendar you can define custom holidays.

Attributes

Methods",https://pandas.pydata.org/docs/reference/api/pandas.tseries.offsets.CustomBusinessMonthEnd.html
Date Offsets,CustomBusinessMonthEnd,CBMonthEnd,,alias of CustomBusinessMonthEnd,https://pandas.pydata.org/docs/reference/api/pandas.tseries.offsets.CBMonthEnd.html
Date Offsets,Properties,CustomBusinessMonthEnd.freqstr,,"Return a string representing the frequency.

The string representation typically consists of the offset multiplier
and a frequency alias (e.g., 'D' for daily, 'h' for hourly).

Examples",https://pandas.pydata.org/docs/reference/api/pandas.tseries.offsets.CustomBusinessMonthEnd.freqstr.html
Date Offsets,Properties,CustomBusinessMonthEnd.kwds,,"Return a dict of extra parameters for the offset.

These parameters exclude n and normalize , which are common
to all offsets. The returned dictionary can be passed to the offset
constructor to recreate the offset with the same settings.

Examples",https://pandas.pydata.org/docs/reference/api/pandas.tseries.offsets.CustomBusinessMonthEnd.kwds.html
Date Offsets,Properties,CustomBusinessMonthEnd.m_offset,,"Return a MonthBegin or MonthEnd offset.

This is used internally to compute the month-based component
of the custom business month offset calculation.

Examples",https://pandas.pydata.org/docs/reference/api/pandas.tseries.offsets.CustomBusinessMonthEnd.m_offset.html
Date Offsets,Properties,CustomBusinessMonthEnd.name,,"Return a string representing the base frequency.

Examples",https://pandas.pydata.org/docs/reference/api/pandas.tseries.offsets.CustomBusinessMonthEnd.name.html
Date Offsets,Properties,CustomBusinessMonthEnd.nanos,,"Returns an integer of the total number of nanoseconds for fixed frequencies.

Examples",https://pandas.pydata.org/docs/reference/api/pandas.tseries.offsets.CustomBusinessMonthEnd.nanos.html
Date Offsets,Properties,CustomBusinessMonthEnd.normalize,,"Return boolean whether the frequency can align with midnight.

This is True for offsets that round the result of a DateOffset
addition down to the previous midnight.

Examples",https://pandas.pydata.org/docs/reference/api/pandas.tseries.offsets.CustomBusinessMonthEnd.normalize.html
Date Offsets,Properties,CustomBusinessMonthEnd.rule_code,,"Return a string representing the base frequency.

Examples",https://pandas.pydata.org/docs/reference/api/pandas.tseries.offsets.CustomBusinessMonthEnd.rule_code.html
Date Offsets,Properties,CustomBusinessMonthEnd.n,,"Return the count of the number of periods.

This represents how many multiples of the offset frequency should
be applied. For example, Hour(5) has n=5 .

Examples",https://pandas.pydata.org/docs/reference/api/pandas.tseries.offsets.CustomBusinessMonthEnd.n.html
Date Offsets,Properties,CustomBusinessMonthEnd.weekmask,,"Return the weekmask used for custom business day calculations.

This property returns the weekmask string that defines which days of the
week are considered business days. For non-custom business offsets (e.g.,
standard BusinessDay, BusinessHour), this will be None. For custom business
day offsets, this returns the weekmask that was specified or the default
‘Mon Tue Wed Thu Fri’.

Examples

For standard business offsets, weekmask is None:

For custom business day with default weekmask:

For custom business day with custom weekmask:",https://pandas.pydata.org/docs/reference/api/pandas.tseries.offsets.CustomBusinessMonthEnd.weekmask.html
Date Offsets,Properties,CustomBusinessMonthEnd.calendar,,"Return the calendar used for business day calculations.

This property returns the numpy busdaycalendar object used for
determining valid business days. For standard business day offsets
(e.g., BusinessDay, BusinessHour), this returns None. For custom
business day offsets, this returns the calendar that was either
passed directly or constructed from weekmask and holidays.

Examples

For standard business offsets, calendar is None:

For custom business day with explicit holidays:",https://pandas.pydata.org/docs/reference/api/pandas.tseries.offsets.CustomBusinessMonthEnd.calendar.html
Date Offsets,Properties,CustomBusinessMonthEnd.holidays,,"Return the holidays used for custom business day calculations.

This property returns a tuple or list of holidays used when calculating
business days for custom business day offsets. For non-custom business
offsets (e.g., standard BusinessDay, BusinessHour), this will be None.

Examples

For standard business offsets, holidays is None:

For custom business day with explicit holidays:

For custom business hour with explicit holidays:

For custom business month end with explicit holidays:

For custom business month begin with explicit holidays:

For custom business offsets with a calendar:",https://pandas.pydata.org/docs/reference/api/pandas.tseries.offsets.CustomBusinessMonthEnd.holidays.html
Date Offsets,Methods,CustomBusinessMonthEnd.copy,,"Return a copy of the frequency.

Examples",https://pandas.pydata.org/docs/reference/api/pandas.tseries.offsets.CustomBusinessMonthEnd.copy.html
Date Offsets,Methods,CustomBusinessMonthEnd.is_on_offset,dt,"Return boolean whether a timestamp intersects with this frequency.

This method determines if a given timestamp aligns with the start
of a custom business month, as defined by this offset. It accounts
for custom rules, such as skipping weekends or other non-business days,
and checks whether the provided datetime falls on a valid business day
that marks the beginning of the custom business month.

Examples",https://pandas.pydata.org/docs/reference/api/pandas.tseries.offsets.CustomBusinessMonthEnd.is_on_offset.html
Date Offsets,Methods,CustomBusinessMonthEnd.is_month_start,ts,"Return boolean whether a timestamp occurs on the month start.

This method determines if a given timestamp falls on the first day
of a month, considering the frequency of the offset.

Examples",https://pandas.pydata.org/docs/reference/api/pandas.tseries.offsets.CustomBusinessMonthEnd.is_month_start.html
Date Offsets,Methods,CustomBusinessMonthEnd.is_month_end,ts,"Return boolean whether a timestamp occurs on the month end.

Examples",https://pandas.pydata.org/docs/reference/api/pandas.tseries.offsets.CustomBusinessMonthEnd.is_month_end.html
Date Offsets,Methods,CustomBusinessMonthEnd.is_quarter_start,ts,"Return boolean whether a timestamp occurs on the quarter start.

Examples",https://pandas.pydata.org/docs/reference/api/pandas.tseries.offsets.CustomBusinessMonthEnd.is_quarter_start.html
Date Offsets,Methods,CustomBusinessMonthEnd.is_quarter_end,ts,"Return boolean whether a timestamp occurs on the quarter end.

Examples",https://pandas.pydata.org/docs/reference/api/pandas.tseries.offsets.CustomBusinessMonthEnd.is_quarter_end.html
Date Offsets,Methods,CustomBusinessMonthEnd.is_year_start,ts,"Return boolean whether a timestamp occurs on the year start.

Examples",https://pandas.pydata.org/docs/reference/api/pandas.tseries.offsets.CustomBusinessMonthEnd.is_year_start.html
Date Offsets,Methods,CustomBusinessMonthEnd.is_year_end,ts,"Return boolean whether a timestamp occurs on the year end.

Examples",https://pandas.pydata.org/docs/reference/api/pandas.tseries.offsets.CustomBusinessMonthEnd.is_year_end.html
Date Offsets,CustomBusinessMonthBegin,CustomBusinessMonthBegin,,"DateOffset subclass representing custom business month(s).

Increments between beginning of month dates.

Examples

In the example below we use the default parameters.

Custom business month start can be specified by weekmask parameter.
To convert the returned datetime object to its string representation
the function strftime() is used in the next example.

Using NumPy business day calendar you can define custom holidays.

Attributes

Methods",https://pandas.pydata.org/docs/reference/api/pandas.tseries.offsets.CustomBusinessMonthBegin.html
Date Offsets,CustomBusinessMonthBegin,CBMonthBegin,,alias of CustomBusinessMonthBegin,https://pandas.pydata.org/docs/reference/api/pandas.tseries.offsets.CBMonthBegin.html
Date Offsets,Properties,CustomBusinessMonthBegin.freqstr,,"Return a string representing the frequency.

The string representation typically consists of the offset multiplier
and a frequency alias (e.g., 'D' for daily, 'h' for hourly).

Examples",https://pandas.pydata.org/docs/reference/api/pandas.tseries.offsets.CustomBusinessMonthBegin.freqstr.html
Date Offsets,Properties,CustomBusinessMonthBegin.kwds,,"Return a dict of extra parameters for the offset.

These parameters exclude n and normalize , which are common
to all offsets. The returned dictionary can be passed to the offset
constructor to recreate the offset with the same settings.

Examples",https://pandas.pydata.org/docs/reference/api/pandas.tseries.offsets.CustomBusinessMonthBegin.kwds.html
Date Offsets,Properties,CustomBusinessMonthBegin.m_offset,,"Return a MonthBegin or MonthEnd offset.

This is used internally to compute the month-based component
of the custom business month offset calculation.

Examples",https://pandas.pydata.org/docs/reference/api/pandas.tseries.offsets.CustomBusinessMonthBegin.m_offset.html
Date Offsets,Properties,CustomBusinessMonthBegin.name,,"Return a string representing the base frequency.

Examples",https://pandas.pydata.org/docs/reference/api/pandas.tseries.offsets.CustomBusinessMonthBegin.name.html
Date Offsets,Properties,CustomBusinessMonthBegin.nanos,,"Returns an integer of the total number of nanoseconds for fixed frequencies.

Examples",https://pandas.pydata.org/docs/reference/api/pandas.tseries.offsets.CustomBusinessMonthBegin.nanos.html
Date Offsets,Properties,CustomBusinessMonthBegin.normalize,,"Return boolean whether the frequency can align with midnight.

This is True for offsets that round the result of a DateOffset
addition down to the previous midnight.

Examples",https://pandas.pydata.org/docs/reference/api/pandas.tseries.offsets.CustomBusinessMonthBegin.normalize.html
Date Offsets,Properties,CustomBusinessMonthBegin.rule_code,,"Return a string representing the base frequency.

Examples",https://pandas.pydata.org/docs/reference/api/pandas.tseries.offsets.CustomBusinessMonthBegin.rule_code.html
Date Offsets,Properties,CustomBusinessMonthBegin.n,,"Return the count of the number of periods.

This represents how many multiples of the offset frequency should
be applied. For example, Hour(5) has n=5 .

Examples",https://pandas.pydata.org/docs/reference/api/pandas.tseries.offsets.CustomBusinessMonthBegin.n.html
Date Offsets,Properties,CustomBusinessMonthBegin.weekmask,,"Return the weekmask used for custom business day calculations.

This property returns the weekmask string that defines which days of the
week are considered business days. For non-custom business offsets (e.g.,
standard BusinessDay, BusinessHour), this will be None. For custom business
day offsets, this returns the weekmask that was specified or the default
‘Mon Tue Wed Thu Fri’.

Examples

For standard business offsets, weekmask is None:

For custom business day with default weekmask:

For custom business day with custom weekmask:",https://pandas.pydata.org/docs/reference/api/pandas.tseries.offsets.CustomBusinessMonthBegin.weekmask.html
Date Offsets,Properties,CustomBusinessMonthBegin.calendar,,"Return the calendar used for business day calculations.

This property returns the numpy busdaycalendar object used for
determining valid business days. For standard business day offsets
(e.g., BusinessDay, BusinessHour), this returns None. For custom
business day offsets, this returns the calendar that was either
passed directly or constructed from weekmask and holidays.

Examples

For standard business offsets, calendar is None:

For custom business day with explicit holidays:",https://pandas.pydata.org/docs/reference/api/pandas.tseries.offsets.CustomBusinessMonthBegin.calendar.html
Date Offsets,Properties,CustomBusinessMonthBegin.holidays,,"Return the holidays used for custom business day calculations.

This property returns a tuple or list of holidays used when calculating
business days for custom business day offsets. For non-custom business
offsets (e.g., standard BusinessDay, BusinessHour), this will be None.

Examples

For standard business offsets, holidays is None:

For custom business day with explicit holidays:

For custom business hour with explicit holidays:

For custom business month end with explicit holidays:

For custom business month begin with explicit holidays:

For custom business offsets with a calendar:",https://pandas.pydata.org/docs/reference/api/pandas.tseries.offsets.CustomBusinessMonthBegin.holidays.html
Date Offsets,Methods,CustomBusinessMonthBegin.copy,,"Return a copy of the frequency.

Examples",https://pandas.pydata.org/docs/reference/api/pandas.tseries.offsets.CustomBusinessMonthBegin.copy.html
Date Offsets,Methods,CustomBusinessMonthBegin.is_on_offset,dt,"Return boolean whether a timestamp intersects with this frequency.

This method determines if a given timestamp aligns with the start
of a custom business month, as defined by this offset. It accounts
for custom rules, such as skipping weekends or other non-business days,
and checks whether the provided datetime falls on a valid business day
that marks the beginning of the custom business month.

Examples",https://pandas.pydata.org/docs/reference/api/pandas.tseries.offsets.CustomBusinessMonthBegin.is_on_offset.html
Date Offsets,Methods,CustomBusinessMonthBegin.is_month_start,ts,"Return boolean whether a timestamp occurs on the month start.

This method determines if a given timestamp falls on the first day
of a month, considering the frequency of the offset.

Examples",https://pandas.pydata.org/docs/reference/api/pandas.tseries.offsets.CustomBusinessMonthBegin.is_month_start.html
Date Offsets,Methods,CustomBusinessMonthBegin.is_month_end,ts,"Return boolean whether a timestamp occurs on the month end.

Examples",https://pandas.pydata.org/docs/reference/api/pandas.tseries.offsets.CustomBusinessMonthBegin.is_month_end.html
Date Offsets,Methods,CustomBusinessMonthBegin.is_quarter_start,ts,"Return boolean whether a timestamp occurs on the quarter start.

Examples",https://pandas.pydata.org/docs/reference/api/pandas.tseries.offsets.CustomBusinessMonthBegin.is_quarter_start.html
Date Offsets,Methods,CustomBusinessMonthBegin.is_quarter_end,ts,"Return boolean whether a timestamp occurs on the quarter end.

Examples",https://pandas.pydata.org/docs/reference/api/pandas.tseries.offsets.CustomBusinessMonthBegin.is_quarter_end.html
Date Offsets,Methods,CustomBusinessMonthBegin.is_year_start,ts,"Return boolean whether a timestamp occurs on the year start.

Examples",https://pandas.pydata.org/docs/reference/api/pandas.tseries.offsets.CustomBusinessMonthBegin.is_year_start.html
Date Offsets,Methods,CustomBusinessMonthBegin.is_year_end,ts,"Return boolean whether a timestamp occurs on the year end.

Examples",https://pandas.pydata.org/docs/reference/api/pandas.tseries.offsets.CustomBusinessMonthBegin.is_year_end.html
Date Offsets,SemiMonthEnd,SemiMonthEnd,,"Two DateOffset’s per month repeating on the last day of the month & day_of_month.

This offset allows for flexibility in generating date ranges or adjusting dates
to the end of a month or a specific day in the month, such as the 15th or the last
day of the month. It is useful for financial or scheduling applications where
events occur bi-monthly.

Attributes

Examples

If you want to get the result for the current month:

Attributes

Methods",https://pandas.pydata.org/docs/reference/api/pandas.tseries.offsets.SemiMonthEnd.html
Date Offsets,Properties,SemiMonthEnd.freqstr,,"Return a string representing the frequency.

The string representation typically consists of the offset multiplier
and a frequency alias (e.g., 'D' for daily, 'h' for hourly).

Examples",https://pandas.pydata.org/docs/reference/api/pandas.tseries.offsets.SemiMonthEnd.freqstr.html
Date Offsets,Properties,SemiMonthEnd.kwds,,"Return a dict of extra parameters for the offset.

These parameters exclude n and normalize , which are common
to all offsets. The returned dictionary can be passed to the offset
constructor to recreate the offset with the same settings.

Examples",https://pandas.pydata.org/docs/reference/api/pandas.tseries.offsets.SemiMonthEnd.kwds.html
Date Offsets,Properties,SemiMonthEnd.name,,"Return a string representing the base frequency.

Examples",https://pandas.pydata.org/docs/reference/api/pandas.tseries.offsets.SemiMonthEnd.name.html
Date Offsets,Properties,SemiMonthEnd.nanos,,"Returns an integer of the total number of nanoseconds for fixed frequencies.

Examples",https://pandas.pydata.org/docs/reference/api/pandas.tseries.offsets.SemiMonthEnd.nanos.html
Date Offsets,Properties,SemiMonthEnd.normalize,,"Return boolean whether the frequency can align with midnight.

This is True for offsets that round the result of a DateOffset
addition down to the previous midnight.

Examples",https://pandas.pydata.org/docs/reference/api/pandas.tseries.offsets.SemiMonthEnd.normalize.html
Date Offsets,Properties,SemiMonthEnd.rule_code,,,https://pandas.pydata.org/docs/reference/api/pandas.tseries.offsets.SemiMonthEnd.rule_code.html
Date Offsets,Properties,SemiMonthEnd.n,,"Return the count of the number of periods.

This represents how many multiples of the offset frequency should
be applied. For example, Hour(5) has n=5 .

Examples",https://pandas.pydata.org/docs/reference/api/pandas.tseries.offsets.SemiMonthEnd.n.html
Date Offsets,Properties,SemiMonthEnd.day_of_month,,"Return the day of the month for the semi-monthly offset.

This specifies the day of the month on which the offset falls,
in addition to the start (1st) or end (last day) of the month.

Examples",https://pandas.pydata.org/docs/reference/api/pandas.tseries.offsets.SemiMonthEnd.day_of_month.html
Date Offsets,Methods,SemiMonthEnd.copy,,"Return a copy of the frequency.

Examples",https://pandas.pydata.org/docs/reference/api/pandas.tseries.offsets.SemiMonthEnd.copy.html
Date Offsets,Methods,SemiMonthEnd.is_on_offset,dt,"Return boolean whether a timestamp intersects with this frequency.

This method determines if a given timestamp aligns with the start
of a custom business month, as defined by this offset. It accounts
for custom rules, such as skipping weekends or other non-business days,
and checks whether the provided datetime falls on a valid business day
that marks the beginning of the custom business month.

Examples",https://pandas.pydata.org/docs/reference/api/pandas.tseries.offsets.SemiMonthEnd.is_on_offset.html
Date Offsets,Methods,SemiMonthEnd.is_month_start,ts,"Return boolean whether a timestamp occurs on the month start.

This method determines if a given timestamp falls on the first day
of a month, considering the frequency of the offset.

Examples",https://pandas.pydata.org/docs/reference/api/pandas.tseries.offsets.SemiMonthEnd.is_month_start.html
Date Offsets,Methods,SemiMonthEnd.is_month_end,ts,"Return boolean whether a timestamp occurs on the month end.

Examples",https://pandas.pydata.org/docs/reference/api/pandas.tseries.offsets.SemiMonthEnd.is_month_end.html
Date Offsets,Methods,SemiMonthEnd.is_quarter_start,ts,"Return boolean whether a timestamp occurs on the quarter start.

Examples",https://pandas.pydata.org/docs/reference/api/pandas.tseries.offsets.SemiMonthEnd.is_quarter_start.html
Date Offsets,Methods,SemiMonthEnd.is_quarter_end,ts,"Return boolean whether a timestamp occurs on the quarter end.

Examples",https://pandas.pydata.org/docs/reference/api/pandas.tseries.offsets.SemiMonthEnd.is_quarter_end.html
Date Offsets,Methods,SemiMonthEnd.is_year_start,ts,"Return boolean whether a timestamp occurs on the year start.

Examples",https://pandas.pydata.org/docs/reference/api/pandas.tseries.offsets.SemiMonthEnd.is_year_start.html
Date Offsets,Methods,SemiMonthEnd.is_year_end,ts,"Return boolean whether a timestamp occurs on the year end.

Examples",https://pandas.pydata.org/docs/reference/api/pandas.tseries.offsets.SemiMonthEnd.is_year_end.html
Date Offsets,SemiMonthBegin,SemiMonthBegin,,"Two DateOffset’s per month repeating on the first day of the month & day_of_month.

This offset moves dates to the first day of the month and an additional specified
day (typically the 15th by default), useful in scenarios where bi-monthly processing
occurs on set days.

Attributes

Examples

Attributes

Methods",https://pandas.pydata.org/docs/reference/api/pandas.tseries.offsets.SemiMonthBegin.html
Date Offsets,Properties,SemiMonthBegin.freqstr,,"Return a string representing the frequency.

The string representation typically consists of the offset multiplier
and a frequency alias (e.g., 'D' for daily, 'h' for hourly).

Examples",https://pandas.pydata.org/docs/reference/api/pandas.tseries.offsets.SemiMonthBegin.freqstr.html
Date Offsets,Properties,SemiMonthBegin.kwds,,"Return a dict of extra parameters for the offset.

These parameters exclude n and normalize , which are common
to all offsets. The returned dictionary can be passed to the offset
constructor to recreate the offset with the same settings.

Examples",https://pandas.pydata.org/docs/reference/api/pandas.tseries.offsets.SemiMonthBegin.kwds.html
Date Offsets,Properties,SemiMonthBegin.name,,"Return a string representing the base frequency.

Examples",https://pandas.pydata.org/docs/reference/api/pandas.tseries.offsets.SemiMonthBegin.name.html
Date Offsets,Properties,SemiMonthBegin.nanos,,"Returns an integer of the total number of nanoseconds for fixed frequencies.

Examples",https://pandas.pydata.org/docs/reference/api/pandas.tseries.offsets.SemiMonthBegin.nanos.html
Date Offsets,Properties,SemiMonthBegin.normalize,,"Return boolean whether the frequency can align with midnight.

This is True for offsets that round the result of a DateOffset
addition down to the previous midnight.

Examples",https://pandas.pydata.org/docs/reference/api/pandas.tseries.offsets.SemiMonthBegin.normalize.html
Date Offsets,Properties,SemiMonthBegin.rule_code,,,https://pandas.pydata.org/docs/reference/api/pandas.tseries.offsets.SemiMonthBegin.rule_code.html
Date Offsets,Properties,SemiMonthBegin.n,,"Return the count of the number of periods.

This represents how many multiples of the offset frequency should
be applied. For example, Hour(5) has n=5 .

Examples",https://pandas.pydata.org/docs/reference/api/pandas.tseries.offsets.SemiMonthBegin.n.html
Date Offsets,Properties,SemiMonthBegin.day_of_month,,"Return the day of the month for the semi-monthly offset.

This specifies the day of the month on which the offset falls,
in addition to the start (1st) or end (last day) of the month.

Examples",https://pandas.pydata.org/docs/reference/api/pandas.tseries.offsets.SemiMonthBegin.day_of_month.html
Date Offsets,Methods,SemiMonthBegin.copy,,"Return a copy of the frequency.

Examples",https://pandas.pydata.org/docs/reference/api/pandas.tseries.offsets.SemiMonthBegin.copy.html
Date Offsets,Methods,SemiMonthBegin.is_on_offset,dt,"Return boolean whether a timestamp intersects with this frequency.

This method determines if a given timestamp aligns with the start
of a custom business month, as defined by this offset. It accounts
for custom rules, such as skipping weekends or other non-business days,
and checks whether the provided datetime falls on a valid business day
that marks the beginning of the custom business month.

Examples",https://pandas.pydata.org/docs/reference/api/pandas.tseries.offsets.SemiMonthBegin.is_on_offset.html
Date Offsets,Methods,SemiMonthBegin.is_month_start,ts,"Return boolean whether a timestamp occurs on the month start.

This method determines if a given timestamp falls on the first day
of a month, considering the frequency of the offset.

Examples",https://pandas.pydata.org/docs/reference/api/pandas.tseries.offsets.SemiMonthBegin.is_month_start.html
Date Offsets,Methods,SemiMonthBegin.is_month_end,ts,"Return boolean whether a timestamp occurs on the month end.

Examples",https://pandas.pydata.org/docs/reference/api/pandas.tseries.offsets.SemiMonthBegin.is_month_end.html
Date Offsets,Methods,SemiMonthBegin.is_quarter_start,ts,"Return boolean whether a timestamp occurs on the quarter start.

Examples",https://pandas.pydata.org/docs/reference/api/pandas.tseries.offsets.SemiMonthBegin.is_quarter_start.html
Date Offsets,Methods,SemiMonthBegin.is_quarter_end,ts,"Return boolean whether a timestamp occurs on the quarter end.

Examples",https://pandas.pydata.org/docs/reference/api/pandas.tseries.offsets.SemiMonthBegin.is_quarter_end.html
Date Offsets,Methods,SemiMonthBegin.is_year_start,ts,"Return boolean whether a timestamp occurs on the year start.

Examples",https://pandas.pydata.org/docs/reference/api/pandas.tseries.offsets.SemiMonthBegin.is_year_start.html
Date Offsets,Methods,SemiMonthBegin.is_year_end,ts,"Return boolean whether a timestamp occurs on the year end.

Examples",https://pandas.pydata.org/docs/reference/api/pandas.tseries.offsets.SemiMonthBegin.is_year_end.html
Date Offsets,Week,Week,,"Weekly offset.

Attributes

Examples

Attributes

Methods",https://pandas.pydata.org/docs/reference/api/pandas.tseries.offsets.Week.html
Date Offsets,Properties,Week.freqstr,,"Return a string representing the frequency.

The string representation typically consists of the offset multiplier
and a frequency alias (e.g., 'D' for daily, 'h' for hourly).

Examples",https://pandas.pydata.org/docs/reference/api/pandas.tseries.offsets.Week.freqstr.html
Date Offsets,Properties,Week.kwds,,"Return a dict of extra parameters for the offset.

These parameters exclude n and normalize , which are common
to all offsets. The returned dictionary can be passed to the offset
constructor to recreate the offset with the same settings.

Examples",https://pandas.pydata.org/docs/reference/api/pandas.tseries.offsets.Week.kwds.html
Date Offsets,Properties,Week.name,,"Return a string representing the base frequency.

Examples",https://pandas.pydata.org/docs/reference/api/pandas.tseries.offsets.Week.name.html
Date Offsets,Properties,Week.nanos,,"Returns an integer of the total number of nanoseconds for fixed frequencies.

Examples",https://pandas.pydata.org/docs/reference/api/pandas.tseries.offsets.Week.nanos.html
Date Offsets,Properties,Week.normalize,,"Return boolean whether the frequency can align with midnight.

This is True for offsets that round the result of a DateOffset
addition down to the previous midnight.

Examples",https://pandas.pydata.org/docs/reference/api/pandas.tseries.offsets.Week.normalize.html
Date Offsets,Properties,Week.rule_code,,"Return a string representing the base frequency.

Examples",https://pandas.pydata.org/docs/reference/api/pandas.tseries.offsets.Week.rule_code.html
Date Offsets,Properties,Week.n,,"Return the count of the number of periods.

This represents how many multiples of the offset frequency should
be applied. For example, Hour(5) has n=5 .

Examples",https://pandas.pydata.org/docs/reference/api/pandas.tseries.offsets.Week.n.html
Date Offsets,Properties,Week.weekday,,"Return the day of the week on which the offset is applied.

This is the weekday on which the weekly offset is anchored.
The value is an integer representing the day of the week,
where Monday is 0 and Sunday is 6, or None if no specific
weekday is set.

Examples",https://pandas.pydata.org/docs/reference/api/pandas.tseries.offsets.Week.weekday.html
Date Offsets,Methods,Week.copy,,"Return a copy of the frequency.

Examples",https://pandas.pydata.org/docs/reference/api/pandas.tseries.offsets.Week.copy.html
Date Offsets,Methods,Week.is_on_offset,dt,"Return boolean whether a timestamp intersects with this frequency.

This method determines if a given timestamp aligns with the start
of a custom business month, as defined by this offset. It accounts
for custom rules, such as skipping weekends or other non-business days,
and checks whether the provided datetime falls on a valid business day
that marks the beginning of the custom business month.

Examples",https://pandas.pydata.org/docs/reference/api/pandas.tseries.offsets.Week.is_on_offset.html
Date Offsets,Methods,Week.is_month_start,ts,"Return boolean whether a timestamp occurs on the month start.

This method determines if a given timestamp falls on the first day
of a month, considering the frequency of the offset.

Examples",https://pandas.pydata.org/docs/reference/api/pandas.tseries.offsets.Week.is_month_start.html
Date Offsets,Methods,Week.is_month_end,ts,"Return boolean whether a timestamp occurs on the month end.

Examples",https://pandas.pydata.org/docs/reference/api/pandas.tseries.offsets.Week.is_month_end.html
Date Offsets,Methods,Week.is_quarter_start,ts,"Return boolean whether a timestamp occurs on the quarter start.

Examples",https://pandas.pydata.org/docs/reference/api/pandas.tseries.offsets.Week.is_quarter_start.html
Date Offsets,Methods,Week.is_quarter_end,ts,"Return boolean whether a timestamp occurs on the quarter end.

Examples",https://pandas.pydata.org/docs/reference/api/pandas.tseries.offsets.Week.is_quarter_end.html
Date Offsets,Methods,Week.is_year_start,ts,"Return boolean whether a timestamp occurs on the year start.

Examples",https://pandas.pydata.org/docs/reference/api/pandas.tseries.offsets.Week.is_year_start.html
Date Offsets,Methods,Week.is_year_end,ts,"Return boolean whether a timestamp occurs on the year end.

Examples",https://pandas.pydata.org/docs/reference/api/pandas.tseries.offsets.Week.is_year_end.html
Date Offsets,WeekOfMonth,WeekOfMonth,,"Describes monthly dates like “the Tuesday of the 2nd week of each month”.

This offset allows for generating or adjusting dates by specifying
a particular week and weekday within a month. The week is zero-indexed,
where 0 corresponds to the first week of the month, and weekday follows
a Monday=0 convention.

Attributes

Examples

Attributes

Methods",https://pandas.pydata.org/docs/reference/api/pandas.tseries.offsets.WeekOfMonth.html
Date Offsets,Properties,WeekOfMonth.freqstr,,"Return a string representing the frequency.

The string representation typically consists of the offset multiplier
and a frequency alias (e.g., 'D' for daily, 'h' for hourly).

Examples",https://pandas.pydata.org/docs/reference/api/pandas.tseries.offsets.WeekOfMonth.freqstr.html
Date Offsets,Properties,WeekOfMonth.kwds,,"Return a dict of extra parameters for the offset.

These parameters exclude n and normalize , which are common
to all offsets. The returned dictionary can be passed to the offset
constructor to recreate the offset with the same settings.

Examples",https://pandas.pydata.org/docs/reference/api/pandas.tseries.offsets.WeekOfMonth.kwds.html
Date Offsets,Properties,WeekOfMonth.name,,"Return a string representing the base frequency.

Examples",https://pandas.pydata.org/docs/reference/api/pandas.tseries.offsets.WeekOfMonth.name.html
Date Offsets,Properties,WeekOfMonth.nanos,,"Returns an integer of the total number of nanoseconds for fixed frequencies.

Examples",https://pandas.pydata.org/docs/reference/api/pandas.tseries.offsets.WeekOfMonth.nanos.html
Date Offsets,Properties,WeekOfMonth.normalize,,"Return boolean whether the frequency can align with midnight.

This is True for offsets that round the result of a DateOffset
addition down to the previous midnight.

Examples",https://pandas.pydata.org/docs/reference/api/pandas.tseries.offsets.WeekOfMonth.normalize.html
Date Offsets,Properties,WeekOfMonth.rule_code,,"Return a string representing the base frequency.

Examples",https://pandas.pydata.org/docs/reference/api/pandas.tseries.offsets.WeekOfMonth.rule_code.html
Date Offsets,Properties,WeekOfMonth.n,,"Return the count of the number of periods.

This represents how many multiples of the offset frequency should
be applied. For example, Hour(5) has n=5 .

Examples",https://pandas.pydata.org/docs/reference/api/pandas.tseries.offsets.WeekOfMonth.n.html
Date Offsets,Properties,WeekOfMonth.week,,,https://pandas.pydata.org/docs/reference/api/pandas.tseries.offsets.WeekOfMonth.week.html
Date Offsets,Methods,WeekOfMonth.copy,,"Return a copy of the frequency.

Examples",https://pandas.pydata.org/docs/reference/api/pandas.tseries.offsets.WeekOfMonth.copy.html
Date Offsets,Methods,WeekOfMonth.is_on_offset,dt,"Return boolean whether a timestamp intersects with this frequency.

This method determines if a given timestamp aligns with the start
of a custom business month, as defined by this offset. It accounts
for custom rules, such as skipping weekends or other non-business days,
and checks whether the provided datetime falls on a valid business day
that marks the beginning of the custom business month.

Examples",https://pandas.pydata.org/docs/reference/api/pandas.tseries.offsets.WeekOfMonth.is_on_offset.html
Date Offsets,Methods,WeekOfMonth.weekday,,,https://pandas.pydata.org/docs/reference/api/pandas.tseries.offsets.WeekOfMonth.weekday.html
Date Offsets,Methods,WeekOfMonth.is_month_start,ts,"Return boolean whether a timestamp occurs on the month start.

This method determines if a given timestamp falls on the first day
of a month, considering the frequency of the offset.

Examples",https://pandas.pydata.org/docs/reference/api/pandas.tseries.offsets.WeekOfMonth.is_month_start.html
Date Offsets,Methods,WeekOfMonth.is_month_end,ts,"Return boolean whether a timestamp occurs on the month end.

Examples",https://pandas.pydata.org/docs/reference/api/pandas.tseries.offsets.WeekOfMonth.is_month_end.html
Date Offsets,Methods,WeekOfMonth.is_quarter_start,ts,"Return boolean whether a timestamp occurs on the quarter start.

Examples",https://pandas.pydata.org/docs/reference/api/pandas.tseries.offsets.WeekOfMonth.is_quarter_start.html
Date Offsets,Methods,WeekOfMonth.is_quarter_end,ts,"Return boolean whether a timestamp occurs on the quarter end.

Examples",https://pandas.pydata.org/docs/reference/api/pandas.tseries.offsets.WeekOfMonth.is_quarter_end.html
Date Offsets,Methods,WeekOfMonth.is_year_start,ts,"Return boolean whether a timestamp occurs on the year start.

Examples",https://pandas.pydata.org/docs/reference/api/pandas.tseries.offsets.WeekOfMonth.is_year_start.html
Date Offsets,Methods,WeekOfMonth.is_year_end,ts,"Return boolean whether a timestamp occurs on the year end.

Examples",https://pandas.pydata.org/docs/reference/api/pandas.tseries.offsets.WeekOfMonth.is_year_end.html
Date Offsets,LastWeekOfMonth,LastWeekOfMonth,,"Describes monthly dates in last week of month.

For example “the last Tuesday of each month”.

Attributes

Examples

Attributes

Methods",https://pandas.pydata.org/docs/reference/api/pandas.tseries.offsets.LastWeekOfMonth.html
Date Offsets,Properties,LastWeekOfMonth.freqstr,,"Return a string representing the frequency.

The string representation typically consists of the offset multiplier
and a frequency alias (e.g., 'D' for daily, 'h' for hourly).

Examples",https://pandas.pydata.org/docs/reference/api/pandas.tseries.offsets.LastWeekOfMonth.freqstr.html
Date Offsets,Properties,LastWeekOfMonth.kwds,,"Return a dict of extra parameters for the offset.

These parameters exclude n and normalize , which are common
to all offsets. The returned dictionary can be passed to the offset
constructor to recreate the offset with the same settings.

Examples",https://pandas.pydata.org/docs/reference/api/pandas.tseries.offsets.LastWeekOfMonth.kwds.html
Date Offsets,Properties,LastWeekOfMonth.name,,"Return a string representing the base frequency.

Examples",https://pandas.pydata.org/docs/reference/api/pandas.tseries.offsets.LastWeekOfMonth.name.html
Date Offsets,Properties,LastWeekOfMonth.nanos,,"Returns an integer of the total number of nanoseconds for fixed frequencies.

Examples",https://pandas.pydata.org/docs/reference/api/pandas.tseries.offsets.LastWeekOfMonth.nanos.html
Date Offsets,Properties,LastWeekOfMonth.normalize,,"Return boolean whether the frequency can align with midnight.

This is True for offsets that round the result of a DateOffset
addition down to the previous midnight.

Examples",https://pandas.pydata.org/docs/reference/api/pandas.tseries.offsets.LastWeekOfMonth.normalize.html
Date Offsets,Properties,LastWeekOfMonth.rule_code,,"Return a string representing the base frequency.

Examples",https://pandas.pydata.org/docs/reference/api/pandas.tseries.offsets.LastWeekOfMonth.rule_code.html
Date Offsets,Properties,LastWeekOfMonth.n,,"Return the count of the number of periods.

This represents how many multiples of the offset frequency should
be applied. For example, Hour(5) has n=5 .

Examples",https://pandas.pydata.org/docs/reference/api/pandas.tseries.offsets.LastWeekOfMonth.n.html
Date Offsets,Properties,LastWeekOfMonth.weekday,,,https://pandas.pydata.org/docs/reference/api/pandas.tseries.offsets.LastWeekOfMonth.weekday.html
Date Offsets,Properties,LastWeekOfMonth.week,,,https://pandas.pydata.org/docs/reference/api/pandas.tseries.offsets.LastWeekOfMonth.week.html
Date Offsets,Methods,LastWeekOfMonth.copy,,"Return a copy of the frequency.

Examples",https://pandas.pydata.org/docs/reference/api/pandas.tseries.offsets.LastWeekOfMonth.copy.html
Date Offsets,Methods,LastWeekOfMonth.is_on_offset,dt,"Return boolean whether a timestamp intersects with this frequency.

This method determines if a given timestamp aligns with the start
of a custom business month, as defined by this offset. It accounts
for custom rules, such as skipping weekends or other non-business days,
and checks whether the provided datetime falls on a valid business day
that marks the beginning of the custom business month.

Examples",https://pandas.pydata.org/docs/reference/api/pandas.tseries.offsets.LastWeekOfMonth.is_on_offset.html
Date Offsets,Methods,LastWeekOfMonth.is_month_start,ts,"Return boolean whether a timestamp occurs on the month start.

This method determines if a given timestamp falls on the first day
of a month, considering the frequency of the offset.

Examples",https://pandas.pydata.org/docs/reference/api/pandas.tseries.offsets.LastWeekOfMonth.is_month_start.html
Date Offsets,Methods,LastWeekOfMonth.is_month_end,ts,"Return boolean whether a timestamp occurs on the month end.

Examples",https://pandas.pydata.org/docs/reference/api/pandas.tseries.offsets.LastWeekOfMonth.is_month_end.html
Date Offsets,Methods,LastWeekOfMonth.is_quarter_start,ts,"Return boolean whether a timestamp occurs on the quarter start.

Examples",https://pandas.pydata.org/docs/reference/api/pandas.tseries.offsets.LastWeekOfMonth.is_quarter_start.html
Date Offsets,Methods,LastWeekOfMonth.is_quarter_end,ts,"Return boolean whether a timestamp occurs on the quarter end.

Examples",https://pandas.pydata.org/docs/reference/api/pandas.tseries.offsets.LastWeekOfMonth.is_quarter_end.html
Date Offsets,Methods,LastWeekOfMonth.is_year_start,ts,"Return boolean whether a timestamp occurs on the year start.

Examples",https://pandas.pydata.org/docs/reference/api/pandas.tseries.offsets.LastWeekOfMonth.is_year_start.html
Date Offsets,Methods,LastWeekOfMonth.is_year_end,ts,"Return boolean whether a timestamp occurs on the year end.

Examples",https://pandas.pydata.org/docs/reference/api/pandas.tseries.offsets.LastWeekOfMonth.is_year_end.html
Date Offsets,BQuarterEnd,BQuarterEnd,,"DateOffset increments between the last business day of each Quarter.

startingMonth = 1 corresponds to dates like 1/31/2007, 4/30/2007, …
startingMonth = 2 corresponds to dates like 2/28/2007, 5/31/2007, …
startingMonth = 3 corresponds to dates like 3/30/2007, 6/29/2007, …

Attributes

Examples

Attributes

Methods",https://pandas.pydata.org/docs/reference/api/pandas.tseries.offsets.BQuarterEnd.html
Date Offsets,Properties,BQuarterEnd.freqstr,,"Return a string representing the frequency.

The string representation typically consists of the offset multiplier
and a frequency alias (e.g., 'D' for daily, 'h' for hourly).

Examples",https://pandas.pydata.org/docs/reference/api/pandas.tseries.offsets.BQuarterEnd.freqstr.html
Date Offsets,Properties,BQuarterEnd.kwds,,"Return a dict of extra parameters for the offset.

These parameters exclude n and normalize , which are common
to all offsets. The returned dictionary can be passed to the offset
constructor to recreate the offset with the same settings.

Examples",https://pandas.pydata.org/docs/reference/api/pandas.tseries.offsets.BQuarterEnd.kwds.html
Date Offsets,Properties,BQuarterEnd.name,,"Return a string representing the base frequency.

Examples",https://pandas.pydata.org/docs/reference/api/pandas.tseries.offsets.BQuarterEnd.name.html
Date Offsets,Properties,BQuarterEnd.nanos,,"Returns an integer of the total number of nanoseconds for fixed frequencies.

Examples",https://pandas.pydata.org/docs/reference/api/pandas.tseries.offsets.BQuarterEnd.nanos.html
Date Offsets,Properties,BQuarterEnd.normalize,,"Return boolean whether the frequency can align with midnight.

This is True for offsets that round the result of a DateOffset
addition down to the previous midnight.

Examples",https://pandas.pydata.org/docs/reference/api/pandas.tseries.offsets.BQuarterEnd.normalize.html
Date Offsets,Properties,BQuarterEnd.rule_code,,"Return a string representing the frequency with month suffix.

This property generates a rule code string that combines the offset’s
prefix with the abbreviated month name of the starting month.

Examples

Business quarter begin with different starting months:

Business quarter end with different starting months:

Quarter begin with different starting months:

Quarter end with different starting months:",https://pandas.pydata.org/docs/reference/api/pandas.tseries.offsets.BQuarterEnd.rule_code.html
Date Offsets,Properties,BQuarterEnd.n,,"Return the count of the number of periods.

This represents how many multiples of the offset frequency should
be applied. For example, Hour(5) has n=5 .

Examples",https://pandas.pydata.org/docs/reference/api/pandas.tseries.offsets.BQuarterEnd.n.html
Date Offsets,Properties,BQuarterEnd.startingMonth,,"Return the month of the year from which quarters start.

This value determines which month marks the beginning of a quarterly period.
For example, with startingMonth=1, quarters start in January, April, July,
and October.

Examples",https://pandas.pydata.org/docs/reference/api/pandas.tseries.offsets.BQuarterEnd.startingMonth.html
Date Offsets,Methods,BQuarterEnd.copy,,"Return a copy of the frequency.

Examples",https://pandas.pydata.org/docs/reference/api/pandas.tseries.offsets.BQuarterEnd.copy.html
Date Offsets,Methods,BQuarterEnd.is_on_offset,dt,"Return boolean whether a timestamp intersects with this frequency.

This method checks if the given datetime falls on a quarter boundary
as defined by the offset’s startingMonth and day option.

Examples",https://pandas.pydata.org/docs/reference/api/pandas.tseries.offsets.BQuarterEnd.is_on_offset.html
Date Offsets,Methods,BQuarterEnd.is_month_start,ts,"Return boolean whether a timestamp occurs on the month start.

This method determines if a given timestamp falls on the first day
of a month, considering the frequency of the offset.

Examples",https://pandas.pydata.org/docs/reference/api/pandas.tseries.offsets.BQuarterEnd.is_month_start.html
Date Offsets,Methods,BQuarterEnd.is_month_end,ts,"Return boolean whether a timestamp occurs on the month end.

Examples",https://pandas.pydata.org/docs/reference/api/pandas.tseries.offsets.BQuarterEnd.is_month_end.html
Date Offsets,Methods,BQuarterEnd.is_quarter_start,ts,"Return boolean whether a timestamp occurs on the quarter start.

Examples",https://pandas.pydata.org/docs/reference/api/pandas.tseries.offsets.BQuarterEnd.is_quarter_start.html
Date Offsets,Methods,BQuarterEnd.is_quarter_end,ts,"Return boolean whether a timestamp occurs on the quarter end.

Examples",https://pandas.pydata.org/docs/reference/api/pandas.tseries.offsets.BQuarterEnd.is_quarter_end.html
Date Offsets,Methods,BQuarterEnd.is_year_start,ts,"Return boolean whether a timestamp occurs on the year start.

Examples",https://pandas.pydata.org/docs/reference/api/pandas.tseries.offsets.BQuarterEnd.is_year_start.html
Date Offsets,Methods,BQuarterEnd.is_year_end,ts,"Return boolean whether a timestamp occurs on the year end.

Examples",https://pandas.pydata.org/docs/reference/api/pandas.tseries.offsets.BQuarterEnd.is_year_end.html
Date Offsets,BQuarterBegin,BQuarterBegin,,"DateOffset increments between the first business day of each Quarter.

startingMonth = 1 corresponds to dates like 1/01/2007, 4/01/2007, …
startingMonth = 2 corresponds to dates like 2/01/2007, 5/01/2007, …
startingMonth = 3 corresponds to dates like 3/01/2007, 6/01/2007, …

Attributes

Examples

Attributes

Methods",https://pandas.pydata.org/docs/reference/api/pandas.tseries.offsets.BQuarterBegin.html
Date Offsets,Properties,BQuarterBegin.freqstr,,"Return a string representing the frequency.

The string representation typically consists of the offset multiplier
and a frequency alias (e.g., 'D' for daily, 'h' for hourly).

Examples",https://pandas.pydata.org/docs/reference/api/pandas.tseries.offsets.BQuarterBegin.freqstr.html
Date Offsets,Properties,BQuarterBegin.kwds,,"Return a dict of extra parameters for the offset.

These parameters exclude n and normalize , which are common
to all offsets. The returned dictionary can be passed to the offset
constructor to recreate the offset with the same settings.

Examples",https://pandas.pydata.org/docs/reference/api/pandas.tseries.offsets.BQuarterBegin.kwds.html
Date Offsets,Properties,BQuarterBegin.name,,"Return a string representing the base frequency.

Examples",https://pandas.pydata.org/docs/reference/api/pandas.tseries.offsets.BQuarterBegin.name.html
Date Offsets,Properties,BQuarterBegin.nanos,,"Returns an integer of the total number of nanoseconds for fixed frequencies.

Examples",https://pandas.pydata.org/docs/reference/api/pandas.tseries.offsets.BQuarterBegin.nanos.html
Date Offsets,Properties,BQuarterBegin.normalize,,"Return boolean whether the frequency can align with midnight.

This is True for offsets that round the result of a DateOffset
addition down to the previous midnight.

Examples",https://pandas.pydata.org/docs/reference/api/pandas.tseries.offsets.BQuarterBegin.normalize.html
Date Offsets,Properties,BQuarterBegin.rule_code,,"Return a string representing the frequency with month suffix.

This property generates a rule code string that combines the offset’s
prefix with the abbreviated month name of the starting month.

Examples

Business quarter begin with different starting months:

Business quarter end with different starting months:

Quarter begin with different starting months:

Quarter end with different starting months:",https://pandas.pydata.org/docs/reference/api/pandas.tseries.offsets.BQuarterBegin.rule_code.html
Date Offsets,Properties,BQuarterBegin.n,,"Return the count of the number of periods.

This represents how many multiples of the offset frequency should
be applied. For example, Hour(5) has n=5 .

Examples",https://pandas.pydata.org/docs/reference/api/pandas.tseries.offsets.BQuarterBegin.n.html
Date Offsets,Properties,BQuarterBegin.startingMonth,,"Return the month of the year from which quarters start.

This value determines which month marks the beginning of a quarterly period.
For example, with startingMonth=1, quarters start in January, April, July,
and October.

Examples",https://pandas.pydata.org/docs/reference/api/pandas.tseries.offsets.BQuarterBegin.startingMonth.html
Date Offsets,Methods,BQuarterBegin.copy,,"Return a copy of the frequency.

Examples",https://pandas.pydata.org/docs/reference/api/pandas.tseries.offsets.BQuarterBegin.copy.html
Date Offsets,Methods,BQuarterBegin.is_on_offset,dt,"Return boolean whether a timestamp intersects with this frequency.

This method checks if the given datetime falls on a quarter boundary
as defined by the offset’s startingMonth and day option.

Examples",https://pandas.pydata.org/docs/reference/api/pandas.tseries.offsets.BQuarterBegin.is_on_offset.html
Date Offsets,Methods,BQuarterBegin.is_month_start,ts,"Return boolean whether a timestamp occurs on the month start.

This method determines if a given timestamp falls on the first day
of a month, considering the frequency of the offset.

Examples",https://pandas.pydata.org/docs/reference/api/pandas.tseries.offsets.BQuarterBegin.is_month_start.html
Date Offsets,Methods,BQuarterBegin.is_month_end,ts,"Return boolean whether a timestamp occurs on the month end.

Examples",https://pandas.pydata.org/docs/reference/api/pandas.tseries.offsets.BQuarterBegin.is_month_end.html
Date Offsets,Methods,BQuarterBegin.is_quarter_start,ts,"Return boolean whether a timestamp occurs on the quarter start.

Examples",https://pandas.pydata.org/docs/reference/api/pandas.tseries.offsets.BQuarterBegin.is_quarter_start.html
Date Offsets,Methods,BQuarterBegin.is_quarter_end,ts,"Return boolean whether a timestamp occurs on the quarter end.

Examples",https://pandas.pydata.org/docs/reference/api/pandas.tseries.offsets.BQuarterBegin.is_quarter_end.html
Date Offsets,Methods,BQuarterBegin.is_year_start,ts,"Return boolean whether a timestamp occurs on the year start.

Examples",https://pandas.pydata.org/docs/reference/api/pandas.tseries.offsets.BQuarterBegin.is_year_start.html
Date Offsets,Methods,BQuarterBegin.is_year_end,ts,"Return boolean whether a timestamp occurs on the year end.

Examples",https://pandas.pydata.org/docs/reference/api/pandas.tseries.offsets.BQuarterBegin.is_year_end.html
Date Offsets,QuarterEnd,QuarterEnd,,"DateOffset increments between Quarter end dates.

startingMonth = 1 corresponds to dates like 1/31/2007, 4/30/2007, …
startingMonth = 2 corresponds to dates like 2/28/2007, 5/31/2007, …
startingMonth = 3 corresponds to dates like 3/31/2007, 6/30/2007, …

Attributes

Examples

Attributes

Methods",https://pandas.pydata.org/docs/reference/api/pandas.tseries.offsets.QuarterEnd.html
Date Offsets,Properties,QuarterEnd.freqstr,,"Return a string representing the frequency.

The string representation typically consists of the offset multiplier
and a frequency alias (e.g., 'D' for daily, 'h' for hourly).

Examples",https://pandas.pydata.org/docs/reference/api/pandas.tseries.offsets.QuarterEnd.freqstr.html
Date Offsets,Properties,QuarterEnd.kwds,,"Return a dict of extra parameters for the offset.

These parameters exclude n and normalize , which are common
to all offsets. The returned dictionary can be passed to the offset
constructor to recreate the offset with the same settings.

Examples",https://pandas.pydata.org/docs/reference/api/pandas.tseries.offsets.QuarterEnd.kwds.html
Date Offsets,Properties,QuarterEnd.name,,"Return a string representing the base frequency.

Examples",https://pandas.pydata.org/docs/reference/api/pandas.tseries.offsets.QuarterEnd.name.html
Date Offsets,Properties,QuarterEnd.nanos,,"Returns an integer of the total number of nanoseconds for fixed frequencies.

Examples",https://pandas.pydata.org/docs/reference/api/pandas.tseries.offsets.QuarterEnd.nanos.html
Date Offsets,Properties,QuarterEnd.normalize,,"Return boolean whether the frequency can align with midnight.

This is True for offsets that round the result of a DateOffset
addition down to the previous midnight.

Examples",https://pandas.pydata.org/docs/reference/api/pandas.tseries.offsets.QuarterEnd.normalize.html
Date Offsets,Properties,QuarterEnd.rule_code,,"Return a string representing the frequency with month suffix.

This property generates a rule code string that combines the offset’s
prefix with the abbreviated month name of the starting month.

Examples

Business quarter begin with different starting months:

Business quarter end with different starting months:

Quarter begin with different starting months:

Quarter end with different starting months:",https://pandas.pydata.org/docs/reference/api/pandas.tseries.offsets.QuarterEnd.rule_code.html
Date Offsets,Properties,QuarterEnd.n,,"Return the count of the number of periods.

This represents how many multiples of the offset frequency should
be applied. For example, Hour(5) has n=5 .

Examples",https://pandas.pydata.org/docs/reference/api/pandas.tseries.offsets.QuarterEnd.n.html
Date Offsets,Properties,QuarterEnd.startingMonth,,"Return the month of the year from which quarters start.

This value determines which month marks the beginning of a quarterly period.
For example, with startingMonth=1, quarters start in January, April, July,
and October.

Examples",https://pandas.pydata.org/docs/reference/api/pandas.tseries.offsets.QuarterEnd.startingMonth.html
Date Offsets,Methods,QuarterEnd.copy,,"Return a copy of the frequency.

Examples",https://pandas.pydata.org/docs/reference/api/pandas.tseries.offsets.QuarterEnd.copy.html
Date Offsets,Methods,QuarterEnd.is_on_offset,dt,"Return boolean whether a timestamp intersects with this frequency.

This method checks if the given datetime falls on a quarter boundary
as defined by the offset’s startingMonth and day option.

Examples",https://pandas.pydata.org/docs/reference/api/pandas.tseries.offsets.QuarterEnd.is_on_offset.html
Date Offsets,Methods,QuarterEnd.is_month_start,ts,"Return boolean whether a timestamp occurs on the month start.

This method determines if a given timestamp falls on the first day
of a month, considering the frequency of the offset.

Examples",https://pandas.pydata.org/docs/reference/api/pandas.tseries.offsets.QuarterEnd.is_month_start.html
Date Offsets,Methods,QuarterEnd.is_month_end,ts,"Return boolean whether a timestamp occurs on the month end.

Examples",https://pandas.pydata.org/docs/reference/api/pandas.tseries.offsets.QuarterEnd.is_month_end.html
Date Offsets,Methods,QuarterEnd.is_quarter_start,ts,"Return boolean whether a timestamp occurs on the quarter start.

Examples",https://pandas.pydata.org/docs/reference/api/pandas.tseries.offsets.QuarterEnd.is_quarter_start.html
Date Offsets,Methods,QuarterEnd.is_quarter_end,ts,"Return boolean whether a timestamp occurs on the quarter end.

Examples",https://pandas.pydata.org/docs/reference/api/pandas.tseries.offsets.QuarterEnd.is_quarter_end.html
Date Offsets,Methods,QuarterEnd.is_year_start,ts,"Return boolean whether a timestamp occurs on the year start.

Examples",https://pandas.pydata.org/docs/reference/api/pandas.tseries.offsets.QuarterEnd.is_year_start.html
Date Offsets,Methods,QuarterEnd.is_year_end,ts,"Return boolean whether a timestamp occurs on the year end.

Examples",https://pandas.pydata.org/docs/reference/api/pandas.tseries.offsets.QuarterEnd.is_year_end.html
Date Offsets,QuarterBegin,QuarterBegin,,"DateOffset increments between Quarter start dates.

startingMonth = 1 corresponds to dates like 1/01/2007, 4/01/2007, …
startingMonth = 2 corresponds to dates like 2/01/2007, 5/01/2007, …
startingMonth = 3 corresponds to dates like 3/01/2007, 6/01/2007, …

Attributes

Examples

Attributes

Methods",https://pandas.pydata.org/docs/reference/api/pandas.tseries.offsets.QuarterBegin.html
Date Offsets,Properties,QuarterBegin.freqstr,,"Return a string representing the frequency.

The string representation typically consists of the offset multiplier
and a frequency alias (e.g., 'D' for daily, 'h' for hourly).

Examples",https://pandas.pydata.org/docs/reference/api/pandas.tseries.offsets.QuarterBegin.freqstr.html
Date Offsets,Properties,QuarterBegin.kwds,,"Return a dict of extra parameters for the offset.

These parameters exclude n and normalize , which are common
to all offsets. The returned dictionary can be passed to the offset
constructor to recreate the offset with the same settings.

Examples",https://pandas.pydata.org/docs/reference/api/pandas.tseries.offsets.QuarterBegin.kwds.html
Date Offsets,Properties,QuarterBegin.name,,"Return a string representing the base frequency.

Examples",https://pandas.pydata.org/docs/reference/api/pandas.tseries.offsets.QuarterBegin.name.html
Date Offsets,Properties,QuarterBegin.nanos,,"Returns an integer of the total number of nanoseconds for fixed frequencies.

Examples",https://pandas.pydata.org/docs/reference/api/pandas.tseries.offsets.QuarterBegin.nanos.html
Date Offsets,Properties,QuarterBegin.normalize,,"Return boolean whether the frequency can align with midnight.

This is True for offsets that round the result of a DateOffset
addition down to the previous midnight.

Examples",https://pandas.pydata.org/docs/reference/api/pandas.tseries.offsets.QuarterBegin.normalize.html
Date Offsets,Properties,QuarterBegin.rule_code,,"Return a string representing the frequency with month suffix.

This property generates a rule code string that combines the offset’s
prefix with the abbreviated month name of the starting month.

Examples

Business quarter begin with different starting months:

Business quarter end with different starting months:

Quarter begin with different starting months:

Quarter end with different starting months:",https://pandas.pydata.org/docs/reference/api/pandas.tseries.offsets.QuarterBegin.rule_code.html
Date Offsets,Properties,QuarterBegin.n,,"Return the count of the number of periods.

This represents how many multiples of the offset frequency should
be applied. For example, Hour(5) has n=5 .

Examples",https://pandas.pydata.org/docs/reference/api/pandas.tseries.offsets.QuarterBegin.n.html
Date Offsets,Properties,QuarterBegin.startingMonth,,"Return the month of the year from which quarters start.

This value determines which month marks the beginning of a quarterly period.
For example, with startingMonth=1, quarters start in January, April, July,
and October.

Examples",https://pandas.pydata.org/docs/reference/api/pandas.tseries.offsets.QuarterBegin.startingMonth.html
Date Offsets,Methods,QuarterBegin.copy,,"Return a copy of the frequency.

Examples",https://pandas.pydata.org/docs/reference/api/pandas.tseries.offsets.QuarterBegin.copy.html
Date Offsets,Methods,QuarterBegin.is_on_offset,dt,"Return boolean whether a timestamp intersects with this frequency.

This method checks if the given datetime falls on a quarter boundary
as defined by the offset’s startingMonth and day option.

Examples",https://pandas.pydata.org/docs/reference/api/pandas.tseries.offsets.QuarterBegin.is_on_offset.html
Date Offsets,Methods,QuarterBegin.is_month_start,ts,"Return boolean whether a timestamp occurs on the month start.

This method determines if a given timestamp falls on the first day
of a month, considering the frequency of the offset.

Examples",https://pandas.pydata.org/docs/reference/api/pandas.tseries.offsets.QuarterBegin.is_month_start.html
Date Offsets,Methods,QuarterBegin.is_month_end,ts,"Return boolean whether a timestamp occurs on the month end.

Examples",https://pandas.pydata.org/docs/reference/api/pandas.tseries.offsets.QuarterBegin.is_month_end.html
Date Offsets,Methods,QuarterBegin.is_quarter_start,ts,"Return boolean whether a timestamp occurs on the quarter start.

Examples",https://pandas.pydata.org/docs/reference/api/pandas.tseries.offsets.QuarterBegin.is_quarter_start.html
Date Offsets,Methods,QuarterBegin.is_quarter_end,ts,"Return boolean whether a timestamp occurs on the quarter end.

Examples",https://pandas.pydata.org/docs/reference/api/pandas.tseries.offsets.QuarterBegin.is_quarter_end.html
Date Offsets,Methods,QuarterBegin.is_year_start,ts,"Return boolean whether a timestamp occurs on the year start.

Examples",https://pandas.pydata.org/docs/reference/api/pandas.tseries.offsets.QuarterBegin.is_year_start.html
Date Offsets,Methods,QuarterBegin.is_year_end,ts,"Return boolean whether a timestamp occurs on the year end.

Examples",https://pandas.pydata.org/docs/reference/api/pandas.tseries.offsets.QuarterBegin.is_year_end.html
Date Offsets,BHalfYearEnd,BHalfYearEnd,,"DateOffset increments between the last business day of each half-year.

startingMonth = 1 corresponds to dates like 1/31/2007, 7/31/2007, …
startingMonth = 2 corresponds to dates like 2/28/2007, 8/31/2007, …
startingMonth = 6 corresponds to dates like 6/30/2007, 12/31/2007, …

Attributes

Examples

Attributes

Methods",https://pandas.pydata.org/docs/reference/api/pandas.tseries.offsets.BHalfYearEnd.html
Date Offsets,Properties,BHalfYearEnd.freqstr,,"Return a string representing the frequency.

The string representation typically consists of the offset multiplier
and a frequency alias (e.g., 'D' for daily, 'h' for hourly).

Examples",https://pandas.pydata.org/docs/reference/api/pandas.tseries.offsets.BHalfYearEnd.freqstr.html
Date Offsets,Properties,BHalfYearEnd.kwds,,"Return a dict of extra parameters for the offset.

These parameters exclude n and normalize , which are common
to all offsets. The returned dictionary can be passed to the offset
constructor to recreate the offset with the same settings.

Examples",https://pandas.pydata.org/docs/reference/api/pandas.tseries.offsets.BHalfYearEnd.kwds.html
Date Offsets,Properties,BHalfYearEnd.name,,"Return a string representing the base frequency.

Examples",https://pandas.pydata.org/docs/reference/api/pandas.tseries.offsets.BHalfYearEnd.name.html
Date Offsets,Properties,BHalfYearEnd.nanos,,"Returns an integer of the total number of nanoseconds for fixed frequencies.

Examples",https://pandas.pydata.org/docs/reference/api/pandas.tseries.offsets.BHalfYearEnd.nanos.html
Date Offsets,Properties,BHalfYearEnd.normalize,,"Return boolean whether the frequency can align with midnight.

This is True for offsets that round the result of a DateOffset
addition down to the previous midnight.

Examples",https://pandas.pydata.org/docs/reference/api/pandas.tseries.offsets.BHalfYearEnd.normalize.html
Date Offsets,Properties,BHalfYearEnd.rule_code,,"Return a string representing the frequency with month suffix.

This property generates a rule code string that combines the offset’s
prefix with the abbreviated month name of the starting month.

Examples",https://pandas.pydata.org/docs/reference/api/pandas.tseries.offsets.BHalfYearEnd.rule_code.html
Date Offsets,Properties,BHalfYearEnd.n,,"Return the count of the number of periods.

This represents how many multiples of the offset frequency should
be applied. For example, Hour(5) has n=5 .

Examples",https://pandas.pydata.org/docs/reference/api/pandas.tseries.offsets.BHalfYearEnd.n.html
Date Offsets,Properties,BHalfYearEnd.startingMonth,,"Return the month of the year from which half-years start.

This value determines which month marks the beginning of a half-year period.
For example, with startingMonth=1, half-years start in January and July.

Examples",https://pandas.pydata.org/docs/reference/api/pandas.tseries.offsets.BHalfYearEnd.startingMonth.html
Date Offsets,Methods,BHalfYearEnd.copy,,"Return a copy of the frequency.

Examples",https://pandas.pydata.org/docs/reference/api/pandas.tseries.offsets.BHalfYearEnd.copy.html
Date Offsets,Methods,BHalfYearEnd.is_on_offset,dt,"Return boolean whether a timestamp intersects with this frequency.

This method checks if a given datetime falls on a valid half-year
boundary as defined by this offset.

Examples",https://pandas.pydata.org/docs/reference/api/pandas.tseries.offsets.BHalfYearEnd.is_on_offset.html
Date Offsets,Methods,BHalfYearEnd.is_month_start,ts,"Return boolean whether a timestamp occurs on the month start.

This method determines if a given timestamp falls on the first day
of a month, considering the frequency of the offset.

Examples",https://pandas.pydata.org/docs/reference/api/pandas.tseries.offsets.BHalfYearEnd.is_month_start.html
Date Offsets,Methods,BHalfYearEnd.is_month_end,ts,"Return boolean whether a timestamp occurs on the month end.

Examples",https://pandas.pydata.org/docs/reference/api/pandas.tseries.offsets.BHalfYearEnd.is_month_end.html
Date Offsets,Methods,BHalfYearEnd.is_quarter_start,ts,"Return boolean whether a timestamp occurs on the quarter start.

Examples",https://pandas.pydata.org/docs/reference/api/pandas.tseries.offsets.BHalfYearEnd.is_quarter_start.html
Date Offsets,Methods,BHalfYearEnd.is_quarter_end,ts,"Return boolean whether a timestamp occurs on the quarter end.

Examples",https://pandas.pydata.org/docs/reference/api/pandas.tseries.offsets.BHalfYearEnd.is_quarter_end.html
Date Offsets,Methods,BHalfYearEnd.is_year_start,ts,"Return boolean whether a timestamp occurs on the year start.

Examples",https://pandas.pydata.org/docs/reference/api/pandas.tseries.offsets.BHalfYearEnd.is_year_start.html
Date Offsets,Methods,BHalfYearEnd.is_year_end,ts,"Return boolean whether a timestamp occurs on the year end.

Examples",https://pandas.pydata.org/docs/reference/api/pandas.tseries.offsets.BHalfYearEnd.is_year_end.html
Date Offsets,BHalfYearBegin,BHalfYearBegin,,"DateOffset increments between the first business day of each half-year.

startingMonth = 1 corresponds to dates like 1/01/2007, 7/01/2007, …
startingMonth = 2 corresponds to dates like 2/01/2007, 8/01/2007, …
startingMonth = 3 corresponds to dates like 3/01/2007, 9/01/2007, …

Attributes

Examples

Attributes

Methods",https://pandas.pydata.org/docs/reference/api/pandas.tseries.offsets.BHalfYearBegin.html
Date Offsets,Properties,BHalfYearBegin.freqstr,,"Return a string representing the frequency.

The string representation typically consists of the offset multiplier
and a frequency alias (e.g., 'D' for daily, 'h' for hourly).

Examples",https://pandas.pydata.org/docs/reference/api/pandas.tseries.offsets.BHalfYearBegin.freqstr.html
Date Offsets,Properties,BHalfYearBegin.kwds,,"Return a dict of extra parameters for the offset.

These parameters exclude n and normalize , which are common
to all offsets. The returned dictionary can be passed to the offset
constructor to recreate the offset with the same settings.

Examples",https://pandas.pydata.org/docs/reference/api/pandas.tseries.offsets.BHalfYearBegin.kwds.html
Date Offsets,Properties,BHalfYearBegin.name,,"Return a string representing the base frequency.

Examples",https://pandas.pydata.org/docs/reference/api/pandas.tseries.offsets.BHalfYearBegin.name.html
Date Offsets,Properties,BHalfYearBegin.nanos,,"Returns an integer of the total number of nanoseconds for fixed frequencies.

Examples",https://pandas.pydata.org/docs/reference/api/pandas.tseries.offsets.BHalfYearBegin.nanos.html
Date Offsets,Properties,BHalfYearBegin.normalize,,"Return boolean whether the frequency can align with midnight.

This is True for offsets that round the result of a DateOffset
addition down to the previous midnight.

Examples",https://pandas.pydata.org/docs/reference/api/pandas.tseries.offsets.BHalfYearBegin.normalize.html
Date Offsets,Properties,BHalfYearBegin.rule_code,,"Return a string representing the frequency with month suffix.

This property generates a rule code string that combines the offset’s
prefix with the abbreviated month name of the starting month.

Examples",https://pandas.pydata.org/docs/reference/api/pandas.tseries.offsets.BHalfYearBegin.rule_code.html
Date Offsets,Properties,BHalfYearBegin.n,,"Return the count of the number of periods.

This represents how many multiples of the offset frequency should
be applied. For example, Hour(5) has n=5 .

Examples",https://pandas.pydata.org/docs/reference/api/pandas.tseries.offsets.BHalfYearBegin.n.html
Date Offsets,Properties,BHalfYearBegin.startingMonth,,"Return the month of the year from which half-years start.

This value determines which month marks the beginning of a half-year period.
For example, with startingMonth=1, half-years start in January and July.

Examples",https://pandas.pydata.org/docs/reference/api/pandas.tseries.offsets.BHalfYearBegin.startingMonth.html
Date Offsets,Methods,BHalfYearBegin.copy,,"Return a copy of the frequency.

Examples",https://pandas.pydata.org/docs/reference/api/pandas.tseries.offsets.BHalfYearBegin.copy.html
Date Offsets,Methods,BHalfYearBegin.is_on_offset,dt,"Return boolean whether a timestamp intersects with this frequency.

This method checks if a given datetime falls on a valid half-year
boundary as defined by this offset.

Examples",https://pandas.pydata.org/docs/reference/api/pandas.tseries.offsets.BHalfYearBegin.is_on_offset.html
Date Offsets,Methods,BHalfYearBegin.is_month_start,ts,"Return boolean whether a timestamp occurs on the month start.

This method determines if a given timestamp falls on the first day
of a month, considering the frequency of the offset.

Examples",https://pandas.pydata.org/docs/reference/api/pandas.tseries.offsets.BHalfYearBegin.is_month_start.html
Date Offsets,Methods,BHalfYearBegin.is_month_end,ts,"Return boolean whether a timestamp occurs on the month end.

Examples",https://pandas.pydata.org/docs/reference/api/pandas.tseries.offsets.BHalfYearBegin.is_month_end.html
Date Offsets,Methods,BHalfYearBegin.is_quarter_start,ts,"Return boolean whether a timestamp occurs on the quarter start.

Examples",https://pandas.pydata.org/docs/reference/api/pandas.tseries.offsets.BHalfYearBegin.is_quarter_start.html
Date Offsets,Methods,BHalfYearBegin.is_quarter_end,ts,"Return boolean whether a timestamp occurs on the quarter end.

Examples",https://pandas.pydata.org/docs/reference/api/pandas.tseries.offsets.BHalfYearBegin.is_quarter_end.html
Date Offsets,Methods,BHalfYearBegin.is_year_start,ts,"Return boolean whether a timestamp occurs on the year start.

Examples",https://pandas.pydata.org/docs/reference/api/pandas.tseries.offsets.BHalfYearBegin.is_year_start.html
Date Offsets,Methods,BHalfYearBegin.is_year_end,ts,"Return boolean whether a timestamp occurs on the year end.

Examples",https://pandas.pydata.org/docs/reference/api/pandas.tseries.offsets.BHalfYearBegin.is_year_end.html
Date Offsets,HalfYearEnd,HalfYearEnd,,"DateOffset increments between half-year end dates.

startingMonth = 1 corresponds to dates like 1/31/2007, 7/31/2007, …
startingMonth = 2 corresponds to dates like 2/28/2007, 8/31/2007, …
startingMonth = 6 corresponds to dates like 6/30/2007, 12/31/2007, …

Attributes

Examples

Attributes

Methods",https://pandas.pydata.org/docs/reference/api/pandas.tseries.offsets.HalfYearEnd.html
Date Offsets,Properties,HalfYearEnd.freqstr,,"Return a string representing the frequency.

The string representation typically consists of the offset multiplier
and a frequency alias (e.g., 'D' for daily, 'h' for hourly).

Examples",https://pandas.pydata.org/docs/reference/api/pandas.tseries.offsets.HalfYearEnd.freqstr.html
Date Offsets,Properties,HalfYearEnd.kwds,,"Return a dict of extra parameters for the offset.

These parameters exclude n and normalize , which are common
to all offsets. The returned dictionary can be passed to the offset
constructor to recreate the offset with the same settings.

Examples",https://pandas.pydata.org/docs/reference/api/pandas.tseries.offsets.HalfYearEnd.kwds.html
Date Offsets,Properties,HalfYearEnd.name,,"Return a string representing the base frequency.

Examples",https://pandas.pydata.org/docs/reference/api/pandas.tseries.offsets.HalfYearEnd.name.html
Date Offsets,Properties,HalfYearEnd.nanos,,"Returns an integer of the total number of nanoseconds for fixed frequencies.

Examples",https://pandas.pydata.org/docs/reference/api/pandas.tseries.offsets.HalfYearEnd.nanos.html
Date Offsets,Properties,HalfYearEnd.normalize,,"Return boolean whether the frequency can align with midnight.

This is True for offsets that round the result of a DateOffset
addition down to the previous midnight.

Examples",https://pandas.pydata.org/docs/reference/api/pandas.tseries.offsets.HalfYearEnd.normalize.html
Date Offsets,Properties,HalfYearEnd.rule_code,,"Return a string representing the frequency with month suffix.

This property generates a rule code string that combines the offset’s
prefix with the abbreviated month name of the starting month.

Examples",https://pandas.pydata.org/docs/reference/api/pandas.tseries.offsets.HalfYearEnd.rule_code.html
Date Offsets,Properties,HalfYearEnd.n,,"Return the count of the number of periods.

This represents how many multiples of the offset frequency should
be applied. For example, Hour(5) has n=5 .

Examples",https://pandas.pydata.org/docs/reference/api/pandas.tseries.offsets.HalfYearEnd.n.html
Date Offsets,Properties,HalfYearEnd.startingMonth,,"Return the month of the year from which half-years start.

This value determines which month marks the beginning of a half-year period.
For example, with startingMonth=1, half-years start in January and July.

Examples",https://pandas.pydata.org/docs/reference/api/pandas.tseries.offsets.HalfYearEnd.startingMonth.html
Date Offsets,Methods,HalfYearEnd.copy,,"Return a copy of the frequency.

Examples",https://pandas.pydata.org/docs/reference/api/pandas.tseries.offsets.HalfYearEnd.copy.html
Date Offsets,Methods,HalfYearEnd.is_on_offset,dt,"Return boolean whether a timestamp intersects with this frequency.

This method checks if a given datetime falls on a valid half-year
boundary as defined by this offset.

Examples",https://pandas.pydata.org/docs/reference/api/pandas.tseries.offsets.HalfYearEnd.is_on_offset.html
Date Offsets,Methods,HalfYearEnd.is_month_start,ts,"Return boolean whether a timestamp occurs on the month start.

This method determines if a given timestamp falls on the first day
of a month, considering the frequency of the offset.

Examples",https://pandas.pydata.org/docs/reference/api/pandas.tseries.offsets.HalfYearEnd.is_month_start.html
Date Offsets,Methods,HalfYearEnd.is_month_end,ts,"Return boolean whether a timestamp occurs on the month end.

Examples",https://pandas.pydata.org/docs/reference/api/pandas.tseries.offsets.HalfYearEnd.is_month_end.html
Date Offsets,Methods,HalfYearEnd.is_quarter_start,ts,"Return boolean whether a timestamp occurs on the quarter start.

Examples",https://pandas.pydata.org/docs/reference/api/pandas.tseries.offsets.HalfYearEnd.is_quarter_start.html
Date Offsets,Methods,HalfYearEnd.is_quarter_end,ts,"Return boolean whether a timestamp occurs on the quarter end.

Examples",https://pandas.pydata.org/docs/reference/api/pandas.tseries.offsets.HalfYearEnd.is_quarter_end.html
Date Offsets,Methods,HalfYearEnd.is_year_start,ts,"Return boolean whether a timestamp occurs on the year start.

Examples",https://pandas.pydata.org/docs/reference/api/pandas.tseries.offsets.HalfYearEnd.is_year_start.html
Date Offsets,Methods,HalfYearEnd.is_year_end,ts,"Return boolean whether a timestamp occurs on the year end.

Examples",https://pandas.pydata.org/docs/reference/api/pandas.tseries.offsets.HalfYearEnd.is_year_end.html
Date Offsets,HalfYearBegin,HalfYearBegin,,"DateOffset increments between half-year start dates.

startingMonth = 1 corresponds to dates like 1/01/2007, 7/01/2007, …
startingMonth = 2 corresponds to dates like 2/01/2007, 8/01/2007, …
startingMonth = 3 corresponds to dates like 3/01/2007, 9/01/2007, …

Attributes

Examples

Attributes

Methods",https://pandas.pydata.org/docs/reference/api/pandas.tseries.offsets.HalfYearBegin.html
Date Offsets,Properties,HalfYearBegin.freqstr,,"Return a string representing the frequency.

The string representation typically consists of the offset multiplier
and a frequency alias (e.g., 'D' for daily, 'h' for hourly).

Examples",https://pandas.pydata.org/docs/reference/api/pandas.tseries.offsets.HalfYearBegin.freqstr.html
Date Offsets,Properties,HalfYearBegin.kwds,,"Return a dict of extra parameters for the offset.

These parameters exclude n and normalize , which are common
to all offsets. The returned dictionary can be passed to the offset
constructor to recreate the offset with the same settings.

Examples",https://pandas.pydata.org/docs/reference/api/pandas.tseries.offsets.HalfYearBegin.kwds.html
Date Offsets,Properties,HalfYearBegin.name,,"Return a string representing the base frequency.

Examples",https://pandas.pydata.org/docs/reference/api/pandas.tseries.offsets.HalfYearBegin.name.html
Date Offsets,Properties,HalfYearBegin.nanos,,"Returns an integer of the total number of nanoseconds for fixed frequencies.

Examples",https://pandas.pydata.org/docs/reference/api/pandas.tseries.offsets.HalfYearBegin.nanos.html
Date Offsets,Properties,HalfYearBegin.normalize,,"Return boolean whether the frequency can align with midnight.

This is True for offsets that round the result of a DateOffset
addition down to the previous midnight.

Examples",https://pandas.pydata.org/docs/reference/api/pandas.tseries.offsets.HalfYearBegin.normalize.html
Date Offsets,Properties,HalfYearBegin.rule_code,,"Return a string representing the frequency with month suffix.

This property generates a rule code string that combines the offset’s
prefix with the abbreviated month name of the starting month.

Examples",https://pandas.pydata.org/docs/reference/api/pandas.tseries.offsets.HalfYearBegin.rule_code.html
Date Offsets,Properties,HalfYearBegin.n,,"Return the count of the number of periods.

This represents how many multiples of the offset frequency should
be applied. For example, Hour(5) has n=5 .

Examples",https://pandas.pydata.org/docs/reference/api/pandas.tseries.offsets.HalfYearBegin.n.html
Date Offsets,Properties,HalfYearBegin.startingMonth,,"Return the month of the year from which half-years start.

This value determines which month marks the beginning of a half-year period.
For example, with startingMonth=1, half-years start in January and July.

Examples",https://pandas.pydata.org/docs/reference/api/pandas.tseries.offsets.HalfYearBegin.startingMonth.html
Date Offsets,Methods,HalfYearBegin.copy,,"Return a copy of the frequency.

Examples",https://pandas.pydata.org/docs/reference/api/pandas.tseries.offsets.HalfYearBegin.copy.html
Date Offsets,Methods,HalfYearBegin.is_on_offset,dt,"Return boolean whether a timestamp intersects with this frequency.

This method checks if a given datetime falls on a valid half-year
boundary as defined by this offset.

Examples",https://pandas.pydata.org/docs/reference/api/pandas.tseries.offsets.HalfYearBegin.is_on_offset.html
Date Offsets,Methods,HalfYearBegin.is_month_start,ts,"Return boolean whether a timestamp occurs on the month start.

This method determines if a given timestamp falls on the first day
of a month, considering the frequency of the offset.

Examples",https://pandas.pydata.org/docs/reference/api/pandas.tseries.offsets.HalfYearBegin.is_month_start.html
Date Offsets,Methods,HalfYearBegin.is_month_end,ts,"Return boolean whether a timestamp occurs on the month end.

Examples",https://pandas.pydata.org/docs/reference/api/pandas.tseries.offsets.HalfYearBegin.is_month_end.html
Date Offsets,Methods,HalfYearBegin.is_quarter_start,ts,"Return boolean whether a timestamp occurs on the quarter start.

Examples",https://pandas.pydata.org/docs/reference/api/pandas.tseries.offsets.HalfYearBegin.is_quarter_start.html
Date Offsets,Methods,HalfYearBegin.is_quarter_end,ts,"Return boolean whether a timestamp occurs on the quarter end.

Examples",https://pandas.pydata.org/docs/reference/api/pandas.tseries.offsets.HalfYearBegin.is_quarter_end.html
Date Offsets,Methods,HalfYearBegin.is_year_start,ts,"Return boolean whether a timestamp occurs on the year start.

Examples",https://pandas.pydata.org/docs/reference/api/pandas.tseries.offsets.HalfYearBegin.is_year_start.html
Date Offsets,Methods,HalfYearBegin.is_year_end,ts,"Return boolean whether a timestamp occurs on the year end.

Examples",https://pandas.pydata.org/docs/reference/api/pandas.tseries.offsets.HalfYearBegin.is_year_end.html
Date Offsets,BYearEnd,BYearEnd,,"DateOffset increments between the last business day of the year.

Attributes

Examples

Attributes

Methods",https://pandas.pydata.org/docs/reference/api/pandas.tseries.offsets.BYearEnd.html
Date Offsets,Properties,BYearEnd.freqstr,,"Return a string representing the frequency.

The string representation typically consists of the offset multiplier
and a frequency alias (e.g., 'D' for daily, 'h' for hourly).

Examples",https://pandas.pydata.org/docs/reference/api/pandas.tseries.offsets.BYearEnd.freqstr.html
Date Offsets,Properties,BYearEnd.kwds,,"Return a dict of extra parameters for the offset.

These parameters exclude n and normalize , which are common
to all offsets. The returned dictionary can be passed to the offset
constructor to recreate the offset with the same settings.

Examples",https://pandas.pydata.org/docs/reference/api/pandas.tseries.offsets.BYearEnd.kwds.html
Date Offsets,Properties,BYearEnd.name,,"Return a string representing the base frequency.

Examples",https://pandas.pydata.org/docs/reference/api/pandas.tseries.offsets.BYearEnd.name.html
Date Offsets,Properties,BYearEnd.nanos,,"Returns an integer of the total number of nanoseconds for fixed frequencies.

Examples",https://pandas.pydata.org/docs/reference/api/pandas.tseries.offsets.BYearEnd.nanos.html
Date Offsets,Properties,BYearEnd.normalize,,"Return boolean whether the frequency can align with midnight.

This is True for offsets that round the result of a DateOffset
addition down to the previous midnight.

Examples",https://pandas.pydata.org/docs/reference/api/pandas.tseries.offsets.BYearEnd.normalize.html
Date Offsets,Properties,BYearEnd.rule_code,,"Return a string representing the base frequency.

Examples",https://pandas.pydata.org/docs/reference/api/pandas.tseries.offsets.BYearEnd.rule_code.html
Date Offsets,Properties,BYearEnd.n,,"Return the count of the number of periods.

This represents how many multiples of the offset frequency should
be applied. For example, Hour(5) has n=5 .

Examples",https://pandas.pydata.org/docs/reference/api/pandas.tseries.offsets.BYearEnd.n.html
Date Offsets,Properties,BYearEnd.month,,"Return the month of the year on which this offset applies.

Returns an integer representing the month (1-12) that this offset
targets. For year-based offsets, this determines which month is used
for calculations.

Examples",https://pandas.pydata.org/docs/reference/api/pandas.tseries.offsets.BYearEnd.month.html
Date Offsets,Methods,BYearEnd.copy,,"Return a copy of the frequency.

Examples",https://pandas.pydata.org/docs/reference/api/pandas.tseries.offsets.BYearEnd.copy.html
Date Offsets,Methods,BYearEnd.is_on_offset,dt,"Return boolean whether a timestamp intersects with this frequency.

This method checks if a given datetime falls on a valid year
boundary as defined by this offset.

Examples",https://pandas.pydata.org/docs/reference/api/pandas.tseries.offsets.BYearEnd.is_on_offset.html
Date Offsets,Methods,BYearEnd.is_month_start,ts,"Return boolean whether a timestamp occurs on the month start.

This method determines if a given timestamp falls on the first day
of a month, considering the frequency of the offset.

Examples",https://pandas.pydata.org/docs/reference/api/pandas.tseries.offsets.BYearEnd.is_month_start.html
Date Offsets,Methods,BYearEnd.is_month_end,ts,"Return boolean whether a timestamp occurs on the month end.

Examples",https://pandas.pydata.org/docs/reference/api/pandas.tseries.offsets.BYearEnd.is_month_end.html
Date Offsets,Methods,BYearEnd.is_quarter_start,ts,"Return boolean whether a timestamp occurs on the quarter start.

Examples",https://pandas.pydata.org/docs/reference/api/pandas.tseries.offsets.BYearEnd.is_quarter_start.html
Date Offsets,Methods,BYearEnd.is_quarter_end,ts,"Return boolean whether a timestamp occurs on the quarter end.

Examples",https://pandas.pydata.org/docs/reference/api/pandas.tseries.offsets.BYearEnd.is_quarter_end.html
Date Offsets,Methods,BYearEnd.is_year_start,ts,"Return boolean whether a timestamp occurs on the year start.

Examples",https://pandas.pydata.org/docs/reference/api/pandas.tseries.offsets.BYearEnd.is_year_start.html
Date Offsets,Methods,BYearEnd.is_year_end,ts,"Return boolean whether a timestamp occurs on the year end.

Examples",https://pandas.pydata.org/docs/reference/api/pandas.tseries.offsets.BYearEnd.is_year_end.html
Date Offsets,BYearBegin,BYearBegin,,"DateOffset increments between the first business day of the year.

Attributes

Examples

Attributes

Methods",https://pandas.pydata.org/docs/reference/api/pandas.tseries.offsets.BYearBegin.html
Date Offsets,Properties,BYearBegin.freqstr,,"Return a string representing the frequency.

The string representation typically consists of the offset multiplier
and a frequency alias (e.g., 'D' for daily, 'h' for hourly).

Examples",https://pandas.pydata.org/docs/reference/api/pandas.tseries.offsets.BYearBegin.freqstr.html
Date Offsets,Properties,BYearBegin.kwds,,"Return a dict of extra parameters for the offset.

These parameters exclude n and normalize , which are common
to all offsets. The returned dictionary can be passed to the offset
constructor to recreate the offset with the same settings.

Examples",https://pandas.pydata.org/docs/reference/api/pandas.tseries.offsets.BYearBegin.kwds.html
Date Offsets,Properties,BYearBegin.name,,"Return a string representing the base frequency.

Examples",https://pandas.pydata.org/docs/reference/api/pandas.tseries.offsets.BYearBegin.name.html
Date Offsets,Properties,BYearBegin.nanos,,"Returns an integer of the total number of nanoseconds for fixed frequencies.

Examples",https://pandas.pydata.org/docs/reference/api/pandas.tseries.offsets.BYearBegin.nanos.html
Date Offsets,Properties,BYearBegin.normalize,,"Return boolean whether the frequency can align with midnight.

This is True for offsets that round the result of a DateOffset
addition down to the previous midnight.

Examples",https://pandas.pydata.org/docs/reference/api/pandas.tseries.offsets.BYearBegin.normalize.html
Date Offsets,Properties,BYearBegin.rule_code,,"Return a string representing the base frequency.

Examples",https://pandas.pydata.org/docs/reference/api/pandas.tseries.offsets.BYearBegin.rule_code.html
Date Offsets,Properties,BYearBegin.n,,"Return the count of the number of periods.

This represents how many multiples of the offset frequency should
be applied. For example, Hour(5) has n=5 .

Examples",https://pandas.pydata.org/docs/reference/api/pandas.tseries.offsets.BYearBegin.n.html
Date Offsets,Properties,BYearBegin.month,,"Return the month of the year on which this offset applies.

Returns an integer representing the month (1-12) that this offset
targets. For year-based offsets, this determines which month is used
for calculations.

Examples",https://pandas.pydata.org/docs/reference/api/pandas.tseries.offsets.BYearBegin.month.html
Date Offsets,Methods,BYearBegin.copy,,"Return a copy of the frequency.

Examples",https://pandas.pydata.org/docs/reference/api/pandas.tseries.offsets.BYearBegin.copy.html
Date Offsets,Methods,BYearBegin.is_on_offset,dt,"Return boolean whether a timestamp intersects with this frequency.

This method checks if a given datetime falls on a valid year
boundary as defined by this offset.

Examples",https://pandas.pydata.org/docs/reference/api/pandas.tseries.offsets.BYearBegin.is_on_offset.html
Date Offsets,Methods,BYearBegin.is_month_start,ts,"Return boolean whether a timestamp occurs on the month start.

This method determines if a given timestamp falls on the first day
of a month, considering the frequency of the offset.

Examples",https://pandas.pydata.org/docs/reference/api/pandas.tseries.offsets.BYearBegin.is_month_start.html
Date Offsets,Methods,BYearBegin.is_month_end,ts,"Return boolean whether a timestamp occurs on the month end.

Examples",https://pandas.pydata.org/docs/reference/api/pandas.tseries.offsets.BYearBegin.is_month_end.html
Date Offsets,Methods,BYearBegin.is_quarter_start,ts,"Return boolean whether a timestamp occurs on the quarter start.

Examples",https://pandas.pydata.org/docs/reference/api/pandas.tseries.offsets.BYearBegin.is_quarter_start.html
Date Offsets,Methods,BYearBegin.is_quarter_end,ts,"Return boolean whether a timestamp occurs on the quarter end.

Examples",https://pandas.pydata.org/docs/reference/api/pandas.tseries.offsets.BYearBegin.is_quarter_end.html
Date Offsets,Methods,BYearBegin.is_year_start,ts,"Return boolean whether a timestamp occurs on the year start.

Examples",https://pandas.pydata.org/docs/reference/api/pandas.tseries.offsets.BYearBegin.is_year_start.html
Date Offsets,Methods,BYearBegin.is_year_end,ts,"Return boolean whether a timestamp occurs on the year end.

Examples",https://pandas.pydata.org/docs/reference/api/pandas.tseries.offsets.BYearBegin.is_year_end.html
Date Offsets,YearEnd,YearEnd,"[n, normalize, month]","DateOffset increments between calendar year end dates.

YearEnd goes to the next date which is the end of the year.

Examples

If you want to get the end of the current year:

Attributes

Methods",https://pandas.pydata.org/docs/reference/api/pandas.tseries.offsets.YearEnd.html
Date Offsets,Properties,YearEnd.freqstr,,"Return a string representing the frequency.

The string representation typically consists of the offset multiplier
and a frequency alias (e.g., 'D' for daily, 'h' for hourly).

Examples",https://pandas.pydata.org/docs/reference/api/pandas.tseries.offsets.YearEnd.freqstr.html
Date Offsets,Properties,YearEnd.kwds,,"Return a dict of extra parameters for the offset.

These parameters exclude n and normalize , which are common
to all offsets. The returned dictionary can be passed to the offset
constructor to recreate the offset with the same settings.

Examples",https://pandas.pydata.org/docs/reference/api/pandas.tseries.offsets.YearEnd.kwds.html
Date Offsets,Properties,YearEnd.name,,"Return a string representing the base frequency.

Examples",https://pandas.pydata.org/docs/reference/api/pandas.tseries.offsets.YearEnd.name.html
Date Offsets,Properties,YearEnd.nanos,,"Returns an integer of the total number of nanoseconds for fixed frequencies.

Examples",https://pandas.pydata.org/docs/reference/api/pandas.tseries.offsets.YearEnd.nanos.html
Date Offsets,Properties,YearEnd.normalize,,"Return boolean whether the frequency can align with midnight.

This is True for offsets that round the result of a DateOffset
addition down to the previous midnight.

Examples",https://pandas.pydata.org/docs/reference/api/pandas.tseries.offsets.YearEnd.normalize.html
Date Offsets,Properties,YearEnd.rule_code,,"Return a string representing the base frequency.

Examples",https://pandas.pydata.org/docs/reference/api/pandas.tseries.offsets.YearEnd.rule_code.html
Date Offsets,Properties,YearEnd.n,,"Return the count of the number of periods.

This represents how many multiples of the offset frequency should
be applied. For example, Hour(5) has n=5 .

Examples",https://pandas.pydata.org/docs/reference/api/pandas.tseries.offsets.YearEnd.n.html
Date Offsets,Properties,YearEnd.month,,"Return the month of the year on which this offset applies.

Returns an integer representing the month (1-12) that this offset
targets. For year-based offsets, this determines which month is used
for calculations.

Examples",https://pandas.pydata.org/docs/reference/api/pandas.tseries.offsets.YearEnd.month.html
Date Offsets,Methods,YearEnd.copy,,"Return a copy of the frequency.

Examples",https://pandas.pydata.org/docs/reference/api/pandas.tseries.offsets.YearEnd.copy.html
Date Offsets,Methods,YearEnd.is_on_offset,dt,"Return boolean whether a timestamp intersects with this frequency.

This method checks if a given datetime falls on a valid year
boundary as defined by this offset.

Examples",https://pandas.pydata.org/docs/reference/api/pandas.tseries.offsets.YearEnd.is_on_offset.html
Date Offsets,Methods,YearEnd.is_month_start,ts,"Return boolean whether a timestamp occurs on the month start.

This method determines if a given timestamp falls on the first day
of a month, considering the frequency of the offset.

Examples",https://pandas.pydata.org/docs/reference/api/pandas.tseries.offsets.YearEnd.is_month_start.html
Date Offsets,Methods,YearEnd.is_month_end,ts,"Return boolean whether a timestamp occurs on the month end.

Examples",https://pandas.pydata.org/docs/reference/api/pandas.tseries.offsets.YearEnd.is_month_end.html
Date Offsets,Methods,YearEnd.is_quarter_start,ts,"Return boolean whether a timestamp occurs on the quarter start.

Examples",https://pandas.pydata.org/docs/reference/api/pandas.tseries.offsets.YearEnd.is_quarter_start.html
Date Offsets,Methods,YearEnd.is_quarter_end,ts,"Return boolean whether a timestamp occurs on the quarter end.

Examples",https://pandas.pydata.org/docs/reference/api/pandas.tseries.offsets.YearEnd.is_quarter_end.html
Date Offsets,Methods,YearEnd.is_year_start,ts,"Return boolean whether a timestamp occurs on the year start.

Examples",https://pandas.pydata.org/docs/reference/api/pandas.tseries.offsets.YearEnd.is_year_start.html
Date Offsets,Methods,YearEnd.is_year_end,ts,"Return boolean whether a timestamp occurs on the year end.

Examples",https://pandas.pydata.org/docs/reference/api/pandas.tseries.offsets.YearEnd.is_year_end.html
Date Offsets,YearBegin,YearBegin,,"DateOffset increments between calendar year begin dates.

YearBegin goes to the next date which is the start of the year.

Attributes

Examples

If you want to get the start of the current year:

Attributes

Methods",https://pandas.pydata.org/docs/reference/api/pandas.tseries.offsets.YearBegin.html
Date Offsets,Properties,YearBegin.freqstr,,"Return a string representing the frequency.

The string representation typically consists of the offset multiplier
and a frequency alias (e.g., 'D' for daily, 'h' for hourly).

Examples",https://pandas.pydata.org/docs/reference/api/pandas.tseries.offsets.YearBegin.freqstr.html
Date Offsets,Properties,YearBegin.kwds,,"Return a dict of extra parameters for the offset.

These parameters exclude n and normalize , which are common
to all offsets. The returned dictionary can be passed to the offset
constructor to recreate the offset with the same settings.

Examples",https://pandas.pydata.org/docs/reference/api/pandas.tseries.offsets.YearBegin.kwds.html
Date Offsets,Properties,YearBegin.name,,"Return a string representing the base frequency.

Examples",https://pandas.pydata.org/docs/reference/api/pandas.tseries.offsets.YearBegin.name.html
Date Offsets,Properties,YearBegin.nanos,,"Returns an integer of the total number of nanoseconds for fixed frequencies.

Examples",https://pandas.pydata.org/docs/reference/api/pandas.tseries.offsets.YearBegin.nanos.html
Date Offsets,Properties,YearBegin.normalize,,"Return boolean whether the frequency can align with midnight.

This is True for offsets that round the result of a DateOffset
addition down to the previous midnight.

Examples",https://pandas.pydata.org/docs/reference/api/pandas.tseries.offsets.YearBegin.normalize.html
Date Offsets,Properties,YearBegin.rule_code,,"Return a string representing the base frequency.

Examples",https://pandas.pydata.org/docs/reference/api/pandas.tseries.offsets.YearBegin.rule_code.html
Date Offsets,Properties,YearBegin.n,,"Return the count of the number of periods.

This represents how many multiples of the offset frequency should
be applied. For example, Hour(5) has n=5 .

Examples",https://pandas.pydata.org/docs/reference/api/pandas.tseries.offsets.YearBegin.n.html
Date Offsets,Properties,YearBegin.month,,"Return the month of the year on which this offset applies.

Returns an integer representing the month (1-12) that this offset
targets. For year-based offsets, this determines which month is used
for calculations.

Examples",https://pandas.pydata.org/docs/reference/api/pandas.tseries.offsets.YearBegin.month.html
Date Offsets,Methods,YearBegin.copy,,"Return a copy of the frequency.

Examples",https://pandas.pydata.org/docs/reference/api/pandas.tseries.offsets.YearBegin.copy.html
Date Offsets,Methods,YearBegin.is_on_offset,dt,"Return boolean whether a timestamp intersects with this frequency.

This method checks if a given datetime falls on a valid year
boundary as defined by this offset.

Examples",https://pandas.pydata.org/docs/reference/api/pandas.tseries.offsets.YearBegin.is_on_offset.html
Date Offsets,Methods,YearBegin.is_month_start,ts,"Return boolean whether a timestamp occurs on the month start.

This method determines if a given timestamp falls on the first day
of a month, considering the frequency of the offset.

Examples",https://pandas.pydata.org/docs/reference/api/pandas.tseries.offsets.YearBegin.is_month_start.html
Date Offsets,Methods,YearBegin.is_month_end,ts,"Return boolean whether a timestamp occurs on the month end.

Examples",https://pandas.pydata.org/docs/reference/api/pandas.tseries.offsets.YearBegin.is_month_end.html
Date Offsets,Methods,YearBegin.is_quarter_start,ts,"Return boolean whether a timestamp occurs on the quarter start.

Examples",https://pandas.pydata.org/docs/reference/api/pandas.tseries.offsets.YearBegin.is_quarter_start.html
Date Offsets,Methods,YearBegin.is_quarter_end,ts,"Return boolean whether a timestamp occurs on the quarter end.

Examples",https://pandas.pydata.org/docs/reference/api/pandas.tseries.offsets.YearBegin.is_quarter_end.html
Date Offsets,Methods,YearBegin.is_year_start,ts,"Return boolean whether a timestamp occurs on the year start.

Examples",https://pandas.pydata.org/docs/reference/api/pandas.tseries.offsets.YearBegin.is_year_start.html
Date Offsets,Methods,YearBegin.is_year_end,ts,"Return boolean whether a timestamp occurs on the year end.

Examples",https://pandas.pydata.org/docs/reference/api/pandas.tseries.offsets.YearBegin.is_year_end.html
Date Offsets,FY5253,FY5253,,"Describes 52-53 week fiscal year. This is also known as a 4-4-5 calendar.

It is used by companies that desire that their
fiscal year always end on the same day of the week.

It is a method of managing accounting periods.
It is a common calendar structure for some industries,
such as retail, manufacturing and parking industry.

For more information see: https://en.wikipedia.org/wiki/4-4-5_calendar

The year may either:

X is a specific day of the week.
Y is a certain month of the year

Attributes

Examples

In the example below the default parameters give the next 52-53 week fiscal year.

By the parameter startingMonth we can specify
the month in which fiscal years end.

52-53 week fiscal year can be specified by weekday and variation parameters.

Attributes

Methods",https://pandas.pydata.org/docs/reference/api/pandas.tseries.offsets.FY5253.html
Date Offsets,Properties,FY5253.freqstr,,"Return a string representing the frequency.

The string representation typically consists of the offset multiplier
and a frequency alias (e.g., 'D' for daily, 'h' for hourly).

Examples",https://pandas.pydata.org/docs/reference/api/pandas.tseries.offsets.FY5253.freqstr.html
Date Offsets,Properties,FY5253.kwds,,"Return a dict of extra parameters for the offset.

These parameters exclude n and normalize , which are common
to all offsets. The returned dictionary can be passed to the offset
constructor to recreate the offset with the same settings.

Examples",https://pandas.pydata.org/docs/reference/api/pandas.tseries.offsets.FY5253.kwds.html
Date Offsets,Properties,FY5253.name,,"Return a string representing the base frequency.

Examples",https://pandas.pydata.org/docs/reference/api/pandas.tseries.offsets.FY5253.name.html
Date Offsets,Properties,FY5253.nanos,,"Returns an integer of the total number of nanoseconds for fixed frequencies.

Examples",https://pandas.pydata.org/docs/reference/api/pandas.tseries.offsets.FY5253.nanos.html
Date Offsets,Properties,FY5253.normalize,,"Return boolean whether the frequency can align with midnight.

This is True for offsets that round the result of a DateOffset
addition down to the previous midnight.

Examples",https://pandas.pydata.org/docs/reference/api/pandas.tseries.offsets.FY5253.normalize.html
Date Offsets,Properties,FY5253.rule_code,,,https://pandas.pydata.org/docs/reference/api/pandas.tseries.offsets.FY5253.rule_code.html
Date Offsets,Properties,FY5253.n,,"Return the count of the number of periods.

This represents how many multiples of the offset frequency should
be applied. For example, Hour(5) has n=5 .

Examples",https://pandas.pydata.org/docs/reference/api/pandas.tseries.offsets.FY5253.n.html
Date Offsets,Properties,FY5253.startingMonth,,,https://pandas.pydata.org/docs/reference/api/pandas.tseries.offsets.FY5253.startingMonth.html
Date Offsets,Properties,FY5253.variation,,,https://pandas.pydata.org/docs/reference/api/pandas.tseries.offsets.FY5253.variation.html
Date Offsets,Properties,FY5253.weekday,,"Return the weekday used by the fiscal year.

This is the day of the week on which the fiscal year ends.
The value is an integer from 0 (Monday) to 6 (Sunday).

Examples",https://pandas.pydata.org/docs/reference/api/pandas.tseries.offsets.FY5253.weekday.html
Date Offsets,Methods,FY5253.copy,,"Return a copy of the frequency.

Examples",https://pandas.pydata.org/docs/reference/api/pandas.tseries.offsets.FY5253.copy.html
Date Offsets,Methods,FY5253.get_rule_code_suffix,,"Return the suffix component of the rule code.

The suffix combines the variation prefix, starting month abbreviation,
and weekday abbreviation into a string format.

Examples",https://pandas.pydata.org/docs/reference/api/pandas.tseries.offsets.FY5253.get_rule_code_suffix.html
Date Offsets,Methods,FY5253.get_year_end,dt,,https://pandas.pydata.org/docs/reference/api/pandas.tseries.offsets.FY5253.get_year_end.html
Date Offsets,Methods,FY5253.is_on_offset,dt,"Return boolean whether a timestamp intersects with this frequency.

This method determines if a given timestamp aligns with the start
of a custom business month, as defined by this offset. It accounts
for custom rules, such as skipping weekends or other non-business days,
and checks whether the provided datetime falls on a valid business day
that marks the beginning of the custom business month.

Examples",https://pandas.pydata.org/docs/reference/api/pandas.tseries.offsets.FY5253.is_on_offset.html
Date Offsets,Methods,FY5253.is_month_start,ts,"Return boolean whether a timestamp occurs on the month start.

This method determines if a given timestamp falls on the first day
of a month, considering the frequency of the offset.

Examples",https://pandas.pydata.org/docs/reference/api/pandas.tseries.offsets.FY5253.is_month_start.html
Date Offsets,Methods,FY5253.is_month_end,ts,"Return boolean whether a timestamp occurs on the month end.

Examples",https://pandas.pydata.org/docs/reference/api/pandas.tseries.offsets.FY5253.is_month_end.html
Date Offsets,Methods,FY5253.is_quarter_start,ts,"Return boolean whether a timestamp occurs on the quarter start.

Examples",https://pandas.pydata.org/docs/reference/api/pandas.tseries.offsets.FY5253.is_quarter_start.html
Date Offsets,Methods,FY5253.is_quarter_end,ts,"Return boolean whether a timestamp occurs on the quarter end.

Examples",https://pandas.pydata.org/docs/reference/api/pandas.tseries.offsets.FY5253.is_quarter_end.html
Date Offsets,Methods,FY5253.is_year_start,ts,"Return boolean whether a timestamp occurs on the year start.

Examples",https://pandas.pydata.org/docs/reference/api/pandas.tseries.offsets.FY5253.is_year_start.html
Date Offsets,Methods,FY5253.is_year_end,ts,"Return boolean whether a timestamp occurs on the year end.

Examples",https://pandas.pydata.org/docs/reference/api/pandas.tseries.offsets.FY5253.is_year_end.html
Date Offsets,FY5253Quarter,FY5253Quarter,,"DateOffset increments between business quarter dates for 52-53 week fiscal year.

Also known as a 4-4-5 calendar.

It is used by companies that desire that their
fiscal year always end on the same day of the week.

It is a method of managing accounting periods.
It is a common calendar structure for some industries,
such as retail, manufacturing and parking industry.

For more information see: https://en.wikipedia.org/wiki/4-4-5_calendar

The year may either:

X is a specific day of the week.
Y is a certain month of the year

startingMonth = 1 corresponds to dates like 1/31/2007, 4/30/2007, …
startingMonth = 2 corresponds to dates like 2/28/2007, 5/31/2007, …
startingMonth = 3 corresponds to dates like 3/30/2007, 6/29/2007, …

Attributes

Examples

In the example below the default parameters give
the next business quarter for 52-53 week fiscal year.

By the parameter startingMonth we can specify
the month in which fiscal years end.

Business quarters for 52-53 week fiscal year can be specified by weekday and variation parameters.

Attributes

Methods",https://pandas.pydata.org/docs/reference/api/pandas.tseries.offsets.FY5253Quarter.html
Date Offsets,Properties,FY5253Quarter.freqstr,,"Return a string representing the frequency.

The string representation typically consists of the offset multiplier
and a frequency alias (e.g., 'D' for daily, 'h' for hourly).

Examples",https://pandas.pydata.org/docs/reference/api/pandas.tseries.offsets.FY5253Quarter.freqstr.html
Date Offsets,Properties,FY5253Quarter.kwds,,"Return a dict of extra parameters for the offset.

These parameters exclude n and normalize , which are common
to all offsets. The returned dictionary can be passed to the offset
constructor to recreate the offset with the same settings.

Examples",https://pandas.pydata.org/docs/reference/api/pandas.tseries.offsets.FY5253Quarter.kwds.html
Date Offsets,Properties,FY5253Quarter.name,,"Return a string representing the base frequency.

Examples",https://pandas.pydata.org/docs/reference/api/pandas.tseries.offsets.FY5253Quarter.name.html
Date Offsets,Properties,FY5253Quarter.nanos,,"Returns an integer of the total number of nanoseconds for fixed frequencies.

Examples",https://pandas.pydata.org/docs/reference/api/pandas.tseries.offsets.FY5253Quarter.nanos.html
Date Offsets,Properties,FY5253Quarter.normalize,,"Return boolean whether the frequency can align with midnight.

This is True for offsets that round the result of a DateOffset
addition down to the previous midnight.

Examples",https://pandas.pydata.org/docs/reference/api/pandas.tseries.offsets.FY5253Quarter.normalize.html
Date Offsets,Properties,FY5253Quarter.rule_code,,,https://pandas.pydata.org/docs/reference/api/pandas.tseries.offsets.FY5253Quarter.rule_code.html
Date Offsets,Properties,FY5253Quarter.n,,"Return the count of the number of periods.

This represents how many multiples of the offset frequency should
be applied. For example, Hour(5) has n=5 .

Examples",https://pandas.pydata.org/docs/reference/api/pandas.tseries.offsets.FY5253Quarter.n.html
Date Offsets,Properties,FY5253Quarter.qtr_with_extra_week,,,https://pandas.pydata.org/docs/reference/api/pandas.tseries.offsets.FY5253Quarter.qtr_with_extra_week.html
Date Offsets,Properties,FY5253Quarter.startingMonth,,,https://pandas.pydata.org/docs/reference/api/pandas.tseries.offsets.FY5253Quarter.startingMonth.html
Date Offsets,Properties,FY5253Quarter.variation,,,https://pandas.pydata.org/docs/reference/api/pandas.tseries.offsets.FY5253Quarter.variation.html
Date Offsets,Properties,FY5253Quarter.weekday,,"Return the weekday used by the fiscal year.

This is the day of the week on which the fiscal year ends.
The value is an integer from 0 (Monday) to 6 (Sunday).

Examples",https://pandas.pydata.org/docs/reference/api/pandas.tseries.offsets.FY5253Quarter.weekday.html
Date Offsets,Methods,FY5253Quarter.copy,,"Return a copy of the frequency.

Examples",https://pandas.pydata.org/docs/reference/api/pandas.tseries.offsets.FY5253Quarter.copy.html
Date Offsets,Methods,FY5253Quarter.get_rule_code_suffix,,"Return the suffix component of the rule code.

The suffix combines the variation prefix, starting month abbreviation,
and weekday abbreviation into a string format.

Examples",https://pandas.pydata.org/docs/reference/api/pandas.tseries.offsets.FY5253Quarter.get_rule_code_suffix.html
Date Offsets,Methods,FY5253Quarter.get_weeks,dt,,https://pandas.pydata.org/docs/reference/api/pandas.tseries.offsets.FY5253Quarter.get_weeks.html
Date Offsets,Methods,FY5253Quarter.is_on_offset,dt,"Return boolean whether a timestamp intersects with this frequency.

This method determines if a given timestamp aligns with the start
of a custom business month, as defined by this offset. It accounts
for custom rules, such as skipping weekends or other non-business days,
and checks whether the provided datetime falls on a valid business day
that marks the beginning of the custom business month.

Examples",https://pandas.pydata.org/docs/reference/api/pandas.tseries.offsets.FY5253Quarter.is_on_offset.html
Date Offsets,Methods,FY5253Quarter.year_has_extra_week,dt,,https://pandas.pydata.org/docs/reference/api/pandas.tseries.offsets.FY5253Quarter.year_has_extra_week.html
Date Offsets,Methods,FY5253Quarter.is_month_start,ts,"Return boolean whether a timestamp occurs on the month start.

This method determines if a given timestamp falls on the first day
of a month, considering the frequency of the offset.

Examples",https://pandas.pydata.org/docs/reference/api/pandas.tseries.offsets.FY5253Quarter.is_month_start.html
Date Offsets,Methods,FY5253Quarter.is_month_end,ts,"Return boolean whether a timestamp occurs on the month end.

Examples",https://pandas.pydata.org/docs/reference/api/pandas.tseries.offsets.FY5253Quarter.is_month_end.html
Date Offsets,Methods,FY5253Quarter.is_quarter_start,ts,"Return boolean whether a timestamp occurs on the quarter start.

Examples",https://pandas.pydata.org/docs/reference/api/pandas.tseries.offsets.FY5253Quarter.is_quarter_start.html
Date Offsets,Methods,FY5253Quarter.is_quarter_end,ts,"Return boolean whether a timestamp occurs on the quarter end.

Examples",https://pandas.pydata.org/docs/reference/api/pandas.tseries.offsets.FY5253Quarter.is_quarter_end.html
Date Offsets,Methods,FY5253Quarter.is_year_start,ts,"Return boolean whether a timestamp occurs on the year start.

Examples",https://pandas.pydata.org/docs/reference/api/pandas.tseries.offsets.FY5253Quarter.is_year_start.html
Date Offsets,Methods,FY5253Quarter.is_year_end,ts,"Return boolean whether a timestamp occurs on the year end.

Examples",https://pandas.pydata.org/docs/reference/api/pandas.tseries.offsets.FY5253Quarter.is_year_end.html
Date Offsets,Easter,Easter,,"DateOffset for the Easter holiday using logic defined in dateutil.

Right now uses the revised method which is valid in years 1583-4099.

Attributes

Examples

Attributes

Methods",https://pandas.pydata.org/docs/reference/api/pandas.tseries.offsets.Easter.html
Date Offsets,Properties,Easter.freqstr,,"Return a string representing the frequency.

The string representation typically consists of the offset multiplier
and a frequency alias (e.g., 'D' for daily, 'h' for hourly).

Examples",https://pandas.pydata.org/docs/reference/api/pandas.tseries.offsets.Easter.freqstr.html
Date Offsets,Properties,Easter.kwds,,"Return a dict of extra parameters for the offset.

These parameters exclude n and normalize , which are common
to all offsets. The returned dictionary can be passed to the offset
constructor to recreate the offset with the same settings.

Examples",https://pandas.pydata.org/docs/reference/api/pandas.tseries.offsets.Easter.kwds.html
Date Offsets,Properties,Easter.name,,"Return a string representing the base frequency.

Examples",https://pandas.pydata.org/docs/reference/api/pandas.tseries.offsets.Easter.name.html
Date Offsets,Properties,Easter.nanos,,"Returns an integer of the total number of nanoseconds for fixed frequencies.

Examples",https://pandas.pydata.org/docs/reference/api/pandas.tseries.offsets.Easter.nanos.html
Date Offsets,Properties,Easter.normalize,,"Return boolean whether the frequency can align with midnight.

This is True for offsets that round the result of a DateOffset
addition down to the previous midnight.

Examples",https://pandas.pydata.org/docs/reference/api/pandas.tseries.offsets.Easter.normalize.html
Date Offsets,Properties,Easter.rule_code,,"Return a string representing the base frequency.

Examples",https://pandas.pydata.org/docs/reference/api/pandas.tseries.offsets.Easter.rule_code.html
Date Offsets,Properties,Easter.n,,"Return the count of the number of periods.

This represents how many multiples of the offset frequency should
be applied. For example, Hour(5) has n=5 .

Examples",https://pandas.pydata.org/docs/reference/api/pandas.tseries.offsets.Easter.n.html
Date Offsets,Methods,Easter.copy,,"Return a copy of the frequency.

Examples",https://pandas.pydata.org/docs/reference/api/pandas.tseries.offsets.Easter.copy.html
Date Offsets,Methods,Easter.is_on_offset,dt,"Return boolean whether a timestamp intersects with this frequency.

This method determines if a given timestamp aligns with the start
of a custom business month, as defined by this offset. It accounts
for custom rules, such as skipping weekends or other non-business days,
and checks whether the provided datetime falls on a valid business day
that marks the beginning of the custom business month.

Examples",https://pandas.pydata.org/docs/reference/api/pandas.tseries.offsets.Easter.is_on_offset.html
Date Offsets,Methods,Easter.is_month_start,ts,"Return boolean whether a timestamp occurs on the month start.

This method determines if a given timestamp falls on the first day
of a month, considering the frequency of the offset.

Examples",https://pandas.pydata.org/docs/reference/api/pandas.tseries.offsets.Easter.is_month_start.html
Date Offsets,Methods,Easter.is_month_end,ts,"Return boolean whether a timestamp occurs on the month end.

Examples",https://pandas.pydata.org/docs/reference/api/pandas.tseries.offsets.Easter.is_month_end.html
Date Offsets,Methods,Easter.is_quarter_start,ts,"Return boolean whether a timestamp occurs on the quarter start.

Examples",https://pandas.pydata.org/docs/reference/api/pandas.tseries.offsets.Easter.is_quarter_start.html
Date Offsets,Methods,Easter.is_quarter_end,ts,"Return boolean whether a timestamp occurs on the quarter end.

Examples",https://pandas.pydata.org/docs/reference/api/pandas.tseries.offsets.Easter.is_quarter_end.html
Date Offsets,Methods,Easter.is_year_start,ts,"Return boolean whether a timestamp occurs on the year start.

Examples",https://pandas.pydata.org/docs/reference/api/pandas.tseries.offsets.Easter.is_year_start.html
Date Offsets,Methods,Easter.is_year_end,ts,"Return boolean whether a timestamp occurs on the year end.

Examples",https://pandas.pydata.org/docs/reference/api/pandas.tseries.offsets.Easter.is_year_end.html
Date Offsets,Tick,Tick,,"Base class for fixed frequency offsets (Milli, Micro, Second, Minute, Hour).

This class should not be instantiated directly. Use one of the specific
Tick subclasses for a concrete offset.

Attributes

Examples

Attributes

Methods",https://pandas.pydata.org/docs/reference/api/pandas.tseries.offsets.Tick.html
Date Offsets,Properties,Tick.freqstr,,"Return a string representing the frequency.

The string representation typically consists of the offset multiplier
and a frequency alias (e.g., 'D' for daily, 'h' for hourly).

Examples",https://pandas.pydata.org/docs/reference/api/pandas.tseries.offsets.Tick.freqstr.html
Date Offsets,Properties,Tick.kwds,,"Return a dict of extra parameters for the offset.

These parameters exclude n and normalize , which are common
to all offsets. The returned dictionary can be passed to the offset
constructor to recreate the offset with the same settings.

Examples",https://pandas.pydata.org/docs/reference/api/pandas.tseries.offsets.Tick.kwds.html
Date Offsets,Properties,Tick.name,,"Return a string representing the base frequency.

Examples",https://pandas.pydata.org/docs/reference/api/pandas.tseries.offsets.Tick.name.html
Date Offsets,Properties,Tick.nanos,,"Returns an integer of the total number of nanoseconds.

Examples",https://pandas.pydata.org/docs/reference/api/pandas.tseries.offsets.Tick.nanos.html
Date Offsets,Properties,Tick.normalize,,"Return boolean whether the frequency can align with midnight.

This is True for offsets that round the result of a DateOffset
addition down to the previous midnight.

Examples",https://pandas.pydata.org/docs/reference/api/pandas.tseries.offsets.Tick.normalize.html
Date Offsets,Properties,Tick.rule_code,,"Return a string representing the base frequency.

Examples",https://pandas.pydata.org/docs/reference/api/pandas.tseries.offsets.Tick.rule_code.html
Date Offsets,Properties,Tick.n,,"Return the count of the number of periods.

This represents how many multiples of the offset frequency should
be applied. For example, Hour(5) has n=5 .

Examples",https://pandas.pydata.org/docs/reference/api/pandas.tseries.offsets.Tick.n.html
Date Offsets,Methods,Tick.copy,,"Return a copy of the frequency.

Examples",https://pandas.pydata.org/docs/reference/api/pandas.tseries.offsets.Tick.copy.html
Date Offsets,Methods,Tick.is_on_offset,dt,"Return boolean whether a timestamp intersects with this frequency.

This method determines if a given timestamp aligns with the start
of a custom business month, as defined by this offset. It accounts
for custom rules, such as skipping weekends or other non-business days,
and checks whether the provided datetime falls on a valid business day
that marks the beginning of the custom business month.

Examples",https://pandas.pydata.org/docs/reference/api/pandas.tseries.offsets.Tick.is_on_offset.html
Date Offsets,Methods,Tick.is_month_start,ts,"Return boolean whether a timestamp occurs on the month start.

This method determines if a given timestamp falls on the first day
of a month, considering the frequency of the offset.

Examples",https://pandas.pydata.org/docs/reference/api/pandas.tseries.offsets.Tick.is_month_start.html
Date Offsets,Methods,Tick.is_month_end,ts,"Return boolean whether a timestamp occurs on the month end.

Examples",https://pandas.pydata.org/docs/reference/api/pandas.tseries.offsets.Tick.is_month_end.html
Date Offsets,Methods,Tick.is_quarter_start,ts,"Return boolean whether a timestamp occurs on the quarter start.

Examples",https://pandas.pydata.org/docs/reference/api/pandas.tseries.offsets.Tick.is_quarter_start.html
Date Offsets,Methods,Tick.is_quarter_end,ts,"Return boolean whether a timestamp occurs on the quarter end.

Examples",https://pandas.pydata.org/docs/reference/api/pandas.tseries.offsets.Tick.is_quarter_end.html
Date Offsets,Methods,Tick.is_year_start,ts,"Return boolean whether a timestamp occurs on the year start.

Examples",https://pandas.pydata.org/docs/reference/api/pandas.tseries.offsets.Tick.is_year_start.html
Date Offsets,Methods,Tick.is_year_end,ts,"Return boolean whether a timestamp occurs on the year end.

Examples",https://pandas.pydata.org/docs/reference/api/pandas.tseries.offsets.Tick.is_year_end.html
Date Offsets,Day,Day,,"Offset n days.

Attributes

Examples

You can use the parameter n to represent a shift of n days.

Attributes

Methods",https://pandas.pydata.org/docs/reference/api/pandas.tseries.offsets.Day.html
Date Offsets,Properties,Day.freqstr,,"Return a string representing the frequency.

The frequency string is composed of a multiplier (if greater than 1)
followed by the offset alias ‘D’ for days.

Examples",https://pandas.pydata.org/docs/reference/api/pandas.tseries.offsets.Day.freqstr.html
Date Offsets,Properties,Day.kwds,,"Return a dict of extra parameters for the offset.

These parameters exclude n and normalize , which are common
to all offsets. The returned dictionary can be passed to the offset
constructor to recreate the offset with the same settings.

Examples",https://pandas.pydata.org/docs/reference/api/pandas.tseries.offsets.Day.kwds.html
Date Offsets,Properties,Day.name,,"Return a string representing the base frequency.

Examples",https://pandas.pydata.org/docs/reference/api/pandas.tseries.offsets.Day.name.html
Date Offsets,Properties,Day.nanos,,"Returns an integer of the total number of nanoseconds.

Examples",https://pandas.pydata.org/docs/reference/api/pandas.tseries.offsets.Day.nanos.html
Date Offsets,Properties,Day.normalize,,"Return boolean whether the frequency can align with midnight.

This is True for offsets that round the result of a DateOffset
addition down to the previous midnight.

Examples",https://pandas.pydata.org/docs/reference/api/pandas.tseries.offsets.Day.normalize.html
Date Offsets,Properties,Day.rule_code,,"Return a string representing the base frequency.

Examples",https://pandas.pydata.org/docs/reference/api/pandas.tseries.offsets.Day.rule_code.html
Date Offsets,Properties,Day.n,,"Return the count of the number of periods.

This represents how many multiples of the offset frequency should
be applied. For example, Hour(5) has n=5 .

Examples",https://pandas.pydata.org/docs/reference/api/pandas.tseries.offsets.Day.n.html
Date Offsets,Methods,Day.copy,,"Return a copy of the frequency.

Examples",https://pandas.pydata.org/docs/reference/api/pandas.tseries.offsets.Day.copy.html
Date Offsets,Methods,Day.is_on_offset,dt,"Return boolean whether a timestamp intersects with this frequency.

This method determines if a given timestamp aligns with the start
of a custom business month, as defined by this offset. It accounts
for custom rules, such as skipping weekends or other non-business days,
and checks whether the provided datetime falls on a valid business day
that marks the beginning of the custom business month.

Examples",https://pandas.pydata.org/docs/reference/api/pandas.tseries.offsets.Day.is_on_offset.html
Date Offsets,Methods,Day.is_month_start,ts,"Return boolean whether a timestamp occurs on the month start.

This method determines if a given timestamp falls on the first day
of a month, considering the frequency of the offset.

Examples",https://pandas.pydata.org/docs/reference/api/pandas.tseries.offsets.Day.is_month_start.html
Date Offsets,Methods,Day.is_month_end,ts,"Return boolean whether a timestamp occurs on the month end.

Examples",https://pandas.pydata.org/docs/reference/api/pandas.tseries.offsets.Day.is_month_end.html
Date Offsets,Methods,Day.is_quarter_start,ts,"Return boolean whether a timestamp occurs on the quarter start.

Examples",https://pandas.pydata.org/docs/reference/api/pandas.tseries.offsets.Day.is_quarter_start.html
Date Offsets,Methods,Day.is_quarter_end,ts,"Return boolean whether a timestamp occurs on the quarter end.

Examples",https://pandas.pydata.org/docs/reference/api/pandas.tseries.offsets.Day.is_quarter_end.html
Date Offsets,Methods,Day.is_year_start,ts,"Return boolean whether a timestamp occurs on the year start.

Examples",https://pandas.pydata.org/docs/reference/api/pandas.tseries.offsets.Day.is_year_start.html
Date Offsets,Methods,Day.is_year_end,ts,"Return boolean whether a timestamp occurs on the year end.

Examples",https://pandas.pydata.org/docs/reference/api/pandas.tseries.offsets.Day.is_year_end.html
Date Offsets,Hour,Hour,,"Offset n hours.

Attributes

Examples

You can use the parameter n to represent a shift of n hours.

Attributes

Methods",https://pandas.pydata.org/docs/reference/api/pandas.tseries.offsets.Hour.html
Date Offsets,Properties,Hour.freqstr,,"Return a string representing the frequency.

The string representation typically consists of the offset multiplier
and a frequency alias (e.g., 'D' for daily, 'h' for hourly).

Examples",https://pandas.pydata.org/docs/reference/api/pandas.tseries.offsets.Hour.freqstr.html
Date Offsets,Properties,Hour.kwds,,"Return a dict of extra parameters for the offset.

These parameters exclude n and normalize , which are common
to all offsets. The returned dictionary can be passed to the offset
constructor to recreate the offset with the same settings.

Examples",https://pandas.pydata.org/docs/reference/api/pandas.tseries.offsets.Hour.kwds.html
Date Offsets,Properties,Hour.name,,"Return a string representing the base frequency.

Examples",https://pandas.pydata.org/docs/reference/api/pandas.tseries.offsets.Hour.name.html
Date Offsets,Properties,Hour.nanos,,"Returns an integer of the total number of nanoseconds.

Examples",https://pandas.pydata.org/docs/reference/api/pandas.tseries.offsets.Hour.nanos.html
Date Offsets,Properties,Hour.normalize,,"Return boolean whether the frequency can align with midnight.

This is True for offsets that round the result of a DateOffset
addition down to the previous midnight.

Examples",https://pandas.pydata.org/docs/reference/api/pandas.tseries.offsets.Hour.normalize.html
Date Offsets,Properties,Hour.rule_code,,"Return a string representing the base frequency.

Examples",https://pandas.pydata.org/docs/reference/api/pandas.tseries.offsets.Hour.rule_code.html
Date Offsets,Properties,Hour.n,,"Return the count of the number of periods.

This represents how many multiples of the offset frequency should
be applied. For example, Hour(5) has n=5 .

Examples",https://pandas.pydata.org/docs/reference/api/pandas.tseries.offsets.Hour.n.html
Date Offsets,Methods,Hour.copy,,"Return a copy of the frequency.

Examples",https://pandas.pydata.org/docs/reference/api/pandas.tseries.offsets.Hour.copy.html
Date Offsets,Methods,Hour.is_on_offset,dt,"Return boolean whether a timestamp intersects with this frequency.

This method determines if a given timestamp aligns with the start
of a custom business month, as defined by this offset. It accounts
for custom rules, such as skipping weekends or other non-business days,
and checks whether the provided datetime falls on a valid business day
that marks the beginning of the custom business month.

Examples",https://pandas.pydata.org/docs/reference/api/pandas.tseries.offsets.Hour.is_on_offset.html
Date Offsets,Methods,Hour.is_month_start,ts,"Return boolean whether a timestamp occurs on the month start.

This method determines if a given timestamp falls on the first day
of a month, considering the frequency of the offset.

Examples",https://pandas.pydata.org/docs/reference/api/pandas.tseries.offsets.Hour.is_month_start.html
Date Offsets,Methods,Hour.is_month_end,ts,"Return boolean whether a timestamp occurs on the month end.

Examples",https://pandas.pydata.org/docs/reference/api/pandas.tseries.offsets.Hour.is_month_end.html
Date Offsets,Methods,Hour.is_quarter_start,ts,"Return boolean whether a timestamp occurs on the quarter start.

Examples",https://pandas.pydata.org/docs/reference/api/pandas.tseries.offsets.Hour.is_quarter_start.html
Date Offsets,Methods,Hour.is_quarter_end,ts,"Return boolean whether a timestamp occurs on the quarter end.

Examples",https://pandas.pydata.org/docs/reference/api/pandas.tseries.offsets.Hour.is_quarter_end.html
Date Offsets,Methods,Hour.is_year_start,ts,"Return boolean whether a timestamp occurs on the year start.

Examples",https://pandas.pydata.org/docs/reference/api/pandas.tseries.offsets.Hour.is_year_start.html
Date Offsets,Methods,Hour.is_year_end,ts,"Return boolean whether a timestamp occurs on the year end.

Examples",https://pandas.pydata.org/docs/reference/api/pandas.tseries.offsets.Hour.is_year_end.html
Date Offsets,Minute,Minute,,"Offset n minutes.

Attributes

Examples

You can use the parameter n to represent a shift of n minutes.

Attributes

Methods",https://pandas.pydata.org/docs/reference/api/pandas.tseries.offsets.Minute.html
Date Offsets,Properties,Minute.freqstr,,"Return a string representing the frequency.

The string representation typically consists of the offset multiplier
and a frequency alias (e.g., 'D' for daily, 'h' for hourly).

Examples",https://pandas.pydata.org/docs/reference/api/pandas.tseries.offsets.Minute.freqstr.html
Date Offsets,Properties,Minute.kwds,,"Return a dict of extra parameters for the offset.

These parameters exclude n and normalize , which are common
to all offsets. The returned dictionary can be passed to the offset
constructor to recreate the offset with the same settings.

Examples",https://pandas.pydata.org/docs/reference/api/pandas.tseries.offsets.Minute.kwds.html
Date Offsets,Properties,Minute.name,,"Return a string representing the base frequency.

Examples",https://pandas.pydata.org/docs/reference/api/pandas.tseries.offsets.Minute.name.html
Date Offsets,Properties,Minute.nanos,,"Returns an integer of the total number of nanoseconds.

Examples",https://pandas.pydata.org/docs/reference/api/pandas.tseries.offsets.Minute.nanos.html
Date Offsets,Properties,Minute.normalize,,"Return boolean whether the frequency can align with midnight.

This is True for offsets that round the result of a DateOffset
addition down to the previous midnight.

Examples",https://pandas.pydata.org/docs/reference/api/pandas.tseries.offsets.Minute.normalize.html
Date Offsets,Properties,Minute.rule_code,,"Return a string representing the base frequency.

Examples",https://pandas.pydata.org/docs/reference/api/pandas.tseries.offsets.Minute.rule_code.html
Date Offsets,Properties,Minute.n,,"Return the count of the number of periods.

This represents how many multiples of the offset frequency should
be applied. For example, Hour(5) has n=5 .

Examples",https://pandas.pydata.org/docs/reference/api/pandas.tseries.offsets.Minute.n.html
Date Offsets,Methods,Minute.copy,,"Return a copy of the frequency.

Examples",https://pandas.pydata.org/docs/reference/api/pandas.tseries.offsets.Minute.copy.html
Date Offsets,Methods,Minute.is_on_offset,dt,"Return boolean whether a timestamp intersects with this frequency.

This method determines if a given timestamp aligns with the start
of a custom business month, as defined by this offset. It accounts
for custom rules, such as skipping weekends or other non-business days,
and checks whether the provided datetime falls on a valid business day
that marks the beginning of the custom business month.

Examples",https://pandas.pydata.org/docs/reference/api/pandas.tseries.offsets.Minute.is_on_offset.html
Date Offsets,Methods,Minute.is_month_start,ts,"Return boolean whether a timestamp occurs on the month start.

This method determines if a given timestamp falls on the first day
of a month, considering the frequency of the offset.

Examples",https://pandas.pydata.org/docs/reference/api/pandas.tseries.offsets.Minute.is_month_start.html
Date Offsets,Methods,Minute.is_month_end,ts,"Return boolean whether a timestamp occurs on the month end.

Examples",https://pandas.pydata.org/docs/reference/api/pandas.tseries.offsets.Minute.is_month_end.html
Date Offsets,Methods,Minute.is_quarter_start,ts,"Return boolean whether a timestamp occurs on the quarter start.

Examples",https://pandas.pydata.org/docs/reference/api/pandas.tseries.offsets.Minute.is_quarter_start.html
Date Offsets,Methods,Minute.is_quarter_end,ts,"Return boolean whether a timestamp occurs on the quarter end.

Examples",https://pandas.pydata.org/docs/reference/api/pandas.tseries.offsets.Minute.is_quarter_end.html
Date Offsets,Methods,Minute.is_year_start,ts,"Return boolean whether a timestamp occurs on the year start.

Examples",https://pandas.pydata.org/docs/reference/api/pandas.tseries.offsets.Minute.is_year_start.html
Date Offsets,Methods,Minute.is_year_end,ts,"Return boolean whether a timestamp occurs on the year end.

Examples",https://pandas.pydata.org/docs/reference/api/pandas.tseries.offsets.Minute.is_year_end.html
Date Offsets,Second,Second,,"Offset n seconds.

Attributes

Examples

You can use the parameter n to represent a shift of n seconds.

Attributes

Methods",https://pandas.pydata.org/docs/reference/api/pandas.tseries.offsets.Second.html
Date Offsets,Properties,Second.freqstr,,"Return a string representing the frequency.

The string representation typically consists of the offset multiplier
and a frequency alias (e.g., 'D' for daily, 'h' for hourly).

Examples",https://pandas.pydata.org/docs/reference/api/pandas.tseries.offsets.Second.freqstr.html
Date Offsets,Properties,Second.kwds,,"Return a dict of extra parameters for the offset.

These parameters exclude n and normalize , which are common
to all offsets. The returned dictionary can be passed to the offset
constructor to recreate the offset with the same settings.

Examples",https://pandas.pydata.org/docs/reference/api/pandas.tseries.offsets.Second.kwds.html
Date Offsets,Properties,Second.name,,"Return a string representing the base frequency.

Examples",https://pandas.pydata.org/docs/reference/api/pandas.tseries.offsets.Second.name.html
Date Offsets,Properties,Second.nanos,,"Returns an integer of the total number of nanoseconds.

Examples",https://pandas.pydata.org/docs/reference/api/pandas.tseries.offsets.Second.nanos.html
Date Offsets,Properties,Second.normalize,,"Return boolean whether the frequency can align with midnight.

This is True for offsets that round the result of a DateOffset
addition down to the previous midnight.

Examples",https://pandas.pydata.org/docs/reference/api/pandas.tseries.offsets.Second.normalize.html
Date Offsets,Properties,Second.rule_code,,"Return a string representing the base frequency.

Examples",https://pandas.pydata.org/docs/reference/api/pandas.tseries.offsets.Second.rule_code.html
Date Offsets,Properties,Second.n,,"Return the count of the number of periods.

This represents how many multiples of the offset frequency should
be applied. For example, Hour(5) has n=5 .

Examples",https://pandas.pydata.org/docs/reference/api/pandas.tseries.offsets.Second.n.html
Date Offsets,Methods,Second.copy,,"Return a copy of the frequency.

Examples",https://pandas.pydata.org/docs/reference/api/pandas.tseries.offsets.Second.copy.html
Date Offsets,Methods,Second.is_on_offset,dt,"Return boolean whether a timestamp intersects with this frequency.

This method determines if a given timestamp aligns with the start
of a custom business month, as defined by this offset. It accounts
for custom rules, such as skipping weekends or other non-business days,
and checks whether the provided datetime falls on a valid business day
that marks the beginning of the custom business month.

Examples",https://pandas.pydata.org/docs/reference/api/pandas.tseries.offsets.Second.is_on_offset.html
Date Offsets,Methods,Second.is_month_start,ts,"Return boolean whether a timestamp occurs on the month start.

This method determines if a given timestamp falls on the first day
of a month, considering the frequency of the offset.

Examples",https://pandas.pydata.org/docs/reference/api/pandas.tseries.offsets.Second.is_month_start.html
Date Offsets,Methods,Second.is_month_end,ts,"Return boolean whether a timestamp occurs on the month end.

Examples",https://pandas.pydata.org/docs/reference/api/pandas.tseries.offsets.Second.is_month_end.html
Date Offsets,Methods,Second.is_quarter_start,ts,"Return boolean whether a timestamp occurs on the quarter start.

Examples",https://pandas.pydata.org/docs/reference/api/pandas.tseries.offsets.Second.is_quarter_start.html
Date Offsets,Methods,Second.is_quarter_end,ts,"Return boolean whether a timestamp occurs on the quarter end.

Examples",https://pandas.pydata.org/docs/reference/api/pandas.tseries.offsets.Second.is_quarter_end.html
Date Offsets,Methods,Second.is_year_start,ts,"Return boolean whether a timestamp occurs on the year start.

Examples",https://pandas.pydata.org/docs/reference/api/pandas.tseries.offsets.Second.is_year_start.html
Date Offsets,Methods,Second.is_year_end,ts,"Return boolean whether a timestamp occurs on the year end.

Examples",https://pandas.pydata.org/docs/reference/api/pandas.tseries.offsets.Second.is_year_end.html
Date Offsets,Milli,Milli,,"Offset n milliseconds.

Attributes

Examples

You can use the parameter n to represent a shift of n milliseconds.

Attributes

Methods",https://pandas.pydata.org/docs/reference/api/pandas.tseries.offsets.Milli.html
Date Offsets,Properties,Milli.freqstr,,"Return a string representing the frequency.

The string representation typically consists of the offset multiplier
and a frequency alias (e.g., 'D' for daily, 'h' for hourly).

Examples",https://pandas.pydata.org/docs/reference/api/pandas.tseries.offsets.Milli.freqstr.html
Date Offsets,Properties,Milli.kwds,,"Return a dict of extra parameters for the offset.

These parameters exclude n and normalize , which are common
to all offsets. The returned dictionary can be passed to the offset
constructor to recreate the offset with the same settings.

Examples",https://pandas.pydata.org/docs/reference/api/pandas.tseries.offsets.Milli.kwds.html
Date Offsets,Properties,Milli.name,,"Return a string representing the base frequency.

Examples",https://pandas.pydata.org/docs/reference/api/pandas.tseries.offsets.Milli.name.html
Date Offsets,Properties,Milli.nanos,,"Returns an integer of the total number of nanoseconds.

Examples",https://pandas.pydata.org/docs/reference/api/pandas.tseries.offsets.Milli.nanos.html
Date Offsets,Properties,Milli.normalize,,"Return boolean whether the frequency can align with midnight.

This is True for offsets that round the result of a DateOffset
addition down to the previous midnight.

Examples",https://pandas.pydata.org/docs/reference/api/pandas.tseries.offsets.Milli.normalize.html
Date Offsets,Properties,Milli.rule_code,,"Return a string representing the base frequency.

Examples",https://pandas.pydata.org/docs/reference/api/pandas.tseries.offsets.Milli.rule_code.html
Date Offsets,Properties,Milli.n,,"Return the count of the number of periods.

This represents how many multiples of the offset frequency should
be applied. For example, Hour(5) has n=5 .

Examples",https://pandas.pydata.org/docs/reference/api/pandas.tseries.offsets.Milli.n.html
Date Offsets,Methods,Milli.copy,,"Return a copy of the frequency.

Examples",https://pandas.pydata.org/docs/reference/api/pandas.tseries.offsets.Milli.copy.html
Date Offsets,Methods,Milli.is_on_offset,dt,"Return boolean whether a timestamp intersects with this frequency.

This method determines if a given timestamp aligns with the start
of a custom business month, as defined by this offset. It accounts
for custom rules, such as skipping weekends or other non-business days,
and checks whether the provided datetime falls on a valid business day
that marks the beginning of the custom business month.

Examples",https://pandas.pydata.org/docs/reference/api/pandas.tseries.offsets.Milli.is_on_offset.html
Date Offsets,Methods,Milli.is_month_start,ts,"Return boolean whether a timestamp occurs on the month start.

This method determines if a given timestamp falls on the first day
of a month, considering the frequency of the offset.

Examples",https://pandas.pydata.org/docs/reference/api/pandas.tseries.offsets.Milli.is_month_start.html
Date Offsets,Methods,Milli.is_month_end,ts,"Return boolean whether a timestamp occurs on the month end.

Examples",https://pandas.pydata.org/docs/reference/api/pandas.tseries.offsets.Milli.is_month_end.html
Date Offsets,Methods,Milli.is_quarter_start,ts,"Return boolean whether a timestamp occurs on the quarter start.

Examples",https://pandas.pydata.org/docs/reference/api/pandas.tseries.offsets.Milli.is_quarter_start.html
Date Offsets,Methods,Milli.is_quarter_end,ts,"Return boolean whether a timestamp occurs on the quarter end.

Examples",https://pandas.pydata.org/docs/reference/api/pandas.tseries.offsets.Milli.is_quarter_end.html
Date Offsets,Methods,Milli.is_year_start,ts,"Return boolean whether a timestamp occurs on the year start.

Examples",https://pandas.pydata.org/docs/reference/api/pandas.tseries.offsets.Milli.is_year_start.html
Date Offsets,Methods,Milli.is_year_end,ts,"Return boolean whether a timestamp occurs on the year end.

Examples",https://pandas.pydata.org/docs/reference/api/pandas.tseries.offsets.Milli.is_year_end.html
Date Offsets,Micro,Micro,,"Offset n microseconds.

Attributes

Examples

You can use the parameter n to represent a shift of n microseconds.

Attributes

Methods",https://pandas.pydata.org/docs/reference/api/pandas.tseries.offsets.Micro.html
Date Offsets,Properties,Micro.freqstr,,"Return a string representing the frequency.

The string representation typically consists of the offset multiplier
and a frequency alias (e.g., 'D' for daily, 'h' for hourly).

Examples",https://pandas.pydata.org/docs/reference/api/pandas.tseries.offsets.Micro.freqstr.html
Date Offsets,Properties,Micro.kwds,,"Return a dict of extra parameters for the offset.

These parameters exclude n and normalize , which are common
to all offsets. The returned dictionary can be passed to the offset
constructor to recreate the offset with the same settings.

Examples",https://pandas.pydata.org/docs/reference/api/pandas.tseries.offsets.Micro.kwds.html
Date Offsets,Properties,Micro.name,,"Return a string representing the base frequency.

Examples",https://pandas.pydata.org/docs/reference/api/pandas.tseries.offsets.Micro.name.html
Date Offsets,Properties,Micro.nanos,,"Returns an integer of the total number of nanoseconds.

Examples",https://pandas.pydata.org/docs/reference/api/pandas.tseries.offsets.Micro.nanos.html
Date Offsets,Properties,Micro.normalize,,"Return boolean whether the frequency can align with midnight.

This is True for offsets that round the result of a DateOffset
addition down to the previous midnight.

Examples",https://pandas.pydata.org/docs/reference/api/pandas.tseries.offsets.Micro.normalize.html
Date Offsets,Properties,Micro.rule_code,,"Return a string representing the base frequency.

Examples",https://pandas.pydata.org/docs/reference/api/pandas.tseries.offsets.Micro.rule_code.html
Date Offsets,Properties,Micro.n,,"Return the count of the number of periods.

This represents how many multiples of the offset frequency should
be applied. For example, Hour(5) has n=5 .

Examples",https://pandas.pydata.org/docs/reference/api/pandas.tseries.offsets.Micro.n.html
Date Offsets,Methods,Micro.copy,,"Return a copy of the frequency.

Examples",https://pandas.pydata.org/docs/reference/api/pandas.tseries.offsets.Micro.copy.html
Date Offsets,Methods,Micro.is_on_offset,dt,"Return boolean whether a timestamp intersects with this frequency.

This method determines if a given timestamp aligns with the start
of a custom business month, as defined by this offset. It accounts
for custom rules, such as skipping weekends or other non-business days,
and checks whether the provided datetime falls on a valid business day
that marks the beginning of the custom business month.

Examples",https://pandas.pydata.org/docs/reference/api/pandas.tseries.offsets.Micro.is_on_offset.html
Date Offsets,Methods,Micro.is_month_start,ts,"Return boolean whether a timestamp occurs on the month start.

This method determines if a given timestamp falls on the first day
of a month, considering the frequency of the offset.

Examples",https://pandas.pydata.org/docs/reference/api/pandas.tseries.offsets.Micro.is_month_start.html
Date Offsets,Methods,Micro.is_month_end,ts,"Return boolean whether a timestamp occurs on the month end.

Examples",https://pandas.pydata.org/docs/reference/api/pandas.tseries.offsets.Micro.is_month_end.html
Date Offsets,Methods,Micro.is_quarter_start,ts,"Return boolean whether a timestamp occurs on the quarter start.

Examples",https://pandas.pydata.org/docs/reference/api/pandas.tseries.offsets.Micro.is_quarter_start.html
Date Offsets,Methods,Micro.is_quarter_end,ts,"Return boolean whether a timestamp occurs on the quarter end.

Examples",https://pandas.pydata.org/docs/reference/api/pandas.tseries.offsets.Micro.is_quarter_end.html
Date Offsets,Methods,Micro.is_year_start,ts,"Return boolean whether a timestamp occurs on the year start.

Examples",https://pandas.pydata.org/docs/reference/api/pandas.tseries.offsets.Micro.is_year_start.html
Date Offsets,Methods,Micro.is_year_end,ts,"Return boolean whether a timestamp occurs on the year end.

Examples",https://pandas.pydata.org/docs/reference/api/pandas.tseries.offsets.Micro.is_year_end.html
Date Offsets,Nano,Nano,,"Offset n nanoseconds.

Attributes

Examples

You can use the parameter n to represent a shift of n nanoseconds.

Attributes

Methods",https://pandas.pydata.org/docs/reference/api/pandas.tseries.offsets.Nano.html
Date Offsets,Properties,Nano.freqstr,,"Return a string representing the frequency.

The string representation typically consists of the offset multiplier
and a frequency alias (e.g., 'D' for daily, 'h' for hourly).

Examples",https://pandas.pydata.org/docs/reference/api/pandas.tseries.offsets.Nano.freqstr.html
Date Offsets,Properties,Nano.kwds,,"Return a dict of extra parameters for the offset.

These parameters exclude n and normalize , which are common
to all offsets. The returned dictionary can be passed to the offset
constructor to recreate the offset with the same settings.

Examples",https://pandas.pydata.org/docs/reference/api/pandas.tseries.offsets.Nano.kwds.html
Date Offsets,Properties,Nano.name,,"Return a string representing the base frequency.

Examples",https://pandas.pydata.org/docs/reference/api/pandas.tseries.offsets.Nano.name.html
Date Offsets,Properties,Nano.nanos,,"Returns an integer of the total number of nanoseconds.

Examples",https://pandas.pydata.org/docs/reference/api/pandas.tseries.offsets.Nano.nanos.html
Date Offsets,Properties,Nano.normalize,,"Return boolean whether the frequency can align with midnight.

This is True for offsets that round the result of a DateOffset
addition down to the previous midnight.

Examples",https://pandas.pydata.org/docs/reference/api/pandas.tseries.offsets.Nano.normalize.html
Date Offsets,Properties,Nano.rule_code,,"Return a string representing the base frequency.

Examples",https://pandas.pydata.org/docs/reference/api/pandas.tseries.offsets.Nano.rule_code.html
Date Offsets,Properties,Nano.n,,"Return the count of the number of periods.

This represents how many multiples of the offset frequency should
be applied. For example, Hour(5) has n=5 .

Examples",https://pandas.pydata.org/docs/reference/api/pandas.tseries.offsets.Nano.n.html
Date Offsets,Methods,Nano.copy,,"Return a copy of the frequency.

Examples",https://pandas.pydata.org/docs/reference/api/pandas.tseries.offsets.Nano.copy.html
Date Offsets,Methods,Nano.is_on_offset,dt,"Return boolean whether a timestamp intersects with this frequency.

This method determines if a given timestamp aligns with the start
of a custom business month, as defined by this offset. It accounts
for custom rules, such as skipping weekends or other non-business days,
and checks whether the provided datetime falls on a valid business day
that marks the beginning of the custom business month.

Examples",https://pandas.pydata.org/docs/reference/api/pandas.tseries.offsets.Nano.is_on_offset.html
Date Offsets,Methods,Nano.is_month_start,ts,"Return boolean whether a timestamp occurs on the month start.

This method determines if a given timestamp falls on the first day
of a month, considering the frequency of the offset.

Examples",https://pandas.pydata.org/docs/reference/api/pandas.tseries.offsets.Nano.is_month_start.html
Date Offsets,Methods,Nano.is_month_end,ts,"Return boolean whether a timestamp occurs on the month end.

Examples",https://pandas.pydata.org/docs/reference/api/pandas.tseries.offsets.Nano.is_month_end.html
Date Offsets,Methods,Nano.is_quarter_start,ts,"Return boolean whether a timestamp occurs on the quarter start.

Examples",https://pandas.pydata.org/docs/reference/api/pandas.tseries.offsets.Nano.is_quarter_start.html
Date Offsets,Methods,Nano.is_quarter_end,ts,"Return boolean whether a timestamp occurs on the quarter end.

Examples",https://pandas.pydata.org/docs/reference/api/pandas.tseries.offsets.Nano.is_quarter_end.html
Date Offsets,Methods,Nano.is_year_start,ts,"Return boolean whether a timestamp occurs on the year start.

Examples",https://pandas.pydata.org/docs/reference/api/pandas.tseries.offsets.Nano.is_year_start.html
Date Offsets,Methods,Nano.is_year_end,ts,"Return boolean whether a timestamp occurs on the year end.

Examples",https://pandas.pydata.org/docs/reference/api/pandas.tseries.offsets.Nano.is_year_end.html
Date Offsets,Methods,to_offset,"freq[, is_period]","Return DateOffset object from string or datetime.timedelta object.

Examples

Passing the parameter is_period equal to True, you can use a string
denoting period frequency:",https://pandas.pydata.org/docs/reference/api/pandas.tseries.frequencies.to_offset.html
Input/Output,Pickling,read_pickle,"filepath_or_buffer[, ...]","Load pickled pandas object (or any object) from file and return unpickled object.

Notes

read_pickle is only guaranteed to be backwards compatible to pandas 1.0
provided the object was serialized with to_pickle.

Examples",https://pandas.pydata.org/docs/reference/api/pandas.read_pickle.html
Input/Output,Pickling,DataFrame.to_pickle,"path, *[, compression, ...]","Pickle (serialize) object to file.

Examples",https://pandas.pydata.org/docs/reference/api/pandas.DataFrame.to_pickle.html
Input/Output,Flat file,read_table,"filepath_or_buffer, *[, sep, ...]","Read general delimited file into DataFrame.

Also supports optionally iterating or breaking of the file
into chunks.

Additional help can be found in the online docs for IO Tools .

Examples

Index and header can be specified via the index_col and header arguments.

Column types are inferred but can be explicitly specified using the dtype argument.

True, False, and NA values, and thousands separators have defaults,
but can be explicitly specified, too. Supply the values you would like
as strings or lists of strings!

Comment lines in the input file can be skipped using the comment argument.

By default, columns with dates will be read as object rather than datetime .

Specific columns can be parsed as dates by using the parse_dates and date_format arguments.",https://pandas.pydata.org/docs/reference/api/pandas.read_table.html
Input/Output,Flat file,read_csv,"filepath_or_buffer, *[, sep, ...]","Read a comma-separated values (csv) file into DataFrame.

Also supports optionally iterating or breaking of the file
into chunks.

Additional help can be found in the online docs for IO Tools .

Examples

Index and header can be specified via the index_col and header arguments.

Column types are inferred but can be explicitly specified using the dtype argument.

True, False, and NA values, and thousands separators have defaults,
but can be explicitly specified, too. Supply the values you would like
as strings or lists of strings!

Comment lines in the input file can be skipped using the comment argument.

By default, columns with dates will be read as object rather than datetime .

Specific columns can be parsed as dates by using the parse_dates and date_format arguments.",https://pandas.pydata.org/docs/reference/api/pandas.read_csv.html
Input/Output,Flat file,DataFrame.to_csv,"[path_or_buf, sep, na_rep, ...]","Write object to a comma-separated values (csv) file.

Examples

Create ‘out.csv’ containing ‘df’ without indices

Create ‘out.zip’ containing ‘out.csv’

To write a csv file to a new folder or nested folder you will first
need to create it using either Pathlib or os:

Format floats to two decimal places:

Format floats using scientific notation:",https://pandas.pydata.org/docs/reference/api/pandas.DataFrame.to_csv.html
Input/Output,Flat file,read_fwf,"filepath_or_buffer, *[, colspecs, ...]","Read a table of fixed-width formatted lines into DataFrame.

Also supports optionally iterating or breaking of the file
into chunks.

Additional help can be found in the online docs for IO Tools .

Examples",https://pandas.pydata.org/docs/reference/api/pandas.read_fwf.html
Input/Output,Clipboard,read_clipboard,"[sep, dtype_backend]","Read text from clipboard and pass to read_csv() .

Parses clipboard contents similar to how CSV files are parsed
using read_csv() .

Examples",https://pandas.pydata.org/docs/reference/api/pandas.read_clipboard.html
Input/Output,Clipboard,DataFrame.to_clipboard,"*[, excel, sep]","Copy object to the system clipboard.

Write a text representation of object to the system clipboard.
This can be pasted into Excel, for example.

Notes

Requirements for your platform.

This method uses the processes developed for the package pyperclip . A
solution to render any output string format is given in the examples.

Examples

Copy the contents of a DataFrame to the clipboard.

We can omit the index by passing the keyword index and setting
it to false.

Using the original pyperclip package for any string output format.",https://pandas.pydata.org/docs/reference/api/pandas.DataFrame.to_clipboard.html
Input/Output,Excel,read_excel,"io[, sheet_name, header, names, ...]","Read an Excel file into a DataFrame .

Supports xls , xlsx , xlsm , xlsb , odf , ods and odt file extensions
read from a local filesystem or URL. Supports an option to read
a single sheet or a list of sheets.

Notes

For specific information on the methods used for each Excel engine, refer to the
pandas user guide

Examples

The file can be read using the file name as string or an open file object:

Index and header can be specified via the index_col and header arguments

Column types are inferred but can be explicitly specified

True, False, and NA values, and thousands separators have defaults,
but can be explicitly specified, too. Supply the values you would like
as strings or lists of strings!

Comment lines in the excel input file can be skipped using the comment kwarg.",https://pandas.pydata.org/docs/reference/api/pandas.read_excel.html
Input/Output,Excel,DataFrame.to_excel,"excel_writer, *[, ...]","Write object to an Excel sheet.

To write a single object to an Excel .xlsx file it is only necessary to
specify a target file name. To write to multiple sheets it is necessary to
create an ExcelWriter object with a target file name, and specify a sheet
in the file to write to.

Multiple sheets may be written to by specifying unique sheet_name .
With all data written to the file it is necessary to save the changes.
Note that creating an ExcelWriter object with a file name that already exists
will overwrite the existing file because the default mode is write.

Notes

For compatibility with to_csv() ,
to_excel serializes lists and dicts to strings before writing.

Once a workbook has been saved it is not possible to write further
data without rewriting the whole workbook.

pandas will check the number of rows, columns,
and cell character count does not exceed Excel’s limitations.
All other limitations must be checked by the user.

Examples

Create, write to and save a workbook:

To specify the sheet name:

If you wish to write to more than one sheet in the workbook, it is
necessary to specify an ExcelWriter object:

ExcelWriter can also be used to append to an existing Excel file:

To set the library that is used to write the Excel file,
you can pass the engine keyword (the default engine is
automatically chosen depending on the file extension):",https://pandas.pydata.org/docs/reference/api/pandas.DataFrame.to_excel.html
Input/Output,Excel,ExcelFile,"path_or_buffer[, engine, ...]","Class for parsing tabular Excel sheets into DataFrame objects.

See read_excel for more documentation.

Examples

Attributes

Methods",https://pandas.pydata.org/docs/reference/api/pandas.ExcelFile.html
Input/Output,Excel,ExcelFile.book,,"Gets the Excel workbook.

Workbook is the top-level container for all document information.

Examples",https://pandas.pydata.org/docs/reference/api/pandas.ExcelFile.book.html
Input/Output,Excel,ExcelFile.sheet_names,,"Names of the sheets in the document.

This is particularly useful for loading a specific sheet into a DataFrame when
you do not know the sheet names beforehand.

Examples",https://pandas.pydata.org/docs/reference/api/pandas.ExcelFile.sheet_names.html
Input/Output,Excel,ExcelFile.parse,"[sheet_name, header, names, ...]","Parse specified sheet(s) into a DataFrame.

Equivalent to read_excel(ExcelFile, …)  See the read_excel
docstring for more info on accepted parameters.

Examples",https://pandas.pydata.org/docs/reference/api/pandas.ExcelFile.parse.html
Input/Output,Excel,Styler.to_excel,"excel_writer[, sheet_name, ...]","Write Styler to an Excel sheet.

To write a single Styler to an Excel .xlsx file it is only necessary to
specify a target file name. To write to multiple sheets it is necessary to
create an ExcelWriter object with a target file name, and specify a sheet
in the file to write to.

Multiple sheets may be written to by specifying unique sheet_name .
With all data written to the file it is necessary to save the changes.
Note that creating an ExcelWriter object with a file name that already exists
will overwrite the existing file because the default mode is write.

Notes

For compatibility with to_csv() ,
to_excel serializes lists and dicts to strings before writing.

Once a workbook has been saved it is not possible to write further
data without rewriting the whole workbook.

pandas will check the number of rows, columns,
and cell character count does not exceed Excel’s limitations.
All other limitations must be checked by the user.

Examples

Create, write to and save a workbook:

To specify the sheet name:

If you wish to write to more than one sheet in the workbook, it is
necessary to specify an ExcelWriter object:

ExcelWriter can also be used to append to an existing Excel file:

To set the library that is used to write the Excel file,
you can pass the engine keyword (the default engine is
automatically chosen depending on the file extension):",https://pandas.pydata.org/docs/reference/api/pandas.io.formats.style.Styler.to_excel.html
Input/Output,Excel,ExcelWriter,"path[, engine, date_format, ...]","Class for writing DataFrame objects into excel sheets.

Default is to use:

See DataFrame.to_excel() for typical usage.

The writer should be used as a context manager. Otherwise, call close() to save
and close any opened file handles.

Notes

For compatibility with CSV writers, ExcelWriter serializes lists
and dicts to strings before writing.

Examples

Default usage:

To write to separate sheets in a single file:

You can set the date format or datetime format:

You can also append to an existing Excel file:

Here, the if_sheet_exists parameter can be set to replace a sheet if it
already exists:

You can also write multiple DataFrames to a single sheet. Note that the if_sheet_exists parameter needs to be set to overlay :

You can store Excel file in RAM:

You can pack Excel file into zip archive:

You can specify additional arguments to the underlying engine:

In append mode, engine_kwargs are passed through to
openpyxl’s load_workbook :

Attributes

Methods",https://pandas.pydata.org/docs/reference/api/pandas.ExcelWriter.html
Input/Output,JSON,read_json,"path_or_buf, *[, orient, typ, ...]","Convert a JSON string to pandas object.

This method reads JSON files or JSON-like data and converts them into pandas
objects. It supports a variety of input formats, including line-delimited JSON,
compressed files, and various data representations (table, records, index-based,
etc.). When chunksize is specified, an iterator is returned instead of loading
the entire data into memory.

Notes

Specific to orient='table' , if a DataFrame with a literal Index name of index gets written with to_json() , the
subsequent read operation will incorrectly set the Index name to None . This is because index is also used by DataFrame.to_json() to denote a missing Index name, and the subsequent read_json() operation cannot distinguish between the two. The same
limitation is encountered with a MultiIndex and any names
beginning with 'level_' .

Examples

Encoding/decoding a Dataframe using 'split' formatted JSON:

Encoding/decoding a Dataframe using 'index' formatted JSON:

Encoding/decoding a Dataframe using 'records' formatted JSON.
Note that index labels are not preserved with this encoding.

Encoding with Table Schema

The following example uses dtype_backend=""numpy_nullable""",https://pandas.pydata.org/docs/reference/api/pandas.read_json.html
Input/Output,JSON,json_normalize,"data[, record_path, meta, ...]","Normalize semi-structured JSON data into a flat table.

This method is designed to transform semi-structured JSON data, such as nested
dictionaries or lists, into a flat table. This is particularly useful when
handling JSON-like data structures that contain deeply nested fields.

Examples

Normalizes nested data up to level 1.

Returns normalized data with columns prefixed with the given string.",https://pandas.pydata.org/docs/reference/api/pandas.json_normalize.html
Input/Output,JSON,DataFrame.to_json,"[path_or_buf, orient, ...]","Convert the object to a JSON string.

Note NaN’s and None will be converted to null and datetime objects
will be converted to UNIX timestamps.

Notes

The behavior of indent=0 varies from the stdlib, which does not
indent the output but does insert newlines. Currently, indent=0 and the default indent=None are equivalent in pandas, though this
may change in a future release.

orient='table' contains a ‘pandas_version’ field under ‘schema’.
This stores the version of pandas used in the latest revision of the
schema.

Examples

Encoding/decoding a Dataframe using 'records' formatted JSON.
Note that index labels are not preserved with this encoding.

Encoding/decoding a Dataframe using 'index' formatted JSON:

Encoding/decoding a Dataframe using 'columns' formatted JSON:

Encoding/decoding a Dataframe using 'values' formatted JSON:

Encoding with Table Schema:",https://pandas.pydata.org/docs/reference/api/pandas.DataFrame.to_json.html
Input/Output,JSON,build_table_schema,"data[, index, ...]","Create a Table schema from data .

This method is a utility to generate a JSON-serializable schema
representation of a pandas Series or DataFrame, compatible with the
Table Schema specification. It enables structured data to be shared
and validated in various applications, ensuring consistency and
interoperability.

Notes

See Table Schema for
conversion types.
Timedeltas as converted to ISO8601 duration format with
9 decimal places after the seconds field for nanosecond precision.

Categoricals are converted to the any dtype, and use the enum field
constraint to list the allowed values. The ordered attribute is included
in an ordered field.

Examples",https://pandas.pydata.org/docs/reference/api/pandas.io.json.build_table_schema.html
Input/Output,HTML,read_html,"io, *[, match, flavor, header, ...]","Read HTML tables into a list of DataFrame objects.

Notes

Before using this function you should read the gotchas about the
HTML parsing libraries .

Expect to do some cleanup after you call this function. For example, you
might need to manually assign column names if the column names are
converted to NaN when you pass the header=0 argument. We try to assume as
little as possible about the structure of the table and push the
idiosyncrasies of the HTML contained in the table to the user.

This function searches for <table> elements and only for <tr> and <th> rows and <td> elements within each <tr> or <th> element in the table. <td> stands for “table data”. This function
attempts to properly handle colspan and rowspan attributes.
If the function has a <thead> argument, it is used to construct
the header, otherwise the function attempts to find the header within
the body (by putting rows with only <th> elements into the header).

Similar to read_csv() the header argument is applied after skiprows is applied.

This function will always return a list of DataFrame or it will fail, i.e., it will not return an empty list, save for some
rare cases.
It might return an empty list in case of inputs with single row and <td> containing only whitespaces.

Examples

See the read_html documentation in the IO section of the docs for some examples of reading in HTML tables.",https://pandas.pydata.org/docs/reference/api/pandas.read_html.html
Input/Output,HTML,DataFrame.to_html,"[buf, columns, col_space, ...]","Render a DataFrame as an HTML table.

Examples

HTML output

HTML output",https://pandas.pydata.org/docs/reference/api/pandas.DataFrame.to_html.html
Input/Output,HTML,Styler.to_html,"[buf, table_uuid, ...]","Write Styler to a file, buffer or string in HTML-CSS format.

Examples",https://pandas.pydata.org/docs/reference/api/pandas.io.formats.style.Styler.to_html.html
Input/Output,XML,read_xml,"path_or_buffer, *[, xpath, ...]","Read XML document into a DataFrame object.

Notes

This method is best designed to import shallow XML documents in
following format which is the ideal fit for the two-dimensions of a DataFrame (row by column).

As a file format, XML documents can be designed any way including
layout of elements and attributes as long as it conforms to W3C
specifications. Therefore, this method is a convenience handler for
a specific flatter design and not all possible XML structures.

However, for more complex XML documents, stylesheet allows you to
temporarily redesign original document with XSLT (a special purpose
language) for a flatter version for migration to a DataFrame.

This function will always return a single DataFrame or raise
exceptions due to issues with XML document, xpath , or other
parameters.

See the read_xml documentation in the IO section of the docs for more information in using this method to parse XML
files to DataFrames.

Examples",https://pandas.pydata.org/docs/reference/api/pandas.read_xml.html
Input/Output,XML,DataFrame.to_xml,"[path_or_buffer, index, ...]","Render a DataFrame to an XML document.

Examples",https://pandas.pydata.org/docs/reference/api/pandas.DataFrame.to_xml.html
Input/Output,Latex,DataFrame.to_latex,"[buf, columns, header, ...]","Render object to a LaTeX tabular, longtable, or nested table.

Requires \usepackage{booktabs} .  The output can be copy/pasted
into a main LaTeX document or read from an external file
with \input{table.tex} .

Notes

As of v2.0.0 this method has changed to use the Styler implementation as
part of Styler.to_latex() via jinja2 templating. This means
that jinja2 is a requirement, and needs to be installed, for this method
to function. It is advised that users switch to using Styler, since that
implementation is more frequently updated and contains much more
flexibility with the output.

Examples

Convert a general DataFrame to LaTeX with formatting:",https://pandas.pydata.org/docs/reference/api/pandas.DataFrame.to_latex.html
Input/Output,Latex,Styler.to_latex,"[buf, column_format, ...]","Write Styler to a file, buffer or string in LaTeX format.

Notes

Latex Packages

For the following features we recommend the following LaTeX inclusions:

Cell Styles

LaTeX styling can only be rendered if the accompanying styling functions have
been constructed with appropriate LaTeX commands. All styling
functionality is built around the concept of a CSS (<attribute>, <value>) pair (see Table Visualization ), and this
should be replaced by a LaTeX (<command>, <options>) approach. Each cell will be styled individually
using nested LaTeX commands with their accompanied options.

For example the following code will highlight and bold a cell in HTML-CSS:

The equivalent using LaTeX only commands is the following:

Internally these structured LaTeX (<command>, <options>) pairs
are translated to the display_value with the default structure: \<command><options> <display_value> .
Where there are multiple commands the latter is nested recursively, so that
the above example highlighted cell is rendered as \cellcolor{red} \bfseries 4 .

Occasionally this format does not suit the applied command, or
combination of LaTeX packages that is in use, so additional flags can be
added to the <options> , within the tuple, to result in different
positions of required braces (the default being the same as --nowrap ):

For example the textbf command for font-weight
should always be used with –rwrap so ('textbf', '--rwrap') will render a
working cell, wrapped with braces, as \textbf{<display_value>} .

A more comprehensive example is as follows:

Table Styles

Internally Styler uses its table_styles object to parse the column_format , position , position_float , and label input arguments. These arguments are added to table styles in the format:

Exception is made for the hrules argument which, in fact, controls all three
commands: toprule , bottomrule and midrule simultaneously. Instead of
setting hrules to True , it is also possible to set each
individual rule definition, by manually setting the table_styles ,
for example below we set a regular toprule , set an hline for bottomrule and exclude the midrule :

If other commands are added to table styles they will be detected, and
positioned immediately above the ‘\begin{tabular}’ command. For example to
add odd and even row coloring, from the {colortbl} package, in format \rowcolors{1}{pink}{red} , use:

A more comprehensive example using these arguments is as follows:

Formatting

To format values Styler.format() should be used prior to calling Styler.to_latex , as well as other methods such as Styler.hide() for example:

CSS Conversion

This method can convert a Styler constructured with HTML-CSS to LaTeX using
the following limited conversions.

It is also possible to add user-defined LaTeX only styles to a HTML-CSS Styler
using the --latex flag, and to add LaTeX parsing options that the
converter will detect within a CSS-comment.

Examples

Below we give a complete step by step example adding some advanced features
and noting some common gotchas.

First we create the DataFrame and Styler as usual, including MultiIndex rows
and columns, which allow for more advanced formatting options:

Second we will format the display and, since our table is quite wide, will
hide the repeated level-0 of the index:

Note that one of the string entries of the index and column headers is “H&M”.
Without applying the escape=”latex” option to the format_index method the
resultant LaTeX will fail to render, and the error returned is quite
difficult to debug. Using the appropriate escape the “&” is converted to “\&”.

Thirdly we will apply some (CSS-HTML) styles to our object. We will use a
builtin method and also define our own method to highlight the stock
recommendation:

All the above styles will work with HTML (see below) and LaTeX upon conversion:

However, we finally want to add one LaTeX only style
(from the {graphicx} package), that is not easy to convert from CSS and
pandas does not support it. Notice the –latex flag used here,
as well as –rwrap to ensure this is formatted correctly and
not ignored upon conversion.

Finally we render our LaTeX adding in other options as required:",https://pandas.pydata.org/docs/reference/api/pandas.io.formats.style.Styler.to_latex.html
Input/Output,HDFStore: PyTables (HDF5),read_hdf,"path_or_buf[, key, mode, errors, ...]","Read from the store, close it if we opened it.

Retrieve pandas object stored in file, optionally based on where
criteria.

Notes

When errors=""surrogatepass"" , pd.options.future.infer_string is true,
and PyArrow is installed, if a UTF-16 surrogate is encountered when decoding
to UTF-8, the resulting dtype will be pd.StringDtype(storage=""python"", na_value=np.nan) .

Examples",https://pandas.pydata.org/docs/reference/api/pandas.read_hdf.html
Input/Output,HDFStore: PyTables (HDF5),HDFStore.put,"key, value[, format, index, ...]","Store object in HDFStore.

This method writes a pandas DataFrame or Series into an HDF5 file using
either the fixed or table format. The table format allows additional
operations like incremental appends and queries but may have performance
trade-offs. The fixed format provides faster read/write operations but
does not support appends or queries.

Examples",https://pandas.pydata.org/docs/reference/api/pandas.HDFStore.put.html
Input/Output,HDFStore: PyTables (HDF5),HDFStore.append,"key, value[, format, axes, ...]","Append to Table in file.

Node must already exist and be Table format.

Notes

Does not check if data being appended overlaps with existing
data in the table, so be careful

Examples",https://pandas.pydata.org/docs/reference/api/pandas.HDFStore.append.html
Input/Output,HDFStore: PyTables (HDF5),HDFStore.get,key,"Retrieve pandas object stored in file.

Examples",https://pandas.pydata.org/docs/reference/api/pandas.HDFStore.get.html
Input/Output,HDFStore: PyTables (HDF5),HDFStore.select,"key[, where, start, stop, ...]","Retrieve pandas object stored in file, optionally based on where criteria.

Examples",https://pandas.pydata.org/docs/reference/api/pandas.HDFStore.select.html
Input/Output,HDFStore: PyTables (HDF5),HDFStore.info,,"Print detailed information on the store.

Examples",https://pandas.pydata.org/docs/reference/api/pandas.HDFStore.info.html
Input/Output,HDFStore: PyTables (HDF5),HDFStore.keys,[include],"Return a list of keys corresponding to objects stored in HDFStore.

Examples",https://pandas.pydata.org/docs/reference/api/pandas.HDFStore.keys.html
Input/Output,HDFStore: PyTables (HDF5),HDFStore.groups,,"Return a list of all the top-level nodes.

Each node returned is not a pandas storage object.

Examples",https://pandas.pydata.org/docs/reference/api/pandas.HDFStore.groups.html
Input/Output,HDFStore: PyTables (HDF5),HDFStore.walk,[where],"Walk the pytables group hierarchy for pandas objects.

This generator will yield the group path, subgroups and pandas object
names for each group.

Any non-pandas PyTables objects that are not a group will be ignored.

The where group itself is listed first (preorder), then each of its
child groups (following an alphanumerical order) is also traversed,
following the same procedure.

Examples",https://pandas.pydata.org/docs/reference/api/pandas.HDFStore.walk.html
Input/Output,Feather,read_feather,"path[, columns, use_threads, ...]","Load a feather-format object from the file path.

Feather is particularly useful for scenarios that require efficient
serialization and deserialization of tabular data. It supports
schema preservation, making it a reliable choice for use cases
such as sharing data between Python and R, or persisting intermediate
results during data processing pipelines. This method provides additional
flexibility with options for selective column reading, thread parallelism,
and choosing the backend for data types.

Examples",https://pandas.pydata.org/docs/reference/api/pandas.read_feather.html
Input/Output,Feather,DataFrame.to_feather,"path, **kwargs","Write a DataFrame to the binary Feather format.

Notes

This function writes the dataframe as a feather file . Requires a default
index. For saving the DataFrame with your custom index use a method that
supports custom indices e.g. to_parquet .

Examples",https://pandas.pydata.org/docs/reference/api/pandas.DataFrame.to_feather.html
Input/Output,Parquet,read_parquet,"path[, engine, columns, ...]","Load a parquet object from the file path, returning a DataFrame.

The function automatically handles reading the data from a parquet file
and creates a DataFrame with the appropriate structure.

Examples

The function uses kwargs that are passed directly to the engine.
In the following example, we use the filters argument of the pyarrow
engine to filter the rows of the DataFrame.

Since pyarrow is the default engine, we can omit the engine argument.
Note that the filters argument is implemented by the pyarrow engine,
which can benefit from multithreading and also potentially be more
economical in terms of memory.",https://pandas.pydata.org/docs/reference/api/pandas.read_parquet.html
Input/Output,Parquet,DataFrame.to_parquet,"[path, engine, ...]","Write a DataFrame to the binary parquet format.

This function writes the dataframe as a parquet file . You can choose different parquet
backends, and have the option of compression. See the user guide for more details.

Notes

Examples

If you want to get a buffer to the parquet content you can use a io.BytesIO
object, as long as you don’t use partition_cols, which creates multiple files.",https://pandas.pydata.org/docs/reference/api/pandas.DataFrame.to_parquet.html
Input/Output,Iceberg,read_iceberg,"table_identifier[, ...]","Read an Apache Iceberg table into a pandas DataFrame.

Examples",https://pandas.pydata.org/docs/reference/api/pandas.read_iceberg.html
Input/Output,Iceberg,DataFrame.to_iceberg,"table_identifier[, ...]","Write a DataFrame to an Apache Iceberg table.

Examples",https://pandas.pydata.org/docs/reference/api/pandas.DataFrame.to_iceberg.html
Input/Output,ORC,read_orc,"path[, columns, dtype_backend, ...]","Load an ORC object from the file path, returning a DataFrame.

This method reads an ORC (Optimized Row Columnar) file into a pandas
DataFrame using the pyarrow.orc library. ORC is a columnar storage format
that provides efficient compression and fast retrieval for analytical workloads.
It allows reading specific columns, handling different filesystem
types (such as local storage, cloud storage via fsspec, or pyarrow filesystem),
and supports different data type backends, including numpy_nullable and pyarrow .

Notes

Before using this function you should read the user guide about ORC and install optional dependencies .

If path is a URI scheme pointing to a local or remote file (e.g. “s3://”),
a pyarrow.fs filesystem will be attempted to read the file. You can also pass a
pyarrow or fsspec filesystem object into the filesystem keyword to override this
behavior.

Examples",https://pandas.pydata.org/docs/reference/api/pandas.read_orc.html
Input/Output,ORC,DataFrame.to_orc,"[path, engine, index, ...]","Write a DataFrame to the Optimized Row Columnar (ORC) format.

Notes

Examples

If you want to get a buffer to the orc content you can write it to io.BytesIO",https://pandas.pydata.org/docs/reference/api/pandas.DataFrame.to_orc.html
Input/Output,SAS,read_sas,"filepath_or_buffer, *[, format, ...]","Read SAS files stored as either XPORT or SAS7BDAT format files.

Examples",https://pandas.pydata.org/docs/reference/api/pandas.read_sas.html
Input/Output,SPSS,read_spss,"path[, usecols, ...]","Load an SPSS file from the file path, returning a DataFrame.

Examples",https://pandas.pydata.org/docs/reference/api/pandas.read_spss.html
Input/Output,SQL,read_sql_table,"table_name, con[, schema, ...]","Read SQL database table into a DataFrame.

Given a table name and a SQLAlchemy connectable, returns a DataFrame.
This function does not support DBAPI connections.

Notes

Any datetime values with time zone information will be converted to UTC.

Examples",https://pandas.pydata.org/docs/reference/api/pandas.read_sql_table.html
Input/Output,SQL,read_sql_query,"sql, con[, index_col, ...]","Read SQL query into a DataFrame.

Returns a DataFrame corresponding to the result set of the query
string. Optionally provide an index_col parameter to use one of the
columns as the index, otherwise default integer index will be used.

Notes

Any datetime values with time zone information parsed via the parse_dates parameter will be converted to UTC.

Examples",https://pandas.pydata.org/docs/reference/api/pandas.read_sql_query.html
Input/Output,SQL,read_sql,"sql, con[, index_col, ...]","Read SQL query or database table into a DataFrame.

This function is a convenience wrapper around read_sql_table and read_sql_query (for backward compatibility). It will delegate
to the specific function depending on the provided input. A SQL query
will be routed to read_sql_query , while a database table name will
be routed to read_sql_table . Note that the delegated function might
have more specific notes about their functionality not listed here.

Notes

pandas does not attempt to sanitize SQL statements;
instead it simply forwards the statement you are executing
to the underlying driver, which may or may not sanitize from there.
Please refer to the underlying driver documentation for any details.
Generally, be wary when accepting statements from arbitrary sources.

Examples

Read data from SQL via either a SQL query or a SQL tablename.
When using a SQLite database only SQL queries are accepted,
providing only the SQL tablename will result in an error.

For parameterized query, using params is recommended over string interpolation.

Apply date parsing to columns through the parse_dates argument
The parse_dates argument calls pd.to_datetime on the provided columns.
Custom argument values for applying pd.to_datetime on a column are specified
via a dictionary format:",https://pandas.pydata.org/docs/reference/api/pandas.read_sql.html
Input/Output,SQL,DataFrame.to_sql,"name, con, *[, schema, ...]","Write records stored in a DataFrame to a SQL database.

Databases supported by SQLAlchemy [1] are supported. Tables can be
newly created, appended to, or overwritten.

Notes

Timezone aware datetime columns will be written as Timestamp with timezone type with SQLAlchemy if supported by the
database. Otherwise, the datetimes will be stored as timezone unaware
timestamps local to the original timezone.

Not all datastores support method=""multi"" . Oracle, for example,
does not support multi-value insert.

References

Examples

Create an in-memory SQLite database.

Create a table from scratch with 3 rows.

An sqlalchemy.engine.Connection can also be passed to con :

This is allowed to support operations that require that the same
DBAPI connection is used for the entire operation.

Overwrite the table with just df2 .

Delete all rows before inserting new records with df3

Use method to define a callable insertion method to do nothing
if there’s a primary key conflict on a table in a PostgreSQL database.

For MySQL, a callable to update columns b and c if there’s a conflict
on a primary key.

Specify the dtype (especially useful for integers with missing values).
Notice that while pandas is forced to store the data as floating point,
the database supports nullable integers. When fetching the data with
Python, we get back integer scalars.",https://pandas.pydata.org/docs/reference/api/pandas.DataFrame.to_sql.html
Input/Output,STATA,read_stata,"filepath_or_buffer, *[, ...]","Read Stata file into DataFrame.

Notes

Categorical variables read through an iterator may not have the same
categories and dtype. This occurs when  a variable stored in a DTA
file is associated to an incomplete set of value labels that only
label a strict subset of the values.

Examples

Creating a dummy stata for this example

Read a Stata dta file:

Read a Stata dta file in 10,000 line chunks:",https://pandas.pydata.org/docs/reference/api/pandas.read_stata.html
Input/Output,STATA,DataFrame.to_stata,"path, *[, convert_dates, ...]","Export DataFrame object to Stata dta format.

Writes the DataFrame to a Stata dataset file.
“dta” files contain a Stata dataset.

Examples",https://pandas.pydata.org/docs/reference/api/pandas.DataFrame.to_stata.html
Input/Output,STATA,StataReader.data_label,,"Return data label of Stata file.

The data label is a descriptive string associated with the dataset
stored in the Stata file. This property provides access to that
label, if one is present.

Examples",https://pandas.pydata.org/docs/reference/api/pandas.io.stata.StataReader.data_label.html
Input/Output,STATA,StataReader.value_labels,,"Return a nested dict associating each variable name to its value and label.

This method retrieves the value labels from a Stata file. Value labels are
mappings between the coded values and their corresponding descriptive labels
in a Stata dataset.

Examples",https://pandas.pydata.org/docs/reference/api/pandas.io.stata.StataReader.value_labels.html
Input/Output,STATA,StataReader.variable_labels,,"Return a dict associating each variable name with corresponding label.

This method retrieves variable labels from a Stata file. Variable labels are
mappings between variable names and their corresponding descriptive labels
in a Stata dataset.

Examples",https://pandas.pydata.org/docs/reference/api/pandas.io.stata.StataReader.variable_labels.html
Input/Output,STATA,StataWriter.write_file,,"Export DataFrame object to Stata dta format.

This method writes the contents of a pandas DataFrame to a .dta file
compatible with Stata. It includes features for handling value labels,
variable types, and metadata like timestamps and data labels. The output
file can then be read and used in Stata or other compatible statistical
tools.

Examples",https://pandas.pydata.org/docs/reference/api/pandas.io.stata.StataWriter.write_file.html
General Functions,Data manipulations,melt,"frame[, id_vars, value_vars, var_name, ...]","Unpivot a DataFrame from wide to long format, optionally leaving identifiers set.

This function is useful to reshape a DataFrame into a format where one
or more columns are identifier variables ( id_vars ), while all other
columns are considered measured variables ( value_vars ), and are “unpivoted” to
the row axis, leaving just two non-identifier columns, ‘variable’ and
‘value’.

Notes

Reference the user guide for more examples.

Examples

The names of ‘variable’ and ‘value’ columns can be customized:

Original index values can be kept around:

If you have multi-index columns:",https://pandas.pydata.org/docs/reference/api/pandas.melt.html
General Functions,Data manipulations,pivot,"data, *, columns[, index, values]","Return reshaped DataFrame organized by given index / column values.

Reshape data (produce a “pivot” table) based on column values. Uses
unique values from specified index / columns to form axes of the
resulting DataFrame. This function does not support data
aggregation, multiple values will result in a MultiIndex in the
columns. See the User Guide for more on reshaping.

Notes

For finer-tuned control, see hierarchical indexing documentation along
with the related stack/unstack methods.

Reference the user guide for more examples.

Examples

You could also assign a list of column names or a list of index names.

A ValueError is raised if there are any duplicates.

Notice that the first two rows are the same for our index and columns arguments.",https://pandas.pydata.org/docs/reference/api/pandas.pivot.html
General Functions,Data manipulations,pivot_table,"data[, values, index, columns, ...]","Create a spreadsheet-style pivot table as a DataFrame.

The levels in the pivot table will be stored in MultiIndex objects
(hierarchical indexes) on the index and columns of the result DataFrame.

Notes

Reference the user guide for more examples.

Examples

This first example aggregates values by taking the sum.

We can also fill missing values using the fill_value parameter.

The next example aggregates by taking the mean across multiple columns.

We can also calculate multiple types of aggregations for any given
value column.",https://pandas.pydata.org/docs/reference/api/pandas.pivot_table.html
General Functions,Data manipulations,crosstab,"index, columns[, values, rownames, ...]","Compute a simple cross tabulation of two (or more) factors.

By default, computes a frequency table of the factors unless an
array of values and an aggregation function are passed.

Notes

Any Series passed will have their name attributes used unless row or column
names for the cross-tabulation are specified.

Any input passed containing Categorical data will have all of its
categories included in the cross-tabulation, even if the actual data does
not contain any instances of a particular category.

In the event that there aren’t overlapping indexes an empty DataFrame will
be returned.

Reference the user guide for more examples.

Examples

Here ‘c’ and ‘f’ are not represented in the data and will not be
shown in the output because dropna is True by default. Set
dropna=False to preserve categories with no data.",https://pandas.pydata.org/docs/reference/api/pandas.crosstab.html
General Functions,Data manipulations,cut,"x, bins[, right, labels, retbins, ...]","Bin values into discrete intervals.

Use cut when you need to segment and sort data values into bins. This
function is also useful for going from a continuous variable to a
categorical variable. For example, cut could convert ages to groups of
age ranges. Supports binning into an equal number of bins, or a
pre-specified array of bins.

Notes

Any NA values will be NA in the result. Out of bounds values will be NA in
the resulting Series or Categorical object.

numpy.histogram_bin_edges can be used along with cut to calculate bins according
to some predefined methods.

Reference the user guide for more examples.

Examples

Discretize into three equal-sized bins.

Discovers the same bins, but assign them specific labels. Notice that
the returned Categorical’s categories are labels and is ordered.

ordered=False will result in unordered categories when labels are passed.
This parameter can be used to allow non-unique labels:

labels=False implies you just want the bins back.

Passing a Series as an input returns a Series with categorical dtype:

Passing a Series as an input returns a Series with mapping value.
It is used to map numerically to intervals based on bins.

Use drop optional when bins is not unique

Passing an IntervalIndex for bins results in those categories exactly.
Notice that values not covered by the IntervalIndex are set to NaN. 0
is to the left of the first bin (which is closed on the right), and 1.5
falls between two bins.

Using np.histogram_bin_edges with cut",https://pandas.pydata.org/docs/reference/api/pandas.cut.html
General Functions,Data manipulations,qcut,"x, q[, labels, retbins, precision, ...]","Quantile-based discretization function.

Discretize variable into equal-sized buckets based on rank or based
on sample quantiles. For example 1000 values for 10 quantiles would
produce a Categorical object indicating quantile membership for each data point.

Notes

Out of bounds values will be NA in the resulting Categorical object

Examples",https://pandas.pydata.org/docs/reference/api/pandas.qcut.html
General Functions,Data manipulations,merge,"left, right[, how, on, left_on, ...]","Merge DataFrame or named Series objects with a database-style join.

A named Series object is treated as a DataFrame with a single named column.

The join is done on columns or indexes. If joining columns on
columns, the DataFrame indexes will be ignored . Otherwise if joining indexes
on indexes or indexes on a column or columns, the index will be passed on.
When performing a cross merge, no column specifications to merge on are
allowed.

Examples

Merge df1 and df2 on the lkey and rkey columns. The value columns have
the default suffixes, _x and _y, appended.

Merge DataFrames df1 and df2 with specified left and right suffixes
appended to any overlapping columns.

Merge DataFrames df1 and df2, but raise an exception if the DataFrames have
any overlapping columns.",https://pandas.pydata.org/docs/reference/api/pandas.merge.html
General Functions,Data manipulations,merge_ordered,"left, right[, on, left_on, ...]","Perform a merge for ordered data with optional filling/interpolation.

Designed for ordered data like time series data. Optionally
perform group-wise merge (see examples).

Examples",https://pandas.pydata.org/docs/reference/api/pandas.merge_ordered.html
General Functions,Data manipulations,merge_asof,"left, right[, on, left_on, ...]","Perform a merge by key distance.

This is similar to a left-join except that we match on nearest
key rather than equal keys. Both DataFrames must be first sorted by
the merge key in ascending order before calling this function.
Sorting by any additional ‘by’ grouping columns is not required.

For each row in the left DataFrame:

Optionally match on equivalent keys with ‘by’ before searching with ‘on’.

Examples

We can use indexed DataFrames as well.

Here is a real-world times-series example

By default we are taking the asof of the quotes

We only asof within 2ms between the quote time and the trade time

We only asof within 10ms between the quote time and the trade time
and we exclude exact matches on time. However prior data will
propagate forward",https://pandas.pydata.org/docs/reference/api/pandas.merge_asof.html
General Functions,Data manipulations,concat,"objs, *[, axis, join, ignore_index, ...]","Concatenate pandas objects along a particular axis.

Allows optional set logic along the other axes.

Can also add a layer of hierarchical indexing on the concatenation axis,
which may be useful if the labels are the same (or overlapping) on
the passed axis number.

Notes

The keys, levels, and names arguments are all optional.

A walkthrough of how this method fits in with other tools for combining
pandas objects can be found here .

It is not recommended to build DataFrames by adding single rows in a
for loop. Build a list of rows and make a DataFrame in a single concat.

Examples

Combine two Series .

Clear the existing index and reset it in the result
by setting the ignore_index option to True .

Add a hierarchical index at the outermost level of
the data with the keys option.

Label the index keys you create with the names option.

Combine two DataFrame objects with identical columns.

Combine DataFrame objects with overlapping columns
and return everything. Columns outside the intersection will
be filled with NaN values.

Combine DataFrame objects with overlapping columns
and return only those that are shared by passing inner to
the join keyword argument.

Combine DataFrame objects horizontally along the x axis by
passing in axis=1 .

Prevent the result from including duplicate index values with the verify_integrity option.

Append a single row to the end of a DataFrame object.",https://pandas.pydata.org/docs/reference/api/pandas.concat.html
General Functions,Data manipulations,get_dummies,"data[, prefix, prefix_sep, ...]","Convert categorical variable into dummy/indicator variables.

Each variable is converted in as many 0/1 variables as there are different
values. Columns in the output are each named after a value; if the input is
a DataFrame, the name of the original variable is prepended to the value.

Notes

Reference the user guide for more examples.

Examples",https://pandas.pydata.org/docs/reference/api/pandas.get_dummies.html
General Functions,Data manipulations,from_dummies,"data[, sep, default_category]","Create a categorical DataFrame from a DataFrame of dummy variables.

Inverts the operation performed by get_dummies() .

Notes

The columns of the passed dummy data should only include 1’s and 0’s,
or boolean values.

Examples",https://pandas.pydata.org/docs/reference/api/pandas.from_dummies.html
General Functions,Data manipulations,factorize,"values[, sort, use_na_sentinel, ...]","Encode the object as an enumerated type or categorical variable.

This method is useful for obtaining a numeric representation of an
array when all that matters is identifying distinct values. factorize is available as both a top-level function pandas.factorize() ,
and as a method Series.factorize() and Index.factorize() .

Notes

Reference the user guide for more examples.

Examples

These examples all show factorize as a top-level method like pd.factorize(values) . The results are identical for methods like Series.factorize() .

With sort=True , the uniques will be sorted, and codes will be
shuffled so that the relationship is the maintained.

When use_na_sentinel=True (the default), missing values are indicated in
the codes with the sentinel value -1 and missing values are not
included in uniques .

Thus far, we’ve only factorized lists (which are internally coerced to
NumPy arrays). When factorizing pandas objects, the type of uniques will differ. For Categoricals, a Categorical is returned.

Notice that 'b' is in uniques.categories , despite not being
present in cat.values .

For all other pandas objects, an Index of the appropriate type is
returned.

If NaN is in the values, and we want to include NaN in the uniques of the
values, it can be achieved by setting use_na_sentinel=False .",https://pandas.pydata.org/docs/reference/api/pandas.factorize.html
General Functions,Data manipulations,unique,values,"Return unique values based on a hash table.

Uniques are returned in order of appearance. This does NOT sort.

Significantly faster than numpy.unique for long enough sequences.
Includes NA values.

Examples

An unordered Categorical will return categories in the
order of appearance.

An ordered Categorical preserves the category ordering.

An array of tuples

A NumpyExtensionArray of complex",https://pandas.pydata.org/docs/reference/api/pandas.unique.html
General Functions,Data manipulations,lreshape,"data, groups[, dropna]","Reshape wide-format data to long. Generalized inverse of DataFrame.pivot.

Accepts a dictionary, groups , in which each key is a new column name
and each value is a list of old column names that will be “melted” under
the new column name as part of the reshape.

Examples",https://pandas.pydata.org/docs/reference/api/pandas.lreshape.html
General Functions,Data manipulations,wide_to_long,"df, stubnames, i, j[, sep, suffix]","Unpivot a DataFrame from wide to long format.

Less flexible but more user-friendly than melt.

With stubnames [‘A’, ‘B’], this function expects to find one or more
group of columns with format
A-suffix1, A-suffix2,…, B-suffix1, B-suffix2,…
You specify what you want to call this suffix in the resulting long format
with j (for example j=’year’ )

Each row of these wide variables are assumed to be uniquely identified by i (can be a single column name or a list of column names)

All remaining variables in the data frame are left intact.

Notes

All extra variables are left untouched. This simply uses pandas.melt under the hood, but is hard-coded to “do the right thing”
in a typical case.

Examples

With multiple id columns

Going from long back to wide just takes some creative use of unstack

Less wieldy column names are also handled

If we have many columns, we could also use a regex to find our
stubnames and pass that list on to wide_to_long

All of the above examples have integers as suffixes. It is possible to
have non-integers as suffixes.",https://pandas.pydata.org/docs/reference/api/pandas.wide_to_long.html
General Functions,Top-level missing data,isna,obj,"Detect missing values for an array-like object.

This function takes a scalar or array-like object and indicates
whether values are missing ( NaN in numeric arrays, None or NaN in object arrays, NaT in datetimelike).

Examples

Scalar arguments (including strings) result in a scalar boolean.

ndarrays result in an ndarray of booleans.

For indexes, an ndarray of booleans is returned.

For Series and DataFrame, the same type is returned, containing booleans.",https://pandas.pydata.org/docs/reference/api/pandas.isna.html
General Functions,Top-level missing data,isnull,obj,"Detect missing values for an array-like object.

This function takes a scalar or array-like object and indicates
whether values are missing ( NaN in numeric arrays, None or NaN in object arrays, NaT in datetimelike).

Examples

Scalar arguments (including strings) result in a scalar boolean.

ndarrays result in an ndarray of booleans.

For indexes, an ndarray of booleans is returned.

For Series and DataFrame, the same type is returned, containing booleans.",https://pandas.pydata.org/docs/reference/api/pandas.isnull.html
General Functions,Top-level missing data,notna,obj,"Detect non-missing values for an array-like object.

This function takes a scalar or array-like object and indicates
whether values are valid (not missing, which is NaN in numeric
arrays, None or NaN in object arrays, NaT in datetimelike).

Examples

Scalar arguments (including strings) result in a scalar boolean.

ndarrays result in an ndarray of booleans.

For indexes, an ndarray of booleans is returned.

For Series and DataFrame, the same type is returned, containing booleans.",https://pandas.pydata.org/docs/reference/api/pandas.notna.html
General Functions,Top-level missing data,notnull,obj,"Detect non-missing values for an array-like object.

This function takes a scalar or array-like object and indicates
whether values are valid (not missing, which is NaN in numeric
arrays, None or NaN in object arrays, NaT in datetimelike).

Examples

Scalar arguments (including strings) result in a scalar boolean.

ndarrays result in an ndarray of booleans.

For indexes, an ndarray of booleans is returned.

For Series and DataFrame, the same type is returned, containing booleans.",https://pandas.pydata.org/docs/reference/api/pandas.notnull.html
General Functions,Top-level dealing with numeric data,to_numeric,"arg[, errors, downcast, ...]","Convert argument to a numeric type.

If the input is already of a numeric dtype, the dtype will be preserved.
For non-numeric inputs, the default return dtype is float64 or int64 depending on the data supplied. Use the downcast parameter
to obtain other dtypes.

Please note that precision loss may occur if really large numbers
are passed in. Due to the internal limitations of ndarray , if
numbers smaller than -9223372036854775808 (np.iinfo(np.int64).min)
or larger than 18446744073709551615 (np.iinfo(np.uint64).max) are
passed in, it is very likely they will be converted to float so that
they can be stored in an ndarray . These warnings apply similarly to Series since it internally leverages ndarray .

Examples

Take separate series and convert to numeric, coercing when told to

Downcasting of nullable integer and floating dtypes is supported:",https://pandas.pydata.org/docs/reference/api/pandas.to_numeric.html
General Functions,Top-level dealing with datetimelike data,to_datetime,"arg[, errors, dayfirst, ...]","Convert argument to datetime.

This function converts a scalar, array-like, Series or DataFrame /dict-like to a pandas datetime object.

Notes

Many input types are supported, and lead to different output types:

The following causes are responsible for datetime.datetime objects
being returned (possibly inside an Index or a Series with object dtype) instead of a proper pandas designated type
( Timestamp , DatetimeIndex or Series with datetime64 dtype):

Examples

Handling various input formats

Assembling a datetime from multiple columns of a DataFrame . The keys
can be common abbreviations like [‘year’, ‘month’, ‘day’, ‘minute’, ‘second’,
‘ms’, ‘us’, ‘ns’]) or plurals of the same

Using a unix epoch time

Using a non-unix epoch origin

Differences with strptime behavior

""%f"" will parse all the way up to nanoseconds.

Non-convertible date/times

Passing errors='coerce' will force an out-of-bounds date to NaT ,
in addition to forcing non-dates (or non-parseable dates) to NaT .

Timezones and time offsets

The default behaviour ( utc=False ) is as follows:

Setting utc=True solves most of the above issues:",https://pandas.pydata.org/docs/reference/api/pandas.to_datetime.html
General Functions,Top-level dealing with datetimelike data,to_timedelta,"arg[, unit, errors]","Convert argument to timedelta.

Timedeltas are absolute differences in times, expressed in difference
units (e.g. days, hours, minutes, seconds). This method converts
an argument from a recognized timedelta format / value into
a Timedelta type.

Notes

If the precision is higher than nanoseconds, the precision of the duration is
truncated to nanoseconds for string inputs.

Examples

Parsing a single string to a Timedelta:

Parsing a list or array of strings:

Converting numbers by specifying the unit keyword argument:",https://pandas.pydata.org/docs/reference/api/pandas.to_timedelta.html
General Functions,Top-level dealing with datetimelike data,date_range,"[start, end, periods, freq, tz, ...]","Return a fixed frequency DatetimeIndex.

Returns the range of equally spaced time points (where the difference between any
two adjacent points is specified by the given frequency) such that they fall in the
range [start, end] , where the first one and the last one are, resp., the first
and last time points in that range that fall on the boundary of freq (if given
as a frequency string) or that are valid for freq (if given as a pandas.tseries.offsets.DateOffset ). If freq is positive, the points
satisfy start <[=] x <[=] end , and if freq is negative, the points satisfy end <[=] x <[=] start . (If exactly one of start , end , or freq is not specified, this missing parameter can be computed given periods , the number of
timesteps in the range. See the note below.)

Notes

Of the four parameters start , end , periods , and freq ,
a maximum of three can be specified at once. Of the three parameters start , end , and periods , at least two must be specified.
If freq is omitted, the resulting DatetimeIndex will have periods linearly spaced elements between start and end (closed on both sides).

To learn more about the frequency strings, please see this link .

Examples

Specifying the values

The next four examples generate the same DatetimeIndex , but vary
the combination of start , end and periods .

Specify start and end , with the default daily frequency.

Specify timezone-aware start and end , with the default daily frequency.

Specify start and periods , the number of periods (days).

Specify end and periods , the number of periods (days).

Specify start , end , and periods ; the frequency is generated
automatically (linearly spaced).

Other Parameters

Changed the freq (frequency) to 'ME' (month end frequency).

Multiples are allowed

freq can also be specified as an Offset object.

Specify tz to set the timezone.

inclusive controls whether to include start and end that are on the
boundary. The default, “both”, includes boundary points on either end.

Use inclusive='left' to exclude end if it falls on the boundary.

Use inclusive='right' to exclude start if it falls on the boundary, and
similarly inclusive='neither' will exclude both start and end .

Specify a unit",https://pandas.pydata.org/docs/reference/api/pandas.date_range.html
General Functions,Top-level dealing with datetimelike data,bdate_range,"[start, end, periods, freq, tz, ...]","Return a fixed frequency DatetimeIndex with business day as the default.

Notes

Of the four parameters: start , end , periods , and freq ,
exactly three must be specified.  Specifying freq is a requirement
for bdate_range .  Use date_range if specifying freq is not
desired.

To learn more about the frequency strings, please see this link .

Examples

Note how the two weekend days are skipped in the result.",https://pandas.pydata.org/docs/reference/api/pandas.bdate_range.html
General Functions,Top-level dealing with datetimelike data,period_range,"[start, end, periods, freq, name]","Return a fixed frequency PeriodIndex.

The day (calendar) is the default frequency.

Notes

Of the three parameters: start , end , and periods , exactly two
must be specified.

To learn more about the frequency strings, please see this link .

Examples

If start or end are Period objects, they will be used as anchor
endpoints for a PeriodIndex with frequency matching that of the period_range constructor.",https://pandas.pydata.org/docs/reference/api/pandas.period_range.html
General Functions,Top-level dealing with datetimelike data,timedelta_range,"[start, end, periods, freq, ...]","Return a fixed frequency TimedeltaIndex with day as the default.

Notes

Of the four parameters start , end , periods , and freq ,
a maximum of three can be specified at once. Of the three parameters start , end , and periods , at least two must be specified.
If freq is omitted, the resulting DatetimeIndex will have periods linearly spaced elements between start and end (closed on both sides).

To learn more about the frequency strings, please see this link .

Examples

The closed parameter specifies which endpoint is included.  The default
behavior is to include both endpoints.

The freq parameter specifies the frequency of the TimedeltaIndex.
Only fixed frequencies can be passed, non-fixed frequencies such as
‘M’ (month end) will raise.

Specify start , end , and periods ; the frequency is generated
automatically (linearly spaced).

Specify a unit",https://pandas.pydata.org/docs/reference/api/pandas.timedelta_range.html
General Functions,Top-level dealing with datetimelike data,infer_freq,index,"Infer the most likely frequency given the input index.

This method attempts to deduce the most probable frequency (e.g., ‘D’ for daily,
‘H’ for hourly) from a sequence of datetime-like objects. It is particularly useful
when the frequency of a time series is not explicitly set or known but can be
inferred from its values.

Examples",https://pandas.pydata.org/docs/reference/api/pandas.infer_freq.html
General Functions,Top-level dealing with Interval data,interval_range,"[start, end, periods, freq, ...]","Return a fixed frequency IntervalIndex.

Notes

Of the four parameters start , end , periods , and freq ,
exactly three must be specified. If freq is omitted, the resulting IntervalIndex will have periods linearly spaced elements between start and end , inclusively.

To learn more about datetime-like frequency strings, please see this link .

Examples

Numeric start and end is supported.

Additionally, datetime-like input is also supported.

The freq parameter specifies the frequency between the left and right.
endpoints of the individual intervals within the IntervalIndex .  For
numeric start and end , the frequency must also be numeric.

Similarly, for datetime-like start and end , the frequency must be
convertible to a DateOffset.

Specify start , end , and periods ; the frequency is generated
automatically (linearly spaced).

The closed parameter specifies which endpoints of the individual
intervals within the IntervalIndex are closed.",https://pandas.pydata.org/docs/reference/api/pandas.interval_range.html
General Functions,Top-level evaluation,col,col_name,"Generate deferred object representing a column of a DataFrame.

Any place which accepts lambda df: df[col_name] , such as DataFrame.assign() or DataFrame.loc() , can also accept pd.col(col_name) .

Examples

You can use col in assign .

You can also use it for filtering.",https://pandas.pydata.org/docs/reference/api/pandas.col.html
General Functions,Top-level evaluation,eval,"expr[, parser, engine, local_dict, ...]","Evaluate a Python expression as a string using various backends.

Notes

The dtype of any objects involved in an arithmetic % operation are
recursively cast to float64 .

See the enhancing performance documentation for
more details.

Examples

We can add a new column using pd.eval :",https://pandas.pydata.org/docs/reference/api/pandas.eval.html
General Functions,Datetime formats,tseries.api.guess_datetime_format,"dt_str[, ...]","Guess the datetime format of a given datetime string.

This function attempts to deduce the format of a given datetime string. It is
useful for situations where the datetime format is unknown and needs to be
determined for proper parsing. The function is not guaranteed to return a format.

Examples",https://pandas.pydata.org/docs/reference/api/pandas.tseries.api.guess_datetime_format.html
General Functions,Hashing,util.hash_array,"vals[, encoding, hash_key, ...]","Given a 1d array, return an array of deterministic integers.

Examples",https://pandas.pydata.org/docs/reference/api/pandas.util.hash_array.html
General Functions,Hashing,util.hash_pandas_object,"obj[, index, ...]","Return a data hash of the Index/Series/DataFrame.

The hash is computed element-wise using the underlying data values,
and optionally includes the index when hashing a Series or DataFrame.

Examples",https://pandas.pydata.org/docs/reference/api/pandas.util.hash_pandas_object.html
General Functions,Importing from other DataFrame libraries,api.interchange.from_dataframe,"df[, allow_copy]","Build a pd.DataFrame from any DataFrame supporting the interchange protocol.

Examples

These methods ( column_names , select_columns_by_name ) should work
for any dataframe library which implements the interchange protocol.",https://pandas.pydata.org/docs/reference/api/pandas.api.interchange.from_dataframe.html
GroupBy,"Indexing, iteration",DataFrameGroupBy.__iter__,,"Groupby iterator.

This method provides an iterator over the groups created by the resample or groupby operation on the object. The method yields tuples where
the first element is the label (group key) corresponding to each group or
resampled bin, and the second element is the subset of the data that falls
within that group or bin.

Examples

For SeriesGroupBy:

For DataFrameGroupBy:

For Resampler:",https://pandas.pydata.org/docs/reference/api/pandas.api.typing.DataFrameGroupBy.__iter__.html
GroupBy,"Indexing, iteration",SeriesGroupBy.__iter__,,"Groupby iterator.

This method provides an iterator over the groups created by the resample or groupby operation on the object. The method yields tuples where
the first element is the label (group key) corresponding to each group or
resampled bin, and the second element is the subset of the data that falls
within that group or bin.

Examples

For SeriesGroupBy:

For DataFrameGroupBy:

For Resampler:",https://pandas.pydata.org/docs/reference/api/pandas.api.typing.SeriesGroupBy.__iter__.html
GroupBy,"Indexing, iteration",DataFrameGroupBy.groups,,"Dict {group name -> group labels}.

This property provides a dictionary representation of the groupings formed
during a groupby operation, where each key represents a unique group value from
the specified column(s), and each value is a list of index labels
that belong to that group.

Examples

For SeriesGroupBy:

For DataFrameGroupBy:

For Resampler:",https://pandas.pydata.org/docs/reference/api/pandas.api.typing.DataFrameGroupBy.groups.html
GroupBy,"Indexing, iteration",SeriesGroupBy.groups,,"Dict {group name -> group labels}.

This property provides a dictionary representation of the groupings formed
during a groupby operation, where each key represents a unique group value from
the specified column(s), and each value is a list of index labels
that belong to that group.

Examples

For SeriesGroupBy:

For DataFrameGroupBy:

For Resampler:",https://pandas.pydata.org/docs/reference/api/pandas.api.typing.SeriesGroupBy.groups.html
GroupBy,"Indexing, iteration",DataFrameGroupBy.indices,,"Dict {group name -> group indices}.

The dictionary keys represent the group labels (e.g., timestamps for a
time-based resampling operation), and the values are arrays of integer
positions indicating where the elements of each group are located in the
original data. This property is particularly useful when working with
resampled data, as it provides insight into how the original time-series data
has been grouped.

Examples

For SeriesGroupBy:

For DataFrameGroupBy:

For Resampler:",https://pandas.pydata.org/docs/reference/api/pandas.api.typing.DataFrameGroupBy.indices.html
GroupBy,"Indexing, iteration",SeriesGroupBy.indices,,"Dict {group name -> group indices}.

The dictionary keys represent the group labels (e.g., timestamps for a
time-based resampling operation), and the values are arrays of integer
positions indicating where the elements of each group are located in the
original data. This property is particularly useful when working with
resampled data, as it provides insight into how the original time-series data
has been grouped.

Examples

For SeriesGroupBy:

For DataFrameGroupBy:

For Resampler:",https://pandas.pydata.org/docs/reference/api/pandas.api.typing.SeriesGroupBy.indices.html
GroupBy,"Indexing, iteration",DataFrameGroupBy.get_group,name,"Construct DataFrame from group with provided name.

Examples

For SeriesGroupBy:

For DataFrameGroupBy:

For Resampler:",https://pandas.pydata.org/docs/reference/api/pandas.api.typing.DataFrameGroupBy.get_group.html
GroupBy,"Indexing, iteration",SeriesGroupBy.get_group,name,"Construct DataFrame from group with provided name.

Examples

For SeriesGroupBy:

For DataFrameGroupBy:

For Resampler:",https://pandas.pydata.org/docs/reference/api/pandas.api.typing.SeriesGroupBy.get_group.html
GroupBy,"Indexing, iteration",Grouper,"*args, **kwargs","A Grouper allows the user to specify a groupby instruction for an object.

This specification will select a column via the key parameter, or if the
level parameter is given, a level of the index of the target
object.

If level is passed as a keyword to both Grouper and groupby , the values passed to Grouper take precedence.

Attributes

Examples

df.groupby(pd.Grouper(key=""Animal"")) is equivalent to df.groupby('Animal')

Specify a resample operation on the column ‘Publish date’

If you want to adjust the start of the bins based on a fixed timestamp:

If you want to adjust the start of the bins with an offset Timedelta, the two
following lines are equivalent:

To replace the use of the deprecated base argument, you can now use offset ,
in this example it is equivalent to have base=2 :",https://pandas.pydata.org/docs/reference/api/pandas.Grouper.html
GroupBy,Function application helper,NamedAgg,"column, aggfunc, *args, **kwargs","Helper for column specific aggregation with control over output column names.

Examples

Attributes

Methods",https://pandas.pydata.org/docs/reference/api/pandas.NamedAgg.html
GroupBy,Function application,SeriesGroupBy.apply,"func, *args, **kwargs","Apply function func group-wise and combine the results together.

The function passed to apply must take a series as its first
argument and return a DataFrame, Series or scalar. apply will
then take care of combining the results back together into a single
dataframe or series. apply is therefore a highly flexible
grouping method.

While apply is a very flexible method, its downside is that
using it can be quite a bit slower than using more specific methods
like agg or transform . Pandas offers a wide range of method that will
be much faster than using apply for their specific purposes, so try to
use them before reaching for apply .

Notes

The resulting dtype will reflect the return value of the passed func ,
see the examples below.

Functions that mutate the passed object can produce unexpected
behavior or errors and are not supported. See Mutating with User Defined Function (UDF) methods for more details.

Examples

From s above we can see that g has two groups, a and b .
Notice that g1 have g2 have two groups, a and b , and only
differ in their group_keys argument. Calling apply in various ways,
we can get different grouping results:

Example 1: The function passed to apply takes a Series as
its argument and returns a Series. apply combines the result for
each group together into a new Series.

The resulting dtype will reflect the return value of the passed func .

In the above, the groups are not part of the index. We can have them included
by using g2 where group_keys=True :

Example 2: The function passed to apply takes a Series as
its argument and returns a scalar. apply combines the result for
each group together into a Series, including setting the index as
appropriate:

The group_keys argument has no effect here because the result is not
like-indexed (i.e. a transform ) when compared
to the input.",https://pandas.pydata.org/docs/reference/api/pandas.api.typing.SeriesGroupBy.apply.html
GroupBy,Function application,DataFrameGroupBy.apply,"func, *args[, ...]","Apply function func group-wise and combine the results together.

The function passed to apply must take a dataframe as its first
argument and return a DataFrame, Series or scalar. apply will
then take care of combining the results back together into a single
dataframe or series. apply is therefore a highly flexible
grouping method.

While apply is a very flexible method, its downside is that
using it can be quite a bit slower than using more specific methods
like agg or transform . Pandas offers a wide range of method that will
be much faster than using apply for their specific purposes, so try to
use them before reaching for apply .

Notes

The resulting dtype will reflect the return value of the passed func ,
see the examples below.

Functions that mutate the passed object can produce unexpected
behavior or errors and are not supported. See Mutating with User Defined Function (UDF) methods for more details.

Examples

Notice that g1 and g2 have two groups, a and b , and only
differ in their group_keys argument. Calling apply in various ways,
we can get different grouping results:

Example 1: below the function passed to apply takes a DataFrame as
its argument and returns a DataFrame. apply combines the result for
each group together into a new DataFrame:

In the above, the groups are not part of the index. We can have them included
by using g2 where group_keys=True :

Example 2: The function passed to apply takes a DataFrame as
its argument and returns a Series. apply combines the result for
each group together into a new DataFrame.

The resulting dtype will reflect the return value of the passed func .

The group_keys argument has no effect here because the result is not
like-indexed (i.e. a transform ) when compared
to the input.

Example 3: The function passed to apply takes a DataFrame as
its argument and returns a scalar. apply combines the result for
each group together into a Series, including setting the index as
appropriate:

Example 4: The function passed to apply returns None for one of the
group. This group is filtered from the result:",https://pandas.pydata.org/docs/reference/api/pandas.api.typing.DataFrameGroupBy.apply.html
GroupBy,Function application,SeriesGroupBy.agg,"[func, engine, engine_kwargs]","Aggregate using one or more operations.

The aggregate method enables flexible and efficient aggregation of grouped
data using a variety of functions, including built-in, user-defined, and
optimized JIT-compiled functions.

Notes

When using engine='numba' , there will be no “fall back” behavior internally.
The group data and group index will be passed as numpy arrays to the JITed
user defined function, and no alternative execution attempts will be tried.

Functions that mutate the passed object can produce unexpected
behavior or errors and are not supported. See Mutating with User Defined Function (UDF) methods for more details.

The resulting dtype will reflect the return value of the passed func ,
see the examples below.

Examples

The output column names can be controlled by passing
the desired column names and aggregations as keyword arguments.

The resulting dtype will reflect the return value of the aggregating
function.",https://pandas.pydata.org/docs/reference/api/pandas.api.typing.SeriesGroupBy.agg.html
GroupBy,Function application,DataFrameGroupBy.agg,"[func, engine, ...]","Aggregate using one or more operations.

The aggregate function allows the application of one or more aggregation
operations on groups of data within a DataFrameGroupBy object. It supports
various aggregation methods, including user-defined functions and predefined
functions such as ‘sum’, ‘mean’, etc.

Notes

When using engine='numba' , there will be no “fall back” behavior internally.
The group data and group index will be passed as numpy arrays to the JITed
user defined function, and no alternative execution attempts will be tried.

Functions that mutate the passed object can produce unexpected
behavior or errors and are not supported. See Mutating with User Defined Function (UDF) methods for more details.

The resulting dtype will reflect the return value of the passed func ,
see the examples below.

Examples

The aggregation is for each column.

Multiple aggregations

Select a column for aggregation

User-defined function for aggregation

Different aggregations per column

To control the output names with different aggregations per column,
pandas supports “named aggregation”

See Named aggregation for more.

The resulting dtype will reflect the return value of the aggregating
function.",https://pandas.pydata.org/docs/reference/api/pandas.api.typing.DataFrameGroupBy.agg.html
GroupBy,Function application,SeriesGroupBy.aggregate,"[func, engine, ...]","Aggregate using one or more operations.

The aggregate method enables flexible and efficient aggregation of grouped
data using a variety of functions, including built-in, user-defined, and
optimized JIT-compiled functions.

Notes

When using engine='numba' , there will be no “fall back” behavior internally.
The group data and group index will be passed as numpy arrays to the JITed
user defined function, and no alternative execution attempts will be tried.

Functions that mutate the passed object can produce unexpected
behavior or errors and are not supported. See Mutating with User Defined Function (UDF) methods for more details.

The resulting dtype will reflect the return value of the passed func ,
see the examples below.

Examples

The output column names can be controlled by passing
the desired column names and aggregations as keyword arguments.

The resulting dtype will reflect the return value of the aggregating
function.",https://pandas.pydata.org/docs/reference/api/pandas.api.typing.SeriesGroupBy.aggregate.html
GroupBy,Function application,DataFrameGroupBy.aggregate,"[func, engine, ...]","Aggregate using one or more operations.

The aggregate function allows the application of one or more aggregation
operations on groups of data within a DataFrameGroupBy object. It supports
various aggregation methods, including user-defined functions and predefined
functions such as ‘sum’, ‘mean’, etc.

Notes

When using engine='numba' , there will be no “fall back” behavior internally.
The group data and group index will be passed as numpy arrays to the JITed
user defined function, and no alternative execution attempts will be tried.

Functions that mutate the passed object can produce unexpected
behavior or errors and are not supported. See Mutating with User Defined Function (UDF) methods for more details.

The resulting dtype will reflect the return value of the passed func ,
see the examples below.

Examples

The aggregation is for each column.

Multiple aggregations

Select a column for aggregation

User-defined function for aggregation

Different aggregations per column

To control the output names with different aggregations per column,
pandas supports “named aggregation”

See Named aggregation for more.

The resulting dtype will reflect the return value of the aggregating
function.",https://pandas.pydata.org/docs/reference/api/pandas.api.typing.DataFrameGroupBy.aggregate.html
GroupBy,Function application,SeriesGroupBy.transform,"func, *args[, ...]","Call function producing a same-indexed Series on each group.

Returns a Series having the same indexes as the original object
filled with the transformed values.

Notes

Each group is endowed the attribute ‘name’ in case you need to know
which group you are working on.

The current implementation imposes three requirements on f:

When using engine='numba' , there will be no “fall back” behavior internally.
The group data and group index will be passed as numpy arrays to the JITed
user defined function, and no alternative execution attempts will be tried.

The resulting dtype will reflect the return value of the passed func ,
see the examples below.

Examples

Broadcast result of the transformation

The resulting dtype will reflect the return value of the passed func ,
for example:",https://pandas.pydata.org/docs/reference/api/pandas.api.typing.SeriesGroupBy.transform.html
GroupBy,Function application,DataFrameGroupBy.transform,"func, *args[, ...]","Call function producing a same-indexed DataFrame on each group.

Returns a DataFrame having the same indexes as the original object
filled with the transformed values.

Notes

Each group is endowed the attribute ‘name’ in case you need to know
which group you are working on.

The current implementation imposes three requirements on f:

When using engine='numba' , there will be no “fall back” behavior internally.
The group data and group index will be passed as numpy arrays to the JITed
user defined function, and no alternative execution attempts will be tried.

The resulting dtype will reflect the return value of the passed func ,
see the examples below.

Examples

Broadcast result of the transformation

The resulting dtype will reflect the return value of the passed func ,
for example:",https://pandas.pydata.org/docs/reference/api/pandas.api.typing.DataFrameGroupBy.transform.html
GroupBy,Function application,SeriesGroupBy.pipe,"func, *args, **kwargs","Apply a func with arguments to this GroupBy object and return its result.

Use .pipe when you want to improve readability by chaining together
functions that expect Series, DataFrames, GroupBy or Resampler objects.
Instead of writing

You can write

which is much more readable.

Notes

See more here

Examples

To get the difference between each groups maximum and minimum value in one
pass, you can do",https://pandas.pydata.org/docs/reference/api/pandas.api.typing.SeriesGroupBy.pipe.html
GroupBy,Function application,DataFrameGroupBy.pipe,"func, *args, **kwargs","Apply a func with arguments to this GroupBy object and return its result.

Use .pipe when you want to improve readability by chaining together
functions that expect Series, DataFrames, GroupBy or Resampler objects.
Instead of writing

You can write

which is much more readable.

Notes

See more here

Examples

To get the difference between each groups maximum and minimum value in one
pass, you can do",https://pandas.pydata.org/docs/reference/api/pandas.api.typing.DataFrameGroupBy.pipe.html
GroupBy,Function application,DataFrameGroupBy.filter,"func[, dropna]","Filter elements from groups that don’t satisfy a criterion.

Elements from groups are filtered if they do not satisfy the
boolean criterion specified by func.

Notes

Each subframe is endowed the attribute ‘name’ in case you need to know
which group you are working on.

Functions that mutate the passed object can produce unexpected
behavior or errors and are not supported. See Mutating with User Defined Function (UDF) methods for more details.

Examples",https://pandas.pydata.org/docs/reference/api/pandas.api.typing.DataFrameGroupBy.filter.html
GroupBy,Function application,SeriesGroupBy.filter,"func[, dropna]","Filter elements from groups that don’t satisfy a criterion.

Elements from groups are filtered if they do not satisfy the
boolean criterion specified by func.

Notes

Functions that mutate the passed object can produce unexpected
behavior or errors and are not supported. See Mutating with User Defined Function (UDF) methods for more details.

Examples",https://pandas.pydata.org/docs/reference/api/pandas.api.typing.SeriesGroupBy.filter.html
GroupBy,DataFrameGroupBycomputations / descriptive stats,DataFrameGroupBy.all,[skipna],"Return True if all values in the group are truthful, else False.

Examples

For SeriesGroupBy:

For DataFrameGroupBy:",https://pandas.pydata.org/docs/reference/api/pandas.api.typing.DataFrameGroupBy.all.html
GroupBy,DataFrameGroupBycomputations / descriptive stats,DataFrameGroupBy.any,[skipna],"Return True if any value in the group is truthful, else False.

Examples

For SeriesGroupBy:

For DataFrameGroupBy:",https://pandas.pydata.org/docs/reference/api/pandas.api.typing.DataFrameGroupBy.any.html
GroupBy,DataFrameGroupBycomputations / descriptive stats,DataFrameGroupBy.bfill,[limit],"Backward fill the values.

Examples

With Series:

With DataFrame:",https://pandas.pydata.org/docs/reference/api/pandas.api.typing.DataFrameGroupBy.bfill.html
GroupBy,DataFrameGroupBycomputations / descriptive stats,DataFrameGroupBy.corr,"[method, min_periods, ...]","Compute pairwise correlation of columns, excluding NA/null values.

Notes

Pearson, Kendall and Spearman correlation are currently computed using
pairwise complete observations.

Examples",https://pandas.pydata.org/docs/reference/api/pandas.api.typing.DataFrameGroupBy.corr.html
GroupBy,DataFrameGroupBycomputations / descriptive stats,DataFrameGroupBy.corrwith,"other[, drop, ...]","Compute pairwise correlation.

Pairwise correlation is computed between rows or columns of
DataFrame with rows or columns of Series or DataFrame. DataFrames
are first aligned along both axes before computing the
correlations.

Examples",https://pandas.pydata.org/docs/reference/api/pandas.api.typing.DataFrameGroupBy.corrwith.html
GroupBy,DataFrameGroupBycomputations / descriptive stats,DataFrameGroupBy.count,,"Compute count of group, excluding missing values.

Examples

For SeriesGroupBy:

For DataFrameGroupBy:

For Resampler:",https://pandas.pydata.org/docs/reference/api/pandas.api.typing.DataFrameGroupBy.count.html
GroupBy,DataFrameGroupBycomputations / descriptive stats,DataFrameGroupBy.cov,"[min_periods, ddof, ...]","Compute pairwise covariance of columns, excluding NA/null values.

Compute the pairwise covariance among the series of a DataFrame.
The returned data frame is the covariance matrix of the columns
of the DataFrame.

Both NA and null values are automatically excluded from the
calculation. (See the note below about bias from missing values.)
A threshold can be set for the minimum number of
observations for each value created. Comparisons with observations
below this threshold will be returned as NaN .

This method is generally used for the analysis of time series data to
understand the relationship between different measures
across time.

Notes

Returns the covariance matrix of the DataFrame’s time series.
The covariance is normalized by N-ddof.

For DataFrames that have Series that are missing data (assuming that
data is missing at random )
the returned covariance matrix will be an unbiased estimate
of the variance and covariance between the member Series.

However, for many applications this estimate may not be acceptable
because the estimate covariance matrix is not guaranteed to be positive
semi-definite. This could lead to estimate correlations having
absolute values which are greater than one, and/or a non-invertible
covariance matrix. See Estimation of covariance matrices for more details.

Examples",https://pandas.pydata.org/docs/reference/api/pandas.api.typing.DataFrameGroupBy.cov.html
GroupBy,DataFrameGroupBycomputations / descriptive stats,DataFrameGroupBy.cumcount,[ascending],"Number each item in each group from 0 to the length of that group - 1.

Essentially this is equivalent to

Examples",https://pandas.pydata.org/docs/reference/api/pandas.api.typing.DataFrameGroupBy.cumcount.html
GroupBy,DataFrameGroupBycomputations / descriptive stats,DataFrameGroupBy.cummax,[numeric_only],"Cumulative max for each group.

Returns the cumulative maximum of values within each group. The result
has the same size as the input, with each element representing the
maximum of all preceding elements (including itself) within its group.

Examples

For SeriesGroupBy:

For DataFrameGroupBy:",https://pandas.pydata.org/docs/reference/api/pandas.api.typing.DataFrameGroupBy.cummax.html
GroupBy,DataFrameGroupBycomputations / descriptive stats,DataFrameGroupBy.cummin,[numeric_only],"Cumulative min for each group.

Examples

For SeriesGroupBy:

For DataFrameGroupBy:",https://pandas.pydata.org/docs/reference/api/pandas.api.typing.DataFrameGroupBy.cummin.html
GroupBy,DataFrameGroupBycomputations / descriptive stats,DataFrameGroupBy.cumprod,[numeric_only],"Cumulative product for each group.

Examples

For SeriesGroupBy:

For DataFrameGroupBy:",https://pandas.pydata.org/docs/reference/api/pandas.api.typing.DataFrameGroupBy.cumprod.html
GroupBy,DataFrameGroupBycomputations / descriptive stats,DataFrameGroupBy.cumsum,[numeric_only],"Cumulative sum for each group.

Examples

For SeriesGroupBy:

For DataFrameGroupBy:",https://pandas.pydata.org/docs/reference/api/pandas.api.typing.DataFrameGroupBy.cumsum.html
GroupBy,DataFrameGroupBycomputations / descriptive stats,DataFrameGroupBy.describe,"[percentiles, ...]","Generate descriptive statistics.

Descriptive statistics include those that summarize the central
tendency, dispersion and shape of a
dataset’s distribution, excluding NaN values.

Analyzes both numeric and object series, as well
as DataFrame column sets of mixed data types. The output
will vary depending on what is provided. Refer to the notes
below for more detail.

Notes

For numeric data, the result’s index will include count , mean , std , min , max as well as lower, 50 and
upper percentiles. By default the lower percentile is 25 and the
upper percentile is 75 . The 50 percentile is the
same as the median.

For object data (e.g. strings), the result’s index
will include count , unique , top , and freq . The top is the most common value. The freq is the most common value’s
frequency.

If multiple object values have the highest count, then the count and top results will be arbitrarily chosen from
among those with the highest count.

For mixed data types provided via a DataFrame , the default is to
return only an analysis of numeric columns. If the DataFrame consists
only of object and categorical data without any numeric columns, the
default is to return an analysis of both the object and categorical
columns. If include='all' is provided as an option, the result
will include a union of attributes of each type.

The include and exclude parameters can be used to limit
which columns in a DataFrame are analyzed for the output.
The parameters are ignored when analyzing a Series .

Examples

Describing a numeric Series .

Describing a categorical Series .

Describing a timestamp Series .

Describing a DataFrame . By default only numeric fields
are returned.

Describing all columns of a DataFrame regardless of data type.

Describing a column from a DataFrame by accessing it as
an attribute.

Including only numeric columns in a DataFrame description.

Including only string columns in a DataFrame description.

Including only categorical columns from a DataFrame description.

Excluding numeric columns from a DataFrame description.

Excluding object columns from a DataFrame description.",https://pandas.pydata.org/docs/reference/api/pandas.api.typing.DataFrameGroupBy.describe.html
GroupBy,DataFrameGroupBycomputations / descriptive stats,DataFrameGroupBy.diff,[periods],"First discrete difference of element.

Calculates the difference of each element compared with another
element in the group (default is element in previous row).

Examples

For SeriesGroupBy:

For DataFrameGroupBy:",https://pandas.pydata.org/docs/reference/api/pandas.api.typing.DataFrameGroupBy.diff.html
GroupBy,DataFrameGroupBycomputations / descriptive stats,DataFrameGroupBy.ewm,"[com, span, halflife, ...]","Return an ewm grouper, providing ewm functionality per group.

Examples",https://pandas.pydata.org/docs/reference/api/pandas.api.typing.DataFrameGroupBy.ewm.html
GroupBy,DataFrameGroupBycomputations / descriptive stats,DataFrameGroupBy.expanding,"[min_periods, method]","Return an expanding grouper, providing expanding functionality per group.

Examples",https://pandas.pydata.org/docs/reference/api/pandas.api.typing.DataFrameGroupBy.expanding.html
GroupBy,DataFrameGroupBycomputations / descriptive stats,DataFrameGroupBy.ffill,[limit],"Forward fill the values.

Examples

For SeriesGroupBy:

For DataFrameGroupBy:

Propagate non-null values forward or backward within each group along columns.

Propagate non-null values forward or backward within each group along rows.

Only replace the first NaN element within a group along columns.",https://pandas.pydata.org/docs/reference/api/pandas.api.typing.DataFrameGroupBy.ffill.html
GroupBy,DataFrameGroupBycomputations / descriptive stats,DataFrameGroupBy.first,"[numeric_only, ...]","Compute the first entry of each column within each group.

Defaults to skipping NA elements.

Examples",https://pandas.pydata.org/docs/reference/api/pandas.api.typing.DataFrameGroupBy.first.html
GroupBy,DataFrameGroupBycomputations / descriptive stats,DataFrameGroupBy.head,[n],"Return first n rows of each group.

Similar to .apply(lambda x: x.head(n)) , but it returns a subset of rows
from the original DataFrame with original index and order preserved
( as_index flag is ignored).

Examples",https://pandas.pydata.org/docs/reference/api/pandas.api.typing.DataFrameGroupBy.head.html
GroupBy,DataFrameGroupBycomputations / descriptive stats,DataFrameGroupBy.idxmax,"[skipna, numeric_only]","Return index of first occurrence of maximum in each group.

Notes

This method is the DataFrame version of ndarray.argmax .

Examples

Consider a dataset containing food consumption in Argentina.

By default, it returns the index for the maximum value in each column
according to the group.",https://pandas.pydata.org/docs/reference/api/pandas.api.typing.DataFrameGroupBy.idxmax.html
GroupBy,DataFrameGroupBycomputations / descriptive stats,DataFrameGroupBy.idxmin,"[skipna, numeric_only]","Return index of first occurrence of minimum in each group.

Notes

This method is the DataFrame version of ndarray.argmin .

Examples

Consider a dataset containing food consumption in Argentina.

By default, it returns the index for the minimum value in each column
according to the group.",https://pandas.pydata.org/docs/reference/api/pandas.api.typing.DataFrameGroupBy.idxmin.html
GroupBy,DataFrameGroupBycomputations / descriptive stats,DataFrameGroupBy.last,"[numeric_only, ...]","Compute the last entry of each column within each group.

Defaults to skipping NA elements.

Examples",https://pandas.pydata.org/docs/reference/api/pandas.api.typing.DataFrameGroupBy.last.html
GroupBy,DataFrameGroupBycomputations / descriptive stats,DataFrameGroupBy.max,"[numeric_only, ...]","Compute max of group values.

Examples

For SeriesGroupBy:

For DataFrameGroupBy:",https://pandas.pydata.org/docs/reference/api/pandas.api.typing.DataFrameGroupBy.max.html
GroupBy,DataFrameGroupBycomputations / descriptive stats,DataFrameGroupBy.mean,"[numeric_only, ...]","Compute mean of groups, excluding missing values.

Examples

Groupby one column and return the mean of the remaining columns in
each group.

Groupby two columns and return the mean of the remaining column.

Groupby one column and return the mean of only particular column in
the group.",https://pandas.pydata.org/docs/reference/api/pandas.api.typing.DataFrameGroupBy.mean.html
GroupBy,DataFrameGroupBycomputations / descriptive stats,DataFrameGroupBy.median,"[numeric_only, skipna]","Compute median of groups, excluding missing values.

For multiple groupings, the result index will be a MultiIndex

Examples

For SeriesGroupBy:

For DataFrameGroupBy:

For Resampler:",https://pandas.pydata.org/docs/reference/api/pandas.api.typing.DataFrameGroupBy.median.html
GroupBy,DataFrameGroupBycomputations / descriptive stats,DataFrameGroupBy.min,"[numeric_only, ...]","Compute min of group values.

Examples

For SeriesGroupBy:

For DataFrameGroupBy:",https://pandas.pydata.org/docs/reference/api/pandas.api.typing.DataFrameGroupBy.min.html
GroupBy,DataFrameGroupBycomputations / descriptive stats,DataFrameGroupBy.ngroup,[ascending],"Number each group from 0 to the number of groups - 1.

This is the enumerative complement of cumcount.  Note that the
numbers given to the groups match the order in which the groups
would be seen when iterating over the groupby object, not the
order they are first observed.

Groups with missing keys (where pd.isna() is True) will be labeled with NaN and will be skipped from the count.

Examples",https://pandas.pydata.org/docs/reference/api/pandas.api.typing.DataFrameGroupBy.ngroup.html
GroupBy,DataFrameGroupBycomputations / descriptive stats,DataFrameGroupBy.nth,,"Take the nth row from each group if n is an int, otherwise a subset of rows.

Can be either a call or an index. dropna is not available with index notation.
Index notation accepts a comma separated list of integers and slices.

If dropna, will take the nth non-null row, dropna is either
‘all’ or ‘any’; this is equivalent to calling dropna(how=dropna)
before the groupby.

Examples

Index notation may also be used

Specifying dropna allows ignoring NaN values

When the specified n is larger than any of the groups, an
empty DataFrame is returned",https://pandas.pydata.org/docs/reference/api/pandas.api.typing.DataFrameGroupBy.nth.html
GroupBy,DataFrameGroupBycomputations / descriptive stats,DataFrameGroupBy.nunique,[dropna],"Return DataFrame with counts of unique elements in each position.

Examples

Check for rows with the same id but conflicting values:",https://pandas.pydata.org/docs/reference/api/pandas.api.typing.DataFrameGroupBy.nunique.html
GroupBy,DataFrameGroupBycomputations / descriptive stats,DataFrameGroupBy.ohlc,,"Compute open, high, low and close values of a group, excluding missing values.

For multiple groupings, the result index will be a MultiIndex

Examples

For SeriesGroupBy:

For DataFrameGroupBy:

For Resampler:",https://pandas.pydata.org/docs/reference/api/pandas.api.typing.DataFrameGroupBy.ohlc.html
GroupBy,DataFrameGroupBycomputations / descriptive stats,DataFrameGroupBy.pct_change,"[periods, ...]","Calculate pct_change of each value to previous entry in group.

Examples

For SeriesGroupBy:

For DataFrameGroupBy:",https://pandas.pydata.org/docs/reference/api/pandas.api.typing.DataFrameGroupBy.pct_change.html
GroupBy,DataFrameGroupBycomputations / descriptive stats,DataFrameGroupBy.prod,"[numeric_only, ...]","Compute prod of group values.

Examples

For SeriesGroupBy:

For DataFrameGroupBy:",https://pandas.pydata.org/docs/reference/api/pandas.api.typing.DataFrameGroupBy.prod.html
GroupBy,DataFrameGroupBycomputations / descriptive stats,DataFrameGroupBy.quantile,"[q, ...]","Return group values at the given quantile, a la numpy.percentile.

Examples",https://pandas.pydata.org/docs/reference/api/pandas.api.typing.DataFrameGroupBy.quantile.html
GroupBy,DataFrameGroupBycomputations / descriptive stats,DataFrameGroupBy.rank,"[method, ascending, ...]","Provide the rank of values within each group.

Examples",https://pandas.pydata.org/docs/reference/api/pandas.api.typing.DataFrameGroupBy.rank.html
GroupBy,DataFrameGroupBycomputations / descriptive stats,DataFrameGroupBy.resample,"rule, *args[, ...]","Provide resampling when using a TimeGrouper.

Given a grouper, the function resamples it according to a string
“string” -> “frequency”.

See the frequency aliases documentation for more details.

Examples

Downsample the DataFrame into 3 minute bins and sum the values of
the timestamps falling into a bin.

Upsample the series into 30 second bins.

Resample by month. Values are assigned to the month of the period.

Downsample the series into 3 minute bins as above, but close the right
side of the bin interval.

Downsample the series into 3 minute bins and close the right side of
the bin interval, but label each bin using the right edge instead of
the left.",https://pandas.pydata.org/docs/reference/api/pandas.api.typing.DataFrameGroupBy.resample.html
GroupBy,DataFrameGroupBycomputations / descriptive stats,DataFrameGroupBy.rolling,"window[, ...]","Return a rolling grouper, providing rolling functionality per group.

Examples",https://pandas.pydata.org/docs/reference/api/pandas.api.typing.DataFrameGroupBy.rolling.html
GroupBy,DataFrameGroupBycomputations / descriptive stats,DataFrameGroupBy.sample,"[n, frac, replace, ...]","Return a random sample of items from each group.

You can use random_state for reproducibility.

Examples

Select one row at random for each distinct value in column a. The random_state argument can be used to guarantee reproducibility:

Set frac to sample fixed proportions rather than counts:

Control sample probabilities within groups by setting weights:",https://pandas.pydata.org/docs/reference/api/pandas.api.typing.DataFrameGroupBy.sample.html
GroupBy,DataFrameGroupBycomputations / descriptive stats,DataFrameGroupBy.sem,"[ddof, numeric_only, ...]","Compute standard error of the mean of groups, excluding missing values.

For multiple groupings, the result index will be a MultiIndex.

Examples

For SeriesGroupBy:

For DataFrameGroupBy:

For Resampler:",https://pandas.pydata.org/docs/reference/api/pandas.api.typing.DataFrameGroupBy.sem.html
GroupBy,DataFrameGroupBycomputations / descriptive stats,DataFrameGroupBy.shift,"[periods, freq, ...]","Shift each group by periods observations.

If freq is passed, the index will be increased using the periods and the freq.

Examples

For SeriesGroupBy:

For DataFrameGroupBy:",https://pandas.pydata.org/docs/reference/api/pandas.api.typing.DataFrameGroupBy.shift.html
GroupBy,DataFrameGroupBycomputations / descriptive stats,DataFrameGroupBy.size,,"Compute group sizes.

Examples

For SeriesGroupBy:

For Resampler:",https://pandas.pydata.org/docs/reference/api/pandas.api.typing.DataFrameGroupBy.size.html
GroupBy,DataFrameGroupBycomputations / descriptive stats,DataFrameGroupBy.skew,"[skipna, numeric_only]","Return unbiased skew within groups.

Normalized by N-1.

Examples",https://pandas.pydata.org/docs/reference/api/pandas.api.typing.DataFrameGroupBy.skew.html
GroupBy,DataFrameGroupBycomputations / descriptive stats,DataFrameGroupBy.kurt,"[skipna, numeric_only]","Return unbiased kurtosis within groups.

Examples",https://pandas.pydata.org/docs/reference/api/pandas.api.typing.DataFrameGroupBy.kurt.html
GroupBy,DataFrameGroupBycomputations / descriptive stats,DataFrameGroupBy.std,"[ddof, engine, ...]","Compute standard deviation of groups, excluding missing values.

For multiple groupings, the result index will be a MultiIndex.

Examples

For SeriesGroupBy:

For DataFrameGroupBy:",https://pandas.pydata.org/docs/reference/api/pandas.api.typing.DataFrameGroupBy.std.html
GroupBy,DataFrameGroupBycomputations / descriptive stats,DataFrameGroupBy.sum,"[numeric_only, ...]","Compute sum of group values.

Examples

For SeriesGroupBy:

For DataFrameGroupBy:",https://pandas.pydata.org/docs/reference/api/pandas.api.typing.DataFrameGroupBy.sum.html
GroupBy,DataFrameGroupBycomputations / descriptive stats,DataFrameGroupBy.var,"[ddof, engine, ...]","Compute variance of groups, excluding missing values.

For multiple groupings, the result index will be a MultiIndex.

Examples

For SeriesGroupBy:

For DataFrameGroupBy:",https://pandas.pydata.org/docs/reference/api/pandas.api.typing.DataFrameGroupBy.var.html
GroupBy,DataFrameGroupBycomputations / descriptive stats,DataFrameGroupBy.tail,[n],"Return last n rows of each group.

Similar to .apply(lambda x: x.tail(n)) , but it returns a subset of rows
from the original DataFrame with original index and order preserved
( as_index flag is ignored).

Examples",https://pandas.pydata.org/docs/reference/api/pandas.api.typing.DataFrameGroupBy.tail.html
GroupBy,DataFrameGroupBycomputations / descriptive stats,DataFrameGroupBy.take,"indices, **kwargs","Return the elements in the given positional indices in each group.

This means that we are not indexing according to actual values in
the index attribute of the object. We are indexing according to the
actual position of the element in the object.

If a requested index does not exist for some group, this method will raise.
To get similar behavior that ignores indices that don’t exist, see DataFrameGroupBy.nth() .

Examples

Take elements at rows 0 and 1.

Note how the indices selected in the result do not correspond to
our input indices 0 and 1. That’s because we are selecting the 0th
and 1st rows, not rows whose indices equal 0 and 1.

The order of the specified indices influences the order in the result.
Here, the order is swapped from the previous example.

We may take elements using negative integers for positive indices,
starting from the end of the object, just like with Python lists.",https://pandas.pydata.org/docs/reference/api/pandas.api.typing.DataFrameGroupBy.take.html
GroupBy,DataFrameGroupBycomputations / descriptive stats,DataFrameGroupBy.value_counts,"[subset, ...]","Return a Series or DataFrame containing counts of unique rows.

Notes

By default, rows that contain any NA values are omitted from
the result.

By default, the result will be in descending order so that the
first element of each group is the most frequently-occurring row.

Examples",https://pandas.pydata.org/docs/reference/api/pandas.api.typing.DataFrameGroupBy.value_counts.html
GroupBy,SeriesGroupBycomputations / descriptive stats,SeriesGroupBy.all,[skipna],"Return True if all values in the group are truthful, else False.

Examples

For SeriesGroupBy:

For DataFrameGroupBy:",https://pandas.pydata.org/docs/reference/api/pandas.api.typing.SeriesGroupBy.all.html
GroupBy,SeriesGroupBycomputations / descriptive stats,SeriesGroupBy.any,[skipna],"Return True if any value in the group is truthful, else False.

Examples

For SeriesGroupBy:

For DataFrameGroupBy:",https://pandas.pydata.org/docs/reference/api/pandas.api.typing.SeriesGroupBy.any.html
GroupBy,SeriesGroupBycomputations / descriptive stats,SeriesGroupBy.bfill,[limit],"Backward fill the values.

Examples

With Series:

With DataFrame:",https://pandas.pydata.org/docs/reference/api/pandas.api.typing.SeriesGroupBy.bfill.html
GroupBy,SeriesGroupBycomputations / descriptive stats,SeriesGroupBy.corr,"other[, method, min_periods]","Compute correlation between each group and another Series.

Examples",https://pandas.pydata.org/docs/reference/api/pandas.api.typing.SeriesGroupBy.corr.html
GroupBy,SeriesGroupBycomputations / descriptive stats,SeriesGroupBy.count,,"Compute count of group, excluding missing values.

Examples

For SeriesGroupBy:

For DataFrameGroupBy:

For Resampler:",https://pandas.pydata.org/docs/reference/api/pandas.api.typing.SeriesGroupBy.count.html
GroupBy,SeriesGroupBycomputations / descriptive stats,SeriesGroupBy.cov,"other[, min_periods, ddof]","Compute covariance between each group and another Series.

Examples",https://pandas.pydata.org/docs/reference/api/pandas.api.typing.SeriesGroupBy.cov.html
GroupBy,SeriesGroupBycomputations / descriptive stats,SeriesGroupBy.cumcount,[ascending],"Number each item in each group from 0 to the length of that group - 1.

Essentially this is equivalent to

Examples",https://pandas.pydata.org/docs/reference/api/pandas.api.typing.SeriesGroupBy.cumcount.html
GroupBy,SeriesGroupBycomputations / descriptive stats,SeriesGroupBy.cummax,[numeric_only],"Cumulative max for each group.

Returns the cumulative maximum of values within each group. The result
has the same size as the input, with each element representing the
maximum of all preceding elements (including itself) within its group.

Examples

For SeriesGroupBy:

For DataFrameGroupBy:",https://pandas.pydata.org/docs/reference/api/pandas.api.typing.SeriesGroupBy.cummax.html
GroupBy,SeriesGroupBycomputations / descriptive stats,SeriesGroupBy.cummin,[numeric_only],"Cumulative min for each group.

Examples

For SeriesGroupBy:

For DataFrameGroupBy:",https://pandas.pydata.org/docs/reference/api/pandas.api.typing.SeriesGroupBy.cummin.html
GroupBy,SeriesGroupBycomputations / descriptive stats,SeriesGroupBy.cumprod,[numeric_only],"Cumulative product for each group.

Examples

For SeriesGroupBy:

For DataFrameGroupBy:",https://pandas.pydata.org/docs/reference/api/pandas.api.typing.SeriesGroupBy.cumprod.html
GroupBy,SeriesGroupBycomputations / descriptive stats,SeriesGroupBy.cumsum,[numeric_only],"Cumulative sum for each group.

Examples

For SeriesGroupBy:

For DataFrameGroupBy:",https://pandas.pydata.org/docs/reference/api/pandas.api.typing.SeriesGroupBy.cumsum.html
GroupBy,SeriesGroupBycomputations / descriptive stats,SeriesGroupBy.describe,"[percentiles, ...]","Generate descriptive statistics.

Descriptive statistics include those that summarize the central
tendency, dispersion and shape of a
dataset’s distribution, excluding NaN values.

Analyzes both numeric and object series, as well
as DataFrame column sets of mixed data types. The output
will vary depending on what is provided. Refer to the notes
below for more detail.

Notes

For numeric data, the result’s index will include count , mean , std , min , max as well as lower, 50 and
upper percentiles. By default the lower percentile is 25 and the
upper percentile is 75 . The 50 percentile is the
same as the median.

For object data (e.g. strings), the result’s index
will include count , unique , top , and freq . The top is the most common value. The freq is the most common value’s
frequency.

If multiple object values have the highest count, then the count and top results will be arbitrarily chosen from
among those with the highest count.

For mixed data types provided via a DataFrame , the default is to
return only an analysis of numeric columns. If the DataFrame consists
only of object and categorical data without any numeric columns, the
default is to return an analysis of both the object and categorical
columns. If include='all' is provided as an option, the result
will include a union of attributes of each type.

The include and exclude parameters can be used to limit
which columns in a DataFrame are analyzed for the output.
The parameters are ignored when analyzing a Series .

Examples

Describing a numeric Series .",https://pandas.pydata.org/docs/reference/api/pandas.api.typing.SeriesGroupBy.describe.html
GroupBy,SeriesGroupBycomputations / descriptive stats,SeriesGroupBy.diff,[periods],"First discrete difference of element.

Calculates the difference of each element compared with another
element in the group (default is element in previous row).

Examples

For SeriesGroupBy:

For DataFrameGroupBy:",https://pandas.pydata.org/docs/reference/api/pandas.api.typing.SeriesGroupBy.diff.html
GroupBy,SeriesGroupBycomputations / descriptive stats,SeriesGroupBy.ewm,"[com, span, halflife, ...]","Return an ewm grouper, providing ewm functionality per group.

Examples",https://pandas.pydata.org/docs/reference/api/pandas.api.typing.SeriesGroupBy.ewm.html
GroupBy,SeriesGroupBycomputations / descriptive stats,SeriesGroupBy.expanding,"[min_periods, method]","Return an expanding grouper, providing expanding functionality per group.

Examples",https://pandas.pydata.org/docs/reference/api/pandas.api.typing.SeriesGroupBy.expanding.html
GroupBy,SeriesGroupBycomputations / descriptive stats,SeriesGroupBy.ffill,[limit],"Forward fill the values.

Examples

For SeriesGroupBy:

For DataFrameGroupBy:

Propagate non-null values forward or backward within each group along columns.

Propagate non-null values forward or backward within each group along rows.

Only replace the first NaN element within a group along columns.",https://pandas.pydata.org/docs/reference/api/pandas.api.typing.SeriesGroupBy.ffill.html
GroupBy,SeriesGroupBycomputations / descriptive stats,SeriesGroupBy.first,"[numeric_only, ...]","Compute the first entry of each column within each group.

Defaults to skipping NA elements.

Examples",https://pandas.pydata.org/docs/reference/api/pandas.api.typing.SeriesGroupBy.first.html
GroupBy,SeriesGroupBycomputations / descriptive stats,SeriesGroupBy.head,[n],"Return first n rows of each group.

Similar to .apply(lambda x: x.head(n)) , but it returns a subset of rows
from the original DataFrame with original index and order preserved
( as_index flag is ignored).

Examples",https://pandas.pydata.org/docs/reference/api/pandas.api.typing.SeriesGroupBy.head.html
GroupBy,SeriesGroupBycomputations / descriptive stats,SeriesGroupBy.last,"[numeric_only, ...]","Compute the last entry of each column within each group.

Defaults to skipping NA elements.

Examples",https://pandas.pydata.org/docs/reference/api/pandas.api.typing.SeriesGroupBy.last.html
GroupBy,SeriesGroupBycomputations / descriptive stats,SeriesGroupBy.idxmax,[skipna],"Return the row label of the maximum value.

If multiple values equal the maximum, the first row label with that
value is returned.

Examples",https://pandas.pydata.org/docs/reference/api/pandas.api.typing.SeriesGroupBy.idxmax.html
GroupBy,SeriesGroupBycomputations / descriptive stats,SeriesGroupBy.idxmin,[skipna],"Return the row label of the minimum value.

If multiple values equal the minimum, the first row label with that
value is returned.

Examples",https://pandas.pydata.org/docs/reference/api/pandas.api.typing.SeriesGroupBy.idxmin.html
GroupBy,SeriesGroupBycomputations / descriptive stats,SeriesGroupBy.is_monotonic_increasing,,"Return whether each group’s values are monotonically increasing.

Examples",https://pandas.pydata.org/docs/reference/api/pandas.api.typing.SeriesGroupBy.is_monotonic_increasing.html
GroupBy,SeriesGroupBycomputations / descriptive stats,SeriesGroupBy.is_monotonic_decreasing,,"Return whether each group’s values are monotonically decreasing.

Examples",https://pandas.pydata.org/docs/reference/api/pandas.api.typing.SeriesGroupBy.is_monotonic_decreasing.html
GroupBy,SeriesGroupBycomputations / descriptive stats,SeriesGroupBy.max,"[numeric_only, min_count, ...]","Compute max of group values.

Examples

For SeriesGroupBy:

For DataFrameGroupBy:",https://pandas.pydata.org/docs/reference/api/pandas.api.typing.SeriesGroupBy.max.html
GroupBy,SeriesGroupBycomputations / descriptive stats,SeriesGroupBy.mean,"[numeric_only, skipna, ...]","Compute mean of groups, excluding missing values.

Examples

Groupby one column and return the mean of the remaining columns in
each group.

Groupby two columns and return the mean of the remaining column.

Groupby one column and return the mean of only particular column in
the group.",https://pandas.pydata.org/docs/reference/api/pandas.api.typing.SeriesGroupBy.mean.html
GroupBy,SeriesGroupBycomputations / descriptive stats,SeriesGroupBy.median,"[numeric_only, skipna]","Compute median of groups, excluding missing values.

For multiple groupings, the result index will be a MultiIndex

Examples

For SeriesGroupBy:

For DataFrameGroupBy:

For Resampler:",https://pandas.pydata.org/docs/reference/api/pandas.api.typing.SeriesGroupBy.median.html
GroupBy,SeriesGroupBycomputations / descriptive stats,SeriesGroupBy.min,"[numeric_only, min_count, ...]","Compute min of group values.

Examples

For SeriesGroupBy:

For DataFrameGroupBy:",https://pandas.pydata.org/docs/reference/api/pandas.api.typing.SeriesGroupBy.min.html
GroupBy,SeriesGroupBycomputations / descriptive stats,SeriesGroupBy.ngroup,[ascending],"Number each group from 0 to the number of groups - 1.

This is the enumerative complement of cumcount.  Note that the
numbers given to the groups match the order in which the groups
would be seen when iterating over the groupby object, not the
order they are first observed.

Groups with missing keys (where pd.isna() is True) will be labeled with NaN and will be skipped from the count.

Examples",https://pandas.pydata.org/docs/reference/api/pandas.api.typing.SeriesGroupBy.ngroup.html
GroupBy,SeriesGroupBycomputations / descriptive stats,SeriesGroupBy.nlargest,"[n, keep]","Return the largest n elements.

Notes

Faster than .sort_values(ascending=False).head(n) for small n relative to the size of the Series object.

Examples",https://pandas.pydata.org/docs/reference/api/pandas.api.typing.SeriesGroupBy.nlargest.html
GroupBy,SeriesGroupBycomputations / descriptive stats,SeriesGroupBy.nsmallest,"[n, keep]","Return the smallest n elements.

Notes

Faster than .sort_values().head(n) for small n relative to
the size of the Series object.

Examples",https://pandas.pydata.org/docs/reference/api/pandas.api.typing.SeriesGroupBy.nsmallest.html
GroupBy,SeriesGroupBycomputations / descriptive stats,SeriesGroupBy.nth,,"Take the nth row from each group if n is an int, otherwise a subset of rows.

Can be either a call or an index. dropna is not available with index notation.
Index notation accepts a comma separated list of integers and slices.

If dropna, will take the nth non-null row, dropna is either
‘all’ or ‘any’; this is equivalent to calling dropna(how=dropna)
before the groupby.

Examples

Index notation may also be used

Specifying dropna allows ignoring NaN values

When the specified n is larger than any of the groups, an
empty DataFrame is returned",https://pandas.pydata.org/docs/reference/api/pandas.api.typing.SeriesGroupBy.nth.html
GroupBy,SeriesGroupBycomputations / descriptive stats,SeriesGroupBy.nunique,[dropna],"Return number of unique elements in the group.

Examples",https://pandas.pydata.org/docs/reference/api/pandas.api.typing.SeriesGroupBy.nunique.html
GroupBy,SeriesGroupBycomputations / descriptive stats,SeriesGroupBy.unique,,"Return unique values for each group.

It returns unique values for each of the grouped values. Returned in
order of appearance. Hash table-based unique, therefore does NOT sort.

Examples",https://pandas.pydata.org/docs/reference/api/pandas.api.typing.SeriesGroupBy.unique.html
GroupBy,SeriesGroupBycomputations / descriptive stats,SeriesGroupBy.ohlc,,"Compute open, high, low and close values of a group, excluding missing values.

For multiple groupings, the result index will be a MultiIndex

Examples

For SeriesGroupBy:

For DataFrameGroupBy:

For Resampler:",https://pandas.pydata.org/docs/reference/api/pandas.api.typing.SeriesGroupBy.ohlc.html
GroupBy,SeriesGroupBycomputations / descriptive stats,SeriesGroupBy.pct_change,"[periods, ...]","Calculate pct_change of each value to previous entry in group.

Examples

For SeriesGroupBy:

For DataFrameGroupBy:",https://pandas.pydata.org/docs/reference/api/pandas.api.typing.SeriesGroupBy.pct_change.html
GroupBy,SeriesGroupBycomputations / descriptive stats,SeriesGroupBy.prod,"[numeric_only, ...]","Compute prod of group values.

Examples

For SeriesGroupBy:

For DataFrameGroupBy:",https://pandas.pydata.org/docs/reference/api/pandas.api.typing.SeriesGroupBy.prod.html
GroupBy,SeriesGroupBycomputations / descriptive stats,SeriesGroupBy.quantile,"[q, interpolation, ...]","Return group values at the given quantile, a la numpy.percentile.

Examples",https://pandas.pydata.org/docs/reference/api/pandas.api.typing.SeriesGroupBy.quantile.html
GroupBy,SeriesGroupBycomputations / descriptive stats,SeriesGroupBy.rank,"[method, ascending, ...]","Provide the rank of values within each group.

Examples",https://pandas.pydata.org/docs/reference/api/pandas.api.typing.SeriesGroupBy.rank.html
GroupBy,SeriesGroupBycomputations / descriptive stats,SeriesGroupBy.resample,"rule, *args[, ...]","Provide resampling when using a TimeGrouper.

Given a grouper, the function resamples it according to a string
“string” -> “frequency”.

See the frequency aliases documentation for more details.

Examples

Downsample the DataFrame into 3 minute bins and sum the values of
the timestamps falling into a bin.

Upsample the series into 30 second bins.

Resample by month. Values are assigned to the month of the period.

Downsample the series into 3 minute bins as above, but close the right
side of the bin interval.

Downsample the series into 3 minute bins and close the right side of
the bin interval, but label each bin using the right edge instead of
the left.",https://pandas.pydata.org/docs/reference/api/pandas.api.typing.SeriesGroupBy.resample.html
GroupBy,SeriesGroupBycomputations / descriptive stats,SeriesGroupBy.rolling,"window[, min_periods, ...]","Return a rolling grouper, providing rolling functionality per group.

Examples",https://pandas.pydata.org/docs/reference/api/pandas.api.typing.SeriesGroupBy.rolling.html
GroupBy,SeriesGroupBycomputations / descriptive stats,SeriesGroupBy.sample,"[n, frac, replace, ...]","Return a random sample of items from each group.

You can use random_state for reproducibility.

Examples

Select one row at random for each distinct value in column a. The random_state argument can be used to guarantee reproducibility:

Set frac to sample fixed proportions rather than counts:

Control sample probabilities within groups by setting weights:",https://pandas.pydata.org/docs/reference/api/pandas.api.typing.SeriesGroupBy.sample.html
GroupBy,SeriesGroupBycomputations / descriptive stats,SeriesGroupBy.sem,"[ddof, numeric_only, skipna]","Compute standard error of the mean of groups, excluding missing values.

For multiple groupings, the result index will be a MultiIndex.

Examples

For SeriesGroupBy:

For DataFrameGroupBy:

For Resampler:",https://pandas.pydata.org/docs/reference/api/pandas.api.typing.SeriesGroupBy.sem.html
GroupBy,SeriesGroupBycomputations / descriptive stats,SeriesGroupBy.shift,"[periods, freq, ...]","Shift each group by periods observations.

If freq is passed, the index will be increased using the periods and the freq.

Examples

For SeriesGroupBy:

For DataFrameGroupBy:",https://pandas.pydata.org/docs/reference/api/pandas.api.typing.SeriesGroupBy.shift.html
GroupBy,SeriesGroupBycomputations / descriptive stats,SeriesGroupBy.size,,"Compute group sizes.

Examples

For SeriesGroupBy:

For Resampler:",https://pandas.pydata.org/docs/reference/api/pandas.api.typing.SeriesGroupBy.size.html
GroupBy,SeriesGroupBycomputations / descriptive stats,SeriesGroupBy.skew,"[skipna, numeric_only]","Return unbiased skew within groups.

Normalized by N-1.

Examples",https://pandas.pydata.org/docs/reference/api/pandas.api.typing.SeriesGroupBy.skew.html
GroupBy,SeriesGroupBycomputations / descriptive stats,SeriesGroupBy.kurt,"[skipna, numeric_only]","Return unbiased kurtosis within groups.

Examples",https://pandas.pydata.org/docs/reference/api/pandas.api.typing.SeriesGroupBy.kurt.html
GroupBy,SeriesGroupBycomputations / descriptive stats,SeriesGroupBy.std,"[ddof, engine, ...]","Compute standard deviation of groups, excluding missing values.

For multiple groupings, the result index will be a MultiIndex.

Examples

For SeriesGroupBy:

For DataFrameGroupBy:",https://pandas.pydata.org/docs/reference/api/pandas.api.typing.SeriesGroupBy.std.html
GroupBy,SeriesGroupBycomputations / descriptive stats,SeriesGroupBy.sum,"[numeric_only, min_count, ...]","Compute sum of group values.

Examples

For SeriesGroupBy:

For DataFrameGroupBy:",https://pandas.pydata.org/docs/reference/api/pandas.api.typing.SeriesGroupBy.sum.html
GroupBy,SeriesGroupBycomputations / descriptive stats,SeriesGroupBy.var,"[ddof, engine, ...]","Compute variance of groups, excluding missing values.

For multiple groupings, the result index will be a MultiIndex.

Examples

For SeriesGroupBy:

For DataFrameGroupBy:",https://pandas.pydata.org/docs/reference/api/pandas.api.typing.SeriesGroupBy.var.html
GroupBy,SeriesGroupBycomputations / descriptive stats,SeriesGroupBy.tail,[n],"Return last n rows of each group.

Similar to .apply(lambda x: x.tail(n)) , but it returns a subset of rows
from the original DataFrame with original index and order preserved
( as_index flag is ignored).

Examples",https://pandas.pydata.org/docs/reference/api/pandas.api.typing.SeriesGroupBy.tail.html
GroupBy,SeriesGroupBycomputations / descriptive stats,SeriesGroupBy.take,"indices, **kwargs","Return the elements in the given positional indices in each group.

This means that we are not indexing according to actual values in
the index attribute of the object. We are indexing according to the
actual position of the element in the object.

If a requested index does not exist for some group, this method will raise.
To get similar behavior that ignores indices that don’t exist, see SeriesGroupBy.nth() .

Examples

Take elements at rows 0 and 1 in each group.

We may take elements using negative integers for positive indices,
starting from the end of the object, just like with Python lists.",https://pandas.pydata.org/docs/reference/api/pandas.api.typing.SeriesGroupBy.take.html
GroupBy,SeriesGroupBycomputations / descriptive stats,SeriesGroupBy.value_counts,"[normalize, ...]","Return a Series or DataFrame containing counts of unique rows.

Notes

By default, rows that contain any NA values are omitted from
the result.

By default, the result will be in descending order so that the
first element of each group is the most frequently-occurring row.

Examples",https://pandas.pydata.org/docs/reference/api/pandas.api.typing.SeriesGroupBy.value_counts.html
GroupBy,Plotting and visualization,DataFrameGroupBy.boxplot,"[subplots, column, ...]","Make box plots from DataFrameGroupBy data.

Examples

You can create boxplots for grouped data and show them as separate subplots:

The subplots=False option shows the boxplots in a single figure.",https://pandas.pydata.org/docs/reference/api/pandas.api.typing.DataFrameGroupBy.boxplot.html
GroupBy,Plotting and visualization,DataFrameGroupBy.hist,"[column, by, grid, ...]","Make a histogram of the DataFrame’s columns.

A histogram is a representation of the distribution of data.
This function calls matplotlib.pyplot.hist() , on each series in
the DataFrame, resulting in one histogram per column.

Examples

This example draws a histogram based on the length and width of
some animals, displayed in three bins",https://pandas.pydata.org/docs/reference/api/pandas.api.typing.DataFrameGroupBy.hist.html
GroupBy,Plotting and visualization,SeriesGroupBy.hist,"[by, ax, grid, ...]","Draw histogram for each group’s values using Series.hist() API.

Examples",https://pandas.pydata.org/docs/reference/api/pandas.api.typing.SeriesGroupBy.hist.html
GroupBy,Plotting and visualization,DataFrameGroupBy.plot,,"Make plots of groups from a DataFrame.

Uses the backend specified by the option plotting.backend .
By default, matplotlib is used.

Examples",https://pandas.pydata.org/docs/reference/api/pandas.api.typing.DataFrameGroupBy.plot.html
GroupBy,Plotting and visualization,SeriesGroupBy.plot,,"Make plots of groups from a Series.

Uses the backend specified by the option plotting.backend .
By default, matplotlib is used.

Examples",https://pandas.pydata.org/docs/reference/api/pandas.api.typing.SeriesGroupBy.plot.html
Resampling,"Indexing, iteration",Resampler.__iter__,,"Groupby iterator.

This method provides an iterator over the groups created by the resample or groupby operation on the object. The method yields tuples where
the first element is the label (group key) corresponding to each group or
resampled bin, and the second element is the subset of the data that falls
within that group or bin.

Examples

For SeriesGroupBy:

For DataFrameGroupBy:

For Resampler:",https://pandas.pydata.org/docs/reference/api/pandas.api.typing.Resampler.__iter__.html
Resampling,"Indexing, iteration",Resampler.groups,,"Dict {group name -> group labels}.

This property provides a dictionary representation of the groupings formed
during a groupby operation, where each key represents a unique group value from
the specified column(s), and each value is a list of index labels
that belong to that group.

Examples

For SeriesGroupBy:

For DataFrameGroupBy:

For Resampler:",https://pandas.pydata.org/docs/reference/api/pandas.api.typing.Resampler.groups.html
Resampling,"Indexing, iteration",Resampler.indices,,"Dict {group name -> group indices}.

The dictionary keys represent the group labels (e.g., timestamps for a
time-based resampling operation), and the values are arrays of integer
positions indicating where the elements of each group are located in the
original data. This property is particularly useful when working with
resampled data, as it provides insight into how the original time-series data
has been grouped.

Examples

For SeriesGroupBy:

For DataFrameGroupBy:

For Resampler:",https://pandas.pydata.org/docs/reference/api/pandas.api.typing.Resampler.indices.html
Resampling,"Indexing, iteration",Resampler.get_group,name,"Construct DataFrame from group with provided name.

Examples

For SeriesGroupBy:

For DataFrameGroupBy:

For Resampler:",https://pandas.pydata.org/docs/reference/api/pandas.api.typing.Resampler.get_group.html
Resampling,Function application,Resampler.apply,[func],"Aggregate using one or more operations over the specified axis.

Notes

The aggregation operations are always performed over an axis, either the
index (default) or the column axis. This behavior is different from numpy aggregation functions ( mean , median , prod , sum , std , var ), where the default is to compute the aggregation of the flattened
array, e.g., numpy.mean(arr_2d) as opposed to numpy.mean(arr_2d, axis=0) .

agg is an alias for aggregate . Use the alias.

Functions that mutate the passed object can produce unexpected
behavior or errors and are not supported. See Mutating with User Defined Function (UDF) methods for more details.

A passed user-defined-function will be passed a Series for evaluation.

If func defines an index relabeling, axis must be 0 or index .

Examples",https://pandas.pydata.org/docs/reference/api/pandas.api.typing.Resampler.apply.html
Resampling,Function application,Resampler.aggregate,[func],"Aggregate using one or more operations over the specified axis.

Notes

The aggregation operations are always performed over an axis, either the
index (default) or the column axis. This behavior is different from numpy aggregation functions ( mean , median , prod , sum , std , var ), where the default is to compute the aggregation of the flattened
array, e.g., numpy.mean(arr_2d) as opposed to numpy.mean(arr_2d, axis=0) .

agg is an alias for aggregate . Use the alias.

Functions that mutate the passed object can produce unexpected
behavior or errors and are not supported. See Mutating with User Defined Function (UDF) methods for more details.

A passed user-defined-function will be passed a Series for evaluation.

If func defines an index relabeling, axis must be 0 or index .

Examples",https://pandas.pydata.org/docs/reference/api/pandas.api.typing.Resampler.aggregate.html
Resampling,Function application,Resampler.transform,"arg, *args, **kwargs","Call function producing a like-indexed Series on each group.

Return a Series with the transformed values.

Examples",https://pandas.pydata.org/docs/reference/api/pandas.api.typing.Resampler.transform.html
Resampling,Function application,Resampler.pipe,"func, *args, **kwargs","Apply a func with arguments to this Resampler object and return its result.

Use .pipe when you want to improve readability by chaining together
functions that expect Series, DataFrames, GroupBy or Resampler objects.
Instead of writing

You can write

which is much more readable.

Notes

See more here

Examples

To get the difference between each 2-day period’s maximum and minimum
value in one pass, you can do",https://pandas.pydata.org/docs/reference/api/pandas.api.typing.Resampler.pipe.html
Resampling,Upsampling,Resampler.ffill,[limit],"Forward fill the values.

This method fills missing values by propagating the last valid
observation forward, up to the next valid observation. It is commonly
used in time series analysis when resampling data to a higher frequency
(upsampling) and filling gaps in the resampled output.

Examples

Here we only create a Series .

Example for ffill with downsampling (we have fewer dates after resampling):

Example for ffill with upsampling (fill the new dates with
the previous value):

With upsampling and limiting (only fill the first new date with the
previous value):",https://pandas.pydata.org/docs/reference/api/pandas.api.typing.Resampler.ffill.html
Resampling,Upsampling,Resampler.bfill,[limit],"Backward fill the new missing values in the resampled data.

In statistics, imputation is the process of replacing missing data with
substituted values [1] . When resampling data, missing values may
appear (e.g., when the resampling frequency is higher than the original
frequency). The backward fill will replace NaN values that appeared in
the resampled data with the next value in the original sequence.
Missing values that existed in the original data will not be modified.

References

Examples

Resampling a Series:

Resampling a DataFrame that has missing values:",https://pandas.pydata.org/docs/reference/api/pandas.api.typing.Resampler.bfill.html
Resampling,Upsampling,Resampler.nearest,[limit],"Resample by using the nearest value.

When resampling data, missing values may appear (e.g., when the
resampling frequency is higher than the original frequency).
The nearest method will replace NaN values that appeared in
the resampled data with the value from the nearest member of the
sequence, based on the index value.
Missing values that existed in the original data will not be modified.
If limit is given, fill only this many values in each direction for
each of the original values.

Examples

Limit the number of upsampled values imputed by the nearest:",https://pandas.pydata.org/docs/reference/api/pandas.api.typing.Resampler.nearest.html
Resampling,Upsampling,Resampler.asfreq,[fill_value],"Return the values at the new freq, essentially a reindex.

Examples",https://pandas.pydata.org/docs/reference/api/pandas.api.typing.Resampler.asfreq.html
Resampling,Upsampling,Resampler.interpolate,"[method, axis, limit, ...]","Interpolate values between target timestamps according to different methods.

The original index is first reindexed to target timestamps
(see core.resample.Resampler.asfreq() ),
then the interpolation of NaN values via DataFrame.interpolate() happens.

Notes

For high-frequent or non-equidistant time-series with timestamps
the reindexing followed by interpolation may lead to information loss
as shown in the last example.

Examples

Downsample the dataframe to 0.5Hz by providing the period time of 2s.

Upsample the dataframe to 2Hz by providing the period time of 500ms.

Internal reindexing with asfreq() prior to interpolation leads to
an interpolated timeseries on the basis of the reindexed timestamps
(anchors). It is assured that all available datapoints from original
series become anchors, so it also works for resampling-cases that lead
to non-aligned timestamps, as in the following example:

Note that the series correctly decreases between two anchors 07:00:00 and 07:00:02 .",https://pandas.pydata.org/docs/reference/api/pandas.api.typing.Resampler.interpolate.html
Resampling,Computations / descriptive stats,Resampler.count,,"Compute count of group, excluding missing values.

Examples",https://pandas.pydata.org/docs/reference/api/pandas.api.typing.Resampler.count.html
Resampling,Computations / descriptive stats,Resampler.nunique,,"Return number of unique elements in the group.

Examples",https://pandas.pydata.org/docs/reference/api/pandas.api.typing.Resampler.nunique.html
Resampling,Computations / descriptive stats,Resampler.first,"[numeric_only, min_count, ...]","Compute the first non-null entry of each column.

Examples",https://pandas.pydata.org/docs/reference/api/pandas.api.typing.Resampler.first.html
Resampling,Computations / descriptive stats,Resampler.last,"[numeric_only, min_count, skipna]","Compute the last non-null entry of each column.

Examples",https://pandas.pydata.org/docs/reference/api/pandas.api.typing.Resampler.last.html
Resampling,Computations / descriptive stats,Resampler.max,"[numeric_only, min_count]","Compute max value of group.

Examples",https://pandas.pydata.org/docs/reference/api/pandas.api.typing.Resampler.max.html
Resampling,Computations / descriptive stats,Resampler.mean,[numeric_only],"Compute mean of groups, excluding missing values.

Examples",https://pandas.pydata.org/docs/reference/api/pandas.api.typing.Resampler.mean.html
Resampling,Computations / descriptive stats,Resampler.median,[numeric_only],"Compute median of groups, excluding missing values.

For multiple groupings, the result index will be a MultiIndex

Examples",https://pandas.pydata.org/docs/reference/api/pandas.api.typing.Resampler.median.html
Resampling,Computations / descriptive stats,Resampler.min,"[numeric_only, min_count]","Compute min value of group.

Examples",https://pandas.pydata.org/docs/reference/api/pandas.api.typing.Resampler.min.html
Resampling,Computations / descriptive stats,Resampler.ohlc,,"Compute open, high, low and close values of a group, excluding missing values.

Examples",https://pandas.pydata.org/docs/reference/api/pandas.api.typing.Resampler.ohlc.html
Resampling,Computations / descriptive stats,Resampler.prod,"[numeric_only, min_count]","Compute prod of group values.

Examples",https://pandas.pydata.org/docs/reference/api/pandas.api.typing.Resampler.prod.html
Resampling,Computations / descriptive stats,Resampler.size,,"Compute group sizes.

Examples",https://pandas.pydata.org/docs/reference/api/pandas.api.typing.Resampler.size.html
Resampling,Computations / descriptive stats,Resampler.sem,"[ddof, numeric_only]","Compute standard error of the mean of groups, excluding missing values.

For multiple groupings, the result index will be a MultiIndex.

Examples",https://pandas.pydata.org/docs/reference/api/pandas.api.typing.Resampler.sem.html
Resampling,Computations / descriptive stats,Resampler.std,"[ddof, numeric_only]","Compute standard deviation of groups, excluding missing values.

Examples",https://pandas.pydata.org/docs/reference/api/pandas.api.typing.Resampler.std.html
Resampling,Computations / descriptive stats,Resampler.sum,"[numeric_only, min_count]","Compute sum of group values.

This method provides a simple way to compute the sum of values within each
resampled group, particularly useful for aggregating time-based data into
daily, monthly, or yearly sums.

Examples",https://pandas.pydata.org/docs/reference/api/pandas.api.typing.Resampler.sum.html
Resampling,Computations / descriptive stats,Resampler.var,"[ddof, numeric_only]","Compute variance of groups, excluding missing values.

Examples",https://pandas.pydata.org/docs/reference/api/pandas.api.typing.Resampler.var.html
Resampling,Computations / descriptive stats,Resampler.quantile,[q],"Return value at the given quantile.

Computes the quantile of values within each resampled group.

Examples",https://pandas.pydata.org/docs/reference/api/pandas.api.typing.Resampler.quantile.html
Window,Rolling window functions,Rolling.count,[numeric_only],"Calculate the rolling count of non NaN observations.

Examples",https://pandas.pydata.org/docs/reference/api/pandas.api.typing.Rolling.count.html
Window,Rolling window functions,Rolling.sum,"[numeric_only, engine, ...]","Calculate the rolling sum.

Notes

See Numba engine and Numba (JIT compilation) for extended documentation and performance considerations
for the Numba engine.

Examples

For DataFrame, each sum is computed column-wise.",https://pandas.pydata.org/docs/reference/api/pandas.api.typing.Rolling.sum.html
Window,Rolling window functions,Rolling.mean,"[numeric_only, engine, ...]","Calculate the rolling mean.

Notes

See Numba engine and Numba (JIT compilation) for extended documentation and performance considerations
for the Numba engine.

Examples

The below examples will show rolling mean calculations with window sizes of
two and three, respectively.",https://pandas.pydata.org/docs/reference/api/pandas.api.typing.Rolling.mean.html
Window,Rolling window functions,Rolling.median,"[numeric_only, engine, ...]","Calculate the rolling median.

Notes

See Numba engine and Numba (JIT compilation) for extended documentation and performance considerations
for the Numba engine.

Examples

Compute the rolling median of a series with a window size of 3.",https://pandas.pydata.org/docs/reference/api/pandas.api.typing.Rolling.median.html
Window,Rolling window functions,Rolling.var,"[ddof, numeric_only, engine, ...]","Calculate the rolling variance.

Notes

The default ddof of 1 used in Series.var() is different
than the default ddof of 0 in numpy.var() .

A minimum of one period is required for the rolling calculation.

Examples",https://pandas.pydata.org/docs/reference/api/pandas.api.typing.Rolling.var.html
Window,Rolling window functions,Rolling.std,"[ddof, numeric_only, engine, ...]","Calculate the rolling standard deviation.

Notes

The default ddof of 1 used in Series.std() is different
than the default ddof of 0 in numpy.std() .

A minimum of one period is required for the rolling calculation.

Examples",https://pandas.pydata.org/docs/reference/api/pandas.api.typing.Rolling.std.html
Window,Rolling window functions,Rolling.min,"[numeric_only, engine, ...]","Calculate the rolling minimum.

Notes

See Numba engine and Numba (JIT compilation) for extended documentation and performance considerations
for the Numba engine.

Examples

Performing a rolling minimum with a window size of 3.",https://pandas.pydata.org/docs/reference/api/pandas.api.typing.Rolling.min.html
Window,Rolling window functions,Rolling.max,"[numeric_only, engine, ...]","Calculate the rolling maximum.

Notes

See Numba engine and Numba (JIT compilation) for extended documentation and performance considerations
for the Numba engine.

Examples",https://pandas.pydata.org/docs/reference/api/pandas.api.typing.Rolling.max.html
Window,Rolling window functions,Rolling.first,[numeric_only],"Calculate the rolling First (left-most) element of the window.

Examples

The example below will show a rolling calculation with a window size of
three.",https://pandas.pydata.org/docs/reference/api/pandas.api.typing.Rolling.first.html
Window,Rolling window functions,Rolling.last,[numeric_only],"Calculate the rolling Last (right-most) element of the window.

Examples

The example below will show a rolling calculation with a window size of
three.",https://pandas.pydata.org/docs/reference/api/pandas.api.typing.Rolling.last.html
Window,Rolling window functions,Rolling.corr,"[other, pairwise, ddof, ...]","Calculate the rolling correlation.

Notes

This function uses Pearson’s definition of correlation
( https://en.wikipedia.org/wiki/Pearson_correlation_coefficient ).

When other is not specified, the output will be self correlation (e.g.
all 1’s), except for DataFrame inputs with pairwise set to True .

Function will return NaN for correlations of equal valued sequences;
this is the result of a 0/0 division error.

When pairwise is set to False , only matching columns between self and other will be used.

When pairwise is set to True , the output will be a MultiIndex DataFrame
with the original index on the first level, and the other DataFrame
columns on the second level.

In the case of missing elements, only complete pairwise observations
will be used.

Examples

The below example shows a rolling calculation with a window size of
four matching the equivalent function call using numpy.corrcoef() .

The below example shows a similar rolling calculation on a
DataFrame using the pairwise option.",https://pandas.pydata.org/docs/reference/api/pandas.api.typing.Rolling.corr.html
Window,Rolling window functions,Rolling.cov,"[other, pairwise, ddof, ...]","Calculate the rolling sample covariance.

Examples",https://pandas.pydata.org/docs/reference/api/pandas.api.typing.Rolling.cov.html
Window,Rolling window functions,Rolling.skew,[numeric_only],"Calculate the rolling unbiased skewness.

Notes

A minimum of three periods is required for the rolling calculation.

Examples",https://pandas.pydata.org/docs/reference/api/pandas.api.typing.Rolling.skew.html
Window,Rolling window functions,Rolling.kurt,[numeric_only],"Calculate the rolling Fisher’s definition of kurtosis without bias.

Notes

A minimum of four periods is required for the calculation.

Examples

The example below will show a rolling calculation with a window size of
four matching the equivalent function call using scipy.stats .",https://pandas.pydata.org/docs/reference/api/pandas.api.typing.Rolling.kurt.html
Window,Rolling window functions,Rolling.apply,"func[, raw, engine, ...]","Calculate the rolling custom aggregation function.

Examples",https://pandas.pydata.org/docs/reference/api/pandas.api.typing.Rolling.apply.html
Window,Rolling window functions,Rolling.pipe,"func, *args, **kwargs","Apply a func with arguments to this Rolling object and return its result.

Use .pipe when you want to improve readability by chaining together
functions that expect
Series, DataFrames, GroupBy, Rolling, Expanding or Resampler
objects.
Instead of writing

You can write

which is much more readable.

Notes

See more here .

Examples

To get the difference between each rolling
2-day window’s maximum and minimum
value in one pass, you can do",https://pandas.pydata.org/docs/reference/api/pandas.api.typing.Rolling.pipe.html
Window,Rolling window functions,Rolling.aggregate,[func],"Aggregate using one or more operations over the specified axis.

Notes

The aggregation operations are always performed over an axis, either the
index (default) or the column axis. This behavior is different from numpy aggregation functions ( mean , median , prod , sum , std , var ), where the default is to compute the aggregation of the flattened
array, e.g., numpy.mean(arr_2d) as opposed to numpy.mean(arr_2d, axis=0) .

agg is an alias for aggregate . Use the alias.

Functions that mutate the passed object can produce unexpected
behavior or errors and are not supported. See Mutating with User Defined Function (UDF) methods for more details.

A passed user-defined-function will be passed a Series for evaluation.

If func defines an index relabeling, axis must be 0 or index .

Examples",https://pandas.pydata.org/docs/reference/api/pandas.api.typing.Rolling.aggregate.html
Window,Rolling window functions,Rolling.quantile,"q[, interpolation, ...]","Calculate the rolling quantile.

Examples",https://pandas.pydata.org/docs/reference/api/pandas.api.typing.Rolling.quantile.html
Window,Rolling window functions,Rolling.sem,"[ddof, numeric_only]","Calculate the rolling standard error of mean.

Notes

A minimum of one period is required for the calculation.

Examples",https://pandas.pydata.org/docs/reference/api/pandas.api.typing.Rolling.sem.html
Window,Rolling window functions,Rolling.rank,"[method, ascending, pct, ...]","Calculate the rolling rank.

Examples",https://pandas.pydata.org/docs/reference/api/pandas.api.typing.Rolling.rank.html
Window,Rolling window functions,Rolling.nunique,[numeric_only],"Calculate the rolling nunique.

Examples",https://pandas.pydata.org/docs/reference/api/pandas.api.typing.Rolling.nunique.html
Window,Weighted window functions,Window.mean,[numeric_only],"Calculate the rolling weighted window mean.

Examples

To get an instance of Window we need
to pass the parameter win_type .

In order to use the SciPy Gaussian window we need to provide the parameters M and std . The parameter M corresponds to 2 in our example.
We pass the second parameter std as a parameter of the following method:",https://pandas.pydata.org/docs/reference/api/pandas.api.typing.Window.mean.html
Window,Weighted window functions,Window.sum,[numeric_only],"Calculate the rolling weighted window sum.

Examples

To get an instance of Window we need
to pass the parameter win_type .

In order to use the SciPy Gaussian window we need to provide the parameters M and std . The parameter M corresponds to 2 in our example.
We pass the second parameter std as a parameter of the following method
( sum in this case):",https://pandas.pydata.org/docs/reference/api/pandas.api.typing.Window.sum.html
Window,Weighted window functions,Window.var,"[ddof, numeric_only]","Calculate the rolling weighted window variance.

Examples

To get an instance of Window we need
to pass the parameter win_type .

In order to use the SciPy Gaussian window we need to provide the parameters M and std . The parameter M corresponds to 2 in our example.
We pass the second parameter std as a parameter of the following method:",https://pandas.pydata.org/docs/reference/api/pandas.api.typing.Window.var.html
Window,Weighted window functions,Window.std,"[ddof, numeric_only]","Calculate the rolling weighted window standard deviation.

Examples

To get an instance of Window we need
to pass the parameter win_type .

In order to use the SciPy Gaussian window we need to provide the parameters M and std . The parameter M corresponds to 2 in our example.
We pass the second parameter std as a parameter of the following method:",https://pandas.pydata.org/docs/reference/api/pandas.api.typing.Window.std.html
Window,Expanding window functions,Expanding.count,[numeric_only],"Calculate the expanding count of non NaN observations.

Examples",https://pandas.pydata.org/docs/reference/api/pandas.api.typing.Expanding.count.html
Window,Expanding window functions,Expanding.sum,"[numeric_only, engine, ...]","Calculate the expanding sum.

Notes

See Numba engine and Numba (JIT compilation) for extended
documentation and performance considerations for the Numba engine.

Examples",https://pandas.pydata.org/docs/reference/api/pandas.api.typing.Expanding.sum.html
Window,Expanding window functions,Expanding.mean,"[numeric_only, engine, ...]","Calculate the expanding mean.

Notes

See Numba engine and Numba (JIT compilation) for extended
documentation and performance considerations for the Numba engine.

Examples",https://pandas.pydata.org/docs/reference/api/pandas.api.typing.Expanding.mean.html
Window,Expanding window functions,Expanding.median,"[numeric_only, engine, ...]","Calculate the expanding median.

Notes

See Numba engine and Numba (JIT compilation) for extended
documentation and performance considerations for the Numba engine.

Examples",https://pandas.pydata.org/docs/reference/api/pandas.api.typing.Expanding.median.html
Window,Expanding window functions,Expanding.var,"[ddof, numeric_only, engine, ...]","Calculate the expanding variance.

Notes

The default ddof of 1 used in Series.var() is different
than the default ddof of 0 in numpy.var() .

A minimum of one period is required for the rolling calculation.

Examples",https://pandas.pydata.org/docs/reference/api/pandas.api.typing.Expanding.var.html
Window,Expanding window functions,Expanding.std,"[ddof, numeric_only, engine, ...]","Calculate the expanding standard deviation.

Notes

The default ddof of 1 used in Series.std() is different
than the default ddof of 0 in numpy.std() .

A minimum of one period is required for the rolling calculation.

Examples",https://pandas.pydata.org/docs/reference/api/pandas.api.typing.Expanding.std.html
Window,Expanding window functions,Expanding.min,"[numeric_only, engine, ...]","Calculate the expanding minimum.

Notes

See Numba engine and Numba (JIT compilation) for extended
documentation and performance considerations for the Numba engine.

Examples",https://pandas.pydata.org/docs/reference/api/pandas.api.typing.Expanding.min.html
Window,Expanding window functions,Expanding.max,"[numeric_only, engine, ...]","Calculate the expanding maximum.

Notes

See Numba engine and Numba (JIT compilation) for extended
documentation and performance considerations for the Numba engine.

Examples",https://pandas.pydata.org/docs/reference/api/pandas.api.typing.Expanding.max.html
Window,Expanding window functions,Expanding.first,[numeric_only],"Calculate the expanding First (left-most) element of the window.

Examples

The example below will show an expanding calculation with a window size of
three.",https://pandas.pydata.org/docs/reference/api/pandas.api.typing.Expanding.first.html
Window,Expanding window functions,Expanding.last,[numeric_only],"Calculate the expanding Last (right-most) element of the window.

Examples

The example below will show an expanding calculation with a window size of
three.",https://pandas.pydata.org/docs/reference/api/pandas.api.typing.Expanding.last.html
Window,Expanding window functions,Expanding.corr,"[other, pairwise, ddof, ...]","Calculate the expanding correlation.

Notes

This function uses Pearson’s definition of correlation
( https://en.wikipedia.org/wiki/Pearson_correlation_coefficient ).

When other is not specified, the output will be self correlation (e.g.
all 1’s), except for DataFrame inputs with pairwise set to True .

Function will return NaN for correlations of equal valued sequences;
this is the result of a 0/0 division error.

When pairwise is set to False , only matching columns between self and other will be used.

When pairwise is set to True , the output will be a MultiIndex DataFrame
with the original index on the first level, and the other DataFrame
columns on the second level.

In the case of missing elements, only complete pairwise observations
will be used.

Examples",https://pandas.pydata.org/docs/reference/api/pandas.api.typing.Expanding.corr.html
Window,Expanding window functions,Expanding.cov,"[other, pairwise, ddof, ...]","Calculate the expanding sample covariance.

Examples",https://pandas.pydata.org/docs/reference/api/pandas.api.typing.Expanding.cov.html
Window,Expanding window functions,Expanding.skew,[numeric_only],"Calculate the expanding unbiased skewness.

Notes

A minimum of three periods is required for the rolling calculation.

Examples",https://pandas.pydata.org/docs/reference/api/pandas.api.typing.Expanding.skew.html
Window,Expanding window functions,Expanding.kurt,[numeric_only],"Calculate the expanding Fisher’s definition of kurtosis without bias.

Notes

A minimum of four periods is required for the calculation.

Examples

The example below will show a rolling calculation with a window size of
four matching the equivalent function call using scipy.stats .",https://pandas.pydata.org/docs/reference/api/pandas.api.typing.Expanding.kurt.html
Window,Expanding window functions,Expanding.apply,"func[, raw, engine, ...]","Calculate the expanding custom aggregation function.

Examples",https://pandas.pydata.org/docs/reference/api/pandas.api.typing.Expanding.apply.html
Window,Expanding window functions,Expanding.pipe,"func, *args, **kwargs","Apply a func with arguments to this Expanding object and return its result.

Use .pipe when you want to improve readability by chaining together
functions that expect Series, DataFrames, GroupBy, Rolling, Expanding or
Resampler
objects.
Instead of writing

You can write

which is much more readable.

Notes

See more here

Examples

To get the difference between each expanding window’s maximum and minimum
value in one pass, you can do",https://pandas.pydata.org/docs/reference/api/pandas.api.typing.Expanding.pipe.html
Window,Expanding window functions,Expanding.aggregate,[func],"Aggregate using one or more operations over the specified axis.

Notes

The aggregation operations are always performed over an axis, either the
index (default) or the column axis. This behavior is different from numpy aggregation functions ( mean , median , prod , sum , std , var ), where the default is to compute the aggregation of the flattened
array, e.g., numpy.mean(arr_2d) as opposed to numpy.mean(arr_2d, axis=0) .

agg is an alias for aggregate . Use the alias.

Functions that mutate the passed object can produce unexpected
behavior or errors and are not supported. See Mutating with User Defined Function (UDF) methods for more details.

A passed user-defined-function will be passed a Series for evaluation.

If func defines an index relabeling, axis must be 0 or index .

Examples",https://pandas.pydata.org/docs/reference/api/pandas.api.typing.Expanding.aggregate.html
Window,Expanding window functions,Expanding.quantile,"q[, interpolation, ...]","Calculate the expanding quantile.

Examples",https://pandas.pydata.org/docs/reference/api/pandas.api.typing.Expanding.quantile.html
Window,Expanding window functions,Expanding.sem,"[ddof, numeric_only]","Calculate the expanding standard error of mean.

Notes

A minimum of one period is required for the calculation.

Examples",https://pandas.pydata.org/docs/reference/api/pandas.api.typing.Expanding.sem.html
Window,Expanding window functions,Expanding.rank,"[method, ascending, pct, ...]","Calculate the expanding rank.

Examples",https://pandas.pydata.org/docs/reference/api/pandas.api.typing.Expanding.rank.html
Window,Expanding window functions,Expanding.nunique,[numeric_only],"Calculate the expanding nunique.

Examples",https://pandas.pydata.org/docs/reference/api/pandas.api.typing.Expanding.nunique.html
Window,Exponentially-weighted window functions,ExponentialMovingWindow.mean,"[numeric_only, ...]","Calculate the ewm (exponential weighted moment) mean.

Notes

See Numba engine and Numba (JIT compilation) for
extended documentation and performance considerations for the Numba engine.

Examples",https://pandas.pydata.org/docs/reference/api/pandas.api.typing.ExponentialMovingWindow.mean.html
Window,Exponentially-weighted window functions,ExponentialMovingWindow.sum,"[numeric_only, ...]","Calculate the ewm (exponential weighted moment) sum.

Notes

See Numba engine and Numba (JIT compilation) for extended
documentation and performance considerations for the Numba engine.

Examples",https://pandas.pydata.org/docs/reference/api/pandas.api.typing.ExponentialMovingWindow.sum.html
Window,Exponentially-weighted window functions,ExponentialMovingWindow.std,"[bias, numeric_only]","Calculate the ewm (exponential weighted moment) standard deviation.

Examples",https://pandas.pydata.org/docs/reference/api/pandas.api.typing.ExponentialMovingWindow.std.html
Window,Exponentially-weighted window functions,ExponentialMovingWindow.var,"[bias, numeric_only]","Calculate the ewm (exponential weighted moment) variance.

Examples",https://pandas.pydata.org/docs/reference/api/pandas.api.typing.ExponentialMovingWindow.var.html
Window,Exponentially-weighted window functions,ExponentialMovingWindow.corr,"[other, ...]","Calculate the ewm (exponential weighted moment) sample correlation.

Examples",https://pandas.pydata.org/docs/reference/api/pandas.api.typing.ExponentialMovingWindow.corr.html
Window,Exponentially-weighted window functions,ExponentialMovingWindow.cov,"[other, ...]","Calculate the ewm (exponential weighted moment) sample covariance.

Examples",https://pandas.pydata.org/docs/reference/api/pandas.api.typing.ExponentialMovingWindow.cov.html
Window,Window indexer,api.indexers.BaseIndexer,"[index_array, ...]","Base class for window bounds calculations.

Examples

Methods",https://pandas.pydata.org/docs/reference/api/pandas.api.indexers.BaseIndexer.html
Window,Window indexer,api.indexers.FixedForwardWindowIndexer,[...],"Creates window boundaries for fixed-length windows that include the current row.

Examples

Methods",https://pandas.pydata.org/docs/reference/api/pandas.api.indexers.FixedForwardWindowIndexer.html
Window,Window indexer,api.indexers.VariableOffsetWindowIndexer,[...],"Calculate window boundaries based on a non-fixed offset such as a BusinessDay.

Examples

Methods",https://pandas.pydata.org/docs/reference/api/pandas.api.indexers.VariableOffsetWindowIndexer.html
Plotting,Plotting,andrews_curves,"frame, class_column[, ax, ...]","Generate a matplotlib plot for visualizing clusters of multivariate data.

Andrews curves have the functional form:

Where \(x\) coefficients correspond to the values of each dimension
and \(t\) is linearly spaced between \(-\pi\) and \(+\pi\) .
Each row of frame then corresponds to a single curve.

Examples",https://pandas.pydata.org/docs/reference/api/pandas.plotting.andrews_curves.html
Plotting,Plotting,autocorrelation_plot,"series[, ax]","Autocorrelation plot for time series.

This method generates an autocorrelation plot for a given time series,
which helps to identify any periodic structure or correlation within the
data across various lags. It shows the correlation of a time series with a
delayed copy of itself as a function of delay. Autocorrelation plots are useful for
checking randomness in a data set. If the data are random, the autocorrelations
should be near zero for any and all time-lag separations. If the data are not
random, then one or more of the autocorrelations will be significantly
non-zero.

Examples

The horizontal lines in the plot correspond to 95% and 99% confidence bands.

The dashed line is 99% confidence band.",https://pandas.pydata.org/docs/reference/api/pandas.plotting.autocorrelation_plot.html
Plotting,Plotting,bootstrap_plot,"series[, fig, size, samples]","Bootstrap plot on mean, median and mid-range statistics.

The bootstrap plot is used to estimate the uncertainty of a statistic
by relying on random sampling with replacement [1] . This function will
generate bootstrapping plots for mean, median and mid-range statistics
for the given number of samples of the given size.

Examples

This example draws a basic bootstrap plot for a Series.",https://pandas.pydata.org/docs/reference/api/pandas.plotting.bootstrap_plot.html
Plotting,Plotting,boxplot,"data[, column, by, ax, fontsize, ...]","Make a box plot from DataFrame columns.

Make a box-and-whisker plot from DataFrame columns, optionally grouped
by some other columns. A box plot is a method for graphically depicting
groups of numerical data through their quartiles.
The box extends from the Q1 to Q3 quartile values of the data,
with a line at the median (Q2). The whiskers extend from the edges
of box to show the range of the data. By default, they extend no more than 1.5 * IQR (IQR = Q3 - Q1) from the edges of the box, ending at the farthest
data point within that interval. Outliers are plotted as separate dots.

For further details see
Wikipedia’s entry for boxplot .

Notes

The return type depends on the return_type parameter:

For data grouped with by , return a Series of the above or a numpy
array:

Use return_type='dict' when you want to tweak the appearance
of the lines after plotting. In this case a dict containing the Lines
making up the boxes, caps, fliers, medians, and whiskers is returned.

Examples

Boxplots can be created for every column in the dataframe
by df.boxplot() or indicating the columns to be used:

Boxplots of variables distributions grouped by the values of a third
variable can be created using the option by . For instance:

A list of strings (i.e. ['X', 'Y'] ) can be passed to boxplot
in order to group the data by combination of the variables in the x-axis:

The layout of boxplot can be adjusted giving a tuple to layout :

Additional formatting can be done to the boxplot, like suppressing the grid
( grid=False ), rotating the labels in the x-axis (i.e. rot=45 )
or changing the fontsize (i.e. fontsize=15 ):

The parameter return_type can be used to select the type of element
returned by boxplot .  When return_type='axes' is selected,
the matplotlib axes on which the boxplot is drawn are returned:

When grouping with by , a Series mapping columns to return_type is returned:

If return_type is None , a NumPy array of axes with the same shape
as layout is returned:",https://pandas.pydata.org/docs/reference/api/pandas.plotting.boxplot.html
Plotting,Plotting,deregister_matplotlib_converters,,"Remove pandas formatters and converters.

Removes the custom converters added by register() . This
attempts to set the state of the registry back to the state before
pandas registered its own units. Converters for pandas’ own types like
Timestamp and Period are removed completely. Converters for types
pandas overwrites, like datetime.datetime , are restored to their
original value.

Examples

The following line is done automatically by pandas so
the plot can be rendered:

Unsetting the register manually an error will be raised:",https://pandas.pydata.org/docs/reference/api/pandas.plotting.deregister_matplotlib_converters.html
Plotting,Plotting,lag_plot,"series[, lag, ax]","Lag plot for time series.

A lag plot is a scatter plot of a time series against a lag of itself. It helps
in visualizing the temporal dependence between observations by plotting the values
at time t on the x-axis and the values at time t + lag on the y-axis.

Examples

Lag plots are most commonly used to look for patterns in time series data.

Given the following time series

A lag plot with lag=1 returns",https://pandas.pydata.org/docs/reference/api/pandas.plotting.lag_plot.html
Plotting,Plotting,parallel_coordinates,"frame, class_column[, ...]","Parallel coordinates plotting.

Examples",https://pandas.pydata.org/docs/reference/api/pandas.plotting.parallel_coordinates.html
Plotting,Plotting,plot_params,,"Stores pandas plotting options.

Allows for parameter aliasing so you can just use parameter names that are
the same as the plot function parameters, but is stored in a canonical
format that makes it easy to breakdown into groups later.

Examples",https://pandas.pydata.org/docs/reference/api/pandas.plotting.plot_params.html
Plotting,Plotting,radviz,"frame, class_column[, ax, color, ...]","Plot a multidimensional dataset in 2D.

Each Series in the DataFrame is represented as an evenly distributed
slice on a circle. Each data point is rendered in the circle according to
the value on each Series. Highly correlated Series in the DataFrame are placed closer on the unit circle.

RadViz allow to project an N-dimensional data set into a 2D space where the
influence of each dimension can be interpreted as a balance between the
influence of all dimensions.

More info available at the original article describing RadViz.

Examples",https://pandas.pydata.org/docs/reference/api/pandas.plotting.radviz.html
Plotting,Plotting,register_matplotlib_converters,,"Register pandas formatters and converters with matplotlib.

This function modifies the global matplotlib.units.registry dictionary. pandas adds custom converters for

Examples

The following line is done automatically by pandas so
the plot can be rendered:

Unsetting the register manually an error will be raised:",https://pandas.pydata.org/docs/reference/api/pandas.plotting.register_matplotlib_converters.html
Plotting,Plotting,scatter_matrix,"frame[, alpha, figsize, ax, ...]","Draw a matrix of scatter plots.

Each pair of numeric columns in the DataFrame is plotted against each other,
resulting in a matrix of scatter plots. The diagonal plots can display either
histograms or Kernel Density Estimation (KDE) plots for each variable.

Examples",https://pandas.pydata.org/docs/reference/api/pandas.plotting.scatter_matrix.html
Plotting,Plotting,table,"ax, data, **kwargs","Helper function to convert DataFrame and Series to matplotlib.table.

This method provides an easy way to visualize tabular data within a Matplotlib
figure. It automatically extracts index and column labels from the DataFrame
or Series, unless explicitly specified. This function is particularly useful
when displaying summary tables alongside other plots or when creating static
reports. It utilizes the matplotlib.pyplot.table backend and allows
customization through various styling options available in Matplotlib.

Examples",https://pandas.pydata.org/docs/reference/api/pandas.plotting.table.html
Styling,Styler constructor,Styler,"data[, precision, table_styles, ...]","Helps style a DataFrame or Series according to the data with HTML and CSS.

This class provides methods for styling and formatting a Pandas DataFrame or Series.
The styled output can be rendered as HTML or LaTeX, and it supports CSS-based
styling, allowing users to control colors, font styles, and other visual aspects of
tabular data. It is particularly useful for presenting DataFrame objects in a
Jupyter Notebook environment or when exporting styled tables for reports and

Attributes

Notes

Most styling will be done by passing style functions into Styler.apply or Styler.map . Style functions should
return values with strings containing CSS 'attr: value' that will
be applied to the indicated cells.

If using in the Jupyter notebook, Styler has defined a _repr_html_ to automatically render itself. Otherwise call Styler.to_html to get
the generated HTML.

CSS classes are attached to the generated HTML

Any, or all, or these classes can be renamed by using the css_class_names argument in Styler.set_table_styles , giving a value such as {“row”: “MY_ROW_CLASS”, “col_trim”: “”, “row_trim”: “”} .

Examples

Please see: Table Visualization for more examples.

Attributes

Methods",https://pandas.pydata.org/docs/reference/api/pandas.io.formats.style.Styler.html
Styling,Styler constructor,Styler.from_custom_template,"searchpath[, ...]","Factory function for creating a subclass of Styler .

Uses custom templates and Jinja environment.

Examples

Please see: Table Visualization for more examples.",https://pandas.pydata.org/docs/reference/api/pandas.io.formats.style.Styler.from_custom_template.html
Styling,Styler properties,Styler.env,,,https://pandas.pydata.org/docs/reference/api/pandas.io.formats.style.Styler.env.html
Styling,Styler properties,Styler.template_html,,,https://pandas.pydata.org/docs/reference/api/pandas.io.formats.style.Styler.template_html.html
Styling,Styler properties,Styler.template_html_style,,,https://pandas.pydata.org/docs/reference/api/pandas.io.formats.style.Styler.template_html_style.html
Styling,Styler properties,Styler.template_html_table,,,https://pandas.pydata.org/docs/reference/api/pandas.io.formats.style.Styler.template_html_table.html
Styling,Styler properties,Styler.template_latex,,,https://pandas.pydata.org/docs/reference/api/pandas.io.formats.style.Styler.template_latex.html
Styling,Styler properties,Styler.template_typst,,,https://pandas.pydata.org/docs/reference/api/pandas.io.formats.style.Styler.template_typst.html
Styling,Styler properties,Styler.template_string,,,https://pandas.pydata.org/docs/reference/api/pandas.io.formats.style.Styler.template_string.html
Styling,Styler properties,Styler.loader,,,https://pandas.pydata.org/docs/reference/api/pandas.io.formats.style.Styler.loader.html
Styling,Style application,Styler.apply,"func[, axis, subset]","Apply a CSS-styling function column-wise, row-wise, or table-wise.

Updates the HTML representation with the result.

Notes

The elements of the output of func should be CSS styles as strings, in the
format ‘attribute: value; attribute2: value2; …’ or,
if nothing is to be applied to that element, an empty string or None .

This is similar to DataFrame.apply , except that axis=None applies the function to the entire DataFrame at once,
rather than column-wise or row-wise.

Examples

Using subset to restrict application to a single column or multiple columns

Using a 2d input to subset to select rows in addition to columns

Using a function which returns a Series / DataFrame of unequal length but
containing valid index labels

See Table Visualization user guide for
more details.",https://pandas.pydata.org/docs/reference/api/pandas.io.formats.style.Styler.apply.html
Styling,Style application,Styler.map,"func[, subset]","Apply a CSS-styling function elementwise.

Updates the HTML representation with the result.

Notes

The elements of the output of func should be CSS styles as strings, in the
format ‘attribute: value; attribute2: value2; …’ or,
if nothing is to be applied to that element, an empty string or None .

Examples

Using subset to restrict application to a single column or multiple columns

Using a 2d input to subset to select rows in addition to columns

See Table Visualization user guide for
more details.",https://pandas.pydata.org/docs/reference/api/pandas.io.formats.style.Styler.map.html
Styling,Style application,Styler.apply_index,"func[, axis, level]","Apply a CSS-styling function to the index or column headers, level-wise.

Updates the HTML representation with the result.

Notes

Each input to func will be the index as a Series, if an Index, or a level
of a MultiIndex. The output of func should be an identically sized array
of CSS styles as strings, in the format
‘attribute: value; attribute2: value2; …’ or, if nothing is to be applied
to that element, an empty string or None .

Examples

Basic usage to conditionally highlight values in the index.

Selectively applying to specific levels of MultiIndex columns.",https://pandas.pydata.org/docs/reference/api/pandas.io.formats.style.Styler.apply_index.html
Styling,Style application,Styler.map_index,"func[, axis, level]","Apply a CSS-styling function to the index or column headers, elementwise.

Updates the HTML representation with the result.

Notes

Each input to func will be an index value, if an Index, or a level value of
a MultiIndex. The output of func should be CSS styles as a string, in the
format ‘attribute: value; attribute2: value2; …’ or, if nothing is to be
applied to that element, an empty string or None .

Examples

Basic usage to conditionally highlight values in the index.

Selectively applying to specific levels of MultiIndex columns.",https://pandas.pydata.org/docs/reference/api/pandas.io.formats.style.Styler.map_index.html
Styling,Style application,Styler.format,"[formatter, subset, na_rep, ...]","Format the text display value of cells.

Notes

This method assigns a formatting function, formatter , to each cell in the
DataFrame. If formatter is None , then the default formatter is used.
If a callable then that function should take a data value as input and return
a displayable representation, such as a string. If formatter is
given as a string this is assumed to be a valid Python format specification
and is wrapped to a callable as string.format(x) . If a dict is given,
keys should correspond to column names, and values should be string or
callable, as above.

The default formatter currently expresses floats and complex numbers with the
pandas display precision unless using the precision argument here. The
default formatter does not adjust the representation of missing values unless
the na_rep argument is used.

The subset argument defines which region to apply the formatting function
to. If the formatter argument is given in dict form but does not include
all columns within the subset then these columns will have the default formatter
applied. Any columns in the formatter dict excluded from the subset will
be ignored.

When using a formatter string the dtypes must be compatible, otherwise a ValueError will be raised.

When instantiating a Styler, default formatting can be applied by setting the pandas.options :

Examples

Using na_rep and precision with the default formatter

Using a formatter specification on consistent column dtypes

Using the default formatter for unspecified columns

Multiple na_rep or precision specifications under the default formatter .

Using a callable formatter function.

Using a formatter with HTML escape and na_rep .

Using a formatter with escape in ‘latex’ mode.

Applying escape in ‘latex-math’ mode. In the example below
we enter math mode using the character $ .

We can use the character \( to enter math mode and the character \) to close math mode.

If we have in one DataFrame cell a combination of both shorthands
for math formulas, the shorthand with the sign $ will be applied.

Pandas defines a number-format pseudo CSS attribute instead of the .format method to create to_excel permissible formatting. Note that semi-colons are
CSS protected characters but used as separators in Excel’s format string.
Replace semi-colons with the section separator character (ASCII-245) when
defining the formatting here.",https://pandas.pydata.org/docs/reference/api/pandas.io.formats.style.Styler.format.html
Styling,Style application,Styler.format_index,"[formatter, axis, ...]","Format the text display value of index labels or column headers.

Notes

This method assigns a formatting function, formatter , to each level label
in the DataFrame’s index or column headers. If formatter is None ,
then the default formatter is used.
If a callable then that function should take a label value as input and return
a displayable representation, such as a string. If formatter is
given as a string this is assumed to be a valid Python format specification
and is wrapped to a callable as string.format(x) . If a dict is given,
keys should correspond to MultiIndex level numbers or names, and values should
be string or callable, as above.

The default formatter currently expresses floats and complex numbers with the
pandas display precision unless using the precision argument here. The
default formatter does not adjust the representation of missing values unless
the na_rep argument is used.

The level argument defines which levels of a MultiIndex to apply the
method to. If the formatter argument is given in dict form but does
not include all levels within the level argument then these unspecified levels
will have the default formatter applied. Any levels in the formatter dict
specifically excluded from the level argument will be ignored.

When using a formatter string the dtypes must be compatible, otherwise a ValueError will be raised.

Examples

Using na_rep and precision with the default formatter

Using a formatter specification on consistent dtypes in a level

Using the default formatter for unspecified levels

Using a callable formatter function.

Using a formatter with HTML escape and na_rep .

Using a formatter with LaTeX escape .",https://pandas.pydata.org/docs/reference/api/pandas.io.formats.style.Styler.format_index.html
Styling,Style application,Styler.format_index_names,"[formatter, axis, ...]","Format the text display value of index names or column names.

Notes

This method has a similar signature to Styler.format_index() . Since names are generally label based, and often not numeric, the typical features
expected to be more frequently used here are escape and hyperlinks .

Examples",https://pandas.pydata.org/docs/reference/api/pandas.io.formats.style.Styler.format_index_names.html
Styling,Style application,Styler.relabel_index,"labels[, axis, level]","Relabel the index, or column header, keys to display a set of specified values.

Notes

As part of Styler, this method allows the display of an index to be
completely user-specified without affecting the underlying DataFrame data,
index, or column headers. This means that the flexibility of indexing is
maintained whilst the final display is customisable.

Since Styler is designed to be progressively constructed with method chaining,
this method is adapted to react to the currently specified hidden elements .
This is useful because it means one does not have to specify all the new
labels if the majority of an index, or column headers, have already been hidden.
The following produce equivalent display (note the length of labels in
each case).

This method should be used, rather than Styler.format_index() , in one of
the following cases (see examples):

Examples

Basic use

Chaining with pre-hidden elements

Using a MultiIndex

We can also achieve the above by indexing first and then re-labeling

Defining a formatting function which uses an enumeration counter. Also note
that the value of the index key is passed in the case of string labels so it
can also be inserted into the label, using curly brackets (or double curly
brackets if the string if pre-formatted),",https://pandas.pydata.org/docs/reference/api/pandas.io.formats.style.Styler.relabel_index.html
Styling,Style application,Styler.hide,"[subset, axis, level, names]","Hide the entire index / column headers, or specific rows / columns from display.

Notes

This method has multiple functionality depending upon the combination
of the subset , level and names arguments (see examples). The axis argument is used only to control whether the method is applied to row
or column headers:

Note this method only hides the identified elements so can be chained to hide
multiple elements in sequence.

Examples

Simple application hiding specific rows:

Hide the index and retain the data values:

Hide specific rows in a MultiIndex but retain the index:

Hide specific rows and the index through chaining:

Hide a specific level:

Hiding just the index level names:

Examples all produce equivalently transposed effects with axis=""columns"" .",https://pandas.pydata.org/docs/reference/api/pandas.io.formats.style.Styler.hide.html
Styling,Style application,Styler.concat,other,"Append another Styler to combine the output into a single table.

Notes

The purpose of this method is to extend existing styled dataframes with other
metrics that may be useful but may not conform to the original’s structure.
For example adding a sub total row, or displaying metrics such as means,
variance or counts.

Styles that are applied using the apply , map , apply_index and map_index , and formatting applied with format and format_index will be preserved.

The following should be noted:

A common use case is to concatenate user defined functions with DataFrame.agg or with described statistics via DataFrame.describe .
See examples.

Examples

A common use case is adding totals rows, or otherwise, via methods calculated
in DataFrame.agg .

Since the concatenated object is a Styler the existing functionality can be
used to conditionally format it as well as the original.

When other has fewer index levels than the original Styler it is possible
to extend the index in other , with placeholder levels.",https://pandas.pydata.org/docs/reference/api/pandas.io.formats.style.Styler.concat.html
Styling,Style application,Styler.set_td_classes,classes,"Set the class attribute of <td> HTML elements.

Notes

Can be used in combination with Styler.set_table_styles to define an
internal CSS solution without reference to external CSS files.

Examples

Using MultiIndex columns and a classes DataFrame as a subset of the
underlying,

Form of the output with new additional css classes,",https://pandas.pydata.org/docs/reference/api/pandas.io.formats.style.Styler.set_td_classes.html
Styling,Style application,Styler.set_table_styles,"[table_styles, ...]","Set the table styles included within the <style> HTML element.

This function can be used to style the entire table, columns, rows or
specific HTML selectors.

Notes

The default CSS classes dict, whose values can be replaced is as follows:

Examples

Or with CSS strings

Adding column styling by name

Adding row styling

See Table Visualization user guide for
more details.",https://pandas.pydata.org/docs/reference/api/pandas.io.formats.style.Styler.set_table_styles.html
Styling,Style application,Styler.set_table_attributes,attributes,"Set the table attributes added to the <table> HTML element.

These are items in addition to automatic (by default) id attribute.

Examples",https://pandas.pydata.org/docs/reference/api/pandas.io.formats.style.Styler.set_table_attributes.html
Styling,Style application,Styler.set_tooltips,"ttips[, props, ...]","Set the DataFrame of strings on Styler generating :hover tooltips.

These string based tooltips are only applicable to <td> HTML elements,
and cannot be used for column or index headers.

Notes

Tooltips are created by adding <span class=”pd-t”></span> to each data cell
and then manipulating the table level CSS to attach pseudo hover and pseudo
after selectors to produce the required the results.

The default properties for the tooltip CSS class are:

The property ‘visibility: hidden;’ is a key prerequisite to the hover
functionality, and should always be included in any manual properties
specification, using the props argument.

Tooltips are not designed to be efficient, and can add large amounts of
additional HTML for larger tables, since they also require that cell_ids is forced to True .

If multiline tooltips are required, or if styling is not required and/or
space is of concern, then utilizing as_title_attribute as True will store
the tooltip on the <td> title attribute. This will cause no CSS
to be generated nor will the <span> elements. Storing tooltips through
the title attribute will mean that tooltip styling effects do not apply.

Examples

Basic application

Optionally controlling the tooltip visual display

Multiline tooltips with smaller size footprint",https://pandas.pydata.org/docs/reference/api/pandas.io.formats.style.Styler.set_tooltips.html
Styling,Style application,Styler.set_caption,caption,"Set the text added to a <caption> HTML element.

Examples

Please see: Table Visualization for more examples.",https://pandas.pydata.org/docs/reference/api/pandas.io.formats.style.Styler.set_caption.html
Styling,Style application,Styler.set_sticky,"[axis, pixel_size, levels]","Add CSS to permanently display the index or column headers in a scrolling frame.

Notes

This method uses the CSS ‘position: sticky;’ property to display. It is
designed to work with visible axes, therefore both:

may produce strange behaviour due to CSS controls with missing elements.

Examples

Please see: Table Visualization for more examples.",https://pandas.pydata.org/docs/reference/api/pandas.io.formats.style.Styler.set_sticky.html
Styling,Style application,Styler.set_properties,[subset],"Set defined CSS-properties to each <td> HTML element for the given subset.

Notes

This is a convenience methods which wraps the Styler.map() calling a
function returning the CSS-properties independently of the data.

Examples

See Table Visualization user guide for
more details.",https://pandas.pydata.org/docs/reference/api/pandas.io.formats.style.Styler.set_properties.html
Styling,Style application,Styler.set_uuid,uuid,"Set the uuid applied to id attributes of HTML elements.

Notes

Almost all HTML elements within the table, and including the <table> element
are assigned id attributes. The format is T_uuid_<extra> where <extra> is typically a more specific identifier, such as row1_col2 .

Examples

You can get the id attributes with the following:

To add a title to column c1 , its id is T_20a7d_level0_col0:

Please see: Table visualization for more examples.",https://pandas.pydata.org/docs/reference/api/pandas.io.formats.style.Styler.set_uuid.html
Styling,Style application,Styler.clear,,"Reset the Styler , removing any previously applied styles.

Returns None.

Examples

After any added style:

Remove it with:

Please see: Table Visualization for more examples.",https://pandas.pydata.org/docs/reference/api/pandas.io.formats.style.Styler.clear.html
Styling,Style application,Styler.pipe,"func, *args, **kwargs","Apply func(self, *args, **kwargs) , and return the result.

Notes

Like DataFrame.pipe() , this method can simplify the
application of several user-defined functions to a styler.  Instead
of writing:

users can write:

In particular, this allows users to define functions that take a
styler object, along with other parameters, and return the styler after
making styling changes (such as calling Styler.apply() or Styler.set_properties() ).

Examples

Common Use

A common usage pattern is to pre-define styling operations which
can be easily applied to a generic styler in a single pipe call.

Since the method returns a Styler object it can be chained with other
methods as if applying the underlying highlighters directly.

Advanced Use

Sometimes it may be necessary to pre-define styling functions, but in the case
where those functions rely on the styler, data or context. Since Styler.use and Styler.export are designed to be non-data dependent,
they cannot be used for this purpose. Additionally the Styler.apply and Styler.format type methods are not context aware, so a solution
is to use pipe to dynamically wrap this functionality.

Suppose we want to code a generic styling function that highlights the final
level of a MultiIndex. The number of levels in the Index is dynamic so we
need the Styler context to define the level.

Additionally suppose we want to highlight a column header if there is any
missing data in that column.
In this case we need the data object itself to determine the effect on the
column headers.",https://pandas.pydata.org/docs/reference/api/pandas.io.formats.style.Styler.pipe.html
Styling,Builtin styles,Styler.highlight_null,"[color, subset, props]","Highlight missing values with a style.

Examples

Please see: Table Visualization for more examples.",https://pandas.pydata.org/docs/reference/api/pandas.io.formats.style.Styler.highlight_null.html
Styling,Builtin styles,Styler.highlight_max,"[subset, color, axis, ...]","Highlight the maximum with a style.

Examples

Please see: Table Visualization for more examples.",https://pandas.pydata.org/docs/reference/api/pandas.io.formats.style.Styler.highlight_max.html
Styling,Builtin styles,Styler.highlight_min,"[subset, color, axis, ...]","Highlight the minimum with a style.

Examples

Please see: Table Visualization for more examples.",https://pandas.pydata.org/docs/reference/api/pandas.io.formats.style.Styler.highlight_min.html
Styling,Builtin styles,Styler.highlight_between,"[subset, color, ...]","Highlight a defined range with a style.

Notes

If left is None only the right bound is applied.
If right is None only the left bound is applied. If both are None all values are highlighted.

axis is only needed if left or right are provided as a sequence or
an array-like object for aligning the shapes. If left and right are
both scalars then all axis inputs will give the same result.

This function only works with compatible dtypes . For example a datetime-like
region can only use equivalent datetime-like left and right arguments.
Use subset to control regions which have multiple dtypes .

Examples

Basic usage

Using a range input sequence along an axis , in this case setting a left and right for each column individually

Using axis=None and providing the left argument as an array that
matches the input DataFrame, with a constant right

Using props instead of default background coloring",https://pandas.pydata.org/docs/reference/api/pandas.io.formats.style.Styler.highlight_between.html
Styling,Builtin styles,Styler.highlight_quantile,"[subset, color, ...]","Highlight values defined by a quantile with a style.

Notes

This function does not work with str dtypes.

Examples

Using axis=None and apply a quantile to all collective data

Or highlight quantiles row-wise or column-wise, in this case by row-wise

Use props instead of default background coloring",https://pandas.pydata.org/docs/reference/api/pandas.io.formats.style.Styler.highlight_quantile.html
Styling,Builtin styles,Styler.background_gradient,"[cmap, low, ...]","Color the background in a gradient style.

The background color is determined according
to the data in each column, row or frame, or by a given
gradient map. Requires matplotlib.

Notes

When using low and high the range
of the gradient, given by the data if gmap is not given or by gmap ,
is extended at the low end effectively by map.min - low * map.range and at the high end by map.max + high * map.range before the colors are normalized and determined.

If combining with vmin and vmax the map.min , map.max and map.range are replaced by values according to the values derived from vmin and vmax .

This method will preselect numeric columns and ignore non-numeric columns
unless a gmap is supplied in which case no preselection occurs.

Examples

Shading the values column-wise, with axis=0 , preselecting numeric columns

Shading all values collectively using axis=None

Compress the color map from the both low and high ends

Manually setting vmin and vmax gradient thresholds

Setting a gmap and applying to all columns with another cmap

Setting the gradient map for a dataframe (i.e. axis=None ), we need to
explicitly state subset to match the gmap shape",https://pandas.pydata.org/docs/reference/api/pandas.io.formats.style.Styler.background_gradient.html
Styling,Builtin styles,Styler.text_gradient,"[cmap, low, high, ...]","Color the text in a gradient style.

The text color is determined according
to the data in each column, row or frame, or by a given
gradient map. Requires matplotlib.

Notes

When using low and high the range
of the gradient, given by the data if gmap is not given or by gmap ,
is extended at the low end effectively by map.min - low * map.range and at the high end by map.max + high * map.range before the colors are normalized and determined.

If combining with vmin and vmax the map.min , map.max and map.range are replaced by values according to the values derived from vmin and vmax .

This method will preselect numeric columns and ignore non-numeric columns
unless a gmap is supplied in which case no preselection occurs.

Examples

Shading the values column-wise, with axis=0 , preselecting numeric columns

Shading all values collectively using axis=None

Compress the color map from the both low and high ends

Manually setting vmin and vmax gradient thresholds

Setting a gmap and applying to all columns with another cmap

Setting the gradient map for a dataframe (i.e. axis=None ), we need to
explicitly state subset to match the gmap shape",https://pandas.pydata.org/docs/reference/api/pandas.io.formats.style.Styler.text_gradient.html
Styling,Builtin styles,Styler.bar,"[subset, axis, color, cmap, ...]","Draw bar chart in the cell backgrounds.

Notes

This section of the user guide: Table Visualization gives
a number of examples for different settings and color coordination.

Examples",https://pandas.pydata.org/docs/reference/api/pandas.io.formats.style.Styler.bar.html
Styling,Style export and import,Styler.to_html,"[buf, table_uuid, ...]","Write Styler to a file, buffer or string in HTML-CSS format.

Examples",https://pandas.pydata.org/docs/reference/api/pandas.io.formats.style.Styler.to_html.html
Styling,Style export and import,Styler.to_latex,"[buf, column_format, ...]","Write Styler to a file, buffer or string in LaTeX format.

Notes

Latex Packages

For the following features we recommend the following LaTeX inclusions:

Cell Styles

LaTeX styling can only be rendered if the accompanying styling functions have
been constructed with appropriate LaTeX commands. All styling
functionality is built around the concept of a CSS (<attribute>, <value>) pair (see Table Visualization ), and this
should be replaced by a LaTeX (<command>, <options>) approach. Each cell will be styled individually
using nested LaTeX commands with their accompanied options.

For example the following code will highlight and bold a cell in HTML-CSS:

The equivalent using LaTeX only commands is the following:

Internally these structured LaTeX (<command>, <options>) pairs
are translated to the display_value with the default structure: \<command><options> <display_value> .
Where there are multiple commands the latter is nested recursively, so that
the above example highlighted cell is rendered as \cellcolor{red} \bfseries 4 .

Occasionally this format does not suit the applied command, or
combination of LaTeX packages that is in use, so additional flags can be
added to the <options> , within the tuple, to result in different
positions of required braces (the default being the same as --nowrap ):

For example the textbf command for font-weight
should always be used with –rwrap so ('textbf', '--rwrap') will render a
working cell, wrapped with braces, as \textbf{<display_value>} .

A more comprehensive example is as follows:

Table Styles

Internally Styler uses its table_styles object to parse the column_format , position , position_float , and label input arguments. These arguments are added to table styles in the format:

Exception is made for the hrules argument which, in fact, controls all three
commands: toprule , bottomrule and midrule simultaneously. Instead of
setting hrules to True , it is also possible to set each
individual rule definition, by manually setting the table_styles ,
for example below we set a regular toprule , set an hline for bottomrule and exclude the midrule :

If other commands are added to table styles they will be detected, and
positioned immediately above the ‘\begin{tabular}’ command. For example to
add odd and even row coloring, from the {colortbl} package, in format \rowcolors{1}{pink}{red} , use:

A more comprehensive example using these arguments is as follows:

Formatting

To format values Styler.format() should be used prior to calling Styler.to_latex , as well as other methods such as Styler.hide() for example:

CSS Conversion

This method can convert a Styler constructured with HTML-CSS to LaTeX using
the following limited conversions.

It is also possible to add user-defined LaTeX only styles to a HTML-CSS Styler
using the --latex flag, and to add LaTeX parsing options that the
converter will detect within a CSS-comment.

Examples

Below we give a complete step by step example adding some advanced features
and noting some common gotchas.

First we create the DataFrame and Styler as usual, including MultiIndex rows
and columns, which allow for more advanced formatting options:

Second we will format the display and, since our table is quite wide, will
hide the repeated level-0 of the index:

Note that one of the string entries of the index and column headers is “H&M”.
Without applying the escape=”latex” option to the format_index method the
resultant LaTeX will fail to render, and the error returned is quite
difficult to debug. Using the appropriate escape the “&” is converted to “\&”.

Thirdly we will apply some (CSS-HTML) styles to our object. We will use a
builtin method and also define our own method to highlight the stock
recommendation:

All the above styles will work with HTML (see below) and LaTeX upon conversion:

However, we finally want to add one LaTeX only style
(from the {graphicx} package), that is not easy to convert from CSS and
pandas does not support it. Notice the –latex flag used here,
as well as –rwrap to ensure this is formatted correctly and
not ignored upon conversion.

Finally we render our LaTeX adding in other options as required:",https://pandas.pydata.org/docs/reference/api/pandas.io.formats.style.Styler.to_latex.html
Styling,Style export and import,Styler.to_typst,"[buf, encoding, ...]","Write Styler to a file, buffer or string in Typst format.

Examples",https://pandas.pydata.org/docs/reference/api/pandas.io.formats.style.Styler.to_typst.html
Styling,Style export and import,Styler.to_excel,"excel_writer[, sheet_name, ...]","Write Styler to an Excel sheet.

To write a single Styler to an Excel .xlsx file it is only necessary to
specify a target file name. To write to multiple sheets it is necessary to
create an ExcelWriter object with a target file name, and specify a sheet
in the file to write to.

Multiple sheets may be written to by specifying unique sheet_name .
With all data written to the file it is necessary to save the changes.
Note that creating an ExcelWriter object with a file name that already exists
will overwrite the existing file because the default mode is write.

Notes

For compatibility with to_csv() ,
to_excel serializes lists and dicts to strings before writing.

Once a workbook has been saved it is not possible to write further
data without rewriting the whole workbook.

pandas will check the number of rows, columns,
and cell character count does not exceed Excel’s limitations.
All other limitations must be checked by the user.

Examples

Create, write to and save a workbook:

To specify the sheet name:

If you wish to write to more than one sheet in the workbook, it is
necessary to specify an ExcelWriter object:

ExcelWriter can also be used to append to an existing Excel file:

To set the library that is used to write the Excel file,
you can pass the engine keyword (the default engine is
automatically chosen depending on the file extension):",https://pandas.pydata.org/docs/reference/api/pandas.io.formats.style.Styler.to_excel.html
Styling,Style export and import,Styler.to_string,"[buf, encoding, ...]","Write Styler to a file, buffer or string in text format.

Examples",https://pandas.pydata.org/docs/reference/api/pandas.io.formats.style.Styler.to_string.html
Styling,Style export and import,Styler.export,,"Export the styles applied to the current Styler.

Can be applied to a second Styler with Styler.use .

Notes

This method is designed to copy non-data dependent attributes of
one Styler to another. It differs from Styler.copy where data and
data dependent attributes are also copied.

The following items are exported since they are not generally data dependent:

The following attributes are considered data dependent and therefore not
exported:

Examples",https://pandas.pydata.org/docs/reference/api/pandas.io.formats.style.Styler.export.html
Styling,Style export and import,Styler.use,styles,"Set the styles on the current Styler.

Possibly uses styles from Styler.export .

Examples",https://pandas.pydata.org/docs/reference/api/pandas.io.formats.style.Styler.use.html
Extensions,Extensions,api.extensions.register_extension_dtype,cls,"Register an ExtensionType with pandas as class decorator.

This enables operations like .astype(name) for the name
of the ExtensionDtype.

Examples",https://pandas.pydata.org/docs/reference/api/pandas.api.extensions.register_extension_dtype.html
Extensions,Extensions,api.extensions.register_dataframe_accessor,name,"Register a custom accessor on DataFrame objects.

Notes

This function allows you to register a custom-defined accessor class for DataFrame.
The requirements for the accessor class are as follows:

Examples

An accessor that only accepts integers could
have a class defined like this:",https://pandas.pydata.org/docs/reference/api/pandas.api.extensions.register_dataframe_accessor.html
Extensions,Extensions,api.extensions.register_series_accessor,name,"Register a custom accessor on Series objects.

Notes

This function allows you to register a custom-defined accessor class for Series.
The requirements for the accessor class are as follows:

Examples

An accessor that only accepts integers could
have a class defined like this:",https://pandas.pydata.org/docs/reference/api/pandas.api.extensions.register_series_accessor.html
Extensions,Extensions,api.extensions.register_index_accessor,name,"Register a custom accessor on Index objects.

Notes

This function allows you to register a custom-defined accessor class for Index.
The requirements for the accessor class are as follows:

Examples

An accessor that only accepts integers could
have a class defined like this:",https://pandas.pydata.org/docs/reference/api/pandas.api.extensions.register_index_accessor.html
Extensions,Extensions,api.extensions.ExtensionDtype,,"A custom data type, to be paired with an ExtensionArray.

This enables support for third-party and custom dtypes within the
pandas ecosystem. By implementing this interface and pairing it with a custom ExtensionArray , users can create rich data types that integrate cleanly
with pandas operations, such as grouping, joining, or aggregation.

Notes

The interface includes the following abstract methods that must
be implemented by subclasses:

The following attributes and methods influence the behavior of the dtype in
pandas operations

The na_value class attribute can be used to set the default NA value
for this type. numpy.nan is used by default.

ExtensionDtypes are required to be hashable. The base class provides
a default implementation, which relies on the _metadata class
attribute. _metadata should be a tuple containing the strings
that define your data type. For example, with PeriodDtype that’s
the freq attribute.

If you have a parametrized dtype you should set the ``_metadata``
class property .

Ideally, the attributes in _metadata will match the
parameters to your ExtensionDtype.__init__ (if any). If any of
the attributes in _metadata don’t implement the standard __eq__ or __hash__ , the default implementations here will not
work.

Examples

For interaction with Apache Arrow (pyarrow), a __from_arrow__ method
can be implemented: this method receives a pyarrow Array or ChunkedArray
as only argument and is expected to return the appropriate pandas
ExtensionArray for this dtype and the passed values:

This class does not inherit from ‘abc.ABCMeta’ for performance reasons.
Methods and properties required by the interface raise pandas.errors.AbstractMethodError and no register method is
provided for registering virtual subclasses.

Attributes

Methods",https://pandas.pydata.org/docs/reference/api/pandas.api.extensions.ExtensionDtype.html
Extensions,Extensions,api.extensions.ExtensionArray,,"Abstract base class for custom 1-D array types.

pandas will recognize instances of this class as proper arrays
with a custom type and will not attempt to coerce them to objects. They
may be stored directly inside a DataFrame or Series .

Attributes

Methods

Notes

The interface includes the following abstract methods that must be
implemented by subclasses:

A default repr displaying the type, (truncated) data, length,
and dtype is provided. It can be customized or replaced by
by overriding:

Some methods require casting the ExtensionArray to an ndarray of Python
objects with self.astype(object) , which may be expensive. When
performance is a concern, we highly recommend overriding the following
methods:

The remaining methods implemented on this class should be performant,
as they only compose abstract methods. Still, a more efficient
implementation may be available, and these methods can be overridden.

One can implement methods to handle array accumulations or reductions.

One can implement methods to handle parsing from strings that will be used
in methods such as pandas.io.parsers.read_csv .

This class does not inherit from ‘abc.ABCMeta’ for performance reasons.
Methods and properties required by the interface raise pandas.errors.AbstractMethodError and no register method is
provided for registering virtual subclasses.

ExtensionArrays are limited to 1 dimension.

They may be backed by none, one, or many NumPy arrays. For example, pandas.Categorical is an extension array backed by two arrays,
one for codes and one for categories. An array of IPv6 address may
be backed by a NumPy structured array with two fields, one for the
lower 64 bits and one for the upper 64 bits. Or they may be backed
by some other storage type, like Python lists. Pandas makes no
assumptions on how the data are stored, just that it can be converted
to a NumPy array.
The ExtensionArray interface does not impose any rules on how this data
is stored. However, currently, the backing data cannot be stored in
attributes called .values or ._values to ensure full compatibility
with pandas internals. But other names as .data , ._data , ._items , … can be freely used.

If implementing NumPy’s __array_ufunc__ interface, pandas expects
that

See NumPy universal functions for more.

By default, ExtensionArrays are not hashable.  Immutable subclasses may
override this behavior.

Examples

Please see the following:

pandas-dev/pandas",https://pandas.pydata.org/docs/reference/api/pandas.api.extensions.ExtensionArray.html
Extensions,Extensions,arrays.NumpyExtensionArray,"values[, copy]","A pandas ExtensionArray for NumPy data.

This is mostly for internal compatibility, and is not especially
useful on its own.

Attributes

Methods

Examples",https://pandas.pydata.org/docs/reference/api/pandas.arrays.NumpyExtensionArray.html
Extensions,Extensions,api.indexers.check_array_indexer,"array, indexer","Check if indexer is a valid array indexer for array .

For a boolean mask, array and indexer are checked to have the same
length. The dtype is validated, and if it is an integer or boolean
ExtensionArray, it is checked if there are missing values present, and
it is converted to the appropriate numpy array. Other dtypes will raise
an error.

Non-array indexers (integer, slice, Ellipsis, tuples, ..) are passed
through as is.

Examples

When checking a boolean mask, a boolean ndarray is returned when the
arguments are all valid.

An IndexError is raised when the lengths don’t match.

NA values in a boolean array are treated as False.

A numpy boolean mask will get passed through (if the length is correct):

Integer and slice indexers are passed through as is:

Similarly for integer indexers, an integer ndarray is returned when it is
a valid indexer, otherwise an error is  (for integer indexers, a matching
length is not required):

For non-integer/boolean dtypes, an appropriate error is raised:",https://pandas.pydata.org/docs/reference/api/pandas.api.indexers.check_array_indexer.html
Testing,Assertion functions,testing.assert_frame_equal,"left, right[, ...]","Check that left and right DataFrame are equal.

This function is intended to compare two DataFrames and output any
differences. It is mostly intended for use in unit tests.
Additional parameters allow varying the strictness of the
equality checks performed.

Examples

This example shows comparing two DataFrames that are equal
but with columns of differing dtypes.

df1 equals itself.

df1 differs from df2 as column ‘b’ is of a different type.

Attribute “dtype” are different
[left]:  int64
[right]: float64

Ignore differing dtypes in columns with check_dtype.",https://pandas.pydata.org/docs/reference/api/pandas.testing.assert_frame_equal.html
Testing,Assertion functions,testing.assert_series_equal,"left, right[, ...]","Check that left and right Series are equal.

Examples",https://pandas.pydata.org/docs/reference/api/pandas.testing.assert_series_equal.html
Testing,Assertion functions,testing.assert_index_equal,"left, right[, ...]","Check that left and right Index are equal.

Examples",https://pandas.pydata.org/docs/reference/api/pandas.testing.assert_index_equal.html
Testing,Assertion functions,testing.assert_extension_array_equal,"left, right","Check that left and right ExtensionArrays are equal.

This method compares two ExtensionArray instances for equality,
including checks for missing values, the dtype of the arrays, and
the exactness of the comparison (or tolerance when comparing floats).

Notes

Missing values are checked separately from valid values.
A mask of missing values is computed for each and checked to match.
The remaining all-valid values are cast to object dtype and checked.

Examples",https://pandas.pydata.org/docs/reference/api/pandas.testing.assert_extension_array_equal.html
Testing,Exceptions and warnings,errors.AbstractMethodError,"class_instance[, ...]","Raise this error instead of NotImplementedError for abstract methods.

The AbstractMethodError is designed for use in classes that follow an abstract
base class pattern. By raising this error in the method, it ensures that a subclass
must implement the method to provide specific functionality. This is useful in a
framework or library where certain methods must be implemented by the user to
ensure correct behavior.

Examples",https://pandas.pydata.org/docs/reference/api/pandas.errors.AbstractMethodError.html
Testing,Exceptions and warnings,errors.AttributeConflictWarning,,"Warning raised when index attributes conflict when using HDFStore.

Occurs when attempting to append an index with a different
name than the existing index on an HDFStore or attempting to append an index with a
different frequency than the existing index on an HDFStore.

Examples",https://pandas.pydata.org/docs/reference/api/pandas.errors.AttributeConflictWarning.html
Testing,Exceptions and warnings,errors.CategoricalConversionWarning,,"Warning is raised when reading a partial labeled Stata file using an iterator.

This warning helps ensure data integrity and alerts users to potential issues
during the incremental reading of Stata files with labeled data, allowing for
additional checks and adjustments as necessary.

Examples",https://pandas.pydata.org/docs/reference/api/pandas.errors.CategoricalConversionWarning.html
Testing,Exceptions and warnings,errors.ChainedAssignmentError,,"Warning raised when trying to set using chained assignment.

With Copy-on-Write now always enabled, chained assignment can
never work. In such a situation, we are always setting into a temporary
object that is the result of an indexing operation (getitem), which under
Copy-on-Write always behaves as a copy. Thus, assigning through a chain
can never update the original Series or DataFrame.

For more information on Copy-on-Write,
see the user guide .

Examples",https://pandas.pydata.org/docs/reference/api/pandas.errors.ChainedAssignmentError.html
Testing,Exceptions and warnings,errors.ClosedFileError,,"Exception is raised when trying to perform an operation on a closed HDFStore file.

ClosedFileError is specific to operations on HDFStore objects. Once an
HDFStore is closed, its resources are no longer available, and any further attempt
to access data or perform file operations will raise this exception.

Examples",https://pandas.pydata.org/docs/reference/api/pandas.errors.ClosedFileError.html
Testing,Exceptions and warnings,errors.CSSWarning,,"Warning is raised when converting css styling fails.

This can be due to the styling not having an equivalent value or because the
styling isn’t properly formatted.

Examples",https://pandas.pydata.org/docs/reference/api/pandas.errors.CSSWarning.html
Testing,Exceptions and warnings,errors.DatabaseError,,"Error is raised when executing SQL with bad syntax or SQL that throws an error.

Raised by pandas.read_sql() when a bad SQL statement is passed in.

Examples",https://pandas.pydata.org/docs/reference/api/pandas.errors.DatabaseError.html
Testing,Exceptions and warnings,errors.DataError,,"Exception raised when performing an operation on non-numerical data.

For example, calling ohlc on a non-numerical column or a function
on a rolling window.

Examples",https://pandas.pydata.org/docs/reference/api/pandas.errors.DataError.html
Testing,Exceptions and warnings,errors.DtypeWarning,,"Warning raised when reading different dtypes in a column from a file.

Raised for a dtype incompatibility. This can happen whenever read_csv or read_table encounter non-uniform dtypes in a column(s) of a given
CSV file.

Notes

This warning is issued when dealing with larger files because the dtype
checking happens per chunk read.

Despite the warning, the CSV file is read with mixed types in a single
column which will be an object type. See the examples below to better
understand this issue.

Examples

This example creates and reads a large CSV file with a column that contains int and str .

Important to notice that df2 will contain both str and int for the
same input, ‘1’.

One way to solve this issue is using the dtype parameter in the read_csv and read_table functions to explicit the conversion:

No warning was issued.",https://pandas.pydata.org/docs/reference/api/pandas.errors.DtypeWarning.html
Testing,Exceptions and warnings,errors.DuplicateLabelError,,"Error raised when an operation would introduce duplicate labels.

This error is typically encountered when performing operations on objects
with allows_duplicate_labels=False and the operation would result in
duplicate labels in the index. Duplicate labels can lead to ambiguities
in indexing and reduce data integrity.

Examples",https://pandas.pydata.org/docs/reference/api/pandas.errors.DuplicateLabelError.html
Testing,Exceptions and warnings,errors.EmptyDataError,,"Exception raised in pd.read_csv when empty data or header is encountered.

This error is typically encountered when attempting to read an empty file or
an invalid file where no data or headers are present.

Examples",https://pandas.pydata.org/docs/reference/api/pandas.errors.EmptyDataError.html
Testing,Exceptions and warnings,errors.IncompatibilityWarning,,Warning raised when trying to use where criteria on an incompatible HDF5 file.,https://pandas.pydata.org/docs/reference/api/pandas.errors.IncompatibilityWarning.html
Testing,Exceptions and warnings,errors.IncompatibleFrequency,,"Raised when trying to compare or operate between Periods with different frequencies.

This error occurs when performing operations between Period objects or
PeriodArrays that have different frequencies that cannot be aligned,
such as comparing or doing arithmetic on periods with mismatched frequencies.

Examples

Trying to compare Period objects with different frequencies:",https://pandas.pydata.org/docs/reference/api/pandas.errors.IncompatibleFrequency.html
Testing,Exceptions and warnings,errors.IndexingError,,"Exception is raised when trying to index and there is a mismatch in dimensions.

Raised by properties like pandas.DataFrame.iloc when
an indexer is out of bounds or pandas.DataFrame.loc when its index is
unalignable to the frame index.

Examples",https://pandas.pydata.org/docs/reference/api/pandas.errors.IndexingError.html
Testing,Exceptions and warnings,errors.InvalidColumnName,,"Warning raised by to_stata the column contains a non-valid stata name.

Because the column name is an invalid Stata variable, the name needs to be
converted.

Examples",https://pandas.pydata.org/docs/reference/api/pandas.errors.InvalidColumnName.html
Testing,Exceptions and warnings,errors.InvalidComparison,,"Exception is raised by _validate_comparison_value to indicate an invalid comparison.

Notes

This is an internal error.",https://pandas.pydata.org/docs/reference/api/pandas.errors.InvalidComparison.html
Testing,Exceptions and warnings,errors.InvalidIndexError,,"Exception raised when attempting to use an invalid index key.

This exception is triggered when a user attempts to access or manipulate
data in a pandas DataFrame or Series using an index key that is not valid
for the given object. This may occur in cases such as using a malformed
slice, a mismatched key for a MultiIndex , or attempting to access an index
element that does not exist.

Examples",https://pandas.pydata.org/docs/reference/api/pandas.errors.InvalidIndexError.html
Testing,Exceptions and warnings,errors.InvalidVersion,,"An invalid version was found, users should refer to PEP 440.

The InvalidVersion exception is raised when a version string is
improperly formatted. Pandas uses this exception to ensure that all
version strings are PEP 440 compliant.

Examples",https://pandas.pydata.org/docs/reference/api/pandas.errors.InvalidVersion.html
Testing,Exceptions and warnings,errors.IntCastingNaNError,,"Exception raised when converting ( astype ) an array with NaN to an integer type.

This error occurs when attempting to cast a data structure containing non-finite
values (such as NaN or infinity) to an integer data type. Integer types do not
support non-finite values, so such conversions are explicitly disallowed to
prevent silent data corruption or unexpected behavior.

Examples",https://pandas.pydata.org/docs/reference/api/pandas.errors.IntCastingNaNError.html
Testing,Exceptions and warnings,errors.LossySetitemError,,"Raised when trying to do a __setitem__ on an np.ndarray that is not lossless.

Notes

This is an internal error.",https://pandas.pydata.org/docs/reference/api/pandas.errors.LossySetitemError.html
Testing,Exceptions and warnings,errors.MergeError,,"Exception raised when merging data.

Subclass of ValueError .

Examples",https://pandas.pydata.org/docs/reference/api/pandas.errors.MergeError.html
Testing,Exceptions and warnings,errors.NoBufferPresent,,Exception is raised in _get_data_buffer to signal that there is no requested buffer.,https://pandas.pydata.org/docs/reference/api/pandas.errors.NoBufferPresent.html
Testing,Exceptions and warnings,errors.NullFrequencyError,,"Exception raised when a freq cannot be null.

Particularly DatetimeIndex.shift , TimedeltaIndex.shift , PeriodIndex.shift .

Examples",https://pandas.pydata.org/docs/reference/api/pandas.errors.NullFrequencyError.html
Testing,Exceptions and warnings,errors.NumbaUtilError,,"Error raised for unsupported Numba engine routines.

Examples",https://pandas.pydata.org/docs/reference/api/pandas.errors.NumbaUtilError.html
Testing,Exceptions and warnings,errors.NumExprClobberingError,,"Exception raised when trying to use a built-in numexpr name as a variable name.

eval or query will throw the error if the engine is set
to ‘numexpr’. ‘numexpr’ is the default engine value for these methods if the
numexpr package is installed.

Examples",https://pandas.pydata.org/docs/reference/api/pandas.errors.NumExprClobberingError.html
Testing,Exceptions and warnings,errors.OptionError,,"Exception raised for pandas.options.

Backwards compatible with KeyError checks.

Examples",https://pandas.pydata.org/docs/reference/api/pandas.errors.OptionError.html
Testing,Exceptions and warnings,errors.OutOfBoundsDatetime,,"Raised when the datetime is outside the range that can be represented.

This error occurs when attempting to convert or parse a datetime value
that exceeds the bounds supported by pandas’ internal datetime
representation.

Examples",https://pandas.pydata.org/docs/reference/api/pandas.errors.OutOfBoundsDatetime.html
Testing,Exceptions and warnings,errors.OutOfBoundsTimedelta,,"Raised when encountering a timedelta value that cannot be represented.

Representation should be within a timedelta64[ns].

Examples",https://pandas.pydata.org/docs/reference/api/pandas.errors.OutOfBoundsTimedelta.html
Testing,Exceptions and warnings,errors.PandasChangeWarning,,"Warning raised for any upcoming change.

Examples",https://pandas.pydata.org/docs/reference/api/pandas.errors.PandasChangeWarning.html
Testing,Exceptions and warnings,errors.Pandas4Warning,,"Warning raised for an upcoming change that will be enforced in pandas 4.0.

Examples",https://pandas.pydata.org/docs/reference/api/pandas.errors.Pandas4Warning.html
Testing,Exceptions and warnings,errors.Pandas5Warning,,"Warning raised for an upcoming change that will be enforced in pandas 5.0.

Examples",https://pandas.pydata.org/docs/reference/api/pandas.errors.Pandas5Warning.html
Testing,Exceptions and warnings,errors.PandasPendingDeprecationWarning,,"Warning raised for an upcoming change that is a PendingDeprecationWarning.

Examples",https://pandas.pydata.org/docs/reference/api/pandas.errors.PandasPendingDeprecationWarning.html
Testing,Exceptions and warnings,errors.PandasDeprecationWarning,,"Warning raised for an upcoming change that is a DeprecationWarning.

Examples",https://pandas.pydata.org/docs/reference/api/pandas.errors.PandasDeprecationWarning.html
Testing,Exceptions and warnings,errors.PandasFutureWarning,,"Warning raised for an upcoming change that is a FutureWarning.

Examples",https://pandas.pydata.org/docs/reference/api/pandas.errors.PandasFutureWarning.html
Testing,Exceptions and warnings,errors.ParserError,,"Exception that is raised by an error encountered in parsing file contents.

This is a generic error raised for errors encountered when functions like read_csv or read_html are parsing contents of a file.

Examples",https://pandas.pydata.org/docs/reference/api/pandas.errors.ParserError.html
Testing,Exceptions and warnings,errors.ParserWarning,,"Warning raised when reading a file that doesn’t use the default ‘c’ parser.

Raised by pd.read_csv and pd.read_table when it is necessary to change
parsers, generally from the default ‘c’ parser to ‘python’.

It happens due to a lack of support or functionality for parsing a
particular attribute of a CSV file with the requested engine.

Currently, ‘c’ unsupported options include the following parameters:

The warning can be avoided by adding engine=’python’ as a parameter in pd.read_csv and pd.read_table methods.

Examples

Using a sep in pd.read_csv other than a single character:

Adding engine=’python’ to pd.read_csv removes the Warning:",https://pandas.pydata.org/docs/reference/api/pandas.errors.ParserWarning.html
Testing,Exceptions and warnings,errors.PerformanceWarning,,"Warning raised when there is a possible performance impact.

Examples",https://pandas.pydata.org/docs/reference/api/pandas.errors.PerformanceWarning.html
Testing,Exceptions and warnings,errors.PossibleDataLossError,,"Exception raised when trying to open an HDFStore file when already opened.

This error is triggered when there is a potential risk of data loss due to
conflicting operations on an HDFStore file. It serves to prevent unintended
overwrites or data corruption by enforcing exclusive access to the file.

Examples",https://pandas.pydata.org/docs/reference/api/pandas.errors.PossibleDataLossError.html
Testing,Exceptions and warnings,errors.PossiblePrecisionLoss,,"Warning raised by to_stata on a column with a value outside or equal to int64.

When the column value is outside or equal to the int64 value the column is
converted to a float64 dtype.

Examples",https://pandas.pydata.org/docs/reference/api/pandas.errors.PossiblePrecisionLoss.html
Testing,Exceptions and warnings,errors.PyperclipException,,"Exception raised when clipboard functionality is unsupported.

Raised by to_clipboard() and read_clipboard() .",https://pandas.pydata.org/docs/reference/api/pandas.errors.PyperclipException.html
Testing,Exceptions and warnings,errors.PyperclipWindowsException,message,"Exception raised when clipboard functionality is unsupported by Windows.

Access to the clipboard handle would be denied due to some other
window process is accessing it.",https://pandas.pydata.org/docs/reference/api/pandas.errors.PyperclipWindowsException.html
Testing,Exceptions and warnings,errors.SpecificationError,,"Exception raised by agg when the functions are ill-specified.

The exception raised in two scenarios.

The first way is calling agg on a
Dataframe or Series using a nested renamer (dict-of-dict).

The second way is calling agg on a Dataframe with duplicated functions
names without assigning column name.

Examples",https://pandas.pydata.org/docs/reference/api/pandas.errors.SpecificationError.html
Testing,Exceptions and warnings,errors.UndefinedVariableError,"name[, is_local]","Exception raised by query or eval when using an undefined variable name.

It will also specify whether the undefined variable is local or not.

Examples",https://pandas.pydata.org/docs/reference/api/pandas.errors.UndefinedVariableError.html
Testing,Exceptions and warnings,errors.UnsortedIndexError,,"Error raised when slicing a MultiIndex which has not been lexsorted.

Subclass of KeyError .

Examples",https://pandas.pydata.org/docs/reference/api/pandas.errors.UnsortedIndexError.html
Testing,Exceptions and warnings,errors.UnsupportedFunctionCall,,"Exception raised when attempting to call a unsupported numpy function.

For example, np.cumsum(groupby_object) .

Examples",https://pandas.pydata.org/docs/reference/api/pandas.errors.UnsupportedFunctionCall.html
Testing,Exceptions and warnings,errors.ValueLabelTypeMismatch,,"Warning raised by to_stata on a category column that contains non-string values.

When exporting data to Stata format using the to_stata method, category columns
must have string values as labels. If a category column contains non-string values
(e.g., integers, floats, or other types), this warning is raised to indicate that
the Stata file may not correctly represent the data.

Examples",https://pandas.pydata.org/docs/reference/api/pandas.errors.ValueLabelTypeMismatch.html
Testing,Bug report function,show_versions,[as_json],"Provide useful information, important for bug reports.

It comprises info about hosting operation system, pandas version,
and versions of other installed relative packages.

Examples",https://pandas.pydata.org/docs/reference/api/pandas.show_versions.html
Testing,Test suite runner,test,"[extra_args, run_doctests]","Run the pandas test suite using pytest.

By default, runs with the marks -m “not slow and not network and not db”

Examples",https://pandas.pydata.org/docs/reference/api/pandas.test.html
