section,subsection,function_name,parameters,description,source_url
DataFrame,Constructor,DataFrame,"[data, index, columns, dtype, copy]","Two-dimensional, size-mutable, potentially heterogeneous tabular data.",https://pandas.pydata.org/docs/reference/api/pandas.DataFrame.html
DataFrame,Attributes and underlying data,DataFrame.index,,The index (row labels) of the DataFrame.,https://pandas.pydata.org/docs/reference/api/pandas.DataFrame.index.html
DataFrame,Attributes and underlying data,DataFrame.columns,,The column labels of the DataFrame.,https://pandas.pydata.org/docs/reference/api/pandas.DataFrame.columns.html
DataFrame,Attributes and underlying data,DataFrame.dtypes,,Return the dtypes in the DataFrame.,https://pandas.pydata.org/docs/reference/api/pandas.DataFrame.dtypes.html
DataFrame,Attributes and underlying data,DataFrame.info,"[verbose, buf, max_cols, ...]",Print a concise summary of a DataFrame.,https://pandas.pydata.org/docs/reference/api/pandas.DataFrame.info.html
DataFrame,Attributes and underlying data,DataFrame.select_dtypes,"[include, exclude]",Return a subset of the DataFrame's columns based on the column dtypes.,https://pandas.pydata.org/docs/reference/api/pandas.DataFrame.select_dtypes.html
DataFrame,Attributes and underlying data,DataFrame.values,,Return a Numpy representation of the DataFrame.,https://pandas.pydata.org/docs/reference/api/pandas.DataFrame.values.html
DataFrame,Attributes and underlying data,DataFrame.axes,,Return a list representing the axes of the DataFrame.,https://pandas.pydata.org/docs/reference/api/pandas.DataFrame.axes.html
DataFrame,Attributes and underlying data,DataFrame.ndim,,Return an int representing the number of axes / array dimensions.,https://pandas.pydata.org/docs/reference/api/pandas.DataFrame.ndim.html
DataFrame,Attributes and underlying data,DataFrame.size,,Return an int representing the number of elements in this object.,https://pandas.pydata.org/docs/reference/api/pandas.DataFrame.size.html
DataFrame,Attributes and underlying data,DataFrame.shape,,Return a tuple representing the dimensionality of the DataFrame.,https://pandas.pydata.org/docs/reference/api/pandas.DataFrame.shape.html
DataFrame,Attributes and underlying data,DataFrame.memory_usage,"[index, deep]",Return the memory usage of each column in bytes.,https://pandas.pydata.org/docs/reference/api/pandas.DataFrame.memory_usage.html
DataFrame,Attributes and underlying data,DataFrame.empty,,Indicator whether Series/DataFrame is empty.,https://pandas.pydata.org/docs/reference/api/pandas.DataFrame.empty.html
DataFrame,Attributes and underlying data,DataFrame.set_flags,"*[, copy, ...]",Return a new object with updated flags.,https://pandas.pydata.org/docs/reference/api/pandas.DataFrame.set_flags.html
DataFrame,Conversion,DataFrame.astype,"dtype[, copy, errors]",Cast a pandas object to a specified dtype dtype .,https://pandas.pydata.org/docs/reference/api/pandas.DataFrame.astype.html
DataFrame,Conversion,DataFrame.convert_dtypes,"[infer_objects, ...]",Convert columns from numpy dtypes to the best dtypes that support pd.NA .,https://pandas.pydata.org/docs/reference/api/pandas.DataFrame.convert_dtypes.html
DataFrame,Conversion,DataFrame.infer_objects,[copy],Attempt to infer better dtypes for object columns.,https://pandas.pydata.org/docs/reference/api/pandas.DataFrame.infer_objects.html
DataFrame,Conversion,DataFrame.copy,[deep],Make a copy of this object's indices and data.,https://pandas.pydata.org/docs/reference/api/pandas.DataFrame.copy.html
DataFrame,Conversion,DataFrame.to_numpy,"[dtype, copy, na_value]",Convert the DataFrame to a NumPy array.,https://pandas.pydata.org/docs/reference/api/pandas.DataFrame.to_numpy.html
DataFrame,"Indexing, iteration",DataFrame.head,[n],Return the first n rows.,https://pandas.pydata.org/docs/reference/api/pandas.DataFrame.head.html
DataFrame,"Indexing, iteration",DataFrame.at,,Access a single value for a row/column label pair.,https://pandas.pydata.org/docs/reference/api/pandas.DataFrame.at.html
DataFrame,"Indexing, iteration",DataFrame.iat,,Access a single value for a row/column pair by integer position.,https://pandas.pydata.org/docs/reference/api/pandas.DataFrame.iat.html
DataFrame,"Indexing, iteration",DataFrame.loc,,Access a group of rows and columns by label(s) or a boolean array.,https://pandas.pydata.org/docs/reference/api/pandas.DataFrame.loc.html
DataFrame,"Indexing, iteration",DataFrame.iloc,,Purely integer-location based indexing for selection by position.,https://pandas.pydata.org/docs/reference/api/pandas.DataFrame.iloc.html
DataFrame,"Indexing, iteration",DataFrame.insert,"loc, column, value[, ...]",Insert column into DataFrame at specified location.,https://pandas.pydata.org/docs/reference/api/pandas.DataFrame.insert.html
DataFrame,"Indexing, iteration",DataFrame.__iter__,,Iterate over info axis.,https://pandas.pydata.org/docs/reference/api/pandas.DataFrame.__iter__.html
DataFrame,"Indexing, iteration",DataFrame.items,,"Iterate over (column name, Series) pairs.",https://pandas.pydata.org/docs/reference/api/pandas.DataFrame.items.html
DataFrame,"Indexing, iteration",DataFrame.keys,,Get the 'info axis' (see Indexing for more).,https://pandas.pydata.org/docs/reference/api/pandas.DataFrame.keys.html
DataFrame,"Indexing, iteration",DataFrame.iterrows,,"Iterate over DataFrame rows as (index, Series) pairs.",https://pandas.pydata.org/docs/reference/api/pandas.DataFrame.iterrows.html
DataFrame,"Indexing, iteration",DataFrame.itertuples,"[index, name]",Iterate over DataFrame rows as namedtuples.,https://pandas.pydata.org/docs/reference/api/pandas.DataFrame.itertuples.html
DataFrame,"Indexing, iteration",DataFrame.pop,item,Return item and drop it from DataFrame.,https://pandas.pydata.org/docs/reference/api/pandas.DataFrame.pop.html
DataFrame,"Indexing, iteration",DataFrame.tail,[n],Return the last n rows.,https://pandas.pydata.org/docs/reference/api/pandas.DataFrame.tail.html
DataFrame,"Indexing, iteration",DataFrame.xs,"key[, axis, level, drop_level]",Return cross-section from the Series/DataFrame.,https://pandas.pydata.org/docs/reference/api/pandas.DataFrame.xs.html
DataFrame,"Indexing, iteration",DataFrame.get,"key[, default]",Get item from object for given key (ex: DataFrame column).,https://pandas.pydata.org/docs/reference/api/pandas.DataFrame.get.html
DataFrame,"Indexing, iteration",DataFrame.isin,values,Whether each element in the DataFrame is contained in values.,https://pandas.pydata.org/docs/reference/api/pandas.DataFrame.isin.html
DataFrame,"Indexing, iteration",DataFrame.where,"cond[, other, inplace, ...]",Replace values where the condition is False.,https://pandas.pydata.org/docs/reference/api/pandas.DataFrame.where.html
DataFrame,"Indexing, iteration",DataFrame.mask,"cond[, other, inplace, axis, ...]",Replace values where the condition is True.,https://pandas.pydata.org/docs/reference/api/pandas.DataFrame.mask.html
DataFrame,"Indexing, iteration",DataFrame.query,"expr, *[, parser, engine, ...]",Query the columns of a DataFrame with a boolean expression.,https://pandas.pydata.org/docs/reference/api/pandas.DataFrame.query.html
DataFrame,"Indexing, iteration",DataFrame.isetitem,"loc, value",Set the given value in the column with position loc .,https://pandas.pydata.org/docs/reference/api/pandas.DataFrame.isetitem.html
DataFrame,Binary operator functions,DataFrame.__add__,other,"Get Addition of DataFrame and other, column-wise.",https://pandas.pydata.org/docs/reference/api/pandas.DataFrame.__add__.html
DataFrame,Binary operator functions,DataFrame.add,"other[, axis, level, fill_value]","Get Addition of dataframe and other, element-wise (binary operator add ).",https://pandas.pydata.org/docs/reference/api/pandas.DataFrame.add.html
DataFrame,Binary operator functions,DataFrame.sub,"other[, axis, level, fill_value]","Get Subtraction of dataframe and other, element-wise (binary operator sub ).",https://pandas.pydata.org/docs/reference/api/pandas.DataFrame.sub.html
DataFrame,Binary operator functions,DataFrame.mul,"other[, axis, level, fill_value]","Get Multiplication of dataframe and other, element-wise (binary operator mul ).",https://pandas.pydata.org/docs/reference/api/pandas.DataFrame.mul.html
DataFrame,Binary operator functions,DataFrame.div,"other[, axis, level, fill_value]","Get Floating division of dataframe and other, element-wise (binary operator truediv ).",https://pandas.pydata.org/docs/reference/api/pandas.DataFrame.div.html
DataFrame,Binary operator functions,DataFrame.truediv,"other[, axis, level, ...]","Get Floating division of dataframe and other, element-wise (binary operator truediv ).",https://pandas.pydata.org/docs/reference/api/pandas.DataFrame.truediv.html
DataFrame,Binary operator functions,DataFrame.floordiv,"other[, axis, level, ...]","Get Integer division of dataframe and other, element-wise (binary operator floordiv ).",https://pandas.pydata.org/docs/reference/api/pandas.DataFrame.floordiv.html
DataFrame,Binary operator functions,DataFrame.mod,"other[, axis, level, fill_value]","Get Modulo of dataframe and other, element-wise (binary operator mod ).",https://pandas.pydata.org/docs/reference/api/pandas.DataFrame.mod.html
DataFrame,Binary operator functions,DataFrame.pow,"other[, axis, level, fill_value]","Get Exponential power of dataframe and other, element-wise (binary operator pow ).",https://pandas.pydata.org/docs/reference/api/pandas.DataFrame.pow.html
DataFrame,Binary operator functions,DataFrame.dot,other,Compute the matrix multiplication between the DataFrame and other.,https://pandas.pydata.org/docs/reference/api/pandas.DataFrame.dot.html
DataFrame,Binary operator functions,DataFrame.radd,"other[, axis, level, fill_value]","Get Addition of dataframe and other, element-wise (binary operator radd ).",https://pandas.pydata.org/docs/reference/api/pandas.DataFrame.radd.html
DataFrame,Binary operator functions,DataFrame.rsub,"other[, axis, level, fill_value]","Get Subtraction of dataframe and other, element-wise (binary operator rsub ).",https://pandas.pydata.org/docs/reference/api/pandas.DataFrame.rsub.html
DataFrame,Binary operator functions,DataFrame.rmul,"other[, axis, level, fill_value]","Get Multiplication of dataframe and other, element-wise (binary operator rmul ).",https://pandas.pydata.org/docs/reference/api/pandas.DataFrame.rmul.html
DataFrame,Binary operator functions,DataFrame.rdiv,"other[, axis, level, fill_value]","Get Floating division of dataframe and other, element-wise (binary operator rtruediv ).",https://pandas.pydata.org/docs/reference/api/pandas.DataFrame.rdiv.html
DataFrame,Binary operator functions,DataFrame.rtruediv,"other[, axis, level, ...]","Get Floating division of dataframe and other, element-wise (binary operator rtruediv ).",https://pandas.pydata.org/docs/reference/api/pandas.DataFrame.rtruediv.html
DataFrame,Binary operator functions,DataFrame.rfloordiv,"other[, axis, level, ...]","Get Integer division of dataframe and other, element-wise (binary operator rfloordiv ).",https://pandas.pydata.org/docs/reference/api/pandas.DataFrame.rfloordiv.html
DataFrame,Binary operator functions,DataFrame.rmod,"other[, axis, level, fill_value]","Get Modulo of dataframe and other, element-wise (binary operator rmod ).",https://pandas.pydata.org/docs/reference/api/pandas.DataFrame.rmod.html
DataFrame,Binary operator functions,DataFrame.rpow,"other[, axis, level, fill_value]","Get Exponential power of dataframe and other, element-wise (binary operator rpow ).",https://pandas.pydata.org/docs/reference/api/pandas.DataFrame.rpow.html
DataFrame,Binary operator functions,DataFrame.lt,"other[, axis, level]","Get Greater than of dataframe and other, element-wise (binary operator lt ).",https://pandas.pydata.org/docs/reference/api/pandas.DataFrame.lt.html
DataFrame,Binary operator functions,DataFrame.gt,"other[, axis, level]","Get Greater than of dataframe and other, element-wise (binary operator gt ).",https://pandas.pydata.org/docs/reference/api/pandas.DataFrame.gt.html
DataFrame,Binary operator functions,DataFrame.le,"other[, axis, level]","Get Greater than or equal to of dataframe and other, element-wise (binary operator le ).",https://pandas.pydata.org/docs/reference/api/pandas.DataFrame.le.html
DataFrame,Binary operator functions,DataFrame.ge,"other[, axis, level]","Get Greater than or equal to of dataframe and other, element-wise (binary operator ge ).",https://pandas.pydata.org/docs/reference/api/pandas.DataFrame.ge.html
DataFrame,Binary operator functions,DataFrame.ne,"other[, axis, level]","Get Not equal to of dataframe and other, element-wise (binary operator ne ).",https://pandas.pydata.org/docs/reference/api/pandas.DataFrame.ne.html
DataFrame,Binary operator functions,DataFrame.eq,"other[, axis, level]","Get Not equal to of dataframe and other, element-wise (binary operator eq ).",https://pandas.pydata.org/docs/reference/api/pandas.DataFrame.eq.html
DataFrame,Binary operator functions,DataFrame.combine,"other, func[, fill_value, ...]",Perform column-wise combine with another DataFrame.,https://pandas.pydata.org/docs/reference/api/pandas.DataFrame.combine.html
DataFrame,Binary operator functions,DataFrame.combine_first,other,Update null elements with value in the same location in other .,https://pandas.pydata.org/docs/reference/api/pandas.DataFrame.combine_first.html
DataFrame,"Function application, GroupBy & window",DataFrame.apply,"func[, axis, raw, ...]",Apply a function along an axis of the DataFrame.,https://pandas.pydata.org/docs/reference/api/pandas.DataFrame.apply.html
DataFrame,"Function application, GroupBy & window",DataFrame.map,"func[, na_action]",Apply a function to a Dataframe elementwise.,https://pandas.pydata.org/docs/reference/api/pandas.DataFrame.map.html
DataFrame,"Function application, GroupBy & window",DataFrame.pipe,"func, *args, **kwargs",Apply chainable functions that expect Series or DataFrames.,https://pandas.pydata.org/docs/reference/api/pandas.DataFrame.pipe.html
DataFrame,"Function application, GroupBy & window",DataFrame.agg,"[func, axis]",Aggregate using one or more operations over the specified axis.,https://pandas.pydata.org/docs/reference/api/pandas.DataFrame.agg.html
DataFrame,"Function application, GroupBy & window",DataFrame.aggregate,"[func, axis]",Aggregate using one or more operations over the specified axis.,https://pandas.pydata.org/docs/reference/api/pandas.DataFrame.aggregate.html
DataFrame,"Function application, GroupBy & window",DataFrame.transform,"func[, axis]",Call func on self producing a DataFrame with the same axis shape as self.,https://pandas.pydata.org/docs/reference/api/pandas.DataFrame.transform.html
DataFrame,"Function application, GroupBy & window",DataFrame.groupby,"[by, level, as_index, ...]",Group DataFrame using a mapper or by a Series of columns.,https://pandas.pydata.org/docs/reference/api/pandas.DataFrame.groupby.html
DataFrame,"Function application, GroupBy & window",DataFrame.rolling,"window[, min_periods, ...]",Provide rolling window calculations.,https://pandas.pydata.org/docs/reference/api/pandas.DataFrame.rolling.html
DataFrame,"Function application, GroupBy & window",DataFrame.expanding,"[min_periods, method]",Provide expanding window calculations.,https://pandas.pydata.org/docs/reference/api/pandas.DataFrame.expanding.html
DataFrame,"Function application, GroupBy & window",DataFrame.ewm,"[com, span, halflife, alpha, ...]",Provide exponentially weighted (EW) calculations.,https://pandas.pydata.org/docs/reference/api/pandas.DataFrame.ewm.html
DataFrame,Computations / descriptive stats,DataFrame.abs,,Return a Series/DataFrame with absolute numeric value of each element.,https://pandas.pydata.org/docs/reference/api/pandas.DataFrame.abs.html
DataFrame,Computations / descriptive stats,DataFrame.all,"*[, axis, bool_only, skipna]","Return whether all elements are True, potentially over an axis.",https://pandas.pydata.org/docs/reference/api/pandas.DataFrame.all.html
DataFrame,Computations / descriptive stats,DataFrame.any,"*[, axis, bool_only, skipna]","Return whether any element is True, potentially over an axis.",https://pandas.pydata.org/docs/reference/api/pandas.DataFrame.any.html
DataFrame,Computations / descriptive stats,DataFrame.clip,"[lower, upper, axis, inplace]",Trim values at input threshold(s).,https://pandas.pydata.org/docs/reference/api/pandas.DataFrame.clip.html
DataFrame,Computations / descriptive stats,DataFrame.corr,"[method, min_periods, ...]","Compute pairwise correlation of columns, excluding NA/null values.",https://pandas.pydata.org/docs/reference/api/pandas.DataFrame.corr.html
DataFrame,Computations / descriptive stats,DataFrame.corrwith,"other[, axis, drop, ...]",Compute pairwise correlation.,https://pandas.pydata.org/docs/reference/api/pandas.DataFrame.corrwith.html
DataFrame,Computations / descriptive stats,DataFrame.count,"[axis, numeric_only]",Count non-NA cells for each column or row.,https://pandas.pydata.org/docs/reference/api/pandas.DataFrame.count.html
DataFrame,Computations / descriptive stats,DataFrame.cov,"[min_periods, ddof, numeric_only]","Compute pairwise covariance of columns, excluding NA/null values.",https://pandas.pydata.org/docs/reference/api/pandas.DataFrame.cov.html
DataFrame,Computations / descriptive stats,DataFrame.cummax,"[axis, skipna, numeric_only]",Return cumulative maximum over a DataFrame or Series axis.,https://pandas.pydata.org/docs/reference/api/pandas.DataFrame.cummax.html
DataFrame,Computations / descriptive stats,DataFrame.cummin,"[axis, skipna, numeric_only]",Return cumulative minimum over a DataFrame or Series axis.,https://pandas.pydata.org/docs/reference/api/pandas.DataFrame.cummin.html
DataFrame,Computations / descriptive stats,DataFrame.cumprod,"[axis, skipna, numeric_only]",Return cumulative product over a DataFrame or Series axis.,https://pandas.pydata.org/docs/reference/api/pandas.DataFrame.cumprod.html
DataFrame,Computations / descriptive stats,DataFrame.cumsum,"[axis, skipna, numeric_only]",Return cumulative sum over a DataFrame or Series axis.,https://pandas.pydata.org/docs/reference/api/pandas.DataFrame.cumsum.html
DataFrame,Computations / descriptive stats,DataFrame.describe,"[percentiles, include, ...]",Generate descriptive statistics.,https://pandas.pydata.org/docs/reference/api/pandas.DataFrame.describe.html
DataFrame,Computations / descriptive stats,DataFrame.diff,"[periods, axis]",First discrete difference of element.,https://pandas.pydata.org/docs/reference/api/pandas.DataFrame.diff.html
DataFrame,Computations / descriptive stats,DataFrame.eval,"expr, *[, inplace]",Evaluate a string describing operations on DataFrame columns.,https://pandas.pydata.org/docs/reference/api/pandas.DataFrame.eval.html
DataFrame,Computations / descriptive stats,DataFrame.kurt,"*[, axis, skipna, numeric_only]",Return unbiased kurtosis over requested axis.,https://pandas.pydata.org/docs/reference/api/pandas.DataFrame.kurt.html
DataFrame,Computations / descriptive stats,DataFrame.kurtosis,"*[, axis, skipna, ...]",Return unbiased kurtosis over requested axis.,https://pandas.pydata.org/docs/reference/api/pandas.DataFrame.kurtosis.html
DataFrame,Computations / descriptive stats,DataFrame.max,"*[, axis, skipna, numeric_only]",Return the maximum of the values over the requested axis.,https://pandas.pydata.org/docs/reference/api/pandas.DataFrame.max.html
DataFrame,Computations / descriptive stats,DataFrame.mean,"*[, axis, skipna, numeric_only]",Return the mean of the values over the requested axis.,https://pandas.pydata.org/docs/reference/api/pandas.DataFrame.mean.html
DataFrame,Computations / descriptive stats,DataFrame.median,"*[, axis, skipna, numeric_only]",Return the median of the values over the requested axis.,https://pandas.pydata.org/docs/reference/api/pandas.DataFrame.median.html
DataFrame,Computations / descriptive stats,DataFrame.min,"*[, axis, skipna, numeric_only]",Return the minimum of the values over the requested axis.,https://pandas.pydata.org/docs/reference/api/pandas.DataFrame.min.html
DataFrame,Computations / descriptive stats,DataFrame.mode,"[axis, numeric_only, dropna]",Get the mode(s) of each element along the selected axis.,https://pandas.pydata.org/docs/reference/api/pandas.DataFrame.mode.html
DataFrame,Computations / descriptive stats,DataFrame.pct_change,"[periods, fill_method, ...]",Fractional change between the current and a prior element.,https://pandas.pydata.org/docs/reference/api/pandas.DataFrame.pct_change.html
DataFrame,Computations / descriptive stats,DataFrame.prod,"*[, axis, skipna, ...]",Return the product of the values over the requested axis.,https://pandas.pydata.org/docs/reference/api/pandas.DataFrame.prod.html
DataFrame,Computations / descriptive stats,DataFrame.product,"*[, axis, skipna, ...]",Return the product of the values over the requested axis.,https://pandas.pydata.org/docs/reference/api/pandas.DataFrame.product.html
DataFrame,Computations / descriptive stats,DataFrame.quantile,"[q, axis, numeric_only, ...]",Return values at the given quantile over requested axis.,https://pandas.pydata.org/docs/reference/api/pandas.DataFrame.quantile.html
DataFrame,Computations / descriptive stats,DataFrame.rank,"[axis, method, numeric_only, ...]",Compute numerical data ranks (1 through n) along axis.,https://pandas.pydata.org/docs/reference/api/pandas.DataFrame.rank.html
DataFrame,Computations / descriptive stats,DataFrame.round,[decimals],Round numeric columns in a DataFrame to a variable number of decimal places.,https://pandas.pydata.org/docs/reference/api/pandas.DataFrame.round.html
DataFrame,Computations / descriptive stats,DataFrame.sem,"*[, axis, skipna, ddof, ...]",Return unbiased standard error of the mean over requested axis.,https://pandas.pydata.org/docs/reference/api/pandas.DataFrame.sem.html
DataFrame,Computations / descriptive stats,DataFrame.skew,"*[, axis, skipna, numeric_only]",Return unbiased skew over requested axis.,https://pandas.pydata.org/docs/reference/api/pandas.DataFrame.skew.html
DataFrame,Computations / descriptive stats,DataFrame.sum,"*[, axis, skipna, ...]",Return the sum of the values over the requested axis.,https://pandas.pydata.org/docs/reference/api/pandas.DataFrame.sum.html
DataFrame,Computations / descriptive stats,DataFrame.std,"*[, axis, skipna, ddof, ...]",Return sample standard deviation over requested axis.,https://pandas.pydata.org/docs/reference/api/pandas.DataFrame.std.html
DataFrame,Computations / descriptive stats,DataFrame.var,"*[, axis, skipna, ddof, ...]",Return unbiased variance over requested axis.,https://pandas.pydata.org/docs/reference/api/pandas.DataFrame.var.html
DataFrame,Computations / descriptive stats,DataFrame.nunique,"[axis, dropna]",Count number of distinct elements in specified axis.,https://pandas.pydata.org/docs/reference/api/pandas.DataFrame.nunique.html
DataFrame,Computations / descriptive stats,DataFrame.value_counts,"[subset, normalize, ...]",Return a Series containing the frequency of each distinct row in the DataFrame.,https://pandas.pydata.org/docs/reference/api/pandas.DataFrame.value_counts.html
DataFrame,Reindexing / selection / label manipulation,DataFrame.add_prefix,"prefix[, axis]",Prefix labels with string prefix .,https://pandas.pydata.org/docs/reference/api/pandas.DataFrame.add_prefix.html
DataFrame,Reindexing / selection / label manipulation,DataFrame.add_suffix,"suffix[, axis]",Suffix labels with string suffix .,https://pandas.pydata.org/docs/reference/api/pandas.DataFrame.add_suffix.html
DataFrame,Reindexing / selection / label manipulation,DataFrame.align,"other[, join, axis, level, ...]",Align two objects on their axes with the specified join method.,https://pandas.pydata.org/docs/reference/api/pandas.DataFrame.align.html
DataFrame,Reindexing / selection / label manipulation,DataFrame.at_time,"time[, asof, axis]","Select values at particular time of day (e.g., 9:30AM).",https://pandas.pydata.org/docs/reference/api/pandas.DataFrame.at_time.html
DataFrame,Reindexing / selection / label manipulation,DataFrame.between_time,"start_time, end_time","Select values between particular times of the day (e.g., 9:00-9:30 AM).",https://pandas.pydata.org/docs/reference/api/pandas.DataFrame.between_time.html
DataFrame,Reindexing / selection / label manipulation,DataFrame.drop,"[labels, axis, index, ...]",Drop specified labels from rows or columns.,https://pandas.pydata.org/docs/reference/api/pandas.DataFrame.drop.html
DataFrame,Reindexing / selection / label manipulation,DataFrame.drop_duplicates,"[subset, keep, ...]",Return DataFrame with duplicate rows removed.,https://pandas.pydata.org/docs/reference/api/pandas.DataFrame.drop_duplicates.html
DataFrame,Reindexing / selection / label manipulation,DataFrame.duplicated,"[subset, keep]",Return boolean Series denoting duplicate rows.,https://pandas.pydata.org/docs/reference/api/pandas.DataFrame.duplicated.html
DataFrame,Reindexing / selection / label manipulation,DataFrame.equals,other,Test whether two objects contain the same elements.,https://pandas.pydata.org/docs/reference/api/pandas.DataFrame.equals.html
DataFrame,Reindexing / selection / label manipulation,DataFrame.filter,"[items, like, regex, axis]",Subset the DataFrame or Series according to the specified index labels.,https://pandas.pydata.org/docs/reference/api/pandas.DataFrame.filter.html
DataFrame,Reindexing / selection / label manipulation,DataFrame.idxmax,"[axis, skipna, numeric_only]",Return index of first occurrence of maximum over requested axis.,https://pandas.pydata.org/docs/reference/api/pandas.DataFrame.idxmax.html
DataFrame,Reindexing / selection / label manipulation,DataFrame.idxmin,"[axis, skipna, numeric_only]",Return index of first occurrence of minimum over requested axis.,https://pandas.pydata.org/docs/reference/api/pandas.DataFrame.idxmin.html
DataFrame,Reindexing / selection / label manipulation,DataFrame.reindex,"[labels, index, columns, ...]",Conform DataFrame to new index with optional filling logic.,https://pandas.pydata.org/docs/reference/api/pandas.DataFrame.reindex.html
DataFrame,Reindexing / selection / label manipulation,DataFrame.reindex_like,"other[, method, ...]",Return an object with matching indices as other object.,https://pandas.pydata.org/docs/reference/api/pandas.DataFrame.reindex_like.html
DataFrame,Reindexing / selection / label manipulation,DataFrame.rename,"[mapper, index, columns, ...]",Rename columns or index labels.,https://pandas.pydata.org/docs/reference/api/pandas.DataFrame.rename.html
DataFrame,Reindexing / selection / label manipulation,DataFrame.rename_axis,"[mapper, index, ...]",Set the name of the axis for the index or columns.,https://pandas.pydata.org/docs/reference/api/pandas.DataFrame.rename_axis.html
DataFrame,Reindexing / selection / label manipulation,DataFrame.reset_index,"[level, drop, ...]","Reset the index, or a level of it.",https://pandas.pydata.org/docs/reference/api/pandas.DataFrame.reset_index.html
DataFrame,Reindexing / selection / label manipulation,DataFrame.sample,"[n, frac, replace, ...]",Return a random sample of items from an axis of object.,https://pandas.pydata.org/docs/reference/api/pandas.DataFrame.sample.html
DataFrame,Reindexing / selection / label manipulation,DataFrame.set_axis,"labels, *[, axis, copy]",Assign desired index to given axis.,https://pandas.pydata.org/docs/reference/api/pandas.DataFrame.set_axis.html
DataFrame,Reindexing / selection / label manipulation,DataFrame.set_index,"keys, *[, drop, append, ...]",Set the DataFrame index using existing columns.,https://pandas.pydata.org/docs/reference/api/pandas.DataFrame.set_index.html
DataFrame,Reindexing / selection / label manipulation,DataFrame.take,"indices[, axis]",Return the elements in the given positional indices along an axis.,https://pandas.pydata.org/docs/reference/api/pandas.DataFrame.take.html
DataFrame,Reindexing / selection / label manipulation,DataFrame.truncate,"[before, after, axis, copy]",Truncate a Series or DataFrame before and after some index value.,https://pandas.pydata.org/docs/reference/api/pandas.DataFrame.truncate.html
DataFrame,Missing data handling,DataFrame.bfill,"*[, axis, inplace, limit, ...]",Fill NA/NaN values by using the next valid observation to fill the gap.,https://pandas.pydata.org/docs/reference/api/pandas.DataFrame.bfill.html
DataFrame,Missing data handling,DataFrame.dropna,"*[, axis, how, thresh, ...]",Remove missing values.,https://pandas.pydata.org/docs/reference/api/pandas.DataFrame.dropna.html
DataFrame,Missing data handling,DataFrame.ffill,"*[, axis, inplace, limit, ...]",Fill NA/NaN values by propagating the last valid observation to next valid.,https://pandas.pydata.org/docs/reference/api/pandas.DataFrame.ffill.html
DataFrame,Missing data handling,DataFrame.fillna,"value, *[, axis, inplace, ...]",Fill NA/NaN values with value .,https://pandas.pydata.org/docs/reference/api/pandas.DataFrame.fillna.html
DataFrame,Missing data handling,DataFrame.interpolate,"[method, axis, limit, ...]",Fill NaN values using an interpolation method.,https://pandas.pydata.org/docs/reference/api/pandas.DataFrame.interpolate.html
DataFrame,Missing data handling,DataFrame.isna,,Detect missing values.,https://pandas.pydata.org/docs/reference/api/pandas.DataFrame.isna.html
DataFrame,Missing data handling,DataFrame.isnull,,DataFrame.isnull is an alias for DataFrame.isna.,https://pandas.pydata.org/docs/reference/api/pandas.DataFrame.isnull.html
DataFrame,Missing data handling,DataFrame.notna,,Detect existing (non-missing) values.,https://pandas.pydata.org/docs/reference/api/pandas.DataFrame.notna.html
DataFrame,Missing data handling,DataFrame.notnull,,DataFrame.notnull is an alias for DataFrame.notna.,https://pandas.pydata.org/docs/reference/api/pandas.DataFrame.notnull.html
DataFrame,Missing data handling,DataFrame.replace,"[to_replace, value, ...]",Replace values given in to_replace with value .,https://pandas.pydata.org/docs/reference/api/pandas.DataFrame.replace.html
DataFrame,"Reshaping, sorting, transposing",DataFrame.droplevel,"level[, axis]",Return Series/DataFrame with requested index / column level(s) removed.,https://pandas.pydata.org/docs/reference/api/pandas.DataFrame.droplevel.html
DataFrame,"Reshaping, sorting, transposing",DataFrame.pivot,"*, columns[, index, values]",Return reshaped DataFrame organized by given index / column values.,https://pandas.pydata.org/docs/reference/api/pandas.DataFrame.pivot.html
DataFrame,"Reshaping, sorting, transposing",DataFrame.pivot_table,"[values, index, ...]",Create a spreadsheet-style pivot table as a DataFrame.,https://pandas.pydata.org/docs/reference/api/pandas.DataFrame.pivot_table.html
DataFrame,"Reshaping, sorting, transposing",DataFrame.reorder_levels,"order[, axis]",Rearrange index or column levels using input order .,https://pandas.pydata.org/docs/reference/api/pandas.DataFrame.reorder_levels.html
DataFrame,"Reshaping, sorting, transposing",DataFrame.sort_values,"by, *[, axis, ...]",Sort by the values along either axis.,https://pandas.pydata.org/docs/reference/api/pandas.DataFrame.sort_values.html
DataFrame,"Reshaping, sorting, transposing",DataFrame.sort_index,"*[, axis, level, ...]",Sort object by labels (along an axis).,https://pandas.pydata.org/docs/reference/api/pandas.DataFrame.sort_index.html
DataFrame,"Reshaping, sorting, transposing",DataFrame.nlargest,"n, columns[, keep]",Return the first n rows ordered by columns in descending order.,https://pandas.pydata.org/docs/reference/api/pandas.DataFrame.nlargest.html
DataFrame,"Reshaping, sorting, transposing",DataFrame.nsmallest,"n, columns[, keep]",Return the first n rows ordered by columns in ascending order.,https://pandas.pydata.org/docs/reference/api/pandas.DataFrame.nsmallest.html
DataFrame,"Reshaping, sorting, transposing",DataFrame.swaplevel,"[i, j, axis]",Swap levels i and j in a MultiIndex .,https://pandas.pydata.org/docs/reference/api/pandas.DataFrame.swaplevel.html
DataFrame,"Reshaping, sorting, transposing",DataFrame.stack,"[level, dropna, sort, ...]",Stack the prescribed level(s) from columns to index.,https://pandas.pydata.org/docs/reference/api/pandas.DataFrame.stack.html
DataFrame,"Reshaping, sorting, transposing",DataFrame.unstack,"[level, fill_value, sort]",Pivot a level of the (necessarily hierarchical) index labels.,https://pandas.pydata.org/docs/reference/api/pandas.DataFrame.unstack.html
DataFrame,"Reshaping, sorting, transposing",DataFrame.melt,"[id_vars, value_vars, ...]","Unpivot DataFrame from wide to long format, optionally leaving identifiers set.",https://pandas.pydata.org/docs/reference/api/pandas.DataFrame.melt.html
DataFrame,"Reshaping, sorting, transposing",DataFrame.explode,"column[, ignore_index]","Transform each element of a list-like to a row, replicating index values.",https://pandas.pydata.org/docs/reference/api/pandas.DataFrame.explode.html
DataFrame,"Reshaping, sorting, transposing",DataFrame.squeeze,[axis],Squeeze 1 dimensional axis objects into scalars.,https://pandas.pydata.org/docs/reference/api/pandas.DataFrame.squeeze.html
DataFrame,"Reshaping, sorting, transposing",DataFrame.to_xarray,,Return an xarray object from the pandas object.,https://pandas.pydata.org/docs/reference/api/pandas.DataFrame.to_xarray.html
DataFrame,"Reshaping, sorting, transposing",DataFrame.T,,The transpose of the DataFrame.,https://pandas.pydata.org/docs/reference/api/pandas.DataFrame.T.html
DataFrame,"Reshaping, sorting, transposing",DataFrame.transpose,"*args[, copy]",Transpose index and columns.,https://pandas.pydata.org/docs/reference/api/pandas.DataFrame.transpose.html
DataFrame,Combining / comparing / joining / merging,DataFrame.assign,**kwargs,Assign new columns to a DataFrame.,https://pandas.pydata.org/docs/reference/api/pandas.DataFrame.assign.html
DataFrame,Combining / comparing / joining / merging,DataFrame.compare,"other[, align_axis, ...]",Compare to another DataFrame and show the differences.,https://pandas.pydata.org/docs/reference/api/pandas.DataFrame.compare.html
DataFrame,Combining / comparing / joining / merging,DataFrame.join,"other[, on, how, lsuffix, ...]",Join columns of another DataFrame.,https://pandas.pydata.org/docs/reference/api/pandas.DataFrame.join.html
DataFrame,Combining / comparing / joining / merging,DataFrame.merge,"right[, how, on, left_on, ...]",Merge DataFrame or named Series objects with a database-style join.,https://pandas.pydata.org/docs/reference/api/pandas.DataFrame.merge.html
DataFrame,Combining / comparing / joining / merging,DataFrame.update,"other[, join, overwrite, ...]",Modify in place using non-NA values from another DataFrame.,https://pandas.pydata.org/docs/reference/api/pandas.DataFrame.update.html
DataFrame,Time Series-related,DataFrame.asfreq,"freq[, method, how, ...]",Convert time series to specified frequency.,https://pandas.pydata.org/docs/reference/api/pandas.DataFrame.asfreq.html
DataFrame,Time Series-related,DataFrame.asof,"where[, subset]",Return the last row(s) without any NaNs before where .,https://pandas.pydata.org/docs/reference/api/pandas.DataFrame.asof.html
DataFrame,Time Series-related,DataFrame.shift,"[periods, freq, axis, ...]",Shift index by desired number of periods with an optional time freq .,https://pandas.pydata.org/docs/reference/api/pandas.DataFrame.shift.html
DataFrame,Time Series-related,DataFrame.first_valid_index,,"Return index for first non-missing value or None, if no value is found.",https://pandas.pydata.org/docs/reference/api/pandas.DataFrame.first_valid_index.html
DataFrame,Time Series-related,DataFrame.last_valid_index,,"Return index for last non-missing value or None, if no value is found.",https://pandas.pydata.org/docs/reference/api/pandas.DataFrame.last_valid_index.html
DataFrame,Time Series-related,DataFrame.resample,"rule[, closed, label, ...]",Resample time-series data.,https://pandas.pydata.org/docs/reference/api/pandas.DataFrame.resample.html
DataFrame,Time Series-related,DataFrame.to_period,"[freq, axis, copy]",Convert DataFrame from DatetimeIndex to PeriodIndex.,https://pandas.pydata.org/docs/reference/api/pandas.DataFrame.to_period.html
DataFrame,Time Series-related,DataFrame.to_timestamp,"[freq, how, axis, copy]","Cast PeriodIndex to DatetimeIndex of timestamps, at beginning of period.",https://pandas.pydata.org/docs/reference/api/pandas.DataFrame.to_timestamp.html
DataFrame,Time Series-related,DataFrame.tz_convert,"tz[, axis, level, copy]",Convert tz-aware axis to target time zone.,https://pandas.pydata.org/docs/reference/api/pandas.DataFrame.tz_convert.html
DataFrame,Time Series-related,DataFrame.tz_localize,"tz[, axis, level, ...]",Localize time zone naive index of a Series or DataFrame to target time zone.,https://pandas.pydata.org/docs/reference/api/pandas.DataFrame.tz_localize.html
DataFrame,Flags,Flags,"obj, *, allows_duplicate_labels",Flags that apply to pandas objects.,https://pandas.pydata.org/docs/reference/api/pandas.Flags.html
DataFrame,Metadata,DataFrame.attrs,,Dictionary of global attributes of this dataset.,https://pandas.pydata.org/docs/reference/api/pandas.DataFrame.attrs.html
DataFrame,Plotting,DataFrame.plot,"[x, y, kind, ax, ....]",DataFrame plotting accessor and method,https://pandas.pydata.org/docs/reference/api/pandas.DataFrame.plot.html
DataFrame,Plotting,DataFrame.plot.area,"[x, y, stacked]",Draw a stacked area plot.,https://pandas.pydata.org/docs/reference/api/pandas.DataFrame.plot.area.html
DataFrame,Plotting,DataFrame.plot.bar,"[x, y, color]",Vertical bar plot.,https://pandas.pydata.org/docs/reference/api/pandas.DataFrame.plot.bar.html
DataFrame,Plotting,DataFrame.plot.barh,"[x, y, color]",Make a horizontal bar plot.,https://pandas.pydata.org/docs/reference/api/pandas.DataFrame.plot.barh.html
DataFrame,Plotting,DataFrame.plot.box,[by],Make a box plot of the DataFrame columns.,https://pandas.pydata.org/docs/reference/api/pandas.DataFrame.plot.box.html
DataFrame,Plotting,DataFrame.plot.density,"[bw_method, ind, weights]",Generate Kernel Density Estimate plot using Gaussian kernels.,https://pandas.pydata.org/docs/reference/api/pandas.DataFrame.plot.density.html
DataFrame,Plotting,DataFrame.plot.hexbin,"x, y[, C, ...]",Generate a hexagonal binning plot.,https://pandas.pydata.org/docs/reference/api/pandas.DataFrame.plot.hexbin.html
DataFrame,Plotting,DataFrame.plot.hist,"[by, bins]",Draw one histogram of the DataFrame's columns.,https://pandas.pydata.org/docs/reference/api/pandas.DataFrame.plot.hist.html
DataFrame,Plotting,DataFrame.plot.kde,"[bw_method, ind, weights]",Generate Kernel Density Estimate plot using Gaussian kernels.,https://pandas.pydata.org/docs/reference/api/pandas.DataFrame.plot.kde.html
DataFrame,Plotting,DataFrame.plot.line,"[x, y, color]",Plot Series or DataFrame as lines.,https://pandas.pydata.org/docs/reference/api/pandas.DataFrame.plot.line.html
DataFrame,Plotting,DataFrame.plot.pie,[y],Generate a pie plot.,https://pandas.pydata.org/docs/reference/api/pandas.DataFrame.plot.pie.html
DataFrame,Plotting,DataFrame.plot.scatter,"x, y[, s, c]",Create a scatter plot with varying marker point size and color.,https://pandas.pydata.org/docs/reference/api/pandas.DataFrame.plot.scatter.html
DataFrame,Plotting,DataFrame.boxplot,"[column, by, ax, ...]",Make a box plot from DataFrame columns.,https://pandas.pydata.org/docs/reference/api/pandas.DataFrame.boxplot.html
DataFrame,Plotting,DataFrame.hist,"[column, by, grid, ...]",Make a histogram of the DataFrame's columns.,https://pandas.pydata.org/docs/reference/api/pandas.DataFrame.hist.html
DataFrame,Sparse accessor,DataFrame.sparse.density,,Ratio of non-sparse points to total (dense) data points.,https://pandas.pydata.org/docs/reference/api/pandas.DataFrame.sparse.density.html
DataFrame,Sparse accessor,DataFrame.sparse.from_spmatrix,"data[, ...]",Create a new DataFrame from a scipy sparse matrix.,https://pandas.pydata.org/docs/reference/api/pandas.DataFrame.sparse.from_spmatrix.html
DataFrame,Sparse accessor,DataFrame.sparse.to_coo,,Return the contents of the frame as a sparse SciPy COO matrix.,https://pandas.pydata.org/docs/reference/api/pandas.DataFrame.sparse.to_coo.html
DataFrame,Sparse accessor,DataFrame.sparse.to_dense,,Convert a DataFrame with sparse values to dense.,https://pandas.pydata.org/docs/reference/api/pandas.DataFrame.sparse.to_dense.html
DataFrame,Serialization / IO / conversion,DataFrame.from_arrow,data,Construct a DataFrame from a tabular Arrow object.,https://pandas.pydata.org/docs/reference/api/pandas.DataFrame.from_arrow.html
DataFrame,Serialization / IO / conversion,DataFrame.from_dict,"data[, orient, dtype, ...]",Construct DataFrame from dict of array-like or dicts.,https://pandas.pydata.org/docs/reference/api/pandas.DataFrame.from_dict.html
DataFrame,Serialization / IO / conversion,DataFrame.from_records,"data[, index, ...]",Convert structured or record ndarray to DataFrame.,https://pandas.pydata.org/docs/reference/api/pandas.DataFrame.from_records.html
DataFrame,Serialization / IO / conversion,DataFrame.to_orc,"[path, engine, index, ...]",Write a DataFrame to the Optimized Row Columnar (ORC) format.,https://pandas.pydata.org/docs/reference/api/pandas.DataFrame.to_orc.html
DataFrame,Serialization / IO / conversion,DataFrame.to_parquet,"[path, engine, ...]",Write a DataFrame to the binary parquet format.,https://pandas.pydata.org/docs/reference/api/pandas.DataFrame.to_parquet.html
DataFrame,Serialization / IO / conversion,DataFrame.to_pickle,"path, *[, compression, ...]",Pickle (serialize) object to file.,https://pandas.pydata.org/docs/reference/api/pandas.DataFrame.to_pickle.html
DataFrame,Serialization / IO / conversion,DataFrame.to_csv,"[path_or_buf, sep, na_rep, ...]",Write object to a comma-separated values (csv) file.,https://pandas.pydata.org/docs/reference/api/pandas.DataFrame.to_csv.html
DataFrame,Serialization / IO / conversion,DataFrame.to_hdf,"path_or_buf, *, key[, ...]",Write the contained data to an HDF5 file using HDFStore.,https://pandas.pydata.org/docs/reference/api/pandas.DataFrame.to_hdf.html
DataFrame,Serialization / IO / conversion,DataFrame.to_sql,"name, con, *[, schema, ...]",Write records stored in a DataFrame to a SQL database.,https://pandas.pydata.org/docs/reference/api/pandas.DataFrame.to_sql.html
DataFrame,Serialization / IO / conversion,DataFrame.to_dict,"[orient, into, index]",Convert the DataFrame to a dictionary.,https://pandas.pydata.org/docs/reference/api/pandas.DataFrame.to_dict.html
DataFrame,Serialization / IO / conversion,DataFrame.to_excel,"excel_writer, *[, ...]",Write object to an Excel sheet.,https://pandas.pydata.org/docs/reference/api/pandas.DataFrame.to_excel.html
DataFrame,Serialization / IO / conversion,DataFrame.to_json,"[path_or_buf, orient, ...]",Convert the object to a JSON string.,https://pandas.pydata.org/docs/reference/api/pandas.DataFrame.to_json.html
DataFrame,Serialization / IO / conversion,DataFrame.to_html,"[buf, columns, col_space, ...]",Render a DataFrame as an HTML table.,https://pandas.pydata.org/docs/reference/api/pandas.DataFrame.to_html.html
DataFrame,Serialization / IO / conversion,DataFrame.to_feather,"path, **kwargs",Write a DataFrame to the binary Feather format.,https://pandas.pydata.org/docs/reference/api/pandas.DataFrame.to_feather.html
DataFrame,Serialization / IO / conversion,DataFrame.to_latex,"[buf, columns, header, ...]","Render object to a LaTeX tabular, longtable, or nested table.",https://pandas.pydata.org/docs/reference/api/pandas.DataFrame.to_latex.html
DataFrame,Serialization / IO / conversion,DataFrame.to_stata,"path, *[, convert_dates, ...]",Export DataFrame object to Stata dta format.,https://pandas.pydata.org/docs/reference/api/pandas.DataFrame.to_stata.html
DataFrame,Serialization / IO / conversion,DataFrame.to_records,"[index, column_dtypes, ...]",Convert DataFrame to a NumPy record array.,https://pandas.pydata.org/docs/reference/api/pandas.DataFrame.to_records.html
DataFrame,Serialization / IO / conversion,DataFrame.to_string,"[buf, columns, ...]",Render a DataFrame to a console-friendly tabular output.,https://pandas.pydata.org/docs/reference/api/pandas.DataFrame.to_string.html
DataFrame,Serialization / IO / conversion,DataFrame.to_clipboard,"*[, excel, sep]",Copy object to the system clipboard.,https://pandas.pydata.org/docs/reference/api/pandas.DataFrame.to_clipboard.html
DataFrame,Serialization / IO / conversion,DataFrame.to_markdown,"[buf, mode, index, ...]",Print DataFrame in Markdown-friendly format.,https://pandas.pydata.org/docs/reference/api/pandas.DataFrame.to_markdown.html
DataFrame,Serialization / IO / conversion,DataFrame.style,,Returns a Styler object.,https://pandas.pydata.org/docs/reference/api/pandas.DataFrame.style.html
DataFrame,Serialization / IO / conversion,DataFrame.__dataframe__,"[nan_as_null, ...]",(DEPRECATED) Return the dataframe interchange object implementing the interchange protocol.,https://pandas.pydata.org/docs/reference/api/pandas.DataFrame.__dataframe__.html
Series,Constructor,Series,"[data, index, dtype, name, copy]",One-dimensional ndarray with axis labels (including time series).,https://pandas.pydata.org/docs/reference/api/pandas.Series.html
Series,Attributes,Series.index,,The index (axis labels) of the Series.,https://pandas.pydata.org/docs/reference/api/pandas.Series.index.html
Series,Attributes,Series.array,,The ExtensionArray of the data backing this Series or Index.,https://pandas.pydata.org/docs/reference/api/pandas.Series.array.html
Series,Attributes,Series.values,,Return Series as ndarray or ndarray-like depending on the dtype.,https://pandas.pydata.org/docs/reference/api/pandas.Series.values.html
Series,Attributes,Series.dtype,,Return the dtype object of the underlying data.,https://pandas.pydata.org/docs/reference/api/pandas.Series.dtype.html
Series,Attributes,Series.info,"[verbose, buf, max_cols, ...]",Print a concise summary of a Series.,https://pandas.pydata.org/docs/reference/api/pandas.Series.info.html
Series,Attributes,Series.shape,,Return a tuple of the shape of the underlying data.,https://pandas.pydata.org/docs/reference/api/pandas.Series.shape.html
Series,Attributes,Series.nbytes,,Return the number of bytes in the underlying data.,https://pandas.pydata.org/docs/reference/api/pandas.Series.nbytes.html
Series,Attributes,Series.ndim,,"Number of dimensions of the underlying data, by definition 1.",https://pandas.pydata.org/docs/reference/api/pandas.Series.ndim.html
Series,Attributes,Series.size,,Return the number of elements in the underlying data.,https://pandas.pydata.org/docs/reference/api/pandas.Series.size.html
Series,Attributes,Series.T,,"Return the transpose, which is by definition self.",https://pandas.pydata.org/docs/reference/api/pandas.Series.T.html
Series,Attributes,Series.memory_usage,"[index, deep]",Return the memory usage of the Series.,https://pandas.pydata.org/docs/reference/api/pandas.Series.memory_usage.html
Series,Attributes,Series.hasnans,,Return True if there are any NaNs.,https://pandas.pydata.org/docs/reference/api/pandas.Series.hasnans.html
Series,Attributes,Series.empty,,Indicator whether Index is empty.,https://pandas.pydata.org/docs/reference/api/pandas.Series.empty.html
Series,Attributes,Series.dtypes,,Return the dtype object of the underlying data.,https://pandas.pydata.org/docs/reference/api/pandas.Series.dtypes.html
Series,Attributes,Series.name,,Return the name of the Series.,https://pandas.pydata.org/docs/reference/api/pandas.Series.name.html
Series,Attributes,Series.flags,,Get the properties associated with this pandas object.,https://pandas.pydata.org/docs/reference/api/pandas.Series.flags.html
Series,Attributes,Series.set_flags,"*[, copy, ...]",Return a new object with updated flags.,https://pandas.pydata.org/docs/reference/api/pandas.Series.set_flags.html
Series,Conversion,Series.astype,"dtype[, copy, errors]",Cast a pandas object to a specified dtype dtype .,https://pandas.pydata.org/docs/reference/api/pandas.Series.astype.html
Series,Conversion,Series.convert_dtypes,"[infer_objects, ...]",Convert columns from numpy dtypes to the best dtypes that support pd.NA .,https://pandas.pydata.org/docs/reference/api/pandas.Series.convert_dtypes.html
Series,Conversion,Series.infer_objects,[copy],Attempt to infer better dtypes for object columns.,https://pandas.pydata.org/docs/reference/api/pandas.Series.infer_objects.html
Series,Conversion,Series.copy,[deep],Make a copy of this object's indices and data.,https://pandas.pydata.org/docs/reference/api/pandas.Series.copy.html
Series,Conversion,Series.to_numpy,"[dtype, copy, na_value]",A NumPy ndarray representing the values in this Series or Index.,https://pandas.pydata.org/docs/reference/api/pandas.Series.to_numpy.html
Series,Conversion,Series.to_period,"[freq, copy]",Convert Series from DatetimeIndex to PeriodIndex.,https://pandas.pydata.org/docs/reference/api/pandas.Series.to_period.html
Series,Conversion,Series.to_timestamp,"[freq, how, copy]","Cast to DatetimeIndex of Timestamps, at beginning of period.",https://pandas.pydata.org/docs/reference/api/pandas.Series.to_timestamp.html
Series,Conversion,Series.to_list,,Return a list of the values.,https://pandas.pydata.org/docs/reference/api/pandas.Series.to_list.html
Series,Conversion,Series.__array__,"[dtype, copy]",Return the values as a NumPy array.,https://pandas.pydata.org/docs/reference/api/pandas.Series.__array__.html
Series,"Indexing, iteration",Series.get,"key[, default]",Get item from object for given key (ex: DataFrame column).,https://pandas.pydata.org/docs/reference/api/pandas.Series.get.html
Series,"Indexing, iteration",Series.at,,Access a single value for a row/column label pair.,https://pandas.pydata.org/docs/reference/api/pandas.Series.at.html
Series,"Indexing, iteration",Series.iat,,Access a single value for a row/column pair by integer position.,https://pandas.pydata.org/docs/reference/api/pandas.Series.iat.html
Series,"Indexing, iteration",Series.loc,,Access a group of rows and columns by label(s) or a boolean array.,https://pandas.pydata.org/docs/reference/api/pandas.Series.loc.html
Series,"Indexing, iteration",Series.iloc,,Purely integer-location based indexing for selection by position.,https://pandas.pydata.org/docs/reference/api/pandas.Series.iloc.html
Series,"Indexing, iteration",Series.__iter__,,Return an iterator of the values.,https://pandas.pydata.org/docs/reference/api/pandas.Series.__iter__.html
Series,"Indexing, iteration",Series.items,,"Lazily iterate over (index, value) tuples.",https://pandas.pydata.org/docs/reference/api/pandas.Series.items.html
Series,"Indexing, iteration",Series.keys,,Return alias for index.,https://pandas.pydata.org/docs/reference/api/pandas.Series.keys.html
Series,"Indexing, iteration",Series.pop,item,Return item and drops from series.,https://pandas.pydata.org/docs/reference/api/pandas.Series.pop.html
Series,"Indexing, iteration",Series.item,,Return the first element of the underlying data as a Python scalar.,https://pandas.pydata.org/docs/reference/api/pandas.Series.item.html
Series,"Indexing, iteration",Series.xs,"key[, axis, level, drop_level]",Return cross-section from the Series/DataFrame.,https://pandas.pydata.org/docs/reference/api/pandas.Series.xs.html
Series,Binary operator functions,Series.add,"other[, level, fill_value, axis]","Return Addition of series and other, element-wise (binary operator add ).",https://pandas.pydata.org/docs/reference/api/pandas.Series.add.html
Series,Binary operator functions,Series.sub,"other[, level, fill_value, axis]","Return Subtraction of series and other, element-wise (binary operator sub ).",https://pandas.pydata.org/docs/reference/api/pandas.Series.sub.html
Series,Binary operator functions,Series.mul,"other[, level, fill_value, axis]","Return Multiplication of series and other, element-wise (binary operator mul ).",https://pandas.pydata.org/docs/reference/api/pandas.Series.mul.html
Series,Binary operator functions,Series.div,"other[, level, fill_value, axis]","Return Floating division of series and other,         element-wise (binary operator truediv ).",https://pandas.pydata.org/docs/reference/api/pandas.Series.div.html
Series,Binary operator functions,Series.truediv,"other[, level, fill_value, axis]","Return Floating division of series and other,         element-wise (binary operator truediv ).",https://pandas.pydata.org/docs/reference/api/pandas.Series.truediv.html
Series,Binary operator functions,Series.floordiv,"other[, level, fill_value, axis]","Return Integer division of series and other, element-wise (binary operator floordiv ).",https://pandas.pydata.org/docs/reference/api/pandas.Series.floordiv.html
Series,Binary operator functions,Series.mod,"other[, level, fill_value, axis]","Return Modulo of series and other, element-wise (binary operator mod ).",https://pandas.pydata.org/docs/reference/api/pandas.Series.mod.html
Series,Binary operator functions,Series.pow,"other[, level, fill_value, axis]","Return Exponential power of series and other, element-wise (binary operator pow ).",https://pandas.pydata.org/docs/reference/api/pandas.Series.pow.html
Series,Binary operator functions,Series.radd,"other[, level, fill_value, axis]","Return Addition of series and other, element-wise (binary operator radd ).",https://pandas.pydata.org/docs/reference/api/pandas.Series.radd.html
Series,Binary operator functions,Series.rsub,"other[, level, fill_value, axis]","Return Subtraction of series and other, element-wise (binary operator rsub ).",https://pandas.pydata.org/docs/reference/api/pandas.Series.rsub.html
Series,Binary operator functions,Series.rmul,"other[, level, fill_value, axis]","Return Multiplication of series and other, element-wise (binary operator rmul ).",https://pandas.pydata.org/docs/reference/api/pandas.Series.rmul.html
Series,Binary operator functions,Series.rdiv,"other[, level, fill_value, axis]","Return Floating division of series and other, element-wise (binary operator rtruediv ).",https://pandas.pydata.org/docs/reference/api/pandas.Series.rdiv.html
Series,Binary operator functions,Series.rtruediv,"other[, level, fill_value, axis]","Return Floating division of series and other, element-wise (binary operator rtruediv ).",https://pandas.pydata.org/docs/reference/api/pandas.Series.rtruediv.html
Series,Binary operator functions,Series.rfloordiv,"other[, level, fill_value, ...]","Return Integer division of series and other, element-wise (binary operator rfloordiv ).",https://pandas.pydata.org/docs/reference/api/pandas.Series.rfloordiv.html
Series,Binary operator functions,Series.rmod,"other[, level, fill_value, axis]","Return Modulo of series and other, element-wise (binary operator rmod ).",https://pandas.pydata.org/docs/reference/api/pandas.Series.rmod.html
Series,Binary operator functions,Series.rpow,"other[, level, fill_value, axis]","Return Exponential power of series and other, element-wise (binary operator rpow ).",https://pandas.pydata.org/docs/reference/api/pandas.Series.rpow.html
Series,Binary operator functions,Series.combine,"other, func[, fill_value]",Combine the Series with a Series or scalar according to func .,https://pandas.pydata.org/docs/reference/api/pandas.Series.combine.html
Series,Binary operator functions,Series.combine_first,other,Update null elements with value in the same location in 'other'.,https://pandas.pydata.org/docs/reference/api/pandas.Series.combine_first.html
Series,Binary operator functions,Series.round,[decimals],Round each value in a Series to the given number of decimals.,https://pandas.pydata.org/docs/reference/api/pandas.Series.round.html
Series,Binary operator functions,Series.lt,"other[, level, fill_value, axis]","Return Greater than of series and other, element-wise (binary operator lt ).",https://pandas.pydata.org/docs/reference/api/pandas.Series.lt.html
Series,Binary operator functions,Series.gt,"other[, level, fill_value, axis]","Return Greater than of series and other, element-wise (binary operator gt ).",https://pandas.pydata.org/docs/reference/api/pandas.Series.gt.html
Series,Binary operator functions,Series.le,"other[, level, fill_value, axis]","Return Less than or equal to of series and other,         element-wise (binary operator le ).",https://pandas.pydata.org/docs/reference/api/pandas.Series.le.html
Series,Binary operator functions,Series.ge,"other[, level, fill_value, axis]","Return Greater than or equal to of series and other,         element-wise (binary operator ge ).",https://pandas.pydata.org/docs/reference/api/pandas.Series.ge.html
Series,Binary operator functions,Series.ne,"other[, level, fill_value, axis]","Return Not equal to of series and other, element-wise (binary operator ne ).",https://pandas.pydata.org/docs/reference/api/pandas.Series.ne.html
Series,Binary operator functions,Series.eq,"other[, level, fill_value, axis]","Return Equal to of series and other, element-wise (binary operator eq ).",https://pandas.pydata.org/docs/reference/api/pandas.Series.eq.html
Series,Binary operator functions,Series.product,"*[, axis, skipna, ...]",Return the product of the values over the requested axis.,https://pandas.pydata.org/docs/reference/api/pandas.Series.product.html
Series,Binary operator functions,Series.dot,other,Compute the dot product between the Series and the columns of other.,https://pandas.pydata.org/docs/reference/api/pandas.Series.dot.html
Series,"Function application, GroupBy & window",Series.apply,"func[, args, by_row]",Invoke function on values of Series.,https://pandas.pydata.org/docs/reference/api/pandas.Series.apply.html
Series,"Function application, GroupBy & window",Series.agg,"[func, axis]",Aggregate using one or more operations over the specified axis.,https://pandas.pydata.org/docs/reference/api/pandas.Series.agg.html
Series,"Function application, GroupBy & window",Series.aggregate,"[func, axis]",Aggregate using one or more operations over the specified axis.,https://pandas.pydata.org/docs/reference/api/pandas.Series.aggregate.html
Series,"Function application, GroupBy & window",Series.transform,"func[, axis]",Call func on self producing a Series with the same axis shape as self.,https://pandas.pydata.org/docs/reference/api/pandas.Series.transform.html
Series,"Function application, GroupBy & window",Series.map,"[func, na_action, engine]",Map values of Series according to an input mapping or function.,https://pandas.pydata.org/docs/reference/api/pandas.Series.map.html
Series,"Function application, GroupBy & window",Series.groupby,"[by, level, as_index, sort, ...]",Group Series using a mapper or by a Series of columns.,https://pandas.pydata.org/docs/reference/api/pandas.Series.groupby.html
Series,"Function application, GroupBy & window",Series.rolling,"window[, min_periods, ...]",Provide rolling window calculations.,https://pandas.pydata.org/docs/reference/api/pandas.Series.rolling.html
Series,"Function application, GroupBy & window",Series.expanding,"[min_periods, method]",Provide expanding window calculations.,https://pandas.pydata.org/docs/reference/api/pandas.Series.expanding.html
Series,"Function application, GroupBy & window",Series.ewm,"[com, span, halflife, alpha, ...]",Provide exponentially weighted (EW) calculations.,https://pandas.pydata.org/docs/reference/api/pandas.Series.ewm.html
Series,"Function application, GroupBy & window",Series.pipe,"func, *args, **kwargs",Apply chainable functions that expect Series or DataFrames.,https://pandas.pydata.org/docs/reference/api/pandas.Series.pipe.html
Series,Computations / descriptive stats,Series.abs,,Return a Series/DataFrame with absolute numeric value of each element.,https://pandas.pydata.org/docs/reference/api/pandas.Series.abs.html
Series,Computations / descriptive stats,Series.all,"*[, axis, bool_only, skipna]","Return whether all elements are True, potentially over an axis.",https://pandas.pydata.org/docs/reference/api/pandas.Series.all.html
Series,Computations / descriptive stats,Series.any,"*[, axis, bool_only, skipna]","Return whether any element is True, potentially over an axis.",https://pandas.pydata.org/docs/reference/api/pandas.Series.any.html
Series,Computations / descriptive stats,Series.autocorr,[lag],Compute the lag-N autocorrelation.,https://pandas.pydata.org/docs/reference/api/pandas.Series.autocorr.html
Series,Computations / descriptive stats,Series.between,"left, right[, inclusive]",Return boolean Series equivalent to left <= series <= right.,https://pandas.pydata.org/docs/reference/api/pandas.Series.between.html
Series,Computations / descriptive stats,Series.clip,"[lower, upper, axis, inplace]",Trim values at input threshold(s).,https://pandas.pydata.org/docs/reference/api/pandas.Series.clip.html
Series,Computations / descriptive stats,Series.corr,"other[, method, min_periods]","Compute correlation with other Series, excluding missing values.",https://pandas.pydata.org/docs/reference/api/pandas.Series.corr.html
Series,Computations / descriptive stats,Series.count,,Return number of non-NA/null observations in the Series.,https://pandas.pydata.org/docs/reference/api/pandas.Series.count.html
Series,Computations / descriptive stats,Series.cov,"other[, min_periods, ddof]","Compute covariance with Series, excluding missing values.",https://pandas.pydata.org/docs/reference/api/pandas.Series.cov.html
Series,Computations / descriptive stats,Series.cummax,"[axis, skipna]",Return cumulative maximum over a Series.,https://pandas.pydata.org/docs/reference/api/pandas.Series.cummax.html
Series,Computations / descriptive stats,Series.cummin,"[axis, skipna]",Return cumulative minimum over a Series.,https://pandas.pydata.org/docs/reference/api/pandas.Series.cummin.html
Series,Computations / descriptive stats,Series.cumprod,"[axis, skipna]",Return cumulative product over a Series.,https://pandas.pydata.org/docs/reference/api/pandas.Series.cumprod.html
Series,Computations / descriptive stats,Series.cumsum,"[axis, skipna]",Return cumulative sum over a Series.,https://pandas.pydata.org/docs/reference/api/pandas.Series.cumsum.html
Series,Computations / descriptive stats,Series.describe,"[percentiles, include, exclude]",Generate descriptive statistics.,https://pandas.pydata.org/docs/reference/api/pandas.Series.describe.html
Series,Computations / descriptive stats,Series.diff,[periods],First discrete difference of Series elements.,https://pandas.pydata.org/docs/reference/api/pandas.Series.diff.html
Series,Computations / descriptive stats,Series.factorize,"[sort, use_na_sentinel]",Encode the object as an enumerated type or categorical variable.,https://pandas.pydata.org/docs/reference/api/pandas.Series.factorize.html
Series,Computations / descriptive stats,Series.kurt,"*[, axis, skipna, numeric_only]",Return unbiased kurtosis over requested axis.,https://pandas.pydata.org/docs/reference/api/pandas.Series.kurt.html
Series,Computations / descriptive stats,Series.max,"*[, axis, skipna, numeric_only]",Return the maximum of the values over the requested axis.,https://pandas.pydata.org/docs/reference/api/pandas.Series.max.html
Series,Computations / descriptive stats,Series.mean,"*[, axis, skipna, numeric_only]",Return the mean of the values over the requested axis.,https://pandas.pydata.org/docs/reference/api/pandas.Series.mean.html
Series,Computations / descriptive stats,Series.median,"*[, axis, skipna, numeric_only]",Return the median of the values over the requested axis.,https://pandas.pydata.org/docs/reference/api/pandas.Series.median.html
Series,Computations / descriptive stats,Series.min,"*[, axis, skipna, numeric_only]",Return the minimum of the values over the requested axis.,https://pandas.pydata.org/docs/reference/api/pandas.Series.min.html
Series,Computations / descriptive stats,Series.mode,[dropna],Return the mode(s) of the Series.,https://pandas.pydata.org/docs/reference/api/pandas.Series.mode.html
Series,Computations / descriptive stats,Series.nlargest,"[n, keep]",Return the largest n elements.,https://pandas.pydata.org/docs/reference/api/pandas.Series.nlargest.html
Series,Computations / descriptive stats,Series.nsmallest,"[n, keep]",Return the smallest n elements.,https://pandas.pydata.org/docs/reference/api/pandas.Series.nsmallest.html
Series,Computations / descriptive stats,Series.pct_change,"[periods, fill_method, freq]",Fractional change between the current and a prior element.,https://pandas.pydata.org/docs/reference/api/pandas.Series.pct_change.html
Series,Computations / descriptive stats,Series.prod,"*[, axis, skipna, numeric_only, ...]",Return the product of the values over the requested axis.,https://pandas.pydata.org/docs/reference/api/pandas.Series.prod.html
Series,Computations / descriptive stats,Series.quantile,"[q, interpolation]",Return value at the given quantile.,https://pandas.pydata.org/docs/reference/api/pandas.Series.quantile.html
Series,Computations / descriptive stats,Series.rank,"[axis, method, numeric_only, ...]",Compute numerical data ranks (1 through n) along axis.,https://pandas.pydata.org/docs/reference/api/pandas.Series.rank.html
Series,Computations / descriptive stats,Series.sem,"*[, axis, skipna, ddof, numeric_only]",Return unbiased standard error of the mean over requested axis.,https://pandas.pydata.org/docs/reference/api/pandas.Series.sem.html
Series,Computations / descriptive stats,Series.skew,"*[, axis, skipna, numeric_only]",Return unbiased skew over requested axis.,https://pandas.pydata.org/docs/reference/api/pandas.Series.skew.html
Series,Computations / descriptive stats,Series.std,"*[, axis, skipna, ddof, numeric_only]",Return sample standard deviation.,https://pandas.pydata.org/docs/reference/api/pandas.Series.std.html
Series,Computations / descriptive stats,Series.sum,"*[, axis, skipna, numeric_only, ...]",Return the sum of the values over the requested axis.,https://pandas.pydata.org/docs/reference/api/pandas.Series.sum.html
Series,Computations / descriptive stats,Series.var,"*[, axis, skipna, ddof, numeric_only]",Return unbiased variance over requested axis.,https://pandas.pydata.org/docs/reference/api/pandas.Series.var.html
Series,Computations / descriptive stats,Series.kurtosis,"*[, axis, skipna, numeric_only]",Return unbiased kurtosis over requested axis.,https://pandas.pydata.org/docs/reference/api/pandas.Series.kurtosis.html
Series,Computations / descriptive stats,Series.unique,,Return unique values of Series object.,https://pandas.pydata.org/docs/reference/api/pandas.Series.unique.html
Series,Computations / descriptive stats,Series.nunique,[dropna],Return number of unique elements in the object.,https://pandas.pydata.org/docs/reference/api/pandas.Series.nunique.html
Series,Computations / descriptive stats,Series.is_unique,,Return True if values in the object are unique.,https://pandas.pydata.org/docs/reference/api/pandas.Series.is_unique.html
Series,Computations / descriptive stats,Series.is_monotonic_increasing,,Return True if values in the object are monotonically increasing.,https://pandas.pydata.org/docs/reference/api/pandas.Series.is_monotonic_increasing.html
Series,Computations / descriptive stats,Series.is_monotonic_decreasing,,Return True if values in the object are monotonically decreasing.,https://pandas.pydata.org/docs/reference/api/pandas.Series.is_monotonic_decreasing.html
Series,Computations / descriptive stats,Series.value_counts,"[normalize, sort, ...]",Return a Series containing counts of unique values.,https://pandas.pydata.org/docs/reference/api/pandas.Series.value_counts.html
Series,Reindexing / selection / label manipulation,Series.align,"other[, join, axis, level, ...]",Align two objects on their axes with the specified join method.,https://pandas.pydata.org/docs/reference/api/pandas.Series.align.html
Series,Reindexing / selection / label manipulation,Series.case_when,caselist,Replace values where the conditions are True.,https://pandas.pydata.org/docs/reference/api/pandas.Series.case_when.html
Series,Reindexing / selection / label manipulation,Series.drop,"[labels, axis, index, columns, ...]",Return Series with specified index labels removed.,https://pandas.pydata.org/docs/reference/api/pandas.Series.drop.html
Series,Reindexing / selection / label manipulation,Series.droplevel,"level[, axis]",Return Series/DataFrame with requested index / column level(s) removed.,https://pandas.pydata.org/docs/reference/api/pandas.Series.droplevel.html
Series,Reindexing / selection / label manipulation,Series.drop_duplicates,"*[, keep, inplace, ...]",Return Series with duplicate values removed.,https://pandas.pydata.org/docs/reference/api/pandas.Series.drop_duplicates.html
Series,Reindexing / selection / label manipulation,Series.duplicated,[keep],Indicate duplicate Series values.,https://pandas.pydata.org/docs/reference/api/pandas.Series.duplicated.html
Series,Reindexing / selection / label manipulation,Series.equals,other,Test whether two objects contain the same elements.,https://pandas.pydata.org/docs/reference/api/pandas.Series.equals.html
Series,Reindexing / selection / label manipulation,Series.head,[n],Return the first n rows.,https://pandas.pydata.org/docs/reference/api/pandas.Series.head.html
Series,Reindexing / selection / label manipulation,Series.idxmax,"[axis, skipna]",Return the row label of the maximum value.,https://pandas.pydata.org/docs/reference/api/pandas.Series.idxmax.html
Series,Reindexing / selection / label manipulation,Series.idxmin,"[axis, skipna]",Return the row label of the minimum value.,https://pandas.pydata.org/docs/reference/api/pandas.Series.idxmin.html
Series,Reindexing / selection / label manipulation,Series.isin,values,Whether elements in Series are contained in values .,https://pandas.pydata.org/docs/reference/api/pandas.Series.isin.html
Series,Reindexing / selection / label manipulation,Series.reindex,"[index, axis, method, copy, ...]",Conform Series to new index with optional filling logic.,https://pandas.pydata.org/docs/reference/api/pandas.Series.reindex.html
Series,Reindexing / selection / label manipulation,Series.reindex_like,"other[, method, copy, ...]",Return an object with matching indices as other object.,https://pandas.pydata.org/docs/reference/api/pandas.Series.reindex_like.html
Series,Reindexing / selection / label manipulation,Series.rename,"[index, axis, copy, inplace, ...]",Alter Series index labels or name.,https://pandas.pydata.org/docs/reference/api/pandas.Series.rename.html
Series,Reindexing / selection / label manipulation,Series.rename_axis,"[mapper, index, axis, ...]",Set the name of the axis for the index.,https://pandas.pydata.org/docs/reference/api/pandas.Series.rename_axis.html
Series,Reindexing / selection / label manipulation,Series.reset_index,"[level, drop, name, ...]",Generate a new DataFrame or Series with the index reset.,https://pandas.pydata.org/docs/reference/api/pandas.Series.reset_index.html
Series,Reindexing / selection / label manipulation,Series.sample,"[n, frac, replace, weights, ...]",Return a random sample of items from an axis of object.,https://pandas.pydata.org/docs/reference/api/pandas.Series.sample.html
Series,Reindexing / selection / label manipulation,Series.set_axis,"labels, *[, axis, copy]",(DEPRECATED) Assign desired index to given axis.,https://pandas.pydata.org/docs/reference/api/pandas.Series.set_axis.html
Series,Reindexing / selection / label manipulation,Series.take,"indices[, axis]",Return the elements in the given positional indices along an axis.,https://pandas.pydata.org/docs/reference/api/pandas.Series.take.html
Series,Reindexing / selection / label manipulation,Series.tail,[n],Return the last n rows.,https://pandas.pydata.org/docs/reference/api/pandas.Series.tail.html
Series,Reindexing / selection / label manipulation,Series.truncate,"[before, after, axis, copy]",Truncate a Series or DataFrame before and after some index value.,https://pandas.pydata.org/docs/reference/api/pandas.Series.truncate.html
Series,Reindexing / selection / label manipulation,Series.where,"cond[, other, inplace, axis, level]",Replace values where the condition is False.,https://pandas.pydata.org/docs/reference/api/pandas.Series.where.html
Series,Reindexing / selection / label manipulation,Series.mask,"cond[, other, inplace, axis, level]",Replace values where the condition is True.,https://pandas.pydata.org/docs/reference/api/pandas.Series.mask.html
Series,Reindexing / selection / label manipulation,Series.add_prefix,"prefix[, axis]",Prefix labels with string prefix .,https://pandas.pydata.org/docs/reference/api/pandas.Series.add_prefix.html
Series,Reindexing / selection / label manipulation,Series.add_suffix,"suffix[, axis]",Suffix labels with string suffix .,https://pandas.pydata.org/docs/reference/api/pandas.Series.add_suffix.html
Series,Reindexing / selection / label manipulation,Series.filter,"[items, like, regex, axis]",Subset the DataFrame or Series according to the specified index labels.,https://pandas.pydata.org/docs/reference/api/pandas.Series.filter.html
Series,Missing data handling,Series.bfill,"*[, axis, inplace, limit, ...]",Fill NA/NaN values by using the next valid observation to fill the gap.,https://pandas.pydata.org/docs/reference/api/pandas.Series.bfill.html
Series,Missing data handling,Series.dropna,"*[, axis, inplace, how, ...]",Return a new Series with missing values removed.,https://pandas.pydata.org/docs/reference/api/pandas.Series.dropna.html
Series,Missing data handling,Series.ffill,"*[, axis, inplace, limit, ...]",Fill NA/NaN values by propagating the last valid observation to next valid.,https://pandas.pydata.org/docs/reference/api/pandas.Series.ffill.html
Series,Missing data handling,Series.fillna,"value, *[, axis, inplace, limit]",Fill NA/NaN values with value .,https://pandas.pydata.org/docs/reference/api/pandas.Series.fillna.html
Series,Missing data handling,Series.interpolate,"[method, axis, limit, ...]",Fill NaN values using an interpolation method.,https://pandas.pydata.org/docs/reference/api/pandas.Series.interpolate.html
Series,Missing data handling,Series.isna,,Detect missing values.,https://pandas.pydata.org/docs/reference/api/pandas.Series.isna.html
Series,Missing data handling,Series.isnull,,Series.isnull is an alias for Series.isna.,https://pandas.pydata.org/docs/reference/api/pandas.Series.isnull.html
Series,Missing data handling,Series.notna,,Detect existing (non-missing) values.,https://pandas.pydata.org/docs/reference/api/pandas.Series.notna.html
Series,Missing data handling,Series.notnull,,Series.notnull is an alias for Series.notna.,https://pandas.pydata.org/docs/reference/api/pandas.Series.notnull.html
Series,Missing data handling,Series.replace,"[to_replace, value, inplace, ...]",Replace values given in to_replace with value .,https://pandas.pydata.org/docs/reference/api/pandas.Series.replace.html
Series,"Reshaping, sorting",Series.argsort,"[axis, kind, order, stable]",Return the integer indices that would sort the Series values.,https://pandas.pydata.org/docs/reference/api/pandas.Series.argsort.html
Series,"Reshaping, sorting",Series.argmin,"[axis, skipna]",Return int position of the smallest value in the Series.,https://pandas.pydata.org/docs/reference/api/pandas.Series.argmin.html
Series,"Reshaping, sorting",Series.argmax,"[axis, skipna]",Return int position of the largest value in the Series.,https://pandas.pydata.org/docs/reference/api/pandas.Series.argmax.html
Series,"Reshaping, sorting",Series.reorder_levels,order,Rearrange index levels using input order.,https://pandas.pydata.org/docs/reference/api/pandas.Series.reorder_levels.html
Series,"Reshaping, sorting",Series.sort_values,"*[, axis, ascending, ...]",Sort by the values.,https://pandas.pydata.org/docs/reference/api/pandas.Series.sort_values.html
Series,"Reshaping, sorting",Series.sort_index,"*[, axis, level, ...]",Sort Series by index labels.,https://pandas.pydata.org/docs/reference/api/pandas.Series.sort_index.html
Series,"Reshaping, sorting",Series.swaplevel,"[i, j, copy]",Swap levels i and j in a MultiIndex .,https://pandas.pydata.org/docs/reference/api/pandas.Series.swaplevel.html
Series,"Reshaping, sorting",Series.unstack,"[level, fill_value, sort]","Unstack, also known as pivot, Series with MultiIndex to produce DataFrame.",https://pandas.pydata.org/docs/reference/api/pandas.Series.unstack.html
Series,"Reshaping, sorting",Series.explode,[ignore_index],Transform each element of a list-like to a row.,https://pandas.pydata.org/docs/reference/api/pandas.Series.explode.html
Series,"Reshaping, sorting",Series.searchsorted,"value[, side, sorter]",Find indices where elements should be inserted to maintain order.,https://pandas.pydata.org/docs/reference/api/pandas.Series.searchsorted.html
Series,"Reshaping, sorting",Series.repeat,"repeats[, axis]",Repeat elements of a Series.,https://pandas.pydata.org/docs/reference/api/pandas.Series.repeat.html
Series,"Reshaping, sorting",Series.squeeze,[axis],Squeeze 1 dimensional axis objects into scalars.,https://pandas.pydata.org/docs/reference/api/pandas.Series.squeeze.html
Series,Combining / comparing / joining / merging,Series.compare,"other[, align_axis, ...]",Compare to another Series and show the differences.,https://pandas.pydata.org/docs/reference/api/pandas.Series.compare.html
Series,Combining / comparing / joining / merging,Series.update,other,Modify Series in place using values from passed Series.,https://pandas.pydata.org/docs/reference/api/pandas.Series.update.html
Series,Time Series-related,Series.asfreq,"freq[, method, how, ...]",Convert time series to specified frequency.,https://pandas.pydata.org/docs/reference/api/pandas.Series.asfreq.html
Series,Time Series-related,Series.asof,"where[, subset]",Return the last row(s) without any NaNs before where .,https://pandas.pydata.org/docs/reference/api/pandas.Series.asof.html
Series,Time Series-related,Series.shift,"[periods, freq, axis, ...]",Shift index by desired number of periods with an optional time freq .,https://pandas.pydata.org/docs/reference/api/pandas.Series.shift.html
Series,Time Series-related,Series.first_valid_index,,"Return index for first non-missing value or None, if no value is found.",https://pandas.pydata.org/docs/reference/api/pandas.Series.first_valid_index.html
Series,Time Series-related,Series.last_valid_index,,"Return index for last non-missing value or None, if no value is found.",https://pandas.pydata.org/docs/reference/api/pandas.Series.last_valid_index.html
Series,Time Series-related,Series.resample,"rule[, closed, label, ...]",Resample time-series data.,https://pandas.pydata.org/docs/reference/api/pandas.Series.resample.html
Series,Time Series-related,Series.tz_convert,"tz[, axis, level, copy]",Convert tz-aware axis to target time zone.,https://pandas.pydata.org/docs/reference/api/pandas.Series.tz_convert.html
Series,Time Series-related,Series.tz_localize,"tz[, axis, level, copy, ...]",Localize time zone naive index of a Series or DataFrame to target time zone.,https://pandas.pydata.org/docs/reference/api/pandas.Series.tz_localize.html
Series,Time Series-related,Series.at_time,"time[, asof, axis]","Select values at particular time of day (e.g., 9:30AM).",https://pandas.pydata.org/docs/reference/api/pandas.Series.at_time.html
Series,Time Series-related,Series.between_time,"start_time, end_time[, ...]","Select values between particular times of the day (e.g., 9:00-9:30 AM).",https://pandas.pydata.org/docs/reference/api/pandas.Series.between_time.html
Series,Accessors,Series.str,,,https://pandas.pydata.org/docs/reference/api/pandas.Series.str.html
Series,Accessors,Series.cat,,,https://pandas.pydata.org/docs/reference/api/pandas.Series.cat.html
Series,Accessors,Series.dt,,,https://pandas.pydata.org/docs/reference/api/pandas.Series.dt.html
Series,Accessors,Series.sparse,,,https://pandas.pydata.org/docs/reference/api/pandas.Series.sparse.html
Series,Accessors,DataFrame.sparse,,,https://pandas.pydata.org/docs/reference/api/pandas.DataFrame.sparse.html
Series,Accessors,Index.str,,,https://pandas.pydata.org/docs/reference/api/pandas.Index.str.html
Series,Datetimelike properties,Series.dt.date,,Returns numpy array of python datetime.date objects.,https://pandas.pydata.org/docs/reference/api/pandas.Series.dt.date.html
Series,Datetimelike properties,Series.dt.time,,Returns numpy array of datetime.time objects.,https://pandas.pydata.org/docs/reference/api/pandas.Series.dt.time.html
Series,Datetimelike properties,Series.dt.timetz,,Returns numpy array of datetime.time objects with timezones.,https://pandas.pydata.org/docs/reference/api/pandas.Series.dt.timetz.html
Series,Datetimelike properties,Series.dt.year,,The year of the datetime.,https://pandas.pydata.org/docs/reference/api/pandas.Series.dt.year.html
Series,Datetimelike properties,Series.dt.month,,"The month as January=1, December=12.",https://pandas.pydata.org/docs/reference/api/pandas.Series.dt.month.html
Series,Datetimelike properties,Series.dt.day,,The day of the datetime.,https://pandas.pydata.org/docs/reference/api/pandas.Series.dt.day.html
Series,Datetimelike properties,Series.dt.hour,,The hours of the datetime.,https://pandas.pydata.org/docs/reference/api/pandas.Series.dt.hour.html
Series,Datetimelike properties,Series.dt.minute,,The minutes of the datetime.,https://pandas.pydata.org/docs/reference/api/pandas.Series.dt.minute.html
Series,Datetimelike properties,Series.dt.second,,The seconds of the datetime.,https://pandas.pydata.org/docs/reference/api/pandas.Series.dt.second.html
Series,Datetimelike properties,Series.dt.microsecond,,The microseconds of the datetime.,https://pandas.pydata.org/docs/reference/api/pandas.Series.dt.microsecond.html
Series,Datetimelike properties,Series.dt.nanosecond,,The nanoseconds of the datetime.,https://pandas.pydata.org/docs/reference/api/pandas.Series.dt.nanosecond.html
Series,Datetimelike properties,Series.dt.dayofweek,,"The day of the week with Monday=0, Sunday=6.",https://pandas.pydata.org/docs/reference/api/pandas.Series.dt.dayofweek.html
Series,Datetimelike properties,Series.dt.day_of_week,,"The day of the week with Monday=0, Sunday=6.",https://pandas.pydata.org/docs/reference/api/pandas.Series.dt.day_of_week.html
Series,Datetimelike properties,Series.dt.weekday,,"The day of the week with Monday=0, Sunday=6.",https://pandas.pydata.org/docs/reference/api/pandas.Series.dt.weekday.html
Series,Datetimelike properties,Series.dt.dayofyear,,The ordinal day of the year.,https://pandas.pydata.org/docs/reference/api/pandas.Series.dt.dayofyear.html
Series,Datetimelike properties,Series.dt.day_of_year,,The ordinal day of the year.,https://pandas.pydata.org/docs/reference/api/pandas.Series.dt.day_of_year.html
Series,Datetimelike properties,Series.dt.days_in_month,,The number of days in the month.,https://pandas.pydata.org/docs/reference/api/pandas.Series.dt.days_in_month.html
Series,Datetimelike properties,Series.dt.quarter,,The quarter of the date.,https://pandas.pydata.org/docs/reference/api/pandas.Series.dt.quarter.html
Series,Datetimelike properties,Series.dt.is_month_start,,Indicates whether the date is the first day of the month.,https://pandas.pydata.org/docs/reference/api/pandas.Series.dt.is_month_start.html
Series,Datetimelike properties,Series.dt.is_month_end,,Indicates whether the date is the last day of the month.,https://pandas.pydata.org/docs/reference/api/pandas.Series.dt.is_month_end.html
Series,Datetimelike properties,Series.dt.is_quarter_start,,Indicator for whether the date is the first day of a quarter.,https://pandas.pydata.org/docs/reference/api/pandas.Series.dt.is_quarter_start.html
Series,Datetimelike properties,Series.dt.is_quarter_end,,Indicator for whether the date is the last day of a quarter.,https://pandas.pydata.org/docs/reference/api/pandas.Series.dt.is_quarter_end.html
Series,Datetimelike properties,Series.dt.is_year_start,,Indicate whether the date is the first day of a year.,https://pandas.pydata.org/docs/reference/api/pandas.Series.dt.is_year_start.html
Series,Datetimelike properties,Series.dt.is_year_end,,Indicate whether the date is the last day of the year.,https://pandas.pydata.org/docs/reference/api/pandas.Series.dt.is_year_end.html
Series,Datetimelike properties,Series.dt.is_leap_year,,Boolean indicator if the date belongs to a leap year.,https://pandas.pydata.org/docs/reference/api/pandas.Series.dt.is_leap_year.html
Series,Datetimelike properties,Series.dt.daysinmonth,,The number of days in the month.,https://pandas.pydata.org/docs/reference/api/pandas.Series.dt.daysinmonth.html
Series,Datetimelike properties,Series.dt.days_in_month,,The number of days in the month.,https://pandas.pydata.org/docs/reference/api/pandas.Series.dt.days_in_month.html
Series,Datetimelike properties,Series.dt.tz,,Return the timezone.,https://pandas.pydata.org/docs/reference/api/pandas.Series.dt.tz.html
Series,Datetimelike properties,Series.dt.freq,,Tries to return a string representing a frequency generated by infer_freq.,https://pandas.pydata.org/docs/reference/api/pandas.Series.dt.freq.html
Series,Datetimelike properties,Series.dt.unit,,The precision unit of the datetime data.,https://pandas.pydata.org/docs/reference/api/pandas.Series.dt.unit.html
Series,Datetimelike properties,Series.dt.isocalendar,,"Calculate year, week, and day according to the ISO 8601 standard.",https://pandas.pydata.org/docs/reference/api/pandas.Series.dt.isocalendar.html
Series,Datetimelike properties,Series.dt.to_period,[freq],Cast to PeriodArray/PeriodIndex at a particular frequency.,https://pandas.pydata.org/docs/reference/api/pandas.Series.dt.to_period.html
Series,Datetimelike properties,Series.dt.to_pydatetime,,Return the data as a Series of datetime.datetime objects.,https://pandas.pydata.org/docs/reference/api/pandas.Series.dt.to_pydatetime.html
Series,Datetimelike properties,Series.dt.tz_localize,"tz[, ambiguous, ...]",Localize tz-naive Datetime Array/Index to tz-aware Datetime Array/Index.,https://pandas.pydata.org/docs/reference/api/pandas.Series.dt.tz_localize.html
Series,Datetimelike properties,Series.dt.tz_convert,tz,Convert tz-aware Datetime Array/Index from one time zone to another.,https://pandas.pydata.org/docs/reference/api/pandas.Series.dt.tz_convert.html
Series,Datetimelike properties,Series.dt.normalize,,Convert times to midnight.,https://pandas.pydata.org/docs/reference/api/pandas.Series.dt.normalize.html
Series,Datetimelike properties,Series.dt.strftime,date_format,Convert to Index using specified date_format.,https://pandas.pydata.org/docs/reference/api/pandas.Series.dt.strftime.html
Series,Datetimelike properties,Series.dt.round,"freq[, ambiguous, nonexistent]",Perform round operation on the data to the specified freq .,https://pandas.pydata.org/docs/reference/api/pandas.Series.dt.round.html
Series,Datetimelike properties,Series.dt.floor,"freq[, ambiguous, nonexistent]",Perform floor operation on the data to the specified freq .,https://pandas.pydata.org/docs/reference/api/pandas.Series.dt.floor.html
Series,Datetimelike properties,Series.dt.ceil,"freq[, ambiguous, nonexistent]",Perform ceil operation on the data to the specified freq .,https://pandas.pydata.org/docs/reference/api/pandas.Series.dt.ceil.html
Series,Datetimelike properties,Series.dt.month_name,[locale],Return the month names with specified locale.,https://pandas.pydata.org/docs/reference/api/pandas.Series.dt.month_name.html
Series,Datetimelike properties,Series.dt.day_name,[locale],Return the day names with specified locale.,https://pandas.pydata.org/docs/reference/api/pandas.Series.dt.day_name.html
Series,Datetimelike properties,Series.dt.as_unit,"unit[, round_ok]",Convert to a dtype with the given unit resolution.,https://pandas.pydata.org/docs/reference/api/pandas.Series.dt.as_unit.html
Series,Datetimelike properties,Series.dt.qyear,,Fiscal year the Period lies in according to its starting-quarter.,https://pandas.pydata.org/docs/reference/api/pandas.Series.dt.qyear.html
Series,Datetimelike properties,Series.dt.start_time,,Get the Timestamp for the start of the period.,https://pandas.pydata.org/docs/reference/api/pandas.Series.dt.start_time.html
Series,Datetimelike properties,Series.dt.end_time,,Get the Timestamp for the end of the period.,https://pandas.pydata.org/docs/reference/api/pandas.Series.dt.end_time.html
Series,Datetimelike properties,Series.dt.days,,Number of days for each element.,https://pandas.pydata.org/docs/reference/api/pandas.Series.dt.days.html
Series,Datetimelike properties,Series.dt.seconds,,Number of seconds (>= 0 and less than 1 day) for each element.,https://pandas.pydata.org/docs/reference/api/pandas.Series.dt.seconds.html
Series,Datetimelike properties,Series.dt.microseconds,,Number of microseconds (>= 0 and less than 1 second) for each element.,https://pandas.pydata.org/docs/reference/api/pandas.Series.dt.microseconds.html
Series,Datetimelike properties,Series.dt.nanoseconds,,Number of nanoseconds (>= 0 and less than 1 microsecond) for each element.,https://pandas.pydata.org/docs/reference/api/pandas.Series.dt.nanoseconds.html
Series,Datetimelike properties,Series.dt.components,,Return a Dataframe of the components of the Timedeltas.,https://pandas.pydata.org/docs/reference/api/pandas.Series.dt.components.html
Series,Datetimelike properties,Series.dt.unit,,The precision unit of the datetime data.,https://pandas.pydata.org/docs/reference/api/pandas.Series.dt.unit.html
Series,Datetimelike properties,Series.dt.to_pytimedelta,,Return an array of native datetime.timedelta objects.,https://pandas.pydata.org/docs/reference/api/pandas.Series.dt.to_pytimedelta.html
Series,Datetimelike properties,Series.dt.total_seconds,,Return total duration of each element expressed in seconds.,https://pandas.pydata.org/docs/reference/api/pandas.Series.dt.total_seconds.html
Series,Datetimelike properties,Series.dt.as_unit,"unit[, round_ok]",Convert to a dtype with the given unit resolution.,https://pandas.pydata.org/docs/reference/api/pandas.Series.dt.as_unit.html
Series,String handling,Series.str.capitalize,,Convert strings in the Series/Index to be capitalized.,https://pandas.pydata.org/docs/reference/api/pandas.Series.str.capitalize.html
Series,String handling,Series.str.casefold,,Convert strings in the Series/Index to be casefolded.,https://pandas.pydata.org/docs/reference/api/pandas.Series.str.casefold.html
Series,String handling,Series.str.cat,"[others, sep, na_rep, join]",Concatenate strings in the Series/Index with given separator.,https://pandas.pydata.org/docs/reference/api/pandas.Series.str.cat.html
Series,String handling,Series.str.center,"width[, fillchar]",Pad left and right side of strings in the Series/Index.,https://pandas.pydata.org/docs/reference/api/pandas.Series.str.center.html
Series,String handling,Series.str.contains,"pat[, case, flags, na, ...]",Test if pattern or regex is contained within a string of a Series or Index.,https://pandas.pydata.org/docs/reference/api/pandas.Series.str.contains.html
Series,String handling,Series.str.count,"pat[, flags]",Count occurrences of pattern in each string of the Series/Index.,https://pandas.pydata.org/docs/reference/api/pandas.Series.str.count.html
Series,String handling,Series.str.decode,"encoding[, errors, dtype]",Decode character string in the Series/Index using indicated encoding.,https://pandas.pydata.org/docs/reference/api/pandas.Series.str.decode.html
Series,String handling,Series.str.encode,"encoding[, errors]",Encode character string in the Series/Index using indicated encoding.,https://pandas.pydata.org/docs/reference/api/pandas.Series.str.encode.html
Series,String handling,Series.str.endswith,"pat[, na]",Test if the end of each string element matches a pattern.,https://pandas.pydata.org/docs/reference/api/pandas.Series.str.endswith.html
Series,String handling,Series.str.extract,"pat[, flags, expand]",Extract capture groups in the regex pat as columns in a DataFrame.,https://pandas.pydata.org/docs/reference/api/pandas.Series.str.extract.html
Series,String handling,Series.str.extractall,"pat[, flags]",Extract capture groups in the regex pat as columns in DataFrame.,https://pandas.pydata.org/docs/reference/api/pandas.Series.str.extractall.html
Series,String handling,Series.str.find,"sub[, start, end]",Return lowest indexes in each strings in the Series/Index.,https://pandas.pydata.org/docs/reference/api/pandas.Series.str.find.html
Series,String handling,Series.str.findall,"pat[, flags]",Find all occurrences of pattern or regular expression in the Series/Index.,https://pandas.pydata.org/docs/reference/api/pandas.Series.str.findall.html
Series,String handling,Series.str.fullmatch,"pat[, case, flags, na]",Determine if each string entirely matches a regular expression.,https://pandas.pydata.org/docs/reference/api/pandas.Series.str.fullmatch.html
Series,String handling,Series.str.get,i,Extract element from each component at specified position or with specified key.,https://pandas.pydata.org/docs/reference/api/pandas.Series.str.get.html
Series,String handling,Series.str.index,"sub[, start, end]",Return lowest indexes in each string in Series/Index.,https://pandas.pydata.org/docs/reference/api/pandas.Series.str.index.html
Series,String handling,Series.str.isascii,,Check whether all characters in each string are ascii.,https://pandas.pydata.org/docs/reference/api/pandas.Series.str.isascii.html
Series,String handling,Series.str.join,sep,Join lists contained as elements in the Series/Index with passed delimiter.,https://pandas.pydata.org/docs/reference/api/pandas.Series.str.join.html
Series,String handling,Series.str.len,,Compute the length of each element in the Series/Index.,https://pandas.pydata.org/docs/reference/api/pandas.Series.str.len.html
Series,String handling,Series.str.ljust,"width[, fillchar]",Pad right side of strings in the Series/Index.,https://pandas.pydata.org/docs/reference/api/pandas.Series.str.ljust.html
Series,String handling,Series.str.lower,,Convert strings in the Series/Index to lowercase.,https://pandas.pydata.org/docs/reference/api/pandas.Series.str.lower.html
Series,String handling,Series.str.lstrip,[to_strip],Remove leading characters.,https://pandas.pydata.org/docs/reference/api/pandas.Series.str.lstrip.html
Series,String handling,Series.str.match,"pat[, case, flags, na]",Determine if each string starts with a match of a regular expression.,https://pandas.pydata.org/docs/reference/api/pandas.Series.str.match.html
Series,String handling,Series.str.normalize,form,Return the Unicode normal form for the strings in the Series/Index.,https://pandas.pydata.org/docs/reference/api/pandas.Series.str.normalize.html
Series,String handling,Series.str.pad,"width[, side, fillchar]",Pad strings in the Series/Index up to width.,https://pandas.pydata.org/docs/reference/api/pandas.Series.str.pad.html
Series,String handling,Series.str.partition,"[sep, expand]",Split the string at the first occurrence of sep .,https://pandas.pydata.org/docs/reference/api/pandas.Series.str.partition.html
Series,String handling,Series.str.removeprefix,prefix,Remove a prefix from an object series.,https://pandas.pydata.org/docs/reference/api/pandas.Series.str.removeprefix.html
Series,String handling,Series.str.removesuffix,suffix,Remove a suffix from an object series.,https://pandas.pydata.org/docs/reference/api/pandas.Series.str.removesuffix.html
Series,String handling,Series.str.repeat,repeats,Duplicate each string in the Series or Index.,https://pandas.pydata.org/docs/reference/api/pandas.Series.str.repeat.html
Series,String handling,Series.str.replace,"pat[, repl, n, case, ...]",Replace each occurrence of pattern/regex in the Series/Index.,https://pandas.pydata.org/docs/reference/api/pandas.Series.str.replace.html
Series,String handling,Series.str.rfind,"sub[, start, end]",Return highest indexes in each strings in the Series/Index.,https://pandas.pydata.org/docs/reference/api/pandas.Series.str.rfind.html
Series,String handling,Series.str.rindex,"sub[, start, end]",Return highest indexes in each string in Series/Index.,https://pandas.pydata.org/docs/reference/api/pandas.Series.str.rindex.html
Series,String handling,Series.str.rjust,"width[, fillchar]",Pad left side of strings in the Series/Index.,https://pandas.pydata.org/docs/reference/api/pandas.Series.str.rjust.html
Series,String handling,Series.str.rpartition,"[sep, expand]",Split the string at the last occurrence of sep .,https://pandas.pydata.org/docs/reference/api/pandas.Series.str.rpartition.html
Series,String handling,Series.str.rstrip,[to_strip],Remove trailing characters.,https://pandas.pydata.org/docs/reference/api/pandas.Series.str.rstrip.html
Series,String handling,Series.str.slice,"[start, stop, step]",Slice substrings from each element in the Series or Index.,https://pandas.pydata.org/docs/reference/api/pandas.Series.str.slice.html
Series,String handling,Series.str.slice_replace,"[start, stop, repl]",Replace a positional slice of a string with another value.,https://pandas.pydata.org/docs/reference/api/pandas.Series.str.slice_replace.html
Series,String handling,Series.str.split,"[pat, n, expand, regex]",Split strings around given separator/delimiter.,https://pandas.pydata.org/docs/reference/api/pandas.Series.str.split.html
Series,String handling,Series.str.rsplit,"[pat, n, expand]",Split strings around given separator/delimiter.,https://pandas.pydata.org/docs/reference/api/pandas.Series.str.rsplit.html
Series,String handling,Series.str.startswith,"pat[, na]",Test if the start of each string element matches a pattern.,https://pandas.pydata.org/docs/reference/api/pandas.Series.str.startswith.html
Series,String handling,Series.str.strip,[to_strip],Remove leading and trailing characters.,https://pandas.pydata.org/docs/reference/api/pandas.Series.str.strip.html
Series,String handling,Series.str.swapcase,,Convert strings in the Series/Index to be swapcased.,https://pandas.pydata.org/docs/reference/api/pandas.Series.str.swapcase.html
Series,String handling,Series.str.title,,Convert strings in the Series/Index to titlecase.,https://pandas.pydata.org/docs/reference/api/pandas.Series.str.title.html
Series,String handling,Series.str.translate,table,Map all characters in the string through the given mapping table.,https://pandas.pydata.org/docs/reference/api/pandas.Series.str.translate.html
Series,String handling,Series.str.upper,,Convert strings in the Series/Index to uppercase.,https://pandas.pydata.org/docs/reference/api/pandas.Series.str.upper.html
Series,String handling,Series.str.wrap,"width[, expand_tabs, ...]",Wrap strings in Series/Index at specified line width.,https://pandas.pydata.org/docs/reference/api/pandas.Series.str.wrap.html
Series,String handling,Series.str.zfill,width,Pad strings in the Series/Index by prepending '0' characters.,https://pandas.pydata.org/docs/reference/api/pandas.Series.str.zfill.html
Series,String handling,Series.str.isalnum,,Check whether all characters in each string are alphanumeric.,https://pandas.pydata.org/docs/reference/api/pandas.Series.str.isalnum.html
Series,String handling,Series.str.isalpha,,Check whether all characters in each string are alphabetic.,https://pandas.pydata.org/docs/reference/api/pandas.Series.str.isalpha.html
Series,String handling,Series.str.isdigit,,Check whether all characters in each string are digits.,https://pandas.pydata.org/docs/reference/api/pandas.Series.str.isdigit.html
Series,String handling,Series.str.isspace,,Check whether all characters in each string are whitespace.,https://pandas.pydata.org/docs/reference/api/pandas.Series.str.isspace.html
Series,String handling,Series.str.islower,,Check whether all characters in each string are lowercase.,https://pandas.pydata.org/docs/reference/api/pandas.Series.str.islower.html
Series,String handling,Series.str.isupper,,Check whether all characters in each string are uppercase.,https://pandas.pydata.org/docs/reference/api/pandas.Series.str.isupper.html
Series,String handling,Series.str.istitle,,Check whether all characters in each string are titlecase.,https://pandas.pydata.org/docs/reference/api/pandas.Series.str.istitle.html
Series,String handling,Series.str.isnumeric,,Check whether all characters in each string are numeric.,https://pandas.pydata.org/docs/reference/api/pandas.Series.str.isnumeric.html
Series,String handling,Series.str.isdecimal,,Check whether all characters in each string are decimal.,https://pandas.pydata.org/docs/reference/api/pandas.Series.str.isdecimal.html
Series,String handling,Series.str.get_dummies,"[sep, dtype]",Return DataFrame of dummy/indicator variables for Series.,https://pandas.pydata.org/docs/reference/api/pandas.Series.str.get_dummies.html
Series,Categorical accessor,Series.cat.categories,,The categories of this categorical.,https://pandas.pydata.org/docs/reference/api/pandas.Series.cat.categories.html
Series,Categorical accessor,Series.cat.ordered,,Whether the categories have an ordered relationship.,https://pandas.pydata.org/docs/reference/api/pandas.Series.cat.ordered.html
Series,Categorical accessor,Series.cat.codes,,Return Series of codes as well as the index.,https://pandas.pydata.org/docs/reference/api/pandas.Series.cat.codes.html
Series,Categorical accessor,Series.cat.rename_categories,new_categories,Rename categories.,https://pandas.pydata.org/docs/reference/api/pandas.Series.cat.rename_categories.html
Series,Categorical accessor,Series.cat.reorder_categories,new_categories,Reorder categories as specified in new_categories.,https://pandas.pydata.org/docs/reference/api/pandas.Series.cat.reorder_categories.html
Series,Categorical accessor,Series.cat.add_categories,new_categories,Add new categories.,https://pandas.pydata.org/docs/reference/api/pandas.Series.cat.add_categories.html
Series,Categorical accessor,Series.cat.remove_categories,removals,Remove the specified categories.,https://pandas.pydata.org/docs/reference/api/pandas.Series.cat.remove_categories.html
Series,Categorical accessor,Series.cat.remove_unused_categories,,Remove categories which are not used.,https://pandas.pydata.org/docs/reference/api/pandas.Series.cat.remove_unused_categories.html
Series,Categorical accessor,Series.cat.set_categories,"new_categories[, ...]",Set the categories to the specified new categories.,https://pandas.pydata.org/docs/reference/api/pandas.Series.cat.set_categories.html
Series,Categorical accessor,Series.cat.as_ordered,,Set the Categorical to be ordered.,https://pandas.pydata.org/docs/reference/api/pandas.Series.cat.as_ordered.html
Series,Categorical accessor,Series.cat.as_unordered,,Set the Categorical to be unordered.,https://pandas.pydata.org/docs/reference/api/pandas.Series.cat.as_unordered.html
Series,Sparse accessor,Series.sparse.npoints,,The number of non- fill_value points.,https://pandas.pydata.org/docs/reference/api/pandas.Series.sparse.npoints.html
Series,Sparse accessor,Series.sparse.density,,"The percent of non- fill_value points, as decimal.",https://pandas.pydata.org/docs/reference/api/pandas.Series.sparse.density.html
Series,Sparse accessor,Series.sparse.fill_value,,Elements in data that are fill_value are not stored.,https://pandas.pydata.org/docs/reference/api/pandas.Series.sparse.fill_value.html
Series,Sparse accessor,Series.sparse.sp_values,,An ndarray containing the non- fill_value values.,https://pandas.pydata.org/docs/reference/api/pandas.Series.sparse.sp_values.html
Series,Sparse accessor,Series.sparse.from_coo,"A[, dense_index]",Create a Series with sparse values from a scipy.sparse.coo_matrix.,https://pandas.pydata.org/docs/reference/api/pandas.Series.sparse.from_coo.html
Series,Sparse accessor,Series.sparse.to_coo,"[row_levels, ...]",Create a scipy.sparse.coo_matrix from a Series with MultiIndex.,https://pandas.pydata.org/docs/reference/api/pandas.Series.sparse.to_coo.html
Series,List accessor,Series.list.flatten,,Flatten list values.,https://pandas.pydata.org/docs/reference/api/pandas.Series.list.flatten.html
Series,List accessor,Series.list.len,,Return the length of each list in the Series.,https://pandas.pydata.org/docs/reference/api/pandas.Series.list.len.html
Series,List accessor,Series.list.__getitem__,key,Index or slice lists in the Series.,https://pandas.pydata.org/docs/reference/api/pandas.Series.list.__getitem__.html
Series,Struct accessor,Series.struct.dtypes,,Return the dtype object of each child field of the struct.,https://pandas.pydata.org/docs/reference/api/pandas.Series.struct.dtypes.html
Series,Struct accessor,Series.struct.field,name_or_index,Extract a child field of a struct as a Series.,https://pandas.pydata.org/docs/reference/api/pandas.Series.struct.field.html
Series,Struct accessor,Series.struct.explode,,Extract all child fields of a struct as a DataFrame.,https://pandas.pydata.org/docs/reference/api/pandas.Series.struct.explode.html
Series,Flags,Flags,"obj, *, allows_duplicate_labels",Flags that apply to pandas objects.,https://pandas.pydata.org/docs/reference/api/pandas.Flags.html
Series,Metadata,Series.attrs,,Dictionary of global attributes of this dataset.,https://pandas.pydata.org/docs/reference/api/pandas.Series.attrs.html
Series,Plotting,Series.plot,"[kind, ax, figsize, ....]",Series plotting accessor and method,https://pandas.pydata.org/docs/reference/api/pandas.Series.plot.html
Series,Plotting,Series.plot.area,"[x, y, stacked]",Draw a stacked area plot.,https://pandas.pydata.org/docs/reference/api/pandas.Series.plot.area.html
Series,Plotting,Series.plot.bar,"[x, y, color]",Vertical bar plot.,https://pandas.pydata.org/docs/reference/api/pandas.Series.plot.bar.html
Series,Plotting,Series.plot.barh,"[x, y, color]",Make a horizontal bar plot.,https://pandas.pydata.org/docs/reference/api/pandas.Series.plot.barh.html
Series,Plotting,Series.plot.box,[by],Make a box plot of the DataFrame columns.,https://pandas.pydata.org/docs/reference/api/pandas.Series.plot.box.html
Series,Plotting,Series.plot.density,"[bw_method, ind, weights]",Generate Kernel Density Estimate plot using Gaussian kernels.,https://pandas.pydata.org/docs/reference/api/pandas.Series.plot.density.html
Series,Plotting,Series.plot.hist,"[by, bins]",Draw one histogram of the DataFrame's columns.,https://pandas.pydata.org/docs/reference/api/pandas.Series.plot.hist.html
Series,Plotting,Series.plot.kde,"[bw_method, ind, weights]",Generate Kernel Density Estimate plot using Gaussian kernels.,https://pandas.pydata.org/docs/reference/api/pandas.Series.plot.kde.html
Series,Plotting,Series.plot.line,"[x, y, color]",Plot Series or DataFrame as lines.,https://pandas.pydata.org/docs/reference/api/pandas.Series.plot.line.html
Series,Plotting,Series.plot.pie,[y],Generate a pie plot.,https://pandas.pydata.org/docs/reference/api/pandas.Series.plot.pie.html
Series,Plotting,Series.hist,"[by, ax, grid, xlabelsize, ...]",Draw histogram of the input series using matplotlib.,https://pandas.pydata.org/docs/reference/api/pandas.Series.hist.html
Series,Serialization / IO / conversion,Series.from_arrow,data,Construct a Series from an array-like Arrow object.,https://pandas.pydata.org/docs/reference/api/pandas.Series.from_arrow.html
Series,Serialization / IO / conversion,Series.to_pickle,"path, *[, compression, ...]",Pickle (serialize) object to file.,https://pandas.pydata.org/docs/reference/api/pandas.Series.to_pickle.html
Series,Serialization / IO / conversion,Series.to_csv,"[path_or_buf, sep, na_rep, ...]",Write object to a comma-separated values (csv) file.,https://pandas.pydata.org/docs/reference/api/pandas.Series.to_csv.html
Series,Serialization / IO / conversion,Series.to_dict,"*[, into]",Convert Series to {label -> value} dict or dict-like object.,https://pandas.pydata.org/docs/reference/api/pandas.Series.to_dict.html
Series,Serialization / IO / conversion,Series.to_excel,"excel_writer, *[, ...]",Write object to an Excel sheet.,https://pandas.pydata.org/docs/reference/api/pandas.Series.to_excel.html
Series,Serialization / IO / conversion,Series.to_frame,[name],Convert Series to DataFrame.,https://pandas.pydata.org/docs/reference/api/pandas.Series.to_frame.html
Series,Serialization / IO / conversion,Series.to_xarray,,Return an xarray object from the pandas object.,https://pandas.pydata.org/docs/reference/api/pandas.Series.to_xarray.html
Series,Serialization / IO / conversion,Series.to_hdf,"path_or_buf, *, key[, mode, ...]",Write the contained data to an HDF5 file using HDFStore.,https://pandas.pydata.org/docs/reference/api/pandas.Series.to_hdf.html
Series,Serialization / IO / conversion,Series.to_sql,"name, con, *[, schema, ...]",Write records stored in a DataFrame to a SQL database.,https://pandas.pydata.org/docs/reference/api/pandas.Series.to_sql.html
Series,Serialization / IO / conversion,Series.to_json,"[path_or_buf, orient, ...]",Convert the object to a JSON string.,https://pandas.pydata.org/docs/reference/api/pandas.Series.to_json.html
Series,Serialization / IO / conversion,Series.to_string,"[buf, na_rep, ...]",Render a string representation of the Series.,https://pandas.pydata.org/docs/reference/api/pandas.Series.to_string.html
Series,Serialization / IO / conversion,Series.to_clipboard,"*[, excel, sep]",Copy object to the system clipboard.,https://pandas.pydata.org/docs/reference/api/pandas.Series.to_clipboard.html
Series,Serialization / IO / conversion,Series.to_latex,"[buf, columns, header, ...]","Render object to a LaTeX tabular, longtable, or nested table.",https://pandas.pydata.org/docs/reference/api/pandas.Series.to_latex.html
Series,Serialization / IO / conversion,Series.to_markdown,"[buf, mode, index, ...]",Print Series in Markdown-friendly format.,https://pandas.pydata.org/docs/reference/api/pandas.Series.to_markdown.html
Index,Index,Index,"[data, dtype, copy, name, tupleize_cols]",Immutable sequence used for indexing and alignment.,https://pandas.pydata.org/docs/reference/api/pandas.Index.html
Index,Properties,Index.values,,Return an array representing the data in the Index.,https://pandas.pydata.org/docs/reference/api/pandas.Index.values.html
Index,Properties,Index.is_monotonic_increasing,,Return a boolean if the values are equal or increasing.,https://pandas.pydata.org/docs/reference/api/pandas.Index.is_monotonic_increasing.html
Index,Properties,Index.is_monotonic_decreasing,,Return a boolean if the values are equal or decreasing.,https://pandas.pydata.org/docs/reference/api/pandas.Index.is_monotonic_decreasing.html
Index,Properties,Index.is_unique,,Return if the index has unique values.,https://pandas.pydata.org/docs/reference/api/pandas.Index.is_unique.html
Index,Properties,Index.has_duplicates,,Check if the Index has duplicate values.,https://pandas.pydata.org/docs/reference/api/pandas.Index.has_duplicates.html
Index,Properties,Index.hasnans,,Return True if there are any NaNs.,https://pandas.pydata.org/docs/reference/api/pandas.Index.hasnans.html
Index,Properties,Index.dtype,,Return the dtype object of the underlying data.,https://pandas.pydata.org/docs/reference/api/pandas.Index.dtype.html
Index,Properties,Index.inferred_type,,Return a string of the type inferred from the values.,https://pandas.pydata.org/docs/reference/api/pandas.Index.inferred_type.html
Index,Properties,Index.shape,,Return a tuple of the shape of the underlying data.,https://pandas.pydata.org/docs/reference/api/pandas.Index.shape.html
Index,Properties,Index.name,,Return Index or MultiIndex name.,https://pandas.pydata.org/docs/reference/api/pandas.Index.name.html
Index,Properties,Index.names,,Get names on index.,https://pandas.pydata.org/docs/reference/api/pandas.Index.names.html
Index,Properties,Index.nbytes,,Return the number of bytes in the underlying data.,https://pandas.pydata.org/docs/reference/api/pandas.Index.nbytes.html
Index,Properties,Index.ndim,,"Number of dimensions of the underlying data, by definition 1.",https://pandas.pydata.org/docs/reference/api/pandas.Index.ndim.html
Index,Properties,Index.size,,Return the number of elements in the underlying data.,https://pandas.pydata.org/docs/reference/api/pandas.Index.size.html
Index,Properties,Index.empty,,Indicator whether Index is empty.,https://pandas.pydata.org/docs/reference/api/pandas.Index.empty.html
Index,Properties,Index.T,,"Return the transpose, which is by definition self.",https://pandas.pydata.org/docs/reference/api/pandas.Index.T.html
Index,Properties,Index.memory_usage,[deep],Memory usage of the values.,https://pandas.pydata.org/docs/reference/api/pandas.Index.memory_usage.html
Index,Properties,Index.array,,The ExtensionArray of the data backing this Index.,https://pandas.pydata.org/docs/reference/api/pandas.Index.array.html
Index,Modifying and computations,Index.all,"*args, **kwargs",Return whether all elements are Truthy.,https://pandas.pydata.org/docs/reference/api/pandas.Index.all.html
Index,Modifying and computations,Index.any,"*args, **kwargs",Return whether any element is Truthy.,https://pandas.pydata.org/docs/reference/api/pandas.Index.any.html
Index,Modifying and computations,Index.argmin,"[axis, skipna]",Return int position of the smallest value in the Index.,https://pandas.pydata.org/docs/reference/api/pandas.Index.argmin.html
Index,Modifying and computations,Index.argmax,"[axis, skipna]",Return int position of the largest value in the Index.,https://pandas.pydata.org/docs/reference/api/pandas.Index.argmax.html
Index,Modifying and computations,Index.copy,"[name, deep]",Make a copy of this object.,https://pandas.pydata.org/docs/reference/api/pandas.Index.copy.html
Index,Modifying and computations,Index.delete,loc,Make new Index with passed location(-s) deleted.,https://pandas.pydata.org/docs/reference/api/pandas.Index.delete.html
Index,Modifying and computations,Index.drop,"labels[, errors]",Make new Index with passed list of labels deleted.,https://pandas.pydata.org/docs/reference/api/pandas.Index.drop.html
Index,Modifying and computations,Index.drop_duplicates,"*[, keep]",Return Index with duplicate values removed.,https://pandas.pydata.org/docs/reference/api/pandas.Index.drop_duplicates.html
Index,Modifying and computations,Index.duplicated,[keep],Indicate duplicate index values.,https://pandas.pydata.org/docs/reference/api/pandas.Index.duplicated.html
Index,Modifying and computations,Index.equals,other,Determine if two Index object are equal.,https://pandas.pydata.org/docs/reference/api/pandas.Index.equals.html
Index,Modifying and computations,Index.factorize,"[sort, use_na_sentinel]",Encode the object as an enumerated type or categorical variable.,https://pandas.pydata.org/docs/reference/api/pandas.Index.factorize.html
Index,Modifying and computations,Index.identical,other,"Similar to equals, but checks that object attributes and types are also equal.",https://pandas.pydata.org/docs/reference/api/pandas.Index.identical.html
Index,Modifying and computations,Index.insert,"loc, item",Make new Index inserting new item at location.,https://pandas.pydata.org/docs/reference/api/pandas.Index.insert.html
Index,Modifying and computations,Index.is_,other,"More flexible, faster check like is but that works through views.",https://pandas.pydata.org/docs/reference/api/pandas.Index.is_.html
Index,Modifying and computations,Index.min,"[axis, skipna]",Return the minimum value of the Index.,https://pandas.pydata.org/docs/reference/api/pandas.Index.min.html
Index,Modifying and computations,Index.max,"[axis, skipna]",Return the maximum value of the Index.,https://pandas.pydata.org/docs/reference/api/pandas.Index.max.html
Index,Modifying and computations,Index.reindex,"target[, method, level, ...]",Create index with target's values.,https://pandas.pydata.org/docs/reference/api/pandas.Index.reindex.html
Index,Modifying and computations,Index.rename,"name, *[, inplace]",Alter Index or MultiIndex name.,https://pandas.pydata.org/docs/reference/api/pandas.Index.rename.html
Index,Modifying and computations,Index.repeat,"repeats[, axis]",Repeat elements of an Index.,https://pandas.pydata.org/docs/reference/api/pandas.Index.repeat.html
Index,Modifying and computations,Index.where,"cond[, other]",Replace values where the condition is False.,https://pandas.pydata.org/docs/reference/api/pandas.Index.where.html
Index,Modifying and computations,Index.take,"indices[, axis, allow_fill, ...]",Return a new Index of the values selected by the indices.,https://pandas.pydata.org/docs/reference/api/pandas.Index.take.html
Index,Modifying and computations,Index.putmask,"mask, value",Return a new Index of the values set with the mask.,https://pandas.pydata.org/docs/reference/api/pandas.Index.putmask.html
Index,Modifying and computations,Index.unique,[level],Return unique values in the index.,https://pandas.pydata.org/docs/reference/api/pandas.Index.unique.html
Index,Modifying and computations,Index.nunique,[dropna],Return number of unique elements in the object.,https://pandas.pydata.org/docs/reference/api/pandas.Index.nunique.html
Index,Modifying and computations,Index.value_counts,"[normalize, sort, ...]",Return a Series containing counts of unique values.,https://pandas.pydata.org/docs/reference/api/pandas.Index.value_counts.html
Index,Compatibility with MultiIndex,Index.set_names,"names, *[, level, inplace]",Set Index or MultiIndex name.,https://pandas.pydata.org/docs/reference/api/pandas.Index.set_names.html
Index,Compatibility with MultiIndex,Index.droplevel,[level],Return index with requested level(s) removed.,https://pandas.pydata.org/docs/reference/api/pandas.Index.droplevel.html
Index,Missing values,Index.fillna,value,Fill NA/NaN values with the specified value.,https://pandas.pydata.org/docs/reference/api/pandas.Index.fillna.html
Index,Missing values,Index.dropna,[how],Return Index without NA/NaN values.,https://pandas.pydata.org/docs/reference/api/pandas.Index.dropna.html
Index,Missing values,Index.isna,,Detect missing values.,https://pandas.pydata.org/docs/reference/api/pandas.Index.isna.html
Index,Missing values,Index.notna,,Detect existing (non-missing) values.,https://pandas.pydata.org/docs/reference/api/pandas.Index.notna.html
Index,Conversion,Index.astype,"dtype[, copy]",Create an Index with values cast to dtypes.,https://pandas.pydata.org/docs/reference/api/pandas.Index.astype.html
Index,Conversion,Index.infer_objects,[copy],"If we have an object dtype, try to infer a non-object dtype.",https://pandas.pydata.org/docs/reference/api/pandas.Index.infer_objects.html
Index,Conversion,Index.item,,Return the first element of the underlying data as a Python scalar.,https://pandas.pydata.org/docs/reference/api/pandas.Index.item.html
Index,Conversion,Index.map,"mapper[, na_action]",Map values using an input mapping or function.,https://pandas.pydata.org/docs/reference/api/pandas.Index.map.html
Index,Conversion,Index.ravel,[order],Return a view on self.,https://pandas.pydata.org/docs/reference/api/pandas.Index.ravel.html
Index,Conversion,Index.to_list,,Return a list of the values.,https://pandas.pydata.org/docs/reference/api/pandas.Index.to_list.html
Index,Conversion,Index.to_series,"[index, name]",Create a Series with both index and values equal to the index keys.,https://pandas.pydata.org/docs/reference/api/pandas.Index.to_series.html
Index,Conversion,Index.to_frame,"[index, name]",Create a DataFrame with a column containing the Index.,https://pandas.pydata.org/docs/reference/api/pandas.Index.to_frame.html
Index,Conversion,Index.to_numpy,"[dtype, copy, na_value]",A NumPy ndarray representing the values in this Series or Index.,https://pandas.pydata.org/docs/reference/api/pandas.Index.to_numpy.html
Index,Conversion,Index.view,[cls],Return a view of the Index with the specified dtype or a new Index instance.,https://pandas.pydata.org/docs/reference/api/pandas.Index.view.html
Index,Sorting,Index.argsort,"*args, **kwargs",Return the integer indices that would sort the index.,https://pandas.pydata.org/docs/reference/api/pandas.Index.argsort.html
Index,Sorting,Index.searchsorted,"value[, side, sorter]",Find indices where elements should be inserted to maintain order.,https://pandas.pydata.org/docs/reference/api/pandas.Index.searchsorted.html
Index,Sorting,Index.sort_values,"*[, return_indexer, ...]",Return a sorted copy of the index.,https://pandas.pydata.org/docs/reference/api/pandas.Index.sort_values.html
Index,Time-specific operations,Index.shift,"[periods, freq]",Shift index by desired number of time frequency increments.,https://pandas.pydata.org/docs/reference/api/pandas.Index.shift.html
Index,Combining / joining / set operations,Index.append,other,Append a collection of Index options together.,https://pandas.pydata.org/docs/reference/api/pandas.Index.append.html
Index,Combining / joining / set operations,Index.join,"other, *[, how, level, ...]",Compute join_index and indexers to conform data structures to the new index.,https://pandas.pydata.org/docs/reference/api/pandas.Index.join.html
Index,Combining / joining / set operations,Index.intersection,"other[, sort]",Form the intersection of two Index objects.,https://pandas.pydata.org/docs/reference/api/pandas.Index.intersection.html
Index,Combining / joining / set operations,Index.union,"other[, sort]",Form the union of two Index objects.,https://pandas.pydata.org/docs/reference/api/pandas.Index.union.html
Index,Combining / joining / set operations,Index.difference,"other[, sort]",Return a new Index with elements of index not in other .,https://pandas.pydata.org/docs/reference/api/pandas.Index.difference.html
Index,Combining / joining / set operations,Index.symmetric_difference,"other[, ...]",Compute the symmetric difference of two Index objects.,https://pandas.pydata.org/docs/reference/api/pandas.Index.symmetric_difference.html
Index,Selecting,Index.asof,label,"Return the label from the index, or, if not present, the previous one.",https://pandas.pydata.org/docs/reference/api/pandas.Index.asof.html
Index,Selecting,Index.asof_locs,"where, mask",Return the locations (indices) of labels in the index.,https://pandas.pydata.org/docs/reference/api/pandas.Index.asof_locs.html
Index,Selecting,Index.get_indexer,"target[, method, limit, ...]",Compute indexer and mask for new index given the current index.,https://pandas.pydata.org/docs/reference/api/pandas.Index.get_indexer.html
Index,Selecting,Index.get_indexer_for,target,Guaranteed return of an indexer even when non-unique.,https://pandas.pydata.org/docs/reference/api/pandas.Index.get_indexer_for.html
Index,Selecting,Index.get_indexer_non_unique,target,Compute indexer and mask for new index given the current index.,https://pandas.pydata.org/docs/reference/api/pandas.Index.get_indexer_non_unique.html
Index,Selecting,Index.get_level_values,level,Return an Index of values for requested level.,https://pandas.pydata.org/docs/reference/api/pandas.Index.get_level_values.html
Index,Selecting,Index.get_loc,key,"Get integer location, slice or boolean mask for requested label.",https://pandas.pydata.org/docs/reference/api/pandas.Index.get_loc.html
Index,Selecting,Index.get_slice_bound,"label, side",Calculate slice bound that corresponds to given label.,https://pandas.pydata.org/docs/reference/api/pandas.Index.get_slice_bound.html
Index,Selecting,Index.isin,"values[, level]",Return a boolean array where the index values are in values .,https://pandas.pydata.org/docs/reference/api/pandas.Index.isin.html
Index,Selecting,Index.slice_indexer,"[start, end, step]",Compute the slice indexer for input labels and step.,https://pandas.pydata.org/docs/reference/api/pandas.Index.slice_indexer.html
Index,Selecting,Index.slice_locs,"[start, end, step]",Compute slice locations for input labels.,https://pandas.pydata.org/docs/reference/api/pandas.Index.slice_locs.html
Index,Numeric Index,RangeIndex,"[start, stop, step, dtype, copy, ...]",Immutable Index implementing a monotonic integer range.,https://pandas.pydata.org/docs/reference/api/pandas.RangeIndex.html
Index,Numeric Index,RangeIndex.start,,The value of the start parameter ( 0 if this was not supplied).,https://pandas.pydata.org/docs/reference/api/pandas.RangeIndex.start.html
Index,Numeric Index,RangeIndex.stop,,The value of the stop parameter.,https://pandas.pydata.org/docs/reference/api/pandas.RangeIndex.stop.html
Index,Numeric Index,RangeIndex.step,,The value of the step parameter ( 1 if this was not supplied).,https://pandas.pydata.org/docs/reference/api/pandas.RangeIndex.step.html
Index,Numeric Index,RangeIndex.from_range,"data[, name, dtype]",Create pandas.RangeIndex from a range object.,https://pandas.pydata.org/docs/reference/api/pandas.RangeIndex.from_range.html
Index,CategoricalIndex,CategoricalIndex,"[data, categories, ...]",Index based on an underlying Categorical .,https://pandas.pydata.org/docs/reference/api/pandas.CategoricalIndex.html
Index,Categorical components,CategoricalIndex.append,other,Append a collection of Index options together.,https://pandas.pydata.org/docs/reference/api/pandas.CategoricalIndex.append.html
Index,Categorical components,CategoricalIndex.codes,,The category codes of this categorical index.,https://pandas.pydata.org/docs/reference/api/pandas.CategoricalIndex.codes.html
Index,Categorical components,CategoricalIndex.categories,,The categories of this categorical.,https://pandas.pydata.org/docs/reference/api/pandas.CategoricalIndex.categories.html
Index,Categorical components,CategoricalIndex.ordered,,Whether the categories have an ordered relationship.,https://pandas.pydata.org/docs/reference/api/pandas.CategoricalIndex.ordered.html
Index,Categorical components,CategoricalIndex.rename_categories,...,Rename categories.,https://pandas.pydata.org/docs/reference/api/pandas.CategoricalIndex.rename_categories.html
Index,Categorical components,CategoricalIndex.reorder_categories,"...[, ...]",Reorder categories as specified in new_categories.,https://pandas.pydata.org/docs/reference/api/pandas.CategoricalIndex.reorder_categories.html
Index,Categorical components,CategoricalIndex.add_categories,new_categories,Add new categories.,https://pandas.pydata.org/docs/reference/api/pandas.CategoricalIndex.add_categories.html
Index,Categorical components,CategoricalIndex.remove_categories,removals,Remove the specified categories.,https://pandas.pydata.org/docs/reference/api/pandas.CategoricalIndex.remove_categories.html
Index,Categorical components,CategoricalIndex.remove_unused_categories,,Remove categories which are not used.,https://pandas.pydata.org/docs/reference/api/pandas.CategoricalIndex.remove_unused_categories.html
Index,Categorical components,CategoricalIndex.set_categories,new_categories,Set the categories to the specified new categories.,https://pandas.pydata.org/docs/reference/api/pandas.CategoricalIndex.set_categories.html
Index,Categorical components,CategoricalIndex.as_ordered,,Set the Categorical to be ordered.,https://pandas.pydata.org/docs/reference/api/pandas.CategoricalIndex.as_ordered.html
Index,Categorical components,CategoricalIndex.as_unordered,,Set the Categorical to be unordered.,https://pandas.pydata.org/docs/reference/api/pandas.CategoricalIndex.as_unordered.html
Index,Modifying and computations,CategoricalIndex.map,"mapper[, na_action]",Map values using input an input mapping or function.,https://pandas.pydata.org/docs/reference/api/pandas.CategoricalIndex.map.html
Index,Modifying and computations,CategoricalIndex.equals,other,Determine if two CategoricalIndex objects contain the same elements.,https://pandas.pydata.org/docs/reference/api/pandas.CategoricalIndex.equals.html
Index,IntervalIndex,IntervalIndex,"data[, closed, dtype, copy, ...]",Immutable index of intervals that are closed on the same side.,https://pandas.pydata.org/docs/reference/api/pandas.IntervalIndex.html
Index,IntervalIndex components,IntervalIndex.from_arrays,"left, right[, ...]",Construct from two arrays defining the left and right bounds.,https://pandas.pydata.org/docs/reference/api/pandas.IntervalIndex.from_arrays.html
Index,IntervalIndex components,IntervalIndex.from_tuples,"data[, closed, ...]",Construct an IntervalIndex from an array-like of tuples.,https://pandas.pydata.org/docs/reference/api/pandas.IntervalIndex.from_tuples.html
Index,IntervalIndex components,IntervalIndex.from_breaks,"breaks[, closed, ...]",Construct an IntervalIndex from an array of splits.,https://pandas.pydata.org/docs/reference/api/pandas.IntervalIndex.from_breaks.html
Index,IntervalIndex components,IntervalIndex.left,,Return left bounds of the intervals in the IntervalIndex.,https://pandas.pydata.org/docs/reference/api/pandas.IntervalIndex.left.html
Index,IntervalIndex components,IntervalIndex.right,,Return right bounds of the intervals in the IntervalIndex.,https://pandas.pydata.org/docs/reference/api/pandas.IntervalIndex.right.html
Index,IntervalIndex components,IntervalIndex.mid,,Return the midpoint of each interval in the IntervalIndex as an Index.,https://pandas.pydata.org/docs/reference/api/pandas.IntervalIndex.mid.html
Index,IntervalIndex components,IntervalIndex.closed,,String describing the inclusive side the intervals.,https://pandas.pydata.org/docs/reference/api/pandas.IntervalIndex.closed.html
Index,IntervalIndex components,IntervalIndex.length,,Calculate the length of each interval in the IntervalIndex.,https://pandas.pydata.org/docs/reference/api/pandas.IntervalIndex.length.html
Index,IntervalIndex components,IntervalIndex.values,,Return an array representing the data in the Index.,https://pandas.pydata.org/docs/reference/api/pandas.IntervalIndex.values.html
Index,IntervalIndex components,IntervalIndex.is_empty,,"Indicates if an interval is empty, meaning it contains no points.",https://pandas.pydata.org/docs/reference/api/pandas.IntervalIndex.is_empty.html
Index,IntervalIndex components,IntervalIndex.is_non_overlapping_monotonic,,Return a boolean whether the IntervalArray/IntervalIndex        is non-overlapping and monotonic.,https://pandas.pydata.org/docs/reference/api/pandas.IntervalIndex.is_non_overlapping_monotonic.html
Index,IntervalIndex components,IntervalIndex.is_overlapping,,"Return True if the IntervalIndex has overlapping intervals, else False.",https://pandas.pydata.org/docs/reference/api/pandas.IntervalIndex.is_overlapping.html
Index,IntervalIndex components,IntervalIndex.get_loc,key,"Get integer location, slice or boolean mask for requested label.",https://pandas.pydata.org/docs/reference/api/pandas.IntervalIndex.get_loc.html
Index,IntervalIndex components,IntervalIndex.get_indexer,"target[, method, ...]",Compute indexer and mask for new index given the current index.,https://pandas.pydata.org/docs/reference/api/pandas.IntervalIndex.get_indexer.html
Index,IntervalIndex components,IntervalIndex.set_closed,closed,Return an identical IntervalArray closed on the specified side.,https://pandas.pydata.org/docs/reference/api/pandas.IntervalIndex.set_closed.html
Index,IntervalIndex components,IntervalIndex.contains,other,Check elementwise if the Intervals contain the value.,https://pandas.pydata.org/docs/reference/api/pandas.IntervalIndex.contains.html
Index,IntervalIndex components,IntervalIndex.overlaps,other,Check elementwise if an Interval overlaps the values in the IntervalArray.,https://pandas.pydata.org/docs/reference/api/pandas.IntervalIndex.overlaps.html
Index,IntervalIndex components,IntervalIndex.to_tuples,[na_tuple],"Return an ndarray (if self is IntervalArray) or Index         (if self is IntervalIndex) of tuples of the form (left, right).",https://pandas.pydata.org/docs/reference/api/pandas.IntervalIndex.to_tuples.html
Index,MultiIndex,MultiIndex,"[levels, codes, sortorder, ...]","A multi-level, or hierarchical, index object for pandas objects.",https://pandas.pydata.org/docs/reference/api/pandas.MultiIndex.html
Index,MultiIndex constructors,MultiIndex.from_arrays,"arrays[, sortorder, ...]",Convert arrays to MultiIndex.,https://pandas.pydata.org/docs/reference/api/pandas.MultiIndex.from_arrays.html
Index,MultiIndex constructors,MultiIndex.from_tuples,"tuples[, sortorder, ...]",Convert list of tuples to MultiIndex.,https://pandas.pydata.org/docs/reference/api/pandas.MultiIndex.from_tuples.html
Index,MultiIndex constructors,MultiIndex.from_product,"iterables[, ...]",Make a MultiIndex from the cartesian product of multiple iterables.,https://pandas.pydata.org/docs/reference/api/pandas.MultiIndex.from_product.html
Index,MultiIndex constructors,MultiIndex.from_frame,"df[, sortorder, names]",Make a MultiIndex from a DataFrame.,https://pandas.pydata.org/docs/reference/api/pandas.MultiIndex.from_frame.html
Index,MultiIndex properties,MultiIndex.names,,Names of levels in MultiIndex.,https://pandas.pydata.org/docs/reference/api/pandas.MultiIndex.names.html
Index,MultiIndex properties,MultiIndex.levels,,Levels of the MultiIndex.,https://pandas.pydata.org/docs/reference/api/pandas.MultiIndex.levels.html
Index,MultiIndex properties,MultiIndex.codes,,Codes of the MultiIndex.,https://pandas.pydata.org/docs/reference/api/pandas.MultiIndex.codes.html
Index,MultiIndex properties,MultiIndex.nlevels,,Integer number of levels in this MultiIndex.,https://pandas.pydata.org/docs/reference/api/pandas.MultiIndex.nlevels.html
Index,MultiIndex properties,MultiIndex.levshape,,A tuple representing the length of each level in the MultiIndex.,https://pandas.pydata.org/docs/reference/api/pandas.MultiIndex.levshape.html
Index,MultiIndex properties,MultiIndex.dtypes,,Return the dtypes as a Series for the underlying MultiIndex.,https://pandas.pydata.org/docs/reference/api/pandas.MultiIndex.dtypes.html
Index,MultiIndex components,MultiIndex.set_levels,"levels, *[, level, ...]",Set new levels on MultiIndex.,https://pandas.pydata.org/docs/reference/api/pandas.MultiIndex.set_levels.html
Index,MultiIndex components,MultiIndex.set_codes,"codes, *[, level, ...]",Set new codes on MultiIndex.,https://pandas.pydata.org/docs/reference/api/pandas.MultiIndex.set_codes.html
Index,MultiIndex components,MultiIndex.to_flat_index,,Convert a MultiIndex to an Index of Tuples containing the level values.,https://pandas.pydata.org/docs/reference/api/pandas.MultiIndex.to_flat_index.html
Index,MultiIndex components,MultiIndex.to_frame,"[index, name, ...]",Create a DataFrame with the levels of the MultiIndex as columns.,https://pandas.pydata.org/docs/reference/api/pandas.MultiIndex.to_frame.html
Index,MultiIndex components,MultiIndex.sortlevel,"[level, ascending, ...]",Sort MultiIndex at the requested level.,https://pandas.pydata.org/docs/reference/api/pandas.MultiIndex.sortlevel.html
Index,MultiIndex components,MultiIndex.droplevel,[level],Return index with requested level(s) removed.,https://pandas.pydata.org/docs/reference/api/pandas.MultiIndex.droplevel.html
Index,MultiIndex components,MultiIndex.swaplevel,"[i, j]",Swap level i with level j.,https://pandas.pydata.org/docs/reference/api/pandas.MultiIndex.swaplevel.html
Index,MultiIndex components,MultiIndex.reorder_levels,order,Rearrange levels using input order.,https://pandas.pydata.org/docs/reference/api/pandas.MultiIndex.reorder_levels.html
Index,MultiIndex components,MultiIndex.remove_unused_levels,,Create new MultiIndex from current that removes unused levels.,https://pandas.pydata.org/docs/reference/api/pandas.MultiIndex.remove_unused_levels.html
Index,MultiIndex components,MultiIndex.drop,"codes[, level, errors]",Make a new pandas.MultiIndex with the passed list of codes deleted.,https://pandas.pydata.org/docs/reference/api/pandas.MultiIndex.drop.html
Index,MultiIndex components,MultiIndex.copy,"[names, deep, name]",Make a copy of this object.,https://pandas.pydata.org/docs/reference/api/pandas.MultiIndex.copy.html
Index,MultiIndex components,MultiIndex.append,other,Append a collection of Index options together.,https://pandas.pydata.org/docs/reference/api/pandas.MultiIndex.append.html
Index,MultiIndex components,MultiIndex.truncate,"[before, after]","Slice index between two labels / tuples, return new MultiIndex.",https://pandas.pydata.org/docs/reference/api/pandas.MultiIndex.truncate.html
Index,MultiIndex selecting,MultiIndex.get_loc,key,Get location for a label or a tuple of labels.,https://pandas.pydata.org/docs/reference/api/pandas.MultiIndex.get_loc.html
Index,MultiIndex selecting,MultiIndex.get_locs,seq,Get location for a sequence of labels.,https://pandas.pydata.org/docs/reference/api/pandas.MultiIndex.get_locs.html
Index,MultiIndex selecting,MultiIndex.get_loc_level,"key[, level, ...]",Get location and sliced index for requested label(s)/level(s).,https://pandas.pydata.org/docs/reference/api/pandas.MultiIndex.get_loc_level.html
Index,MultiIndex selecting,MultiIndex.get_indexer,"target[, method, ...]",Compute indexer and mask for new index given the current index.,https://pandas.pydata.org/docs/reference/api/pandas.MultiIndex.get_indexer.html
Index,MultiIndex selecting,MultiIndex.get_level_values,level,Return vector of label values for requested level.,https://pandas.pydata.org/docs/reference/api/pandas.MultiIndex.get_level_values.html
Index,MultiIndex selecting,IndexSlice,,Create an object to more easily perform multi-index slicing.,https://pandas.pydata.org/docs/reference/api/pandas.IndexSlice.html
Index,DatetimeIndex,DatetimeIndex,"[data, freq, tz, ambiguous, ...]",Immutable ndarray-like of datetime64 data.,https://pandas.pydata.org/docs/reference/api/pandas.DatetimeIndex.html
Index,Time/date components,DatetimeIndex.year,,The year of the datetime.,https://pandas.pydata.org/docs/reference/api/pandas.DatetimeIndex.year.html
Index,Time/date components,DatetimeIndex.month,,"The month as January=1, December=12.",https://pandas.pydata.org/docs/reference/api/pandas.DatetimeIndex.month.html
Index,Time/date components,DatetimeIndex.day,,The day of the datetime.,https://pandas.pydata.org/docs/reference/api/pandas.DatetimeIndex.day.html
Index,Time/date components,DatetimeIndex.hour,,The hours of the datetime.,https://pandas.pydata.org/docs/reference/api/pandas.DatetimeIndex.hour.html
Index,Time/date components,DatetimeIndex.minute,,The minutes of the datetime.,https://pandas.pydata.org/docs/reference/api/pandas.DatetimeIndex.minute.html
Index,Time/date components,DatetimeIndex.second,,The seconds of the datetime.,https://pandas.pydata.org/docs/reference/api/pandas.DatetimeIndex.second.html
Index,Time/date components,DatetimeIndex.microsecond,,The microseconds of the datetime.,https://pandas.pydata.org/docs/reference/api/pandas.DatetimeIndex.microsecond.html
Index,Time/date components,DatetimeIndex.nanosecond,,The nanoseconds of the datetime.,https://pandas.pydata.org/docs/reference/api/pandas.DatetimeIndex.nanosecond.html
Index,Time/date components,DatetimeIndex.date,,Returns numpy array of python datetime.date objects.,https://pandas.pydata.org/docs/reference/api/pandas.DatetimeIndex.date.html
Index,Time/date components,DatetimeIndex.time,,Returns numpy array of datetime.time objects.,https://pandas.pydata.org/docs/reference/api/pandas.DatetimeIndex.time.html
Index,Time/date components,DatetimeIndex.timetz,,Returns numpy array of datetime.time objects with timezones.,https://pandas.pydata.org/docs/reference/api/pandas.DatetimeIndex.timetz.html
Index,Time/date components,DatetimeIndex.dayofyear,,The ordinal day of the year.,https://pandas.pydata.org/docs/reference/api/pandas.DatetimeIndex.dayofyear.html
Index,Time/date components,DatetimeIndex.day_of_year,,The ordinal day of the year.,https://pandas.pydata.org/docs/reference/api/pandas.DatetimeIndex.day_of_year.html
Index,Time/date components,DatetimeIndex.dayofweek,,"The day of the week with Monday=0, Sunday=6.",https://pandas.pydata.org/docs/reference/api/pandas.DatetimeIndex.dayofweek.html
Index,Time/date components,DatetimeIndex.day_of_week,,"The day of the week with Monday=0, Sunday=6.",https://pandas.pydata.org/docs/reference/api/pandas.DatetimeIndex.day_of_week.html
Index,Time/date components,DatetimeIndex.weekday,,"The day of the week with Monday=0, Sunday=6.",https://pandas.pydata.org/docs/reference/api/pandas.DatetimeIndex.weekday.html
Index,Time/date components,DatetimeIndex.quarter,,The quarter of the date.,https://pandas.pydata.org/docs/reference/api/pandas.DatetimeIndex.quarter.html
Index,Time/date components,DatetimeIndex.tz,,Return the timezone.,https://pandas.pydata.org/docs/reference/api/pandas.DatetimeIndex.tz.html
Index,Time/date components,DatetimeIndex.freq,,"Return the frequency object if it is set, otherwise None.",https://pandas.pydata.org/docs/reference/api/pandas.DatetimeIndex.freq.html
Index,Time/date components,DatetimeIndex.freqstr,,"Return the frequency object as a string if it's set, otherwise None.",https://pandas.pydata.org/docs/reference/api/pandas.DatetimeIndex.freqstr.html
Index,Time/date components,DatetimeIndex.is_month_start,,Indicates whether the date is the first day of the month.,https://pandas.pydata.org/docs/reference/api/pandas.DatetimeIndex.is_month_start.html
Index,Time/date components,DatetimeIndex.is_month_end,,Indicates whether the date is the last day of the month.,https://pandas.pydata.org/docs/reference/api/pandas.DatetimeIndex.is_month_end.html
Index,Time/date components,DatetimeIndex.is_quarter_start,,Indicator for whether the date is the first day of a quarter.,https://pandas.pydata.org/docs/reference/api/pandas.DatetimeIndex.is_quarter_start.html
Index,Time/date components,DatetimeIndex.is_quarter_end,,Indicator for whether the date is the last day of a quarter.,https://pandas.pydata.org/docs/reference/api/pandas.DatetimeIndex.is_quarter_end.html
Index,Time/date components,DatetimeIndex.is_year_start,,Indicate whether the date is the first day of a year.,https://pandas.pydata.org/docs/reference/api/pandas.DatetimeIndex.is_year_start.html
Index,Time/date components,DatetimeIndex.is_year_end,,Indicate whether the date is the last day of the year.,https://pandas.pydata.org/docs/reference/api/pandas.DatetimeIndex.is_year_end.html
Index,Time/date components,DatetimeIndex.is_leap_year,,Boolean indicator if the date belongs to a leap year.,https://pandas.pydata.org/docs/reference/api/pandas.DatetimeIndex.is_leap_year.html
Index,Time/date components,DatetimeIndex.inferred_freq,,Return the inferred frequency of the index.,https://pandas.pydata.org/docs/reference/api/pandas.DatetimeIndex.inferred_freq.html
Index,Selecting,DatetimeIndex.indexer_at_time,"time[, asof]",Return index locations of values at particular time of day.,https://pandas.pydata.org/docs/reference/api/pandas.DatetimeIndex.indexer_at_time.html
Index,Selecting,DatetimeIndex.indexer_between_time,"...[, ...]",Return index locations of values between particular times of day.,https://pandas.pydata.org/docs/reference/api/pandas.DatetimeIndex.indexer_between_time.html
Index,Time-specific operations,DatetimeIndex.normalize,,Convert times to midnight.,https://pandas.pydata.org/docs/reference/api/pandas.DatetimeIndex.normalize.html
Index,Time-specific operations,DatetimeIndex.strftime,date_format,Convert to Index using specified date_format.,https://pandas.pydata.org/docs/reference/api/pandas.DatetimeIndex.strftime.html
Index,Time-specific operations,DatetimeIndex.snap,[freq],Snap time stamps to nearest occurring frequency.,https://pandas.pydata.org/docs/reference/api/pandas.DatetimeIndex.snap.html
Index,Time-specific operations,DatetimeIndex.tz_convert,tz,Convert tz-aware Datetime Array/Index from one time zone to another.,https://pandas.pydata.org/docs/reference/api/pandas.DatetimeIndex.tz_convert.html
Index,Time-specific operations,DatetimeIndex.tz_localize,"tz[, ambiguous, ...]",Localize tz-naive Datetime Array/Index to tz-aware Datetime Array/Index.,https://pandas.pydata.org/docs/reference/api/pandas.DatetimeIndex.tz_localize.html
Index,Time-specific operations,DatetimeIndex.round,"freq[, ambiguous, ...]",Perform round operation on the data to the specified freq .,https://pandas.pydata.org/docs/reference/api/pandas.DatetimeIndex.round.html
Index,Time-specific operations,DatetimeIndex.floor,"freq[, ambiguous, ...]",Perform floor operation on the data to the specified freq .,https://pandas.pydata.org/docs/reference/api/pandas.DatetimeIndex.floor.html
Index,Time-specific operations,DatetimeIndex.ceil,"freq[, ambiguous, ...]",Perform ceil operation on the data to the specified freq .,https://pandas.pydata.org/docs/reference/api/pandas.DatetimeIndex.ceil.html
Index,Time-specific operations,DatetimeIndex.month_name,[locale],Return the month names with specified locale.,https://pandas.pydata.org/docs/reference/api/pandas.DatetimeIndex.month_name.html
Index,Time-specific operations,DatetimeIndex.day_name,[locale],Return the day names with specified locale.,https://pandas.pydata.org/docs/reference/api/pandas.DatetimeIndex.day_name.html
Index,Conversion,DatetimeIndex.as_unit,"unit[, round_ok]",Convert to a dtype with the given unit resolution.,https://pandas.pydata.org/docs/reference/api/pandas.DatetimeIndex.as_unit.html
Index,Conversion,DatetimeIndex.to_period,[freq],Cast to PeriodArray/PeriodIndex at a particular frequency.,https://pandas.pydata.org/docs/reference/api/pandas.DatetimeIndex.to_period.html
Index,Conversion,DatetimeIndex.to_pydatetime,,Return an ndarray of datetime.datetime objects.,https://pandas.pydata.org/docs/reference/api/pandas.DatetimeIndex.to_pydatetime.html
Index,Conversion,DatetimeIndex.to_series,"[index, name]",Create a Series with both index and values equal to the index keys.,https://pandas.pydata.org/docs/reference/api/pandas.DatetimeIndex.to_series.html
Index,Conversion,DatetimeIndex.to_frame,"[index, name]",Create a DataFrame with a column containing the Index.,https://pandas.pydata.org/docs/reference/api/pandas.DatetimeIndex.to_frame.html
Index,Conversion,DatetimeIndex.to_julian_date,,Convert TimeStamp to a Julian Date.,https://pandas.pydata.org/docs/reference/api/pandas.DatetimeIndex.to_julian_date.html
Index,Methods,DatetimeIndex.mean,"*[, skipna, axis]",Return the mean value of the Array.,https://pandas.pydata.org/docs/reference/api/pandas.DatetimeIndex.mean.html
Index,Methods,DatetimeIndex.std,"[axis, dtype, out, ddof, ...]",Return sample standard deviation over requested axis.,https://pandas.pydata.org/docs/reference/api/pandas.DatetimeIndex.std.html
Index,TimedeltaIndex,TimedeltaIndex,"[data, freq, dtype, copy, name]",Immutable Index of timedelta64 data.,https://pandas.pydata.org/docs/reference/api/pandas.TimedeltaIndex.html
Index,Components,TimedeltaIndex.days,,Number of days for each element.,https://pandas.pydata.org/docs/reference/api/pandas.TimedeltaIndex.days.html
Index,Components,TimedeltaIndex.seconds,,Number of seconds (>= 0 and less than 1 day) for each element.,https://pandas.pydata.org/docs/reference/api/pandas.TimedeltaIndex.seconds.html
Index,Components,TimedeltaIndex.microseconds,,Number of microseconds (>= 0 and less than 1 second) for each element.,https://pandas.pydata.org/docs/reference/api/pandas.TimedeltaIndex.microseconds.html
Index,Components,TimedeltaIndex.nanoseconds,,Number of nanoseconds (>= 0 and less than 1 microsecond) for each element.,https://pandas.pydata.org/docs/reference/api/pandas.TimedeltaIndex.nanoseconds.html
Index,Components,TimedeltaIndex.components,,Return a DataFrame of the individual resolution components of the Timedeltas.,https://pandas.pydata.org/docs/reference/api/pandas.TimedeltaIndex.components.html
Index,Components,TimedeltaIndex.inferred_freq,,Return the inferred frequency of the index.,https://pandas.pydata.org/docs/reference/api/pandas.TimedeltaIndex.inferred_freq.html
Index,Conversion,TimedeltaIndex.as_unit,unit,Convert to a dtype with the given unit resolution.,https://pandas.pydata.org/docs/reference/api/pandas.TimedeltaIndex.as_unit.html
Index,Conversion,TimedeltaIndex.to_pytimedelta,,Return an ndarray of datetime.timedelta objects.,https://pandas.pydata.org/docs/reference/api/pandas.TimedeltaIndex.to_pytimedelta.html
Index,Conversion,TimedeltaIndex.to_series,"[index, name]",Create a Series with both index and values equal to the index keys.,https://pandas.pydata.org/docs/reference/api/pandas.TimedeltaIndex.to_series.html
Index,Conversion,TimedeltaIndex.round,"freq[, ambiguous, ...]",Perform round operation on the data to the specified freq .,https://pandas.pydata.org/docs/reference/api/pandas.TimedeltaIndex.round.html
Index,Conversion,TimedeltaIndex.floor,"freq[, ambiguous, ...]",Perform floor operation on the data to the specified freq .,https://pandas.pydata.org/docs/reference/api/pandas.TimedeltaIndex.floor.html
Index,Conversion,TimedeltaIndex.ceil,"freq[, ambiguous, ...]",Perform ceil operation on the data to the specified freq .,https://pandas.pydata.org/docs/reference/api/pandas.TimedeltaIndex.ceil.html
Index,Conversion,TimedeltaIndex.to_frame,"[index, name]",Create a DataFrame with a column containing the Index.,https://pandas.pydata.org/docs/reference/api/pandas.TimedeltaIndex.to_frame.html
Index,Methods,TimedeltaIndex.mean,"*[, skipna, axis]",Return the mean value of the Array.,https://pandas.pydata.org/docs/reference/api/pandas.TimedeltaIndex.mean.html
Index,PeriodIndex,PeriodIndex,"[data, freq, dtype, copy, name]",Immutable ndarray holding ordinal values indicating regular periods in time.,https://pandas.pydata.org/docs/reference/api/pandas.PeriodIndex.html
Index,Properties,PeriodIndex.day,,The days of the period.,https://pandas.pydata.org/docs/reference/api/pandas.PeriodIndex.day.html
Index,Properties,PeriodIndex.dayofweek,,"The day of the week with Monday=0, Sunday=6.",https://pandas.pydata.org/docs/reference/api/pandas.PeriodIndex.dayofweek.html
Index,Properties,PeriodIndex.day_of_week,,"The day of the week with Monday=0, Sunday=6.",https://pandas.pydata.org/docs/reference/api/pandas.PeriodIndex.day_of_week.html
Index,Properties,PeriodIndex.dayofyear,,The ordinal day of the year.,https://pandas.pydata.org/docs/reference/api/pandas.PeriodIndex.dayofyear.html
Index,Properties,PeriodIndex.day_of_year,,The ordinal day of the year.,https://pandas.pydata.org/docs/reference/api/pandas.PeriodIndex.day_of_year.html
Index,Properties,PeriodIndex.days_in_month,,The number of days in the month.,https://pandas.pydata.org/docs/reference/api/pandas.PeriodIndex.days_in_month.html
Index,Properties,PeriodIndex.daysinmonth,,The number of days in the month.,https://pandas.pydata.org/docs/reference/api/pandas.PeriodIndex.daysinmonth.html
Index,Properties,PeriodIndex.end_time,,Get the Timestamp for the end of the period.,https://pandas.pydata.org/docs/reference/api/pandas.PeriodIndex.end_time.html
Index,Properties,PeriodIndex.freq,,"Return the frequency object if it is set, otherwise None.",https://pandas.pydata.org/docs/reference/api/pandas.PeriodIndex.freq.html
Index,Properties,PeriodIndex.freqstr,,"Return the frequency object as a string if it's set, otherwise None.",https://pandas.pydata.org/docs/reference/api/pandas.PeriodIndex.freqstr.html
Index,Properties,PeriodIndex.hour,,The hour of the period.,https://pandas.pydata.org/docs/reference/api/pandas.PeriodIndex.hour.html
Index,Properties,PeriodIndex.is_leap_year,,Logical indicating if the date belongs to a leap year.,https://pandas.pydata.org/docs/reference/api/pandas.PeriodIndex.is_leap_year.html
Index,Properties,PeriodIndex.minute,,The minute of the period.,https://pandas.pydata.org/docs/reference/api/pandas.PeriodIndex.minute.html
Index,Properties,PeriodIndex.month,,"The month as January=1, December=12.",https://pandas.pydata.org/docs/reference/api/pandas.PeriodIndex.month.html
Index,Properties,PeriodIndex.quarter,,The quarter of the date.,https://pandas.pydata.org/docs/reference/api/pandas.PeriodIndex.quarter.html
Index,Properties,PeriodIndex.qyear,,Fiscal year the Period lies in according to its starting-quarter.,https://pandas.pydata.org/docs/reference/api/pandas.PeriodIndex.qyear.html
Index,Properties,PeriodIndex.second,,The second of the period.,https://pandas.pydata.org/docs/reference/api/pandas.PeriodIndex.second.html
Index,Properties,PeriodIndex.start_time,,Get the Timestamp for the start of the period.,https://pandas.pydata.org/docs/reference/api/pandas.PeriodIndex.start_time.html
Index,Properties,PeriodIndex.week,,The week ordinal of the year.,https://pandas.pydata.org/docs/reference/api/pandas.PeriodIndex.week.html
Index,Properties,PeriodIndex.weekday,,"The day of the week with Monday=0, Sunday=6.",https://pandas.pydata.org/docs/reference/api/pandas.PeriodIndex.weekday.html
Index,Properties,PeriodIndex.weekofyear,,The week ordinal of the year.,https://pandas.pydata.org/docs/reference/api/pandas.PeriodIndex.weekofyear.html
Index,Properties,PeriodIndex.year,,The year of the period.,https://pandas.pydata.org/docs/reference/api/pandas.PeriodIndex.year.html
Index,Methods,PeriodIndex.asfreq,"[freq, how]",Convert the PeriodArray to the specified frequency freq .,https://pandas.pydata.org/docs/reference/api/pandas.PeriodIndex.asfreq.html
Index,Methods,PeriodIndex.strftime,date_format,Convert to Index using specified date_format.,https://pandas.pydata.org/docs/reference/api/pandas.PeriodIndex.strftime.html
Index,Methods,PeriodIndex.to_timestamp,"[freq, how]",Cast to DatetimeArray/Index.,https://pandas.pydata.org/docs/reference/api/pandas.PeriodIndex.to_timestamp.html
Index,Methods,PeriodIndex.from_fields,"*[, year, quarter, ...]","Construct a PeriodIndex from fields (year, month, day, etc.).",https://pandas.pydata.org/docs/reference/api/pandas.PeriodIndex.from_fields.html
Index,Methods,PeriodIndex.from_ordinals,"ordinals, *, freq",Construct a PeriodIndex from ordinals.,https://pandas.pydata.org/docs/reference/api/pandas.PeriodIndex.from_ordinals.html
Input/Output,Pickling,read_pickle,"filepath_or_buffer[, ...]",Load pickled pandas object (or any object) from file and return unpickled object.,https://pandas.pydata.org/docs/reference/api/pandas.read_pickle.html
Input/Output,Pickling,DataFrame.to_pickle,"path, *[, compression, ...]",Pickle (serialize) object to file.,https://pandas.pydata.org/docs/reference/api/pandas.DataFrame.to_pickle.html
Input/Output,Flat file,read_table,"filepath_or_buffer, *[, sep, ...]",Read general delimited file into DataFrame.,https://pandas.pydata.org/docs/reference/api/pandas.read_table.html
Input/Output,Flat file,read_csv,"filepath_or_buffer, *[, sep, ...]",Read a comma-separated values (csv) file into DataFrame.,https://pandas.pydata.org/docs/reference/api/pandas.read_csv.html
Input/Output,Flat file,DataFrame.to_csv,"[path_or_buf, sep, na_rep, ...]",Write object to a comma-separated values (csv) file.,https://pandas.pydata.org/docs/reference/api/pandas.DataFrame.to_csv.html
Input/Output,Flat file,read_fwf,"filepath_or_buffer, *[, colspecs, ...]",Read a table of fixed-width formatted lines into DataFrame.,https://pandas.pydata.org/docs/reference/api/pandas.read_fwf.html
Input/Output,Clipboard,read_clipboard,"[sep, dtype_backend]",Read text from clipboard and pass to read_csv() .,https://pandas.pydata.org/docs/reference/api/pandas.read_clipboard.html
Input/Output,Clipboard,DataFrame.to_clipboard,"*[, excel, sep]",Copy object to the system clipboard.,https://pandas.pydata.org/docs/reference/api/pandas.DataFrame.to_clipboard.html
Input/Output,Excel,read_excel,"io[, sheet_name, header, names, ...]",Read an Excel file into a DataFrame .,https://pandas.pydata.org/docs/reference/api/pandas.read_excel.html
Input/Output,Excel,DataFrame.to_excel,"excel_writer, *[, ...]",Write object to an Excel sheet.,https://pandas.pydata.org/docs/reference/api/pandas.DataFrame.to_excel.html
Input/Output,Excel,ExcelFile,"path_or_buffer[, engine, ...]",Class for parsing tabular Excel sheets into DataFrame objects.,https://pandas.pydata.org/docs/reference/api/pandas.ExcelFile.html
Input/Output,Excel,ExcelFile.book,,Gets the Excel workbook.,https://pandas.pydata.org/docs/reference/api/pandas.ExcelFile.book.html
Input/Output,Excel,ExcelFile.sheet_names,,Names of the sheets in the document.,https://pandas.pydata.org/docs/reference/api/pandas.ExcelFile.sheet_names.html
Input/Output,Excel,ExcelFile.parse,"[sheet_name, header, names, ...]",Parse specified sheet(s) into a DataFrame.,https://pandas.pydata.org/docs/reference/api/pandas.ExcelFile.parse.html
Input/Output,Excel,Styler.to_excel,"excel_writer[, sheet_name, ...]",Write Styler to an Excel sheet.,https://pandas.pydata.org/docs/reference/api/pandas.io.formats.style.Styler.to_excel.html
Input/Output,Excel,ExcelWriter,"path[, engine, date_format, ...]",Class for writing DataFrame objects into excel sheets.,https://pandas.pydata.org/docs/reference/api/pandas.ExcelWriter.html
Input/Output,JSON,read_json,"path_or_buf, *[, orient, typ, ...]",Convert a JSON string to pandas object.,https://pandas.pydata.org/docs/reference/api/pandas.read_json.html
Input/Output,JSON,json_normalize,"data[, record_path, meta, ...]",Normalize semi-structured JSON data into a flat table.,https://pandas.pydata.org/docs/reference/api/pandas.json_normalize.html
Input/Output,JSON,DataFrame.to_json,"[path_or_buf, orient, ...]",Convert the object to a JSON string.,https://pandas.pydata.org/docs/reference/api/pandas.DataFrame.to_json.html
Input/Output,JSON,build_table_schema,"data[, index, ...]",Create a Table schema from data .,https://pandas.pydata.org/docs/reference/api/pandas.io.json.build_table_schema.html
Input/Output,HTML,read_html,"io, *[, match, flavor, header, ...]",Read HTML tables into a list of DataFrame objects.,https://pandas.pydata.org/docs/reference/api/pandas.read_html.html
Input/Output,HTML,DataFrame.to_html,"[buf, columns, col_space, ...]",Render a DataFrame as an HTML table.,https://pandas.pydata.org/docs/reference/api/pandas.DataFrame.to_html.html
Input/Output,HTML,Styler.to_html,"[buf, table_uuid, ...]","Write Styler to a file, buffer or string in HTML-CSS format.",https://pandas.pydata.org/docs/reference/api/pandas.io.formats.style.Styler.to_html.html
Input/Output,XML,read_xml,"path_or_buffer, *[, xpath, ...]",Read XML document into a DataFrame object.,https://pandas.pydata.org/docs/reference/api/pandas.read_xml.html
Input/Output,XML,DataFrame.to_xml,"[path_or_buffer, index, ...]",Render a DataFrame to an XML document.,https://pandas.pydata.org/docs/reference/api/pandas.DataFrame.to_xml.html
Input/Output,Latex,DataFrame.to_latex,"[buf, columns, header, ...]","Render object to a LaTeX tabular, longtable, or nested table.",https://pandas.pydata.org/docs/reference/api/pandas.DataFrame.to_latex.html
Input/Output,Latex,Styler.to_latex,"[buf, column_format, ...]","Write Styler to a file, buffer or string in LaTeX format.",https://pandas.pydata.org/docs/reference/api/pandas.io.formats.style.Styler.to_latex.html
Input/Output,HDFStore: PyTables (HDF5),read_hdf,"path_or_buf[, key, mode, errors, ...]","Read from the store, close it if we opened it.",https://pandas.pydata.org/docs/reference/api/pandas.read_hdf.html
Input/Output,HDFStore: PyTables (HDF5),HDFStore.put,"key, value[, format, index, ...]",Store object in HDFStore.,https://pandas.pydata.org/docs/reference/api/pandas.HDFStore.put.html
Input/Output,HDFStore: PyTables (HDF5),HDFStore.append,"key, value[, format, axes, ...]",Append to Table in file.,https://pandas.pydata.org/docs/reference/api/pandas.HDFStore.append.html
Input/Output,HDFStore: PyTables (HDF5),HDFStore.get,key,Retrieve pandas object stored in file.,https://pandas.pydata.org/docs/reference/api/pandas.HDFStore.get.html
Input/Output,HDFStore: PyTables (HDF5),HDFStore.select,"key[, where, start, stop, ...]","Retrieve pandas object stored in file, optionally based on where criteria.",https://pandas.pydata.org/docs/reference/api/pandas.HDFStore.select.html
Input/Output,HDFStore: PyTables (HDF5),HDFStore.info,,Print detailed information on the store.,https://pandas.pydata.org/docs/reference/api/pandas.HDFStore.info.html
Input/Output,HDFStore: PyTables (HDF5),HDFStore.keys,[include],Return a list of keys corresponding to objects stored in HDFStore.,https://pandas.pydata.org/docs/reference/api/pandas.HDFStore.keys.html
Input/Output,HDFStore: PyTables (HDF5),HDFStore.groups,,Return a list of all the top-level nodes.,https://pandas.pydata.org/docs/reference/api/pandas.HDFStore.groups.html
Input/Output,HDFStore: PyTables (HDF5),HDFStore.walk,[where],Walk the pytables group hierarchy for pandas objects.,https://pandas.pydata.org/docs/reference/api/pandas.HDFStore.walk.html
Input/Output,Feather,read_feather,"path[, columns, use_threads, ...]",Load a feather-format object from the file path.,https://pandas.pydata.org/docs/reference/api/pandas.read_feather.html
Input/Output,Feather,DataFrame.to_feather,"path, **kwargs",Write a DataFrame to the binary Feather format.,https://pandas.pydata.org/docs/reference/api/pandas.DataFrame.to_feather.html
Input/Output,Parquet,read_parquet,"path[, engine, columns, ...]","Load a parquet object from the file path, returning a DataFrame.",https://pandas.pydata.org/docs/reference/api/pandas.read_parquet.html
Input/Output,Parquet,DataFrame.to_parquet,"[path, engine, ...]",Write a DataFrame to the binary parquet format.,https://pandas.pydata.org/docs/reference/api/pandas.DataFrame.to_parquet.html
Input/Output,Iceberg,read_iceberg,"table_identifier[, ...]",Read an Apache Iceberg table into a pandas DataFrame.,https://pandas.pydata.org/docs/reference/api/pandas.read_iceberg.html
Input/Output,Iceberg,DataFrame.to_iceberg,"table_identifier[, ...]",Write a DataFrame to an Apache Iceberg table.,https://pandas.pydata.org/docs/reference/api/pandas.DataFrame.to_iceberg.html
Input/Output,ORC,read_orc,"path[, columns, dtype_backend, ...]","Load an ORC object from the file path, returning a DataFrame.",https://pandas.pydata.org/docs/reference/api/pandas.read_orc.html
Input/Output,ORC,DataFrame.to_orc,"[path, engine, index, ...]",Write a DataFrame to the Optimized Row Columnar (ORC) format.,https://pandas.pydata.org/docs/reference/api/pandas.DataFrame.to_orc.html
Input/Output,SAS,read_sas,"filepath_or_buffer, *[, format, ...]",Read SAS files stored as either XPORT or SAS7BDAT format files.,https://pandas.pydata.org/docs/reference/api/pandas.read_sas.html
Input/Output,SPSS,read_spss,"path[, usecols, ...]","Load an SPSS file from the file path, returning a DataFrame.",https://pandas.pydata.org/docs/reference/api/pandas.read_spss.html
Input/Output,SQL,read_sql_table,"table_name, con[, schema, ...]",Read SQL database table into a DataFrame.,https://pandas.pydata.org/docs/reference/api/pandas.read_sql_table.html
Input/Output,SQL,read_sql_query,"sql, con[, index_col, ...]",Read SQL query into a DataFrame.,https://pandas.pydata.org/docs/reference/api/pandas.read_sql_query.html
Input/Output,SQL,read_sql,"sql, con[, index_col, ...]",Read SQL query or database table into a DataFrame.,https://pandas.pydata.org/docs/reference/api/pandas.read_sql.html
Input/Output,SQL,DataFrame.to_sql,"name, con, *[, schema, ...]",Write records stored in a DataFrame to a SQL database.,https://pandas.pydata.org/docs/reference/api/pandas.DataFrame.to_sql.html
Input/Output,STATA,read_stata,"filepath_or_buffer, *[, ...]",Read Stata file into DataFrame.,https://pandas.pydata.org/docs/reference/api/pandas.read_stata.html
Input/Output,STATA,DataFrame.to_stata,"path, *[, convert_dates, ...]",Export DataFrame object to Stata dta format.,https://pandas.pydata.org/docs/reference/api/pandas.DataFrame.to_stata.html
Input/Output,STATA,StataReader.data_label,,Return data label of Stata file.,https://pandas.pydata.org/docs/reference/api/pandas.io.stata.StataReader.data_label.html
Input/Output,STATA,StataReader.value_labels,,Return a nested dict associating each variable name to its value and label.,https://pandas.pydata.org/docs/reference/api/pandas.io.stata.StataReader.value_labels.html
Input/Output,STATA,StataReader.variable_labels,,Return a dict associating each variable name with corresponding label.,https://pandas.pydata.org/docs/reference/api/pandas.io.stata.StataReader.variable_labels.html
Input/Output,STATA,StataWriter.write_file,,Export DataFrame object to Stata dta format.,https://pandas.pydata.org/docs/reference/api/pandas.io.stata.StataWriter.write_file.html
General Functions,Data manipulations,melt,"frame[, id_vars, value_vars, var_name, ...]","Unpivot a DataFrame from wide to long format, optionally leaving identifiers set.",https://pandas.pydata.org/docs/reference/api/pandas.melt.html
General Functions,Data manipulations,pivot,"data, *, columns[, index, values]",Return reshaped DataFrame organized by given index / column values.,https://pandas.pydata.org/docs/reference/api/pandas.pivot.html
General Functions,Data manipulations,pivot_table,"data[, values, index, columns, ...]",Create a spreadsheet-style pivot table as a DataFrame.,https://pandas.pydata.org/docs/reference/api/pandas.pivot_table.html
General Functions,Data manipulations,crosstab,"index, columns[, values, rownames, ...]",Compute a simple cross tabulation of two (or more) factors.,https://pandas.pydata.org/docs/reference/api/pandas.crosstab.html
General Functions,Data manipulations,cut,"x, bins[, right, labels, retbins, ...]",Bin values into discrete intervals.,https://pandas.pydata.org/docs/reference/api/pandas.cut.html
General Functions,Data manipulations,qcut,"x, q[, labels, retbins, precision, ...]",Quantile-based discretization function.,https://pandas.pydata.org/docs/reference/api/pandas.qcut.html
General Functions,Data manipulations,merge,"left, right[, how, on, left_on, ...]",Merge DataFrame or named Series objects with a database-style join.,https://pandas.pydata.org/docs/reference/api/pandas.merge.html
General Functions,Data manipulations,merge_ordered,"left, right[, on, left_on, ...]",Perform a merge for ordered data with optional filling/interpolation.,https://pandas.pydata.org/docs/reference/api/pandas.merge_ordered.html
General Functions,Data manipulations,merge_asof,"left, right[, on, left_on, ...]",Perform a merge by key distance.,https://pandas.pydata.org/docs/reference/api/pandas.merge_asof.html
General Functions,Data manipulations,concat,"objs, *[, axis, join, ignore_index, ...]",Concatenate pandas objects along a particular axis.,https://pandas.pydata.org/docs/reference/api/pandas.concat.html
General Functions,Data manipulations,get_dummies,"data[, prefix, prefix_sep, ...]",Convert categorical variable into dummy/indicator variables.,https://pandas.pydata.org/docs/reference/api/pandas.get_dummies.html
General Functions,Data manipulations,from_dummies,"data[, sep, default_category]",Create a categorical DataFrame from a DataFrame of dummy variables.,https://pandas.pydata.org/docs/reference/api/pandas.from_dummies.html
General Functions,Data manipulations,factorize,"values[, sort, use_na_sentinel, ...]",Encode the object as an enumerated type or categorical variable.,https://pandas.pydata.org/docs/reference/api/pandas.factorize.html
General Functions,Data manipulations,unique,values,Return unique values based on a hash table.,https://pandas.pydata.org/docs/reference/api/pandas.unique.html
General Functions,Data manipulations,lreshape,"data, groups[, dropna]",Reshape wide-format data to long.,https://pandas.pydata.org/docs/reference/api/pandas.lreshape.html
General Functions,Data manipulations,wide_to_long,"df, stubnames, i, j[, sep, suffix]",Unpivot a DataFrame from wide to long format.,https://pandas.pydata.org/docs/reference/api/pandas.wide_to_long.html
General Functions,Top-level missing data,isna,obj,Detect missing values for an array-like object.,https://pandas.pydata.org/docs/reference/api/pandas.isna.html
General Functions,Top-level missing data,isnull,obj,Detect missing values for an array-like object.,https://pandas.pydata.org/docs/reference/api/pandas.isnull.html
General Functions,Top-level missing data,notna,obj,Detect non-missing values for an array-like object.,https://pandas.pydata.org/docs/reference/api/pandas.notna.html
General Functions,Top-level missing data,notnull,obj,Detect non-missing values for an array-like object.,https://pandas.pydata.org/docs/reference/api/pandas.notnull.html
General Functions,Top-level dealing with numeric data,to_numeric,"arg[, errors, downcast, ...]",Convert argument to a numeric type.,https://pandas.pydata.org/docs/reference/api/pandas.to_numeric.html
General Functions,Top-level dealing with datetimelike data,to_datetime,"arg[, errors, dayfirst, ...]",Convert argument to datetime.,https://pandas.pydata.org/docs/reference/api/pandas.to_datetime.html
General Functions,Top-level dealing with datetimelike data,to_timedelta,"arg[, unit, errors]",Convert argument to timedelta.,https://pandas.pydata.org/docs/reference/api/pandas.to_timedelta.html
General Functions,Top-level dealing with datetimelike data,date_range,"[start, end, periods, freq, tz, ...]",Return a fixed frequency DatetimeIndex.,https://pandas.pydata.org/docs/reference/api/pandas.date_range.html
General Functions,Top-level dealing with datetimelike data,bdate_range,"[start, end, periods, freq, tz, ...]",Return a fixed frequency DatetimeIndex with business day as the default.,https://pandas.pydata.org/docs/reference/api/pandas.bdate_range.html
General Functions,Top-level dealing with datetimelike data,period_range,"[start, end, periods, freq, name]",Return a fixed frequency PeriodIndex.,https://pandas.pydata.org/docs/reference/api/pandas.period_range.html
General Functions,Top-level dealing with datetimelike data,timedelta_range,"[start, end, periods, freq, ...]",Return a fixed frequency TimedeltaIndex with day as the default.,https://pandas.pydata.org/docs/reference/api/pandas.timedelta_range.html
General Functions,Top-level dealing with datetimelike data,infer_freq,index,Infer the most likely frequency given the input index.,https://pandas.pydata.org/docs/reference/api/pandas.infer_freq.html
General Functions,Top-level dealing with Interval data,interval_range,"[start, end, periods, freq, ...]",Return a fixed frequency IntervalIndex.,https://pandas.pydata.org/docs/reference/api/pandas.interval_range.html
General Functions,Top-level evaluation,col,col_name,Generate deferred object representing a column of a DataFrame.,https://pandas.pydata.org/docs/reference/api/pandas.col.html
General Functions,Top-level evaluation,eval,"expr[, parser, engine, local_dict, ...]",Evaluate a Python expression as a string using various backends.,https://pandas.pydata.org/docs/reference/api/pandas.eval.html
General Functions,Datetime formats,tseries.api.guess_datetime_format,"dt_str[, ...]",Guess the datetime format of a given datetime string.,https://pandas.pydata.org/docs/reference/api/pandas.tseries.api.guess_datetime_format.html
General Functions,Hashing,util.hash_array,"vals[, encoding, hash_key, ...]","Given a 1d array, return an array of deterministic integers.",https://pandas.pydata.org/docs/reference/api/pandas.util.hash_array.html
General Functions,Hashing,util.hash_pandas_object,"obj[, index, ...]",Return a data hash of the Index/Series/DataFrame.,https://pandas.pydata.org/docs/reference/api/pandas.util.hash_pandas_object.html
General Functions,Importing from other DataFrame libraries,api.interchange.from_dataframe,"df[, allow_copy]",Build a pd.DataFrame from any DataFrame supporting the interchange protocol.,https://pandas.pydata.org/docs/reference/api/pandas.api.interchange.from_dataframe.html
GroupBy,"Indexing, iteration",DataFrameGroupBy.__iter__,,Groupby iterator.,https://pandas.pydata.org/docs/reference/api/pandas.api.typing.DataFrameGroupBy.__iter__.html
GroupBy,"Indexing, iteration",SeriesGroupBy.__iter__,,Groupby iterator.,https://pandas.pydata.org/docs/reference/api/pandas.api.typing.SeriesGroupBy.__iter__.html
GroupBy,"Indexing, iteration",DataFrameGroupBy.groups,,Dict {group name -> group labels}.,https://pandas.pydata.org/docs/reference/api/pandas.api.typing.DataFrameGroupBy.groups.html
GroupBy,"Indexing, iteration",SeriesGroupBy.groups,,Dict {group name -> group labels}.,https://pandas.pydata.org/docs/reference/api/pandas.api.typing.SeriesGroupBy.groups.html
GroupBy,"Indexing, iteration",DataFrameGroupBy.indices,,Dict {group name -> group indices}.,https://pandas.pydata.org/docs/reference/api/pandas.api.typing.DataFrameGroupBy.indices.html
GroupBy,"Indexing, iteration",SeriesGroupBy.indices,,Dict {group name -> group indices}.,https://pandas.pydata.org/docs/reference/api/pandas.api.typing.SeriesGroupBy.indices.html
GroupBy,"Indexing, iteration",DataFrameGroupBy.get_group,name,Construct DataFrame from group with provided name.,https://pandas.pydata.org/docs/reference/api/pandas.api.typing.DataFrameGroupBy.get_group.html
GroupBy,"Indexing, iteration",SeriesGroupBy.get_group,name,Construct DataFrame from group with provided name.,https://pandas.pydata.org/docs/reference/api/pandas.api.typing.SeriesGroupBy.get_group.html
GroupBy,"Indexing, iteration",Grouper,"*args, **kwargs",A Grouper allows the user to specify a groupby instruction for an object.,https://pandas.pydata.org/docs/reference/api/pandas.Grouper.html
GroupBy,Function application helper,NamedAgg,"column, aggfunc, *args, **kwargs",Helper for column specific aggregation with control over output column names.,https://pandas.pydata.org/docs/reference/api/pandas.NamedAgg.html
GroupBy,Function application,SeriesGroupBy.apply,"func, *args, **kwargs",Apply function func group-wise and combine the results together.,https://pandas.pydata.org/docs/reference/api/pandas.api.typing.SeriesGroupBy.apply.html
GroupBy,Function application,DataFrameGroupBy.apply,"func, *args[, ...]",Apply function func group-wise and combine the results together.,https://pandas.pydata.org/docs/reference/api/pandas.api.typing.DataFrameGroupBy.apply.html
GroupBy,Function application,SeriesGroupBy.agg,"[func, engine, engine_kwargs]",Aggregate using one or more operations.,https://pandas.pydata.org/docs/reference/api/pandas.api.typing.SeriesGroupBy.agg.html
GroupBy,Function application,DataFrameGroupBy.agg,"[func, engine, ...]",Aggregate using one or more operations.,https://pandas.pydata.org/docs/reference/api/pandas.api.typing.DataFrameGroupBy.agg.html
GroupBy,Function application,SeriesGroupBy.aggregate,"[func, engine, ...]",Aggregate using one or more operations.,https://pandas.pydata.org/docs/reference/api/pandas.api.typing.SeriesGroupBy.aggregate.html
GroupBy,Function application,DataFrameGroupBy.aggregate,"[func, engine, ...]",Aggregate using one or more operations.,https://pandas.pydata.org/docs/reference/api/pandas.api.typing.DataFrameGroupBy.aggregate.html
GroupBy,Function application,SeriesGroupBy.transform,"func, *args[, ...]",Call function producing a same-indexed Series on each group.,https://pandas.pydata.org/docs/reference/api/pandas.api.typing.SeriesGroupBy.transform.html
GroupBy,Function application,DataFrameGroupBy.transform,"func, *args[, ...]",Call function producing a same-indexed DataFrame on each group.,https://pandas.pydata.org/docs/reference/api/pandas.api.typing.DataFrameGroupBy.transform.html
GroupBy,Function application,SeriesGroupBy.pipe,"func, *args, **kwargs",Apply a func with arguments to this GroupBy object and return its result.,https://pandas.pydata.org/docs/reference/api/pandas.api.typing.SeriesGroupBy.pipe.html
GroupBy,Function application,DataFrameGroupBy.pipe,"func, *args, **kwargs",Apply a func with arguments to this GroupBy object and return its result.,https://pandas.pydata.org/docs/reference/api/pandas.api.typing.DataFrameGroupBy.pipe.html
GroupBy,Function application,DataFrameGroupBy.filter,"func[, dropna]",Filter elements from groups that don't satisfy a criterion.,https://pandas.pydata.org/docs/reference/api/pandas.api.typing.DataFrameGroupBy.filter.html
GroupBy,Function application,SeriesGroupBy.filter,"func[, dropna]",Filter elements from groups that don't satisfy a criterion.,https://pandas.pydata.org/docs/reference/api/pandas.api.typing.SeriesGroupBy.filter.html
GroupBy,DataFrameGroupBycomputations / descriptive stats,DataFrameGroupBy.all,[skipna],"Return True if all values in the group are truthful, else False.",https://pandas.pydata.org/docs/reference/api/pandas.api.typing.DataFrameGroupBy.all.html
GroupBy,DataFrameGroupBycomputations / descriptive stats,DataFrameGroupBy.any,[skipna],"Return True if any value in the group is truthful, else False.",https://pandas.pydata.org/docs/reference/api/pandas.api.typing.DataFrameGroupBy.any.html
GroupBy,DataFrameGroupBycomputations / descriptive stats,DataFrameGroupBy.bfill,[limit],Backward fill the values.,https://pandas.pydata.org/docs/reference/api/pandas.api.typing.DataFrameGroupBy.bfill.html
GroupBy,DataFrameGroupBycomputations / descriptive stats,DataFrameGroupBy.corr,"[method, min_periods, ...]","Compute pairwise correlation of columns, excluding NA/null values.",https://pandas.pydata.org/docs/reference/api/pandas.api.typing.DataFrameGroupBy.corr.html
GroupBy,DataFrameGroupBycomputations / descriptive stats,DataFrameGroupBy.corrwith,"other[, drop, ...]",(DEPRECATED) Compute pairwise correlation.,https://pandas.pydata.org/docs/reference/api/pandas.api.typing.DataFrameGroupBy.corrwith.html
GroupBy,DataFrameGroupBycomputations / descriptive stats,DataFrameGroupBy.count,,"Compute count of group, excluding missing values.",https://pandas.pydata.org/docs/reference/api/pandas.api.typing.DataFrameGroupBy.count.html
GroupBy,DataFrameGroupBycomputations / descriptive stats,DataFrameGroupBy.cov,"[min_periods, ddof, ...]","Compute pairwise covariance of columns, excluding NA/null values.",https://pandas.pydata.org/docs/reference/api/pandas.api.typing.DataFrameGroupBy.cov.html
GroupBy,DataFrameGroupBycomputations / descriptive stats,DataFrameGroupBy.cumcount,[ascending],Number each item in each group from 0 to the length of that group - 1.,https://pandas.pydata.org/docs/reference/api/pandas.api.typing.DataFrameGroupBy.cumcount.html
GroupBy,DataFrameGroupBycomputations / descriptive stats,DataFrameGroupBy.cummax,[numeric_only],Cumulative max for each group.,https://pandas.pydata.org/docs/reference/api/pandas.api.typing.DataFrameGroupBy.cummax.html
GroupBy,DataFrameGroupBycomputations / descriptive stats,DataFrameGroupBy.cummin,[numeric_only],Cumulative min for each group.,https://pandas.pydata.org/docs/reference/api/pandas.api.typing.DataFrameGroupBy.cummin.html
GroupBy,DataFrameGroupBycomputations / descriptive stats,DataFrameGroupBy.cumprod,[numeric_only],Cumulative product for each group.,https://pandas.pydata.org/docs/reference/api/pandas.api.typing.DataFrameGroupBy.cumprod.html
GroupBy,DataFrameGroupBycomputations / descriptive stats,DataFrameGroupBy.cumsum,[numeric_only],Cumulative sum for each group.,https://pandas.pydata.org/docs/reference/api/pandas.api.typing.DataFrameGroupBy.cumsum.html
GroupBy,DataFrameGroupBycomputations / descriptive stats,DataFrameGroupBy.describe,"[percentiles, ...]",Generate descriptive statistics.,https://pandas.pydata.org/docs/reference/api/pandas.api.typing.DataFrameGroupBy.describe.html
GroupBy,DataFrameGroupBycomputations / descriptive stats,DataFrameGroupBy.diff,[periods],First discrete difference of element.,https://pandas.pydata.org/docs/reference/api/pandas.api.typing.DataFrameGroupBy.diff.html
GroupBy,DataFrameGroupBycomputations / descriptive stats,DataFrameGroupBy.ewm,"[com, span, halflife, ...]","Return an ewm grouper, providing ewm functionality per group.",https://pandas.pydata.org/docs/reference/api/pandas.api.typing.DataFrameGroupBy.ewm.html
GroupBy,DataFrameGroupBycomputations / descriptive stats,DataFrameGroupBy.expanding,"[min_periods, method]","Return an expanding grouper, providing expanding functionality per group.",https://pandas.pydata.org/docs/reference/api/pandas.api.typing.DataFrameGroupBy.expanding.html
GroupBy,DataFrameGroupBycomputations / descriptive stats,DataFrameGroupBy.ffill,[limit],Forward fill the values.,https://pandas.pydata.org/docs/reference/api/pandas.api.typing.DataFrameGroupBy.ffill.html
GroupBy,DataFrameGroupBycomputations / descriptive stats,DataFrameGroupBy.first,"[numeric_only, ...]",Compute the first entry of each column within each group.,https://pandas.pydata.org/docs/reference/api/pandas.api.typing.DataFrameGroupBy.first.html
GroupBy,DataFrameGroupBycomputations / descriptive stats,DataFrameGroupBy.head,[n],Return first n rows of each group.,https://pandas.pydata.org/docs/reference/api/pandas.api.typing.DataFrameGroupBy.head.html
GroupBy,DataFrameGroupBycomputations / descriptive stats,DataFrameGroupBy.idxmax,"[skipna, numeric_only]",Return index of first occurrence of maximum in each group.,https://pandas.pydata.org/docs/reference/api/pandas.api.typing.DataFrameGroupBy.idxmax.html
GroupBy,DataFrameGroupBycomputations / descriptive stats,DataFrameGroupBy.idxmin,"[skipna, numeric_only]",Return index of first occurrence of minimum in each group.,https://pandas.pydata.org/docs/reference/api/pandas.api.typing.DataFrameGroupBy.idxmin.html
GroupBy,DataFrameGroupBycomputations / descriptive stats,DataFrameGroupBy.last,"[numeric_only, ...]",Compute the last entry of each column within each group.,https://pandas.pydata.org/docs/reference/api/pandas.api.typing.DataFrameGroupBy.last.html
GroupBy,DataFrameGroupBycomputations / descriptive stats,DataFrameGroupBy.max,"[numeric_only, ...]",Compute max of group values.,https://pandas.pydata.org/docs/reference/api/pandas.api.typing.DataFrameGroupBy.max.html
GroupBy,DataFrameGroupBycomputations / descriptive stats,DataFrameGroupBy.mean,"[numeric_only, ...]","Compute mean of groups, excluding missing values.",https://pandas.pydata.org/docs/reference/api/pandas.api.typing.DataFrameGroupBy.mean.html
GroupBy,DataFrameGroupBycomputations / descriptive stats,DataFrameGroupBy.median,"[numeric_only, skipna]","Compute median of groups, excluding missing values.",https://pandas.pydata.org/docs/reference/api/pandas.api.typing.DataFrameGroupBy.median.html
GroupBy,DataFrameGroupBycomputations / descriptive stats,DataFrameGroupBy.min,"[numeric_only, ...]",Compute min of group values.,https://pandas.pydata.org/docs/reference/api/pandas.api.typing.DataFrameGroupBy.min.html
GroupBy,DataFrameGroupBycomputations / descriptive stats,DataFrameGroupBy.ngroup,[ascending],Number each group from 0 to the number of groups - 1.,https://pandas.pydata.org/docs/reference/api/pandas.api.typing.DataFrameGroupBy.ngroup.html
GroupBy,DataFrameGroupBycomputations / descriptive stats,DataFrameGroupBy.nth,,"Take the nth row from each group if n is an int, otherwise a subset of rows.",https://pandas.pydata.org/docs/reference/api/pandas.api.typing.DataFrameGroupBy.nth.html
GroupBy,DataFrameGroupBycomputations / descriptive stats,DataFrameGroupBy.nunique,[dropna],Return DataFrame with counts of unique elements in each position.,https://pandas.pydata.org/docs/reference/api/pandas.api.typing.DataFrameGroupBy.nunique.html
GroupBy,DataFrameGroupBycomputations / descriptive stats,DataFrameGroupBy.ohlc,,"Compute open, high, low and close values of a group, excluding missing values.",https://pandas.pydata.org/docs/reference/api/pandas.api.typing.DataFrameGroupBy.ohlc.html
GroupBy,DataFrameGroupBycomputations / descriptive stats,DataFrameGroupBy.pct_change,"[periods, ...]",Calculate pct_change of each value to previous entry in group.,https://pandas.pydata.org/docs/reference/api/pandas.api.typing.DataFrameGroupBy.pct_change.html
GroupBy,DataFrameGroupBycomputations / descriptive stats,DataFrameGroupBy.prod,"[numeric_only, ...]",Compute prod of group values.,https://pandas.pydata.org/docs/reference/api/pandas.api.typing.DataFrameGroupBy.prod.html
GroupBy,DataFrameGroupBycomputations / descriptive stats,DataFrameGroupBy.quantile,"[q, ...]","Return group values at the given quantile, a la numpy.percentile.",https://pandas.pydata.org/docs/reference/api/pandas.api.typing.DataFrameGroupBy.quantile.html
GroupBy,DataFrameGroupBycomputations / descriptive stats,DataFrameGroupBy.rank,"[method, ascending, ...]",Provide the rank of values within each group.,https://pandas.pydata.org/docs/reference/api/pandas.api.typing.DataFrameGroupBy.rank.html
GroupBy,DataFrameGroupBycomputations / descriptive stats,DataFrameGroupBy.resample,"rule, *args[, ...]",Provide resampling when using a TimeGrouper.,https://pandas.pydata.org/docs/reference/api/pandas.api.typing.DataFrameGroupBy.resample.html
GroupBy,DataFrameGroupBycomputations / descriptive stats,DataFrameGroupBy.rolling,"window[, ...]","Return a rolling grouper, providing rolling functionality per group.",https://pandas.pydata.org/docs/reference/api/pandas.api.typing.DataFrameGroupBy.rolling.html
GroupBy,DataFrameGroupBycomputations / descriptive stats,DataFrameGroupBy.sample,"[n, frac, replace, ...]",Return a random sample of items from each group.,https://pandas.pydata.org/docs/reference/api/pandas.api.typing.DataFrameGroupBy.sample.html
GroupBy,DataFrameGroupBycomputations / descriptive stats,DataFrameGroupBy.sem,"[ddof, numeric_only, ...]","Compute standard error of the mean of groups, excluding missing values.",https://pandas.pydata.org/docs/reference/api/pandas.api.typing.DataFrameGroupBy.sem.html
GroupBy,DataFrameGroupBycomputations / descriptive stats,DataFrameGroupBy.shift,"[periods, freq, ...]",Shift each group by periods observations.,https://pandas.pydata.org/docs/reference/api/pandas.api.typing.DataFrameGroupBy.shift.html
GroupBy,DataFrameGroupBycomputations / descriptive stats,DataFrameGroupBy.size,,Compute group sizes.,https://pandas.pydata.org/docs/reference/api/pandas.api.typing.DataFrameGroupBy.size.html
GroupBy,DataFrameGroupBycomputations / descriptive stats,DataFrameGroupBy.skew,"[skipna, numeric_only]",Return unbiased skew within groups.,https://pandas.pydata.org/docs/reference/api/pandas.api.typing.DataFrameGroupBy.skew.html
GroupBy,DataFrameGroupBycomputations / descriptive stats,DataFrameGroupBy.kurt,"[skipna, numeric_only]",Return unbiased kurtosis within groups.,https://pandas.pydata.org/docs/reference/api/pandas.api.typing.DataFrameGroupBy.kurt.html
GroupBy,DataFrameGroupBycomputations / descriptive stats,DataFrameGroupBy.std,"[ddof, engine, ...]","Compute standard deviation of groups, excluding missing values.",https://pandas.pydata.org/docs/reference/api/pandas.api.typing.DataFrameGroupBy.std.html
GroupBy,DataFrameGroupBycomputations / descriptive stats,DataFrameGroupBy.sum,"[numeric_only, ...]",Compute sum of group values.,https://pandas.pydata.org/docs/reference/api/pandas.api.typing.DataFrameGroupBy.sum.html
GroupBy,DataFrameGroupBycomputations / descriptive stats,DataFrameGroupBy.var,"[ddof, engine, ...]","Compute variance of groups, excluding missing values.",https://pandas.pydata.org/docs/reference/api/pandas.api.typing.DataFrameGroupBy.var.html
GroupBy,DataFrameGroupBycomputations / descriptive stats,DataFrameGroupBy.tail,[n],Return last n rows of each group.,https://pandas.pydata.org/docs/reference/api/pandas.api.typing.DataFrameGroupBy.tail.html
GroupBy,DataFrameGroupBycomputations / descriptive stats,DataFrameGroupBy.take,"indices, **kwargs",Return the elements in the given positional indices in each group.,https://pandas.pydata.org/docs/reference/api/pandas.api.typing.DataFrameGroupBy.take.html
GroupBy,DataFrameGroupBycomputations / descriptive stats,DataFrameGroupBy.value_counts,"[subset, ...]",Return a Series or DataFrame containing counts of unique rows.,https://pandas.pydata.org/docs/reference/api/pandas.api.typing.DataFrameGroupBy.value_counts.html
GroupBy,SeriesGroupBycomputations / descriptive stats,SeriesGroupBy.all,[skipna],"Return True if all values in the group are truthful, else False.",https://pandas.pydata.org/docs/reference/api/pandas.api.typing.SeriesGroupBy.all.html
GroupBy,SeriesGroupBycomputations / descriptive stats,SeriesGroupBy.any,[skipna],"Return True if any value in the group is truthful, else False.",https://pandas.pydata.org/docs/reference/api/pandas.api.typing.SeriesGroupBy.any.html
GroupBy,SeriesGroupBycomputations / descriptive stats,SeriesGroupBy.bfill,[limit],Backward fill the values.,https://pandas.pydata.org/docs/reference/api/pandas.api.typing.SeriesGroupBy.bfill.html
GroupBy,SeriesGroupBycomputations / descriptive stats,SeriesGroupBy.corr,"other[, method, min_periods]",Compute correlation between each group and another Series.,https://pandas.pydata.org/docs/reference/api/pandas.api.typing.SeriesGroupBy.corr.html
GroupBy,SeriesGroupBycomputations / descriptive stats,SeriesGroupBy.count,,"Compute count of group, excluding missing values.",https://pandas.pydata.org/docs/reference/api/pandas.api.typing.SeriesGroupBy.count.html
GroupBy,SeriesGroupBycomputations / descriptive stats,SeriesGroupBy.cov,"other[, min_periods, ddof]",Compute covariance between each group and another Series.,https://pandas.pydata.org/docs/reference/api/pandas.api.typing.SeriesGroupBy.cov.html
GroupBy,SeriesGroupBycomputations / descriptive stats,SeriesGroupBy.cumcount,[ascending],Number each item in each group from 0 to the length of that group - 1.,https://pandas.pydata.org/docs/reference/api/pandas.api.typing.SeriesGroupBy.cumcount.html
GroupBy,SeriesGroupBycomputations / descriptive stats,SeriesGroupBy.cummax,[numeric_only],Cumulative max for each group.,https://pandas.pydata.org/docs/reference/api/pandas.api.typing.SeriesGroupBy.cummax.html
GroupBy,SeriesGroupBycomputations / descriptive stats,SeriesGroupBy.cummin,[numeric_only],Cumulative min for each group.,https://pandas.pydata.org/docs/reference/api/pandas.api.typing.SeriesGroupBy.cummin.html
GroupBy,SeriesGroupBycomputations / descriptive stats,SeriesGroupBy.cumprod,[numeric_only],Cumulative product for each group.,https://pandas.pydata.org/docs/reference/api/pandas.api.typing.SeriesGroupBy.cumprod.html
GroupBy,SeriesGroupBycomputations / descriptive stats,SeriesGroupBy.cumsum,[numeric_only],Cumulative sum for each group.,https://pandas.pydata.org/docs/reference/api/pandas.api.typing.SeriesGroupBy.cumsum.html
GroupBy,SeriesGroupBycomputations / descriptive stats,SeriesGroupBy.describe,"[percentiles, ...]",Generate descriptive statistics.,https://pandas.pydata.org/docs/reference/api/pandas.api.typing.SeriesGroupBy.describe.html
GroupBy,SeriesGroupBycomputations / descriptive stats,SeriesGroupBy.diff,[periods],First discrete difference of element.,https://pandas.pydata.org/docs/reference/api/pandas.api.typing.SeriesGroupBy.diff.html
GroupBy,SeriesGroupBycomputations / descriptive stats,SeriesGroupBy.ewm,"[com, span, halflife, ...]","Return an ewm grouper, providing ewm functionality per group.",https://pandas.pydata.org/docs/reference/api/pandas.api.typing.SeriesGroupBy.ewm.html
GroupBy,SeriesGroupBycomputations / descriptive stats,SeriesGroupBy.expanding,"[min_periods, method]","Return an expanding grouper, providing expanding functionality per group.",https://pandas.pydata.org/docs/reference/api/pandas.api.typing.SeriesGroupBy.expanding.html
GroupBy,SeriesGroupBycomputations / descriptive stats,SeriesGroupBy.ffill,[limit],Forward fill the values.,https://pandas.pydata.org/docs/reference/api/pandas.api.typing.SeriesGroupBy.ffill.html
GroupBy,SeriesGroupBycomputations / descriptive stats,SeriesGroupBy.first,"[numeric_only, ...]",Compute the first entry of each column within each group.,https://pandas.pydata.org/docs/reference/api/pandas.api.typing.SeriesGroupBy.first.html
GroupBy,SeriesGroupBycomputations / descriptive stats,SeriesGroupBy.head,[n],Return first n rows of each group.,https://pandas.pydata.org/docs/reference/api/pandas.api.typing.SeriesGroupBy.head.html
GroupBy,SeriesGroupBycomputations / descriptive stats,SeriesGroupBy.last,"[numeric_only, ...]",Compute the last entry of each column within each group.,https://pandas.pydata.org/docs/reference/api/pandas.api.typing.SeriesGroupBy.last.html
GroupBy,SeriesGroupBycomputations / descriptive stats,SeriesGroupBy.idxmax,[skipna],Return the row label of the maximum value.,https://pandas.pydata.org/docs/reference/api/pandas.api.typing.SeriesGroupBy.idxmax.html
GroupBy,SeriesGroupBycomputations / descriptive stats,SeriesGroupBy.idxmin,[skipna],Return the row label of the minimum value.,https://pandas.pydata.org/docs/reference/api/pandas.api.typing.SeriesGroupBy.idxmin.html
GroupBy,SeriesGroupBycomputations / descriptive stats,SeriesGroupBy.is_monotonic_increasing,,Return whether each group's values are monotonically increasing.,https://pandas.pydata.org/docs/reference/api/pandas.api.typing.SeriesGroupBy.is_monotonic_increasing.html
GroupBy,SeriesGroupBycomputations / descriptive stats,SeriesGroupBy.is_monotonic_decreasing,,Return whether each group's values are monotonically decreasing.,https://pandas.pydata.org/docs/reference/api/pandas.api.typing.SeriesGroupBy.is_monotonic_decreasing.html
GroupBy,SeriesGroupBycomputations / descriptive stats,SeriesGroupBy.max,"[numeric_only, min_count, ...]",Compute max of group values.,https://pandas.pydata.org/docs/reference/api/pandas.api.typing.SeriesGroupBy.max.html
GroupBy,SeriesGroupBycomputations / descriptive stats,SeriesGroupBy.mean,"[numeric_only, skipna, ...]","Compute mean of groups, excluding missing values.",https://pandas.pydata.org/docs/reference/api/pandas.api.typing.SeriesGroupBy.mean.html
GroupBy,SeriesGroupBycomputations / descriptive stats,SeriesGroupBy.median,"[numeric_only, skipna]","Compute median of groups, excluding missing values.",https://pandas.pydata.org/docs/reference/api/pandas.api.typing.SeriesGroupBy.median.html
GroupBy,SeriesGroupBycomputations / descriptive stats,SeriesGroupBy.min,"[numeric_only, min_count, ...]",Compute min of group values.,https://pandas.pydata.org/docs/reference/api/pandas.api.typing.SeriesGroupBy.min.html
GroupBy,SeriesGroupBycomputations / descriptive stats,SeriesGroupBy.ngroup,[ascending],Number each group from 0 to the number of groups - 1.,https://pandas.pydata.org/docs/reference/api/pandas.api.typing.SeriesGroupBy.ngroup.html
GroupBy,SeriesGroupBycomputations / descriptive stats,SeriesGroupBy.nlargest,"[n, keep]",Return the largest n elements.,https://pandas.pydata.org/docs/reference/api/pandas.api.typing.SeriesGroupBy.nlargest.html
GroupBy,SeriesGroupBycomputations / descriptive stats,SeriesGroupBy.nsmallest,"[n, keep]",Return the smallest n elements.,https://pandas.pydata.org/docs/reference/api/pandas.api.typing.SeriesGroupBy.nsmallest.html
GroupBy,SeriesGroupBycomputations / descriptive stats,SeriesGroupBy.nth,,"Take the nth row from each group if n is an int, otherwise a subset of rows.",https://pandas.pydata.org/docs/reference/api/pandas.api.typing.SeriesGroupBy.nth.html
GroupBy,SeriesGroupBycomputations / descriptive stats,SeriesGroupBy.nunique,[dropna],Return number of unique elements in the group.,https://pandas.pydata.org/docs/reference/api/pandas.api.typing.SeriesGroupBy.nunique.html
GroupBy,SeriesGroupBycomputations / descriptive stats,SeriesGroupBy.unique,,Return unique values for each group.,https://pandas.pydata.org/docs/reference/api/pandas.api.typing.SeriesGroupBy.unique.html
GroupBy,SeriesGroupBycomputations / descriptive stats,SeriesGroupBy.ohlc,,"Compute open, high, low and close values of a group, excluding missing values.",https://pandas.pydata.org/docs/reference/api/pandas.api.typing.SeriesGroupBy.ohlc.html
GroupBy,SeriesGroupBycomputations / descriptive stats,SeriesGroupBy.pct_change,"[periods, ...]",Calculate pct_change of each value to previous entry in group.,https://pandas.pydata.org/docs/reference/api/pandas.api.typing.SeriesGroupBy.pct_change.html
GroupBy,SeriesGroupBycomputations / descriptive stats,SeriesGroupBy.prod,"[numeric_only, ...]",Compute prod of group values.,https://pandas.pydata.org/docs/reference/api/pandas.api.typing.SeriesGroupBy.prod.html
GroupBy,SeriesGroupBycomputations / descriptive stats,SeriesGroupBy.quantile,"[q, interpolation, ...]","Return group values at the given quantile, a la numpy.percentile.",https://pandas.pydata.org/docs/reference/api/pandas.api.typing.SeriesGroupBy.quantile.html
GroupBy,SeriesGroupBycomputations / descriptive stats,SeriesGroupBy.rank,"[method, ascending, ...]",Provide the rank of values within each group.,https://pandas.pydata.org/docs/reference/api/pandas.api.typing.SeriesGroupBy.rank.html
GroupBy,SeriesGroupBycomputations / descriptive stats,SeriesGroupBy.resample,"rule, *args[, ...]",Provide resampling when using a TimeGrouper.,https://pandas.pydata.org/docs/reference/api/pandas.api.typing.SeriesGroupBy.resample.html
GroupBy,SeriesGroupBycomputations / descriptive stats,SeriesGroupBy.rolling,"window[, min_periods, ...]","Return a rolling grouper, providing rolling functionality per group.",https://pandas.pydata.org/docs/reference/api/pandas.api.typing.SeriesGroupBy.rolling.html
GroupBy,SeriesGroupBycomputations / descriptive stats,SeriesGroupBy.sample,"[n, frac, replace, ...]",Return a random sample of items from each group.,https://pandas.pydata.org/docs/reference/api/pandas.api.typing.SeriesGroupBy.sample.html
GroupBy,SeriesGroupBycomputations / descriptive stats,SeriesGroupBy.sem,"[ddof, numeric_only, skipna]","Compute standard error of the mean of groups, excluding missing values.",https://pandas.pydata.org/docs/reference/api/pandas.api.typing.SeriesGroupBy.sem.html
GroupBy,SeriesGroupBycomputations / descriptive stats,SeriesGroupBy.shift,"[periods, freq, ...]",Shift each group by periods observations.,https://pandas.pydata.org/docs/reference/api/pandas.api.typing.SeriesGroupBy.shift.html
GroupBy,SeriesGroupBycomputations / descriptive stats,SeriesGroupBy.size,,Compute group sizes.,https://pandas.pydata.org/docs/reference/api/pandas.api.typing.SeriesGroupBy.size.html
GroupBy,SeriesGroupBycomputations / descriptive stats,SeriesGroupBy.skew,"[skipna, numeric_only]",Return unbiased skew within groups.,https://pandas.pydata.org/docs/reference/api/pandas.api.typing.SeriesGroupBy.skew.html
GroupBy,SeriesGroupBycomputations / descriptive stats,SeriesGroupBy.kurt,"[skipna, numeric_only]",Return unbiased kurtosis within groups.,https://pandas.pydata.org/docs/reference/api/pandas.api.typing.SeriesGroupBy.kurt.html
GroupBy,SeriesGroupBycomputations / descriptive stats,SeriesGroupBy.std,"[ddof, engine, ...]","Compute standard deviation of groups, excluding missing values.",https://pandas.pydata.org/docs/reference/api/pandas.api.typing.SeriesGroupBy.std.html
GroupBy,SeriesGroupBycomputations / descriptive stats,SeriesGroupBy.sum,"[numeric_only, min_count, ...]",Compute sum of group values.,https://pandas.pydata.org/docs/reference/api/pandas.api.typing.SeriesGroupBy.sum.html
GroupBy,SeriesGroupBycomputations / descriptive stats,SeriesGroupBy.var,"[ddof, engine, ...]","Compute variance of groups, excluding missing values.",https://pandas.pydata.org/docs/reference/api/pandas.api.typing.SeriesGroupBy.var.html
GroupBy,SeriesGroupBycomputations / descriptive stats,SeriesGroupBy.tail,[n],Return last n rows of each group.,https://pandas.pydata.org/docs/reference/api/pandas.api.typing.SeriesGroupBy.tail.html
GroupBy,SeriesGroupBycomputations / descriptive stats,SeriesGroupBy.take,"indices, **kwargs",Return the elements in the given positional indices in each group.,https://pandas.pydata.org/docs/reference/api/pandas.api.typing.SeriesGroupBy.take.html
GroupBy,SeriesGroupBycomputations / descriptive stats,SeriesGroupBy.value_counts,"[normalize, ...]",Return a Series or DataFrame containing counts of unique rows.,https://pandas.pydata.org/docs/reference/api/pandas.api.typing.SeriesGroupBy.value_counts.html
GroupBy,Plotting and visualization,DataFrameGroupBy.boxplot,"[subplots, column, ...]",Make box plots from DataFrameGroupBy data.,https://pandas.pydata.org/docs/reference/api/pandas.api.typing.DataFrameGroupBy.boxplot.html
GroupBy,Plotting and visualization,DataFrameGroupBy.hist,"[column, by, grid, ...]",Make a histogram of the DataFrame's columns.,https://pandas.pydata.org/docs/reference/api/pandas.api.typing.DataFrameGroupBy.hist.html
GroupBy,Plotting and visualization,SeriesGroupBy.hist,"[by, ax, grid, ...]",Draw histogram for each group's values using Series.hist() API.,https://pandas.pydata.org/docs/reference/api/pandas.api.typing.SeriesGroupBy.hist.html
GroupBy,Plotting and visualization,DataFrameGroupBy.plot,,Make plots of groups from a DataFrame.,https://pandas.pydata.org/docs/reference/api/pandas.api.typing.DataFrameGroupBy.plot.html
GroupBy,Plotting and visualization,SeriesGroupBy.plot,,Make plots of groups from a Series.,https://pandas.pydata.org/docs/reference/api/pandas.api.typing.SeriesGroupBy.plot.html
Resampling,"Indexing, iteration",Resampler.__iter__,,Groupby iterator.,https://pandas.pydata.org/docs/reference/api/pandas.api.typing.Resampler.__iter__.html
Resampling,"Indexing, iteration",Resampler.groups,,Dict {group name -> group labels}.,https://pandas.pydata.org/docs/reference/api/pandas.api.typing.Resampler.groups.html
Resampling,"Indexing, iteration",Resampler.indices,,Dict {group name -> group indices}.,https://pandas.pydata.org/docs/reference/api/pandas.api.typing.Resampler.indices.html
Resampling,"Indexing, iteration",Resampler.get_group,name,Construct DataFrame from group with provided name.,https://pandas.pydata.org/docs/reference/api/pandas.api.typing.Resampler.get_group.html
Resampling,Function application,Resampler.apply,[func],Aggregate using one or more operations over the specified axis.,https://pandas.pydata.org/docs/reference/api/pandas.api.typing.Resampler.apply.html
Resampling,Function application,Resampler.aggregate,[func],Aggregate using one or more operations over the specified axis.,https://pandas.pydata.org/docs/reference/api/pandas.api.typing.Resampler.aggregate.html
Resampling,Function application,Resampler.transform,"arg, *args, **kwargs",Call function producing a like-indexed Series on each group.,https://pandas.pydata.org/docs/reference/api/pandas.api.typing.Resampler.transform.html
Resampling,Function application,Resampler.pipe,"func, *args, **kwargs",Apply a func with arguments to this Resampler object and return its result.,https://pandas.pydata.org/docs/reference/api/pandas.api.typing.Resampler.pipe.html
Resampling,Upsampling,Resampler.ffill,[limit],Forward fill the values.,https://pandas.pydata.org/docs/reference/api/pandas.api.typing.Resampler.ffill.html
Resampling,Upsampling,Resampler.bfill,[limit],Backward fill the new missing values in the resampled data.,https://pandas.pydata.org/docs/reference/api/pandas.api.typing.Resampler.bfill.html
Resampling,Upsampling,Resampler.nearest,[limit],Resample by using the nearest value.,https://pandas.pydata.org/docs/reference/api/pandas.api.typing.Resampler.nearest.html
Resampling,Upsampling,Resampler.asfreq,[fill_value],"Return the values at the new freq, essentially a reindex.",https://pandas.pydata.org/docs/reference/api/pandas.api.typing.Resampler.asfreq.html
Resampling,Upsampling,Resampler.interpolate,"[method, axis, limit, ...]",Interpolate values between target timestamps according to different methods.,https://pandas.pydata.org/docs/reference/api/pandas.api.typing.Resampler.interpolate.html
Resampling,Computations / descriptive stats,Resampler.count,,"Compute count of group, excluding missing values.",https://pandas.pydata.org/docs/reference/api/pandas.api.typing.Resampler.count.html
Resampling,Computations / descriptive stats,Resampler.nunique,,Return number of unique elements in the group.,https://pandas.pydata.org/docs/reference/api/pandas.api.typing.Resampler.nunique.html
Resampling,Computations / descriptive stats,Resampler.first,"[numeric_only, min_count, ...]",Compute the first non-null entry of each column.,https://pandas.pydata.org/docs/reference/api/pandas.api.typing.Resampler.first.html
Resampling,Computations / descriptive stats,Resampler.last,"[numeric_only, min_count, skipna]",Compute the last non-null entry of each column.,https://pandas.pydata.org/docs/reference/api/pandas.api.typing.Resampler.last.html
Resampling,Computations / descriptive stats,Resampler.max,"[numeric_only, min_count]",Compute max value of group.,https://pandas.pydata.org/docs/reference/api/pandas.api.typing.Resampler.max.html
Resampling,Computations / descriptive stats,Resampler.mean,[numeric_only],"Compute mean of groups, excluding missing values.",https://pandas.pydata.org/docs/reference/api/pandas.api.typing.Resampler.mean.html
Resampling,Computations / descriptive stats,Resampler.median,[numeric_only],"Compute median of groups, excluding missing values.",https://pandas.pydata.org/docs/reference/api/pandas.api.typing.Resampler.median.html
Resampling,Computations / descriptive stats,Resampler.min,"[numeric_only, min_count]",Compute min value of group.,https://pandas.pydata.org/docs/reference/api/pandas.api.typing.Resampler.min.html
Resampling,Computations / descriptive stats,Resampler.ohlc,,"Compute open, high, low and close values of a group, excluding missing values.",https://pandas.pydata.org/docs/reference/api/pandas.api.typing.Resampler.ohlc.html
Resampling,Computations / descriptive stats,Resampler.prod,"[numeric_only, min_count]",Compute prod of group values.,https://pandas.pydata.org/docs/reference/api/pandas.api.typing.Resampler.prod.html
Resampling,Computations / descriptive stats,Resampler.size,,Compute group sizes.,https://pandas.pydata.org/docs/reference/api/pandas.api.typing.Resampler.size.html
Resampling,Computations / descriptive stats,Resampler.sem,"[ddof, numeric_only]","Compute standard error of the mean of groups, excluding missing values.",https://pandas.pydata.org/docs/reference/api/pandas.api.typing.Resampler.sem.html
Resampling,Computations / descriptive stats,Resampler.std,"[ddof, numeric_only]","Compute standard deviation of groups, excluding missing values.",https://pandas.pydata.org/docs/reference/api/pandas.api.typing.Resampler.std.html
Resampling,Computations / descriptive stats,Resampler.sum,"[numeric_only, min_count]",Compute sum of group values.,https://pandas.pydata.org/docs/reference/api/pandas.api.typing.Resampler.sum.html
Resampling,Computations / descriptive stats,Resampler.var,"[ddof, numeric_only]","Compute variance of groups, excluding missing values.",https://pandas.pydata.org/docs/reference/api/pandas.api.typing.Resampler.var.html
Resampling,Computations / descriptive stats,Resampler.quantile,[q],Return value at the given quantile.,https://pandas.pydata.org/docs/reference/api/pandas.api.typing.Resampler.quantile.html
Window,Rolling window functions,Rolling.count,[numeric_only],Calculate the rolling count of non NaN observations.,https://pandas.pydata.org/docs/reference/api/pandas.api.typing.Rolling.count.html
Window,Rolling window functions,Rolling.sum,"[numeric_only, engine, ...]",Calculate the rolling sum.,https://pandas.pydata.org/docs/reference/api/pandas.api.typing.Rolling.sum.html
Window,Rolling window functions,Rolling.mean,"[numeric_only, engine, ...]",Calculate the rolling mean.,https://pandas.pydata.org/docs/reference/api/pandas.api.typing.Rolling.mean.html
Window,Rolling window functions,Rolling.median,"[numeric_only, engine, ...]",Calculate the rolling median.,https://pandas.pydata.org/docs/reference/api/pandas.api.typing.Rolling.median.html
Window,Rolling window functions,Rolling.var,"[ddof, numeric_only, engine, ...]",Calculate the rolling variance.,https://pandas.pydata.org/docs/reference/api/pandas.api.typing.Rolling.var.html
Window,Rolling window functions,Rolling.std,"[ddof, numeric_only, engine, ...]",Calculate the rolling standard deviation.,https://pandas.pydata.org/docs/reference/api/pandas.api.typing.Rolling.std.html
Window,Rolling window functions,Rolling.min,"[numeric_only, engine, ...]",Calculate the rolling minimum.,https://pandas.pydata.org/docs/reference/api/pandas.api.typing.Rolling.min.html
Window,Rolling window functions,Rolling.max,"[numeric_only, engine, ...]",Calculate the rolling maximum.,https://pandas.pydata.org/docs/reference/api/pandas.api.typing.Rolling.max.html
Window,Rolling window functions,Rolling.first,[numeric_only],Calculate the rolling First (left-most) element of the window.,https://pandas.pydata.org/docs/reference/api/pandas.api.typing.Rolling.first.html
Window,Rolling window functions,Rolling.last,[numeric_only],Calculate the rolling Last (right-most) element of the window.,https://pandas.pydata.org/docs/reference/api/pandas.api.typing.Rolling.last.html
Window,Rolling window functions,Rolling.corr,"[other, pairwise, ddof, ...]",Calculate the rolling correlation.,https://pandas.pydata.org/docs/reference/api/pandas.api.typing.Rolling.corr.html
Window,Rolling window functions,Rolling.cov,"[other, pairwise, ddof, ...]",Calculate the rolling sample covariance.,https://pandas.pydata.org/docs/reference/api/pandas.api.typing.Rolling.cov.html
Window,Rolling window functions,Rolling.skew,[numeric_only],Calculate the rolling unbiased skewness.,https://pandas.pydata.org/docs/reference/api/pandas.api.typing.Rolling.skew.html
Window,Rolling window functions,Rolling.kurt,[numeric_only],Calculate the rolling Fisher's definition of kurtosis without bias.,https://pandas.pydata.org/docs/reference/api/pandas.api.typing.Rolling.kurt.html
Window,Rolling window functions,Rolling.apply,"func[, raw, engine, ...]",Calculate the rolling custom aggregation function.,https://pandas.pydata.org/docs/reference/api/pandas.api.typing.Rolling.apply.html
Window,Rolling window functions,Rolling.pipe,"func, *args, **kwargs",Apply a func with arguments to this Rolling object and return its result.,https://pandas.pydata.org/docs/reference/api/pandas.api.typing.Rolling.pipe.html
Window,Rolling window functions,Rolling.aggregate,[func],Aggregate using one or more operations over the specified axis.,https://pandas.pydata.org/docs/reference/api/pandas.api.typing.Rolling.aggregate.html
Window,Rolling window functions,Rolling.quantile,"q[, interpolation, ...]",Calculate the rolling quantile.,https://pandas.pydata.org/docs/reference/api/pandas.api.typing.Rolling.quantile.html
Window,Rolling window functions,Rolling.sem,"[ddof, numeric_only]",Calculate the rolling standard error of mean.,https://pandas.pydata.org/docs/reference/api/pandas.api.typing.Rolling.sem.html
Window,Rolling window functions,Rolling.rank,"[method, ascending, pct, ...]",Calculate the rolling rank.,https://pandas.pydata.org/docs/reference/api/pandas.api.typing.Rolling.rank.html
Window,Rolling window functions,Rolling.nunique,[numeric_only],Calculate the rolling nunique.,https://pandas.pydata.org/docs/reference/api/pandas.api.typing.Rolling.nunique.html
Window,Weighted window functions,Window.mean,[numeric_only],Calculate the rolling weighted window mean.,https://pandas.pydata.org/docs/reference/api/pandas.api.typing.Window.mean.html
Window,Weighted window functions,Window.sum,[numeric_only],Calculate the rolling weighted window sum.,https://pandas.pydata.org/docs/reference/api/pandas.api.typing.Window.sum.html
Window,Weighted window functions,Window.var,"[ddof, numeric_only]",Calculate the rolling weighted window variance.,https://pandas.pydata.org/docs/reference/api/pandas.api.typing.Window.var.html
Window,Weighted window functions,Window.std,"[ddof, numeric_only]",Calculate the rolling weighted window standard deviation.,https://pandas.pydata.org/docs/reference/api/pandas.api.typing.Window.std.html
Window,Expanding window functions,Expanding.count,[numeric_only],Calculate the expanding count of non NaN observations.,https://pandas.pydata.org/docs/reference/api/pandas.api.typing.Expanding.count.html
Window,Expanding window functions,Expanding.sum,"[numeric_only, engine, ...]",Calculate the expanding sum.,https://pandas.pydata.org/docs/reference/api/pandas.api.typing.Expanding.sum.html
Window,Expanding window functions,Expanding.mean,"[numeric_only, engine, ...]",Calculate the expanding mean.,https://pandas.pydata.org/docs/reference/api/pandas.api.typing.Expanding.mean.html
Window,Expanding window functions,Expanding.median,"[numeric_only, engine, ...]",Calculate the expanding median.,https://pandas.pydata.org/docs/reference/api/pandas.api.typing.Expanding.median.html
Window,Expanding window functions,Expanding.var,"[ddof, numeric_only, engine, ...]",Calculate the expanding variance.,https://pandas.pydata.org/docs/reference/api/pandas.api.typing.Expanding.var.html
Window,Expanding window functions,Expanding.std,"[ddof, numeric_only, engine, ...]",Calculate the expanding standard deviation.,https://pandas.pydata.org/docs/reference/api/pandas.api.typing.Expanding.std.html
Window,Expanding window functions,Expanding.min,"[numeric_only, engine, ...]",Calculate the expanding minimum.,https://pandas.pydata.org/docs/reference/api/pandas.api.typing.Expanding.min.html
Window,Expanding window functions,Expanding.max,"[numeric_only, engine, ...]",Calculate the expanding maximum.,https://pandas.pydata.org/docs/reference/api/pandas.api.typing.Expanding.max.html
Window,Expanding window functions,Expanding.first,[numeric_only],Calculate the expanding First (left-most) element of the window.,https://pandas.pydata.org/docs/reference/api/pandas.api.typing.Expanding.first.html
Window,Expanding window functions,Expanding.last,[numeric_only],Calculate the expanding Last (right-most) element of the window.,https://pandas.pydata.org/docs/reference/api/pandas.api.typing.Expanding.last.html
Window,Expanding window functions,Expanding.corr,"[other, pairwise, ddof, ...]",Calculate the expanding correlation.,https://pandas.pydata.org/docs/reference/api/pandas.api.typing.Expanding.corr.html
Window,Expanding window functions,Expanding.cov,"[other, pairwise, ddof, ...]",Calculate the expanding sample covariance.,https://pandas.pydata.org/docs/reference/api/pandas.api.typing.Expanding.cov.html
Window,Expanding window functions,Expanding.skew,[numeric_only],Calculate the expanding unbiased skewness.,https://pandas.pydata.org/docs/reference/api/pandas.api.typing.Expanding.skew.html
Window,Expanding window functions,Expanding.kurt,[numeric_only],Calculate the expanding Fisher's definition of kurtosis without bias.,https://pandas.pydata.org/docs/reference/api/pandas.api.typing.Expanding.kurt.html
Window,Expanding window functions,Expanding.apply,"func[, raw, engine, ...]",Calculate the expanding custom aggregation function.,https://pandas.pydata.org/docs/reference/api/pandas.api.typing.Expanding.apply.html
Window,Expanding window functions,Expanding.pipe,"func, *args, **kwargs",Apply a func with arguments to this Expanding object and return its result.,https://pandas.pydata.org/docs/reference/api/pandas.api.typing.Expanding.pipe.html
Window,Expanding window functions,Expanding.aggregate,[func],Aggregate using one or more operations over the specified axis.,https://pandas.pydata.org/docs/reference/api/pandas.api.typing.Expanding.aggregate.html
Window,Expanding window functions,Expanding.quantile,"q[, interpolation, ...]",Calculate the expanding quantile.,https://pandas.pydata.org/docs/reference/api/pandas.api.typing.Expanding.quantile.html
Window,Expanding window functions,Expanding.sem,"[ddof, numeric_only]",Calculate the expanding standard error of mean.,https://pandas.pydata.org/docs/reference/api/pandas.api.typing.Expanding.sem.html
Window,Expanding window functions,Expanding.rank,"[method, ascending, pct, ...]",Calculate the expanding rank.,https://pandas.pydata.org/docs/reference/api/pandas.api.typing.Expanding.rank.html
Window,Expanding window functions,Expanding.nunique,[numeric_only],Calculate the expanding nunique.,https://pandas.pydata.org/docs/reference/api/pandas.api.typing.Expanding.nunique.html
Window,Exponentially-weighted window functions,ExponentialMovingWindow.mean,"[numeric_only, ...]",Calculate the ewm (exponential weighted moment) mean.,https://pandas.pydata.org/docs/reference/api/pandas.api.typing.ExponentialMovingWindow.mean.html
Window,Exponentially-weighted window functions,ExponentialMovingWindow.sum,"[numeric_only, ...]",Calculate the ewm (exponential weighted moment) sum.,https://pandas.pydata.org/docs/reference/api/pandas.api.typing.ExponentialMovingWindow.sum.html
Window,Exponentially-weighted window functions,ExponentialMovingWindow.std,"[bias, numeric_only]",Calculate the ewm (exponential weighted moment) standard deviation.,https://pandas.pydata.org/docs/reference/api/pandas.api.typing.ExponentialMovingWindow.std.html
Window,Exponentially-weighted window functions,ExponentialMovingWindow.var,"[bias, numeric_only]",Calculate the ewm (exponential weighted moment) variance.,https://pandas.pydata.org/docs/reference/api/pandas.api.typing.ExponentialMovingWindow.var.html
Window,Exponentially-weighted window functions,ExponentialMovingWindow.corr,"[other, ...]",Calculate the ewm (exponential weighted moment) sample correlation.,https://pandas.pydata.org/docs/reference/api/pandas.api.typing.ExponentialMovingWindow.corr.html
Window,Exponentially-weighted window functions,ExponentialMovingWindow.cov,"[other, ...]",Calculate the ewm (exponential weighted moment) sample covariance.,https://pandas.pydata.org/docs/reference/api/pandas.api.typing.ExponentialMovingWindow.cov.html
Window,Window indexer,api.indexers.BaseIndexer,"[index_array, ...]",Base class for window bounds calculations.,https://pandas.pydata.org/docs/reference/api/pandas.api.indexers.BaseIndexer.html
Window,Window indexer,api.indexers.FixedForwardWindowIndexer,[...],Creates window boundaries for fixed-length windows that include the current row.,https://pandas.pydata.org/docs/reference/api/pandas.api.indexers.FixedForwardWindowIndexer.html
Window,Window indexer,api.indexers.VariableOffsetWindowIndexer,[...],Calculate window boundaries based on a non-fixed offset such as a BusinessDay.,https://pandas.pydata.org/docs/reference/api/pandas.api.indexers.VariableOffsetWindowIndexer.html
Plotting,Plotting,andrews_curves,"frame, class_column[, ax, ...]",Generate a matplotlib plot for visualizing clusters of multivariate data.,https://pandas.pydata.org/docs/reference/api/pandas.plotting.andrews_curves.html
Plotting,Plotting,autocorrelation_plot,"series[, ax]",Autocorrelation plot for time series.,https://pandas.pydata.org/docs/reference/api/pandas.plotting.autocorrelation_plot.html
Plotting,Plotting,bootstrap_plot,"series[, fig, size, samples]","Bootstrap plot on mean, median and mid-range statistics.",https://pandas.pydata.org/docs/reference/api/pandas.plotting.bootstrap_plot.html
Plotting,Plotting,boxplot,"data[, column, by, ax, fontsize, ...]",Make a box plot from DataFrame columns.,https://pandas.pydata.org/docs/reference/api/pandas.plotting.boxplot.html
Plotting,Plotting,deregister_matplotlib_converters,,Remove pandas formatters and converters.,https://pandas.pydata.org/docs/reference/api/pandas.plotting.deregister_matplotlib_converters.html
Plotting,Plotting,lag_plot,"series[, lag, ax]",Lag plot for time series.,https://pandas.pydata.org/docs/reference/api/pandas.plotting.lag_plot.html
Plotting,Plotting,parallel_coordinates,"frame, class_column[, ...]",Parallel coordinates plotting.,https://pandas.pydata.org/docs/reference/api/pandas.plotting.parallel_coordinates.html
Plotting,Plotting,plot_params,,Stores pandas plotting options.,https://pandas.pydata.org/docs/reference/api/pandas.plotting.plot_params.html
Plotting,Plotting,radviz,"frame, class_column[, ax, color, ...]",Plot a multidimensional dataset in 2D.,https://pandas.pydata.org/docs/reference/api/pandas.plotting.radviz.html
Plotting,Plotting,register_matplotlib_converters,,Register pandas formatters and converters with matplotlib.,https://pandas.pydata.org/docs/reference/api/pandas.plotting.register_matplotlib_converters.html
Plotting,Plotting,scatter_matrix,"frame[, alpha, figsize, ax, ...]",Draw a matrix of scatter plots.,https://pandas.pydata.org/docs/reference/api/pandas.plotting.scatter_matrix.html
Plotting,Plotting,table,"ax, data, **kwargs",Helper function to convert DataFrame and Series to matplotlib.table.,https://pandas.pydata.org/docs/reference/api/pandas.plotting.table.html
Styling,Styler constructor,Styler,"data[, precision, table_styles, ...]",Helps style a DataFrame or Series according to the data with HTML and CSS.,https://pandas.pydata.org/docs/reference/api/pandas.io.formats.style.Styler.html
Styling,Styler constructor,Styler.from_custom_template,"searchpath[, ...]",Factory function for creating a subclass of Styler .,https://pandas.pydata.org/docs/reference/api/pandas.io.formats.style.Styler.from_custom_template.html
Styling,Styler properties,Styler.env,,,https://pandas.pydata.org/docs/reference/api/pandas.io.formats.style.Styler.env.html
Styling,Styler properties,Styler.template_html,,,https://pandas.pydata.org/docs/reference/api/pandas.io.formats.style.Styler.template_html.html
Styling,Styler properties,Styler.template_html_style,,,https://pandas.pydata.org/docs/reference/api/pandas.io.formats.style.Styler.template_html_style.html
Styling,Styler properties,Styler.template_html_table,,,https://pandas.pydata.org/docs/reference/api/pandas.io.formats.style.Styler.template_html_table.html
Styling,Styler properties,Styler.template_latex,,,https://pandas.pydata.org/docs/reference/api/pandas.io.formats.style.Styler.template_latex.html
Styling,Styler properties,Styler.template_typst,,,https://pandas.pydata.org/docs/reference/api/pandas.io.formats.style.Styler.template_typst.html
Styling,Styler properties,Styler.template_string,,,https://pandas.pydata.org/docs/reference/api/pandas.io.formats.style.Styler.template_string.html
Styling,Styler properties,Styler.loader,,,https://pandas.pydata.org/docs/reference/api/pandas.io.formats.style.Styler.loader.html
Styling,Style application,Styler.apply,"func[, axis, subset]","Apply a CSS-styling function column-wise, row-wise, or table-wise.",https://pandas.pydata.org/docs/reference/api/pandas.io.formats.style.Styler.apply.html
Styling,Style application,Styler.map,"func[, subset]",Apply a CSS-styling function elementwise.,https://pandas.pydata.org/docs/reference/api/pandas.io.formats.style.Styler.map.html
Styling,Style application,Styler.apply_index,"func[, axis, level]","Apply a CSS-styling function to the index or column headers, level-wise.",https://pandas.pydata.org/docs/reference/api/pandas.io.formats.style.Styler.apply_index.html
Styling,Style application,Styler.map_index,"func[, axis, level]","Apply a CSS-styling function to the index or column headers, elementwise.",https://pandas.pydata.org/docs/reference/api/pandas.io.formats.style.Styler.map_index.html
Styling,Style application,Styler.format,"[formatter, subset, na_rep, ...]",Format the text display value of cells.,https://pandas.pydata.org/docs/reference/api/pandas.io.formats.style.Styler.format.html
Styling,Style application,Styler.format_index,"[formatter, axis, ...]",Format the text display value of index labels or column headers.,https://pandas.pydata.org/docs/reference/api/pandas.io.formats.style.Styler.format_index.html
Styling,Style application,Styler.format_index_names,"[formatter, axis, ...]",Format the text display value of index names or column names.,https://pandas.pydata.org/docs/reference/api/pandas.io.formats.style.Styler.format_index_names.html
Styling,Style application,Styler.relabel_index,"labels[, axis, level]","Relabel the index, or column header, keys to display a set of specified values.",https://pandas.pydata.org/docs/reference/api/pandas.io.formats.style.Styler.relabel_index.html
Styling,Style application,Styler.hide,"[subset, axis, level, names]","Hide the entire index / column headers, or specific rows / columns from display.",https://pandas.pydata.org/docs/reference/api/pandas.io.formats.style.Styler.hide.html
Styling,Style application,Styler.concat,other,Append another Styler to combine the output into a single table.,https://pandas.pydata.org/docs/reference/api/pandas.io.formats.style.Styler.concat.html
Styling,Style application,Styler.set_td_classes,classes,Set the class attribute of <td> HTML elements.,https://pandas.pydata.org/docs/reference/api/pandas.io.formats.style.Styler.set_td_classes.html
Styling,Style application,Styler.set_table_styles,"[table_styles, ...]",Set the table styles included within the <style> HTML element.,https://pandas.pydata.org/docs/reference/api/pandas.io.formats.style.Styler.set_table_styles.html
Styling,Style application,Styler.set_table_attributes,attributes,Set the table attributes added to the <table> HTML element.,https://pandas.pydata.org/docs/reference/api/pandas.io.formats.style.Styler.set_table_attributes.html
Styling,Style application,Styler.set_tooltips,"ttips[, props, ...]",Set the DataFrame of strings on Styler generating :hover tooltips.,https://pandas.pydata.org/docs/reference/api/pandas.io.formats.style.Styler.set_tooltips.html
Styling,Style application,Styler.set_caption,caption,Set the text added to a <caption> HTML element.,https://pandas.pydata.org/docs/reference/api/pandas.io.formats.style.Styler.set_caption.html
Styling,Style application,Styler.set_sticky,"[axis, pixel_size, levels]",Add CSS to permanently display the index or column headers in a scrolling frame.,https://pandas.pydata.org/docs/reference/api/pandas.io.formats.style.Styler.set_sticky.html
Styling,Style application,Styler.set_properties,[subset],Set defined CSS-properties to each <td> HTML element for the given subset.,https://pandas.pydata.org/docs/reference/api/pandas.io.formats.style.Styler.set_properties.html
Styling,Style application,Styler.set_uuid,uuid,Set the uuid applied to id attributes of HTML elements.,https://pandas.pydata.org/docs/reference/api/pandas.io.formats.style.Styler.set_uuid.html
Styling,Style application,Styler.clear,,"Reset the Styler , removing any previously applied styles.",https://pandas.pydata.org/docs/reference/api/pandas.io.formats.style.Styler.clear.html
Styling,Style application,Styler.pipe,"func, *args, **kwargs","Apply func(self, *args, **kwargs) , and return the result.",https://pandas.pydata.org/docs/reference/api/pandas.io.formats.style.Styler.pipe.html
Styling,Builtin styles,Styler.highlight_null,"[color, subset, props]",Highlight missing values with a style.,https://pandas.pydata.org/docs/reference/api/pandas.io.formats.style.Styler.highlight_null.html
Styling,Builtin styles,Styler.highlight_max,"[subset, color, axis, ...]",Highlight the maximum with a style.,https://pandas.pydata.org/docs/reference/api/pandas.io.formats.style.Styler.highlight_max.html
Styling,Builtin styles,Styler.highlight_min,"[subset, color, axis, ...]",Highlight the minimum with a style.,https://pandas.pydata.org/docs/reference/api/pandas.io.formats.style.Styler.highlight_min.html
Styling,Builtin styles,Styler.highlight_between,"[subset, color, ...]",Highlight a defined range with a style.,https://pandas.pydata.org/docs/reference/api/pandas.io.formats.style.Styler.highlight_between.html
Styling,Builtin styles,Styler.highlight_quantile,"[subset, color, ...]",Highlight values defined by a quantile with a style.,https://pandas.pydata.org/docs/reference/api/pandas.io.formats.style.Styler.highlight_quantile.html
Styling,Builtin styles,Styler.background_gradient,"[cmap, low, ...]",Color the background in a gradient style.,https://pandas.pydata.org/docs/reference/api/pandas.io.formats.style.Styler.background_gradient.html
Styling,Builtin styles,Styler.text_gradient,"[cmap, low, high, ...]",Color the text in a gradient style.,https://pandas.pydata.org/docs/reference/api/pandas.io.formats.style.Styler.text_gradient.html
Styling,Builtin styles,Styler.bar,"[subset, axis, color, cmap, ...]",Draw bar chart in the cell backgrounds.,https://pandas.pydata.org/docs/reference/api/pandas.io.formats.style.Styler.bar.html
Styling,Style export and import,Styler.to_html,"[buf, table_uuid, ...]","Write Styler to a file, buffer or string in HTML-CSS format.",https://pandas.pydata.org/docs/reference/api/pandas.io.formats.style.Styler.to_html.html
Styling,Style export and import,Styler.to_latex,"[buf, column_format, ...]","Write Styler to a file, buffer or string in LaTeX format.",https://pandas.pydata.org/docs/reference/api/pandas.io.formats.style.Styler.to_latex.html
Styling,Style export and import,Styler.to_typst,"[buf, encoding, ...]","Write Styler to a file, buffer or string in Typst format.",https://pandas.pydata.org/docs/reference/api/pandas.io.formats.style.Styler.to_typst.html
Styling,Style export and import,Styler.to_excel,"excel_writer[, sheet_name, ...]",Write Styler to an Excel sheet.,https://pandas.pydata.org/docs/reference/api/pandas.io.formats.style.Styler.to_excel.html
Styling,Style export and import,Styler.to_string,"[buf, encoding, ...]","Write Styler to a file, buffer or string in text format.",https://pandas.pydata.org/docs/reference/api/pandas.io.formats.style.Styler.to_string.html
Styling,Style export and import,Styler.export,,Export the styles applied to the current Styler.,https://pandas.pydata.org/docs/reference/api/pandas.io.formats.style.Styler.export.html
Styling,Style export and import,Styler.use,styles,Set the styles on the current Styler.,https://pandas.pydata.org/docs/reference/api/pandas.io.formats.style.Styler.use.html
Extensions,Extensions,api.extensions.register_extension_dtype,cls,Register an ExtensionType with pandas as class decorator.,https://pandas.pydata.org/docs/reference/api/pandas.api.extensions.register_extension_dtype.html
Extensions,Extensions,api.extensions.register_dataframe_accessor,name,Register a custom accessor on DataFrame objects.,https://pandas.pydata.org/docs/reference/api/pandas.api.extensions.register_dataframe_accessor.html
Extensions,Extensions,api.extensions.register_series_accessor,name,Register a custom accessor on Series objects.,https://pandas.pydata.org/docs/reference/api/pandas.api.extensions.register_series_accessor.html
Extensions,Extensions,api.extensions.register_index_accessor,name,Register a custom accessor on Index objects.,https://pandas.pydata.org/docs/reference/api/pandas.api.extensions.register_index_accessor.html
Extensions,Extensions,api.extensions.ExtensionDtype,,"A custom data type, to be paired with an ExtensionArray.",https://pandas.pydata.org/docs/reference/api/pandas.api.extensions.ExtensionDtype.html
Extensions,Extensions,api.extensions.ExtensionArray,,Abstract base class for custom 1-D array types.,https://pandas.pydata.org/docs/reference/api/pandas.api.extensions.ExtensionArray.html
Extensions,Extensions,arrays.NumpyExtensionArray,"values[, copy]",A pandas ExtensionArray for NumPy data.,https://pandas.pydata.org/docs/reference/api/pandas.arrays.NumpyExtensionArray.html
Extensions,Extensions,api.indexers.check_array_indexer,"array, indexer",Check if indexer is a valid array indexer for array .,https://pandas.pydata.org/docs/reference/api/pandas.api.indexers.check_array_indexer.html
Testing,Assertion functions,testing.assert_frame_equal,"left, right[, ...]",Check that left and right DataFrame are equal.,https://pandas.pydata.org/docs/reference/api/pandas.testing.assert_frame_equal.html
Testing,Assertion functions,testing.assert_series_equal,"left, right[, ...]",Check that left and right Series are equal.,https://pandas.pydata.org/docs/reference/api/pandas.testing.assert_series_equal.html
Testing,Assertion functions,testing.assert_index_equal,"left, right[, ...]",Check that left and right Index are equal.,https://pandas.pydata.org/docs/reference/api/pandas.testing.assert_index_equal.html
Testing,Assertion functions,testing.assert_extension_array_equal,"left, right",Check that left and right ExtensionArrays are equal.,https://pandas.pydata.org/docs/reference/api/pandas.testing.assert_extension_array_equal.html
Testing,Exceptions and warnings,errors.AbstractMethodError,"class_instance[, ...]",Raise this error instead of NotImplementedError for abstract methods.,https://pandas.pydata.org/docs/reference/api/pandas.errors.AbstractMethodError.html
Testing,Exceptions and warnings,errors.AttributeConflictWarning,,Warning raised when index attributes conflict when using HDFStore.,https://pandas.pydata.org/docs/reference/api/pandas.errors.AttributeConflictWarning.html
Testing,Exceptions and warnings,errors.CategoricalConversionWarning,,Warning is raised when reading a partial labeled Stata file using an iterator.,https://pandas.pydata.org/docs/reference/api/pandas.errors.CategoricalConversionWarning.html
Testing,Exceptions and warnings,errors.ChainedAssignmentError,,Warning raised when trying to set using chained assignment.,https://pandas.pydata.org/docs/reference/api/pandas.errors.ChainedAssignmentError.html
Testing,Exceptions and warnings,errors.ClosedFileError,,Exception is raised when trying to perform an operation on a closed HDFStore file.,https://pandas.pydata.org/docs/reference/api/pandas.errors.ClosedFileError.html
Testing,Exceptions and warnings,errors.CSSWarning,,Warning is raised when converting css styling fails.,https://pandas.pydata.org/docs/reference/api/pandas.errors.CSSWarning.html
Testing,Exceptions and warnings,errors.DatabaseError,,Error is raised when executing SQL with bad syntax or SQL that throws an error.,https://pandas.pydata.org/docs/reference/api/pandas.errors.DatabaseError.html
Testing,Exceptions and warnings,errors.DataError,,Exception raised when performing an operation on non-numerical data.,https://pandas.pydata.org/docs/reference/api/pandas.errors.DataError.html
Testing,Exceptions and warnings,errors.DtypeWarning,,Warning raised when reading different dtypes in a column from a file.,https://pandas.pydata.org/docs/reference/api/pandas.errors.DtypeWarning.html
Testing,Exceptions and warnings,errors.DuplicateLabelError,,Error raised when an operation would introduce duplicate labels.,https://pandas.pydata.org/docs/reference/api/pandas.errors.DuplicateLabelError.html
Testing,Exceptions and warnings,errors.EmptyDataError,,Exception raised in pd.read_csv when empty data or header is encountered.,https://pandas.pydata.org/docs/reference/api/pandas.errors.EmptyDataError.html
Testing,Exceptions and warnings,errors.IncompatibilityWarning,,Warning raised when trying to use where criteria on an incompatible HDF5 file.,https://pandas.pydata.org/docs/reference/api/pandas.errors.IncompatibilityWarning.html
Testing,Exceptions and warnings,errors.IncompatibleFrequency,,Raised when trying to compare or operate between Periods with different frequencies.,https://pandas.pydata.org/docs/reference/api/pandas.errors.IncompatibleFrequency.html
Testing,Exceptions and warnings,errors.IndexingError,,Exception is raised when trying to index and there is a mismatch in dimensions.,https://pandas.pydata.org/docs/reference/api/pandas.errors.IndexingError.html
Testing,Exceptions and warnings,errors.InvalidColumnName,,Warning raised by to_stata the column contains a non-valid stata name.,https://pandas.pydata.org/docs/reference/api/pandas.errors.InvalidColumnName.html
Testing,Exceptions and warnings,errors.InvalidComparison,,Exception is raised by _validate_comparison_value to indicate an invalid comparison.,https://pandas.pydata.org/docs/reference/api/pandas.errors.InvalidComparison.html
Testing,Exceptions and warnings,errors.InvalidIndexError,,Exception raised when attempting to use an invalid index key.,https://pandas.pydata.org/docs/reference/api/pandas.errors.InvalidIndexError.html
Testing,Exceptions and warnings,errors.InvalidVersion,,"An invalid version was found, users should refer to PEP 440.",https://pandas.pydata.org/docs/reference/api/pandas.errors.InvalidVersion.html
Testing,Exceptions and warnings,errors.IntCastingNaNError,,Exception raised when converting ( astype ) an array with NaN to an integer type.,https://pandas.pydata.org/docs/reference/api/pandas.errors.IntCastingNaNError.html
Testing,Exceptions and warnings,errors.LossySetitemError,,Raised when trying to do a __setitem__ on an np.ndarray that is not lossless.,https://pandas.pydata.org/docs/reference/api/pandas.errors.LossySetitemError.html
Testing,Exceptions and warnings,errors.MergeError,,Exception raised when merging data.,https://pandas.pydata.org/docs/reference/api/pandas.errors.MergeError.html
Testing,Exceptions and warnings,errors.NoBufferPresent,,Exception is raised in _get_data_buffer to signal that there is no requested buffer.,https://pandas.pydata.org/docs/reference/api/pandas.errors.NoBufferPresent.html
Testing,Exceptions and warnings,errors.NullFrequencyError,,Exception raised when a freq cannot be null.,https://pandas.pydata.org/docs/reference/api/pandas.errors.NullFrequencyError.html
Testing,Exceptions and warnings,errors.NumbaUtilError,,Error raised for unsupported Numba engine routines.,https://pandas.pydata.org/docs/reference/api/pandas.errors.NumbaUtilError.html
Testing,Exceptions and warnings,errors.NumExprClobberingError,,Exception raised when trying to use a built-in numexpr name as a variable name.,https://pandas.pydata.org/docs/reference/api/pandas.errors.NumExprClobberingError.html
Testing,Exceptions and warnings,errors.OptionError,,Exception raised for pandas.options.,https://pandas.pydata.org/docs/reference/api/pandas.errors.OptionError.html
Testing,Exceptions and warnings,errors.OutOfBoundsDatetime,,Raised when the datetime is outside the range that can be represented.,https://pandas.pydata.org/docs/reference/api/pandas.errors.OutOfBoundsDatetime.html
Testing,Exceptions and warnings,errors.OutOfBoundsTimedelta,,Raised when encountering a timedelta value that cannot be represented.,https://pandas.pydata.org/docs/reference/api/pandas.errors.OutOfBoundsTimedelta.html
Testing,Exceptions and warnings,errors.PandasChangeWarning,,Warning raised for any upcoming change.,https://pandas.pydata.org/docs/reference/api/pandas.errors.PandasChangeWarning.html
Testing,Exceptions and warnings,errors.Pandas4Warning,,Warning raised for an upcoming change that will be enforced in pandas 4.0.,https://pandas.pydata.org/docs/reference/api/pandas.errors.Pandas4Warning.html
Testing,Exceptions and warnings,errors.Pandas5Warning,,Warning raised for an upcoming change that will be enforced in pandas 5.0.,https://pandas.pydata.org/docs/reference/api/pandas.errors.Pandas5Warning.html
Testing,Exceptions and warnings,errors.PandasPendingDeprecationWarning,,Warning raised for an upcoming change that is a PendingDeprecationWarning.,https://pandas.pydata.org/docs/reference/api/pandas.errors.PandasPendingDeprecationWarning.html
Testing,Exceptions and warnings,errors.PandasDeprecationWarning,,Warning raised for an upcoming change that is a DeprecationWarning.,https://pandas.pydata.org/docs/reference/api/pandas.errors.PandasDeprecationWarning.html
Testing,Exceptions and warnings,errors.PandasFutureWarning,,Warning raised for an upcoming change that is a FutureWarning.,https://pandas.pydata.org/docs/reference/api/pandas.errors.PandasFutureWarning.html
Testing,Exceptions and warnings,errors.ParserError,,Exception that is raised by an error encountered in parsing file contents.,https://pandas.pydata.org/docs/reference/api/pandas.errors.ParserError.html
Testing,Exceptions and warnings,errors.ParserWarning,,Warning raised when reading a file that doesn't use the default 'c' parser.,https://pandas.pydata.org/docs/reference/api/pandas.errors.ParserWarning.html
Testing,Exceptions and warnings,errors.PerformanceWarning,,Warning raised when there is a possible performance impact.,https://pandas.pydata.org/docs/reference/api/pandas.errors.PerformanceWarning.html
Testing,Exceptions and warnings,errors.PossibleDataLossError,,Exception raised when trying to open an HDFStore file when already opened.,https://pandas.pydata.org/docs/reference/api/pandas.errors.PossibleDataLossError.html
Testing,Exceptions and warnings,errors.PossiblePrecisionLoss,,Warning raised by to_stata on a column with a value outside or equal to int64.,https://pandas.pydata.org/docs/reference/api/pandas.errors.PossiblePrecisionLoss.html
Testing,Exceptions and warnings,errors.PyperclipException,,Exception raised when clipboard functionality is unsupported.,https://pandas.pydata.org/docs/reference/api/pandas.errors.PyperclipException.html
Testing,Exceptions and warnings,errors.PyperclipWindowsException,message,Exception raised when clipboard functionality is unsupported by Windows.,https://pandas.pydata.org/docs/reference/api/pandas.errors.PyperclipWindowsException.html
Testing,Exceptions and warnings,errors.SpecificationError,,Exception raised by agg when the functions are ill-specified.,https://pandas.pydata.org/docs/reference/api/pandas.errors.SpecificationError.html
Testing,Exceptions and warnings,errors.UndefinedVariableError,"name[, is_local]",Exception raised by query or eval when using an undefined variable name.,https://pandas.pydata.org/docs/reference/api/pandas.errors.UndefinedVariableError.html
Testing,Exceptions and warnings,errors.UnsortedIndexError,,Error raised when slicing a MultiIndex which has not been lexsorted.,https://pandas.pydata.org/docs/reference/api/pandas.errors.UnsortedIndexError.html
Testing,Exceptions and warnings,errors.UnsupportedFunctionCall,,Exception raised when attempting to call a unsupported numpy function.,https://pandas.pydata.org/docs/reference/api/pandas.errors.UnsupportedFunctionCall.html
Testing,Exceptions and warnings,errors.ValueLabelTypeMismatch,,Warning raised by to_stata on a category column that contains non-string values.,https://pandas.pydata.org/docs/reference/api/pandas.errors.ValueLabelTypeMismatch.html
Testing,Bug report function,show_versions,[as_json],"Provide useful information, important for bug reports.",https://pandas.pydata.org/docs/reference/api/pandas.show_versions.html
Testing,Test suite runner,test,"[extra_args, run_doctests]",Run the pandas test suite using pytest.,https://pandas.pydata.org/docs/reference/api/pandas.test.html
